"TLA NAME","CRASH ROAD","CRASH DIST","CRASH DIRN","INTSN","SIDE ROAD","CRASH ID","CRASH DATE","CRASH DOW","CRASH TIME","MVMT","VEHICLES","CAUSES","OBJECTS STRUCK","ROAD CURVE","ROAD WET","LIGHT","WTHRa","JUNC TYPE","TRAF CTRL","ROAD MARK","SPD LIM","CRASH FATAL CNT","CRASH SEV CNT","CRASH MIN CNT","PERS AGE1","PERS AGE2","EASTING","NORTHING"
"Ashburton District","ACTON ROAD","700","E"," ","MICHAEL ST","201400074","05/04/2014","Sat","2255","PO","CS1E","103A 330A 724B 728B ","","R","W","DN","F "," "," ","C","100","1","0","0","18","","1522685","5154185",
"Ashburton District","ALFORD FOREST CEMETERY RO","2300","S"," ","ARUNDEL RAKAIA GORGE ROAD","201410392","01/01/2014","Wed","1753","CB","CS1","131A ","TX","R","D","BN","F "," ","N","N","100","0","1","0","","","1478333","5167504",
"Ashburton District","ALLENS ROAD",""," ","I","CARTERS ROAD","201413142","01/05/2014","Thu","0310","DC","CS2","103A 109A ","FT","R","D","DN","F ","T","N","N","050","0","0","1","","","1499605","5140547",
"Ashburton District","ARUNDEL RAKAIA GORGE ROAD","20","N"," ","JAINES ROAD","201412050","28/03/2014","Fri","0703","FA","CS1C","181A 330A 191B ","","R","W","DN","F "," ","N","C","050","0","0","1","","","1468774","5137851",
"Ashburton District","ARUNDEL RAKAIA GORGE ROAD","3000","S"," ","LISMORE MAYFIELD ROAD","201436970","25/04/2014","Fri","1625","CB","4N1","129A 358A ","T","R","D","B ","F "," "," ","C","100","0","0","0","","","1471772","5144032",
"Ashburton District","ASHBURTON STAVELEY ROAD","280","S"," ","OLLIVERS ROAD","201431198","10/02/2014","Mon","1815","CC","TS1","112A 129A ","FP","R","D","B ","F "," ","N","C","100","0","0","0","","","1493833","5147489",
"Ashburton District","BREMNERS ROAD","20","N"," ","SEAFIELD ROAD","201431701","01/01/2014","Wed","0950","CB","VS1","410A ","J","R","D","O ","F "," "," ","C","070","0","0","0","","","1500990","5139417",
"Ashburton District","BRIDGE ST","40","S"," ","PORTER ST","201413228","28/05/2014","Wed","1500","MD","EE1C","722A 371B 378B 835 929 ","","R","D","B ","F ","D","N","P","050","0","0","1","","","1500684","5138169",
"Ashburton District","DARTS ROAD","2600","E"," ","BACK TRACK","201436795","30/05/2014","Fri","1900","CC","CS1","138A 402A ","F","R","D","DN","F "," ","N","N","100","0","0","0","","","1492741","5172552",
"Ashburton District","DOBSON ST WEST","120","S"," ","KERMODE ST WEST","201430386","14/01/2014","Tue","1250","JA","VS1C","308B 375B 926 ","","E","D","B ","F ","D","N","C","050","0","0","0","","","1499032","5137705",
"Ashburton District","EAST ST","20","N"," ","CAMERON ST","201431132","17/02/2014","Mon","1218","MO","4S1C","371A 386A ","M","R","D","B ","F "," ","N","C","050","0","0","0","","","1499633","5138154",
"Ashburton District","HART ROAD","1200","W"," ","ARUNDEL RAKAIA GORGE ROAD","201432403","06/02/2014","Thu","1645","DA","CS1","110A 138A 404A ","F","E","D","BN","F "," "," ","N","100","0","0","0","","","1482587","5172775",
"Ashburton District","HATFIELD OVERDALE ROAD",""," ","A","RAIL XING","201410749","12/03/2014","Wed","1445","QC","4W1","112A 321A ","N","R","D","B ","F ","X","S","L","100","0","0","1","","","1518649","5152795",
"Ashburton District","MAYFIELD VALETTA ROAD","300","W"," ","TRAMWAY ROAD","201413674","06/04/2014","Sun","2200","DA","4N1","332A 358A 801 904 ","F","M","W","DN","M "," "," ","C","100","0","0","1","","","1481626","5156163",
"Ashburton District","MAYFIELD VALETTA ROAD","1000","S"," ","WALLACES ROAD","201410219","03/01/2014","Fri","0855","CC","4S1","135A 406A 903 ","","R","D","B ","FS"," ","N","C","100","0","0","1","","","1477280","5151687",
"Ashburton District","MOORE ST",""," ","I","WILLIAM ST","201436941","13/05/2014","Tue","1240","HA","CE1C","321B ","","R","D","O ","F ","X","S","C","050","0","0","0","","","1499578","5137471",
"Ashburton District","NELSON ST",""," ","I","CAMBRIDGE ST","201431129","17/02/2014","Mon","1700","HA","CN1C","113A 302A ","","R","D","B ","F ","X","G","C","050","0","0","0","","","1500398","5137491",
"Ashburton District","NELSON ST",""," ","I","CAMBRIDGE ST","201431086","16/02/2014","Sun","1130","HA","CN1C","302A 335A ","","R","D","B ","F ","X","G","N","050","0","0","0","","","1500398","5137491",
"Ashburton District","OAK GROVE",""," ","I","ELIZABETH ST","201436924","23/05/2014","Fri","1325","HA","CN2C","302A 834 ","","R","D","B ","F ","X","G","R","050","0","0","0","","","1499168","5139156",
"Ashburton District","OXFORD ST","20","W"," ","WAKANUI ROAD","201410605","19/01/2014","Sun","1440","MO","CW1M","371A ","M","R","D","B ","F "," ","N","C","050","0","0","1","","","1500745","5137649",
"Ashburton District","PETER ST",""," ","I","EAST ST","201432767","06/03/2014","Thu","1630","DA","CN2V","131A 402A ","","R","D","B ","F ","T","G","C","050","0","0","0","","","1499795","5138305",
"Ashburton District","PUDDING HILL ROAD","50","W"," ","DRAYTON ROAD","201410608","19/02/2014","Wed","2330","DB","CW1","131A 810 840 ","T","E","W","DN","F "," ","N","N","100","0","0","1","","","1484328","5171280",
"Ashburton District","RACECOURSE AVENUE","20","E"," ","CARR ST","201434851","14/03/2014","Fri","1126","LB","VE1C","303B 377B 929 ","","R","D","BF","F ","D","N","C","050","0","0","0","","","1490298","5168751",
"Ashburton District","RACECOURSE ROAD",""," ","I","BELT ROAD","201431087","14/02/2014","Fri","0610","CB","CN1","133A 150A ","FK","R","W","DO","L ","T","G","C","050","0","0","0","","","1500317","5140168",
"Ashburton District","SEAFIELD ROAD","700","E"," ","BREMNERS ROAD","201410033","24/01/2014","Fri","0015","FA","MW1C","112A 331A 370A ","","R","D","DN","F "," "," ","C","100","0","0","1","","","1501452","5138890",
"Ashburton District","SEAFIELD ROAD","20","E"," ","FAIRFIELD ROAD","201436873","04/04/2014","Fri","0345","CB","CS1","134A 358A 402A 407A ","F","R","D","DN","F "," "," ","C","100","0","0","0","","","1511903","5136091",
"Ashburton District","SOMERTON ROAD",""," ","I","THOMPSONS TRACK","201400126","31/05/2014","Sat","1555","HA","CN1C","321A 335A ","","R","D","B ","F ","X","S","C","100","3","1","1","","","1512852","5154761",
"Ashburton District","TAUWHARE ROAD",""," ","I","SH 1B","201413706","31/05/2014","Sat","1616","JA","CS1C","301B 375B ","","R","D","BF","F ","X","S","C","100","0","0","2","","","","",
"Ashburton District","THOMPSONS TRACK","100","E"," ","SH 77","201437993","12/05/2014","Mon","2020","EA","VE1C","386A ","M","R","D","DN","F "," ","N","C","050","0","0","0","","","1490771","5156485",
"Ashburton District","THOMPSONS TRACK","500","E"," ","URRALL ROAD","201434967","14/01/2014","Tue","2000","CC","CE1","101A 129A ","V","R","D","DN","F "," ","N","C","100","0","0","0","","","1499586","5155697",
"Ashburton District","WALNUT AVENUE",""," ","I","EAST ST","201413220","24/05/2014","Sat","0910","HA","4S14","302A 375A ","","R","D","B ","F ","R","G","C","050","0","0","1","","","1500165","5138638",
"Ashburton District","1S/401/0.485","15","N"," ","DUNFORD ST","201431793","18/01/2014","Sat","0214","CB","CS1","130A 412A ","P","R","D","DO","F ","T","S","P","070","0","0","0","","","1521680","5155078",
"Ashburton District","1S/401/4.259",""," ","I","HATFIELD OVERDALE ROAD","201433962","12/03/2014","Wed","1535","GD","4S1V","387A 144B ","","R","D","B ","F ","X","G","C","100","0","0","0","","","1519087","5152555",
"Ashburton District","1S/401/4.259",""," ","I","PENDARVES RAKAIA ROAD","201434078","10/04/2014","Thu","0635","DB","CN1","110A 131A ","P","M","W","O ","F ","X","S","C","100","0","0","0","","","1519087","5152555",
"Ashburton District","1S/401/4.509","250","S"," ","PENDARVES RAKAIA ROAD","201411269","16/03/2014","Sun","1155","EC","4N1","912 ","W","R","W","O ","H "," "," ","C","100","0","0","1","","","1518873","5152425",
"Ashburton District","1S/401/14.309","350","N"," ","COPLANDS ROAD","201436874","08/04/2014","Tue","1450","FA","4S14","331A 370A 817 901 ","","R","W","O ","H "," "," ","C","100","0","0","0","","","1510520","5147343",
"Ashburton District","1S/416/13.365","100","W"," ","WALNUT AVENUE","201432645","20/02/2014","Thu","1205","FD","CE1TC4","181A 330A 181B ","","R","D","B ","F "," ","N","P","050","0","0","0","","","1500020","5138625",
"Ashburton District","1S/416/14.112",""," ","I","HAVELOCK ST","201411207","15/02/2014","Sat","1720","FE","CS1C","130A 427A 504A ","","R","D","B ","F ","X","T","C","050","0","0","1","","","1499472","5138116",
"Ashburton District","1S/430/0.125",""," ","I","KERMODE ST WEST","201436793","27/05/2014","Tue","1600","JA","CE1C","301B 375B ","","M","D","B ","F ","T","S","C","050","0","0","0","","","1499139","5137766",
"Ashburton District","1S/430/0.178","20","N"," ","EAST ST","201412227","24/01/2014","Fri","1624","CB","CN1","129A 134A 500A ","G","R","D","BF","F "," ","N","R","050","0","0","1","","","1499117","5137718",
"Ashburton District","1S/430/0.2","200","S"," ","MOORE ST","201435023","10/04/2014","Thu","1158","MA","TN1CC","330B 373B ","M","R","W","O ","F "," ","N","C","050","0","0","0","","","1499108","5137698",
"Ashburton District","1S/430/1.635","100","N"," ","WILKIN ST","201431681","12/02/2014","Wed","1750","MC","VS1C","372B ","","R","W","O ","H "," "," ","C","050","0","0","0","","","1498001","5136796",
"Ashburton District","1S/430/2.293",""," ","I","JOHNSTONE ST","201432146","21/01/2014","Tue","1210","JA","CW1C","301B 375B ","","R","D","B ","F ","T","S","C","050","0","0","0","","","1497482","5136391",
"Ashburton District","1S/430/2.834","100","S"," ","GRAHAM ST","201413363","05/06/2014","Thu","1105","CB","CW1T","129A 361A ","M","R","D","B ","F "," "," ","C","050","0","0","2","","","1497054","5136059",
"Ashburton District","1S/430/16.436","900","S"," ","LYNNFORD ROAD","201431706","10/01/2014","Fri","1615","FA","CN1CT","331A 197C ","E","R","D","B ","F "," "," ","C","100","0","0","0","","","1486317","5127710",
"Ashburton District","1S/447/0.001",""," ","A","HINDS RIV BR","201436465","30/01/2014","Thu","2340","AB","CS1T","154A 434A ","","R","D","DN","F "," ","N","C","100","0","0","0","","","1486262","5127668",
"Ashburton District","1S/447/1.293","100","S"," ","ISLEWORTH ROAD","201410043","05/02/2014","Wed","1420","JA","CN1C","308B 377B 839 922 ","","R","D","B ","F ","D"," ","P","070","0","0","2","","","1485283","5126832",
"Ashburton District","1S/447/13.787","500","E"," ","EALING ROAD","201434830","17/03/2014","Mon","1740","CB","ON1","129A 330A ","G","R","D","ON","F "," ","N","C","050","0","0","0","","","1473799","5122073",
"Ashburton District","77/0/0.1","100","N"," ","SH 1S","201434482","26/04/2014","Sat","0250","CB","VN1","103A 133A ","H","R","D","DO","F "," "," ","C","050","0","0","0","","","1499140","5137941",
"Ashburton District","PARK ST",""," ","I","77/0/0.222","201436925","22/05/2014","Thu","1035","HA","CE24","301A ","","R","D","O ","F ","X","S","C","050","0","0","0","","","1499056","5138030",
"Ashburton District","77/0/3.678","200","S"," ","SMYTHS ROAD","201436780","12/05/2014","Mon","2245","DA","CN1","103A 410A ","T","E","W","DN","F "," ","N","C","100","0","0","0","","","1497783","5141193",
"Ashburton District","ASHBURTON STAVELEY ROAD",""," ","I","METHVEN HIGHWAY","201434838","05/04/2014","Sat","1813","DB","CN2","103A 111A 131A ","C","R","W","OF","M ","T","S","C","100","0","0","0","","","1498131","5143490",
"Ashburton District","77/0/12.13",""," ","I","WINCHMORE LAURISTON ROAD","201434038","12/04/2014","Sat","1115","GE","4N1C","157A 160A 387A ","","R","W","O ","F ","X","S","C","100","0","0","0","","","1494994","5148501",
"Ashburton District","77/17/5.379",""," ","I","THOMPSONS TRACK","201436940","12/05/2014","Mon","1845","DC","VN1","335A 404A ","SX","E","D","DN","F ","X","G","C","100","0","0","0","","","1490671","5156492",
"Ashburton District","THOMPSONS TRACK",""," ","I","77/17/5.379","201437668","07/06/2014","Sat","1815","DC","CW1","380A 801 904 ","X","M","W","DN","M ","X","G","C","100","0","0","0","","","1490671","5156492",
"Auckland","1 LINK 20 SBD","100","E"," ","GREAT SOUTH OBR","201400061","21/03/2014","Fri","0258","DA","TW1","111A 131A ","GT","M","D","DO","F "," "," ","C","100","1","0","0","","","1767886","5903891",
"Auckland","16 LINK 1 WBD","200","S"," ","KARANGAHAPE OBR","201437066","10/04/2014","Thu","0252","BF","CS1T","101A 111A 131A 206A 817 ","","M","D","DO","F "," "," ","N","080","0","0","0","","","1756610","5919230",
"Auckland","20 LINK 1 SBD","130","E"," ","SH 20","201437669","22/04/2014","Tue","1831","DA","CE1","102A 410A ","G","E","D","DO","F "," "," ","C","100","0","0","0","","","1768016","5903915",
"Auckland","A DWY UNITEC INSTITUTE","50","N"," ","SEGAR AVENUE","201412204","02/04/2014","Wed","1724","MO","MW1","101A 131A ","K","E","D","O ","F "," "," ","N","050","0","1","0","","","1752555","5917656",
"Auckland","ABBOTTS WAY","60","W"," ","GRAND DRIVE","201411811","27/02/2014","Thu","1132","EA","CW1C","129A 504A ","M","R","D","BF","F "," ","N","C","050","0","0","1","","","1762147","5916088",
"Auckland","ABBOTTS WAY","25","N"," ","KENNETH SMALL PLACE","201432026","29/01/2014","Wed","0709","CB","CE1","130A 645A ","P","R","D","B ","F "," "," ","C","050","0","0","0","","","1762711","5916091",
"Auckland","ABBOTTS WAY","130","E"," ","LADIES MILE","201437904","20/05/2014","Tue","0630"," C","CW1C","372B ","","R","D","DO","F "," ","N","C","050","0","0","0","","","1761536","5915966",
"Auckland","ABBOTTS WAY","300","E"," ","LADIES MILE","201410399","14/01/2014","Tue","1710","JA","CE1C","308B 375B 930 ","","R","D","OF","F ","D","N","C","050","0","0","1","","","1761701","5916003",
"Auckland","ABBOTTS WAY","10","W"," ","NGAHUE DRIVE","201434356","11/04/2014","Fri","1730","FE","CE1C","331A ","","R","D","TO","F ","X","T","C","050","0","0","0","","","1763190","5915990",
"Auckland","ABBOTTS WAY","250","W"," ","NGAHUE DRIVE","201435214","20/03/2014","Thu","1306","EA","CW1C","129A ","M","E","D","B ","F "," "," ","C","050","0","0","0","","","1762958","5916036",
"Auckland","ABERDEEN ROAD","50","W"," ","RAE ROAD","201411094","17/03/2014","Mon","1520","NA","CW1E","306A 376A ","","R","D","B ","F "," "," ","X","050","0","0","1","10","","1757054","5930943",
"Auckland","ACCENT DRIVE",""," ","I","LADY RUBY DRIVE","201433787","01/04/2014","Tue","0705","FB","CN1C","181A ","","R","D","B ","F ","T","G","C","050","0","0","0","","","1769136","5909159",
"Auckland","ACCESS ROAD",""," ","I","SHAMROCK DRIVE","201413795","14/06/2014","Sat","2124","KB","CS1C","300B ","","R","D","DO","F ","T","N","C","050","0","0","1","","","1738918","5928715",
"Auckland","ACCESS ROAD",""," ","I","WAITAKERE ROAD","201432764","05/03/2014","Wed","1330","JA","VS1C","145A 301B 387B 901 ","","R","W","O ","H ","T","S","C","050","0","0","0","","","1738901","5928687",
"Auckland","ADDINGTON AVENUE","190","E"," ","ROMNEY PLACE","201437299","11/06/2014","Wed","1820","EA","CE1T","103A 129A ","M","M","D","DO","F "," ","N","C","050","0","0","0","","","1766729","5901398",
"Auckland","ADDINGTON AVENUE","50","E"," ","ROWANDALE AVENUE","201410016","16/02/2014","Sun","1345","PO","CW1E","357A 514A 720B ","","R","D","B ","F "," "," ","N","050","0","1","0","32","","1766521","5901327",
"Auckland","AHUROA ROAD","500","E"," ","TUNNEL ROAD","201431229","02/03/2014","Sun","0100","DB","CW1","131A 402A ","F","M","D","DN","F "," ","N","C","080","0","0","0","","","1746462","5958940",
"Auckland","AIRFIELD ROAD",""," ","I","PORCHESTER ROAD","201411076","01/01/2014","Wed","0615","KA","SW1C","302B 375B ","","R","D","B ","F ","R","G","R","050","0","0","1","","72","1771716","5899043",
"Auckland","AIRPARK DRIVE","50","W"," ","LANDING DRIVE","201410040","03/02/2014","Mon","1415","JA","CE1C","308B 378B 835 929 ","","E","D","B ","F ","D"," ","C","050","0","0","2","","","1758716","5904717",
"Auckland","AKORANGA DRIVE","200","S"," ","NORTHCOTE ROAD","201412291","09/05/2014","Fri","1638","LB","CN1C","303B 375B 927 ","","R","W","O ","F ","D","N","C","050","0","1","0","","","1756104","5926640",
"Auckland","ALBANY EXPRESSWAY",""," ","I","ALBANY HIGHWAY","201437112","30/05/2014","Fri","2325","LB","4N1C","323B 334B ","","R","D","DO","F ","X","T","C","050","0","0","0","","","1751629","5934054",
"Auckland","ALBANY EXPRESSWAY",""," ","I","BUSH ROAD","201410352","11/01/2014","Sat","2323","LB","4W1C","323B ","","R","D","DO","F ","X","T","R","080","0","0","1","","","1752494","5933313",
"Auckland","ALBANY EXPRESSWAY",""," ","I","GREVILLE ROAD","201434638","22/04/2014","Tue","1216","AA","TS1C","372A ","","S","D","BF","F ","R","G","C","050","0","0","0","","","1753273","5933085",
"Auckland","ALBANY EXPRESSWAY",""," ","I","GREVILLE ROAD","201433551","12/04/2014","Sat","","GF","CS1C","381A ","","M","D","BF","F ","R","G","R","050","0","0","0","","","1753262","5933079",
"Auckland","ALBANY EXPRESSWAY",""," ","I","MERCARI WAY","201436741","23/05/2014","Fri","1535","HA","CS2C","322A 334A ","","R","D","B ","F ","X","T","R","080","0","0","0","","","1752502","5933324",
"Auckland","ALBANY EXPRESSWAY",""," ","I","TAWA DRIVE","201432392","11/03/2014","Tue","1328","GB","CE14","173A ","","M","D","B ","F ","R","G","C","080","0","0","0","","","1753262","5933079",
"Auckland","ALBANY HIGHWAY","15","S"," ","ASHBY PLACE","201432042","04/02/2014","Tue","2024","AC","CN14","198A 330A ","","R","D","DO","F "," "," ","R","050","0","0","0","","","1752172","5930589",
"Auckland","ALBANY HIGHWAY","100","S"," ","LIBRARY LANE","201433713","02/04/2014","Wed","0955","FA","CS14","181A ","","R","D","B ","F "," "," ","P","050","0","0","0","","","1751543","5933855",
"Auckland","ALBANY HIGHWAY","20","N"," ","ROSEDALE ROAD","201436736","26/05/2014","Mon","2215","FD","4S14C","331A 355A ","","R","D","DO","F ","R","S","C","050","0","0","0","","","1751131","5932339",
"Auckland","ALBANY HIGHWAY","5","S"," ","ROSEDALE ROAD","201434205","18/03/2014","Tue","0947","FB","CN1C","181A 387A 191B ","","R","D","B ","F ","R","S","C","050","0","0","0","","","1751135","5932289",
"Auckland","ALBANY HIGHWAY",""," ","I","ROTHWELL AVENUE","201434209","12/03/2014","Wed","1300","JA","CS1C","302B ","","R","D","O ","F ","T","G","R","050","0","0","0","","","1751584","5931091",
"Auckland","ALBANY HIGHWAY","200","S"," ","SCHNAPPER ROCK ROAD E","201431898","20/02/2014","Thu","1600","MC","4S1C","372B ","","R","D","OF","F "," ","N","C","050","0","0","0","","","1752072","5930674",
"Auckland","ALBANY HIGHWAY","30","N"," ","SUNSET ROAD","201437408","29/05/2014","Thu","1546","FD","CS1C","331A ","","R","W","O ","F "," "," ","C","050","0","0","0","","","1753365","5929825",
"Auckland","ALBANY HIGHWAY","30","N"," ","SUNSET ROAD","201437517","21/05/2014","Wed","1715","FD","CS1C","181A ","","R","W","TF","L "," "," ","C","050","0","0","0","","","1753365","5929825",
"Auckland","ALBANY HIGHWAY","50","W"," ","UNSWORTH DRIVE","201432679","31/03/2014","Mon","1011","MC","CW1C","330B 372B ","","M","D","B ","F "," ","N","C","070","0","0","0","","","1753121","5930051",
"Auckland","ALBANY HIGHWAY",""," ","I","UNSWORTH DRIVE","201411793","08/04/2014","Tue","0836","JA","CE1C","302B ","","E","D","B ","F ","T","G","R","070","0","0","1","","","1753169","5930037",
"Auckland","ALBANY HIGHWAY","40","N"," ","WHARF ROAD","201430942","27/02/2014","Thu","0900","FD","CS1CC","181A ","","R","D","BF","F "," ","N","C","050","0","0","0","","","1751085","5933349",
"Auckland","ALBANY HIGHWAY ON EBD",""," ","I","ALBANY HIGHWAY","201430004","01/01/2014","Wed","1134","DB","CE2","131A 402A 403A ","","R","W","OF","L ","T","G","C","050","0","0","0","","","1752032","5930706",
"Auckland","ALBERT ST","20","S"," ","CUSTOMS ST WEST","201436374","28/03/2014","Fri","1547","MG","CS1C","371B ","","R","D","BF","F "," ","N","C","050","0","0","0","","","1757393","5920924",
"Auckland","ALBERT ST",""," ","I","CUSTOMS ST WEST","201410326","25/01/2014","Sat","2230","FE","VN1C","331A ","","R","D","DO","F ","X","T","C","050","0","0","1","","","1757400","5920942",
"Auckland","ALBERT ST","50","S"," ","KINGSTON ST","201436427","01/05/2014","Thu","2300","FD","CS1CC","103A 181A ","","R","D","DO","F "," ","N","C","050","0","0","0","","","1757241","5920521",
"Auckland","ALBERT ST",""," ","I","SWANSON ST","201437169","26/05/2014","Mon","1730","AO","CN1B","381A ","","R","D","DF","F ","X","T","C","050","0","0","0","","","1757332","5920761",
"Auckland","ALBERT ST",""," ","I","WOLFE ST","201411877","20/03/2014","Thu","2036","HA","4E2C","302A 375A 112B ","","R","D","DO","F ","X","G","L","050","0","0","1","","","1757368","5920856",
"Auckland","ALBERT ST",""," ","I","WYNDHAM ST","201411632","24/02/2014","Mon","1635","BB","CW2S","129A ","Q","E","D","BF","F ","X","T","C","050","0","0","1","","31","1757292","5920655",
"Auckland","ALDERMAN DRIVE","30","N"," ","EDMONTON ROAD","201412096","23/04/2014","Wed","1555","NA","CN1E","363A 370A 711B 902 ","","E","D","B ","F ","R","G","R","050","0","0","1","53","","1745695","5917422",
"Auckland","ALDERMAN DRIVE",""," ","I","EDMONTON ROAD","201436222","16/05/2014","Fri","1600","LB","CS1C4","302A ","","M","D","B ","F ","R","G","C","050","0","0","0","","","1745717","5917401",
"Auckland","ALDERMAN DRIVE","20","W"," ","RATANUI ST","201435503","17/04/2014","Thu","1550","AA","BW14","386A ","","E","W","O ","F "," "," ","C","050","0","0","0","","","1745471","5917455",
"Auckland","ALDERMAN DRIVE",""," ","I","SEL PEACOCK DRIVE","201436706","21/05/2014","Wed","0850","FB","CN1C","181A ","","R","D","B ","F ","R","G","C","050","0","0","0","","","1745579","5917536",
"Auckland","ALEXANDER AVENUE","100","E"," ","REGATTA ROAD","201437164","30/05/2014","Fri","2330","EA","CW1M","371A ","M","R","D","DO","F "," ","N","N","050","0","0","0","","","1755478","5936389",
"Auckland","ALEXANDER CRESCENT",""," ","I","TOSO WAY","201411921","11/03/2014","Tue","1515","NA","CN1E","713B ","","R","D","BF","F ","T","N","N","050","0","0","1","10","","1766810","5908070",
"Auckland","ALFRED ST",""," ","I","CHURCH ST","201431864","12/02/2014","Wed","1613","DA","CE2C","111A 131A 430A ","M","R","D","OF","F ","X","G","C","050","0","0","0","","","1759828","5912260",
"Auckland","ALFRISTON ROAD","300","S"," ","ALFRISTON-ARDMORE ROAD","201411134","07/02/2014","Fri","2113","CC","CS1","110A 130A 402A 800 801 ","F","R","W","DN","L "," "," ","C","100","0","1","0","","","1773868","5902600",
"Auckland","ALFRISTON ROAD",""," ","I","CLAUDE ROAD","201438628","16/06/2014","Mon","1440","FB","CS2C","331A ","","R","W","O ","L ","T","S","C","050","0","0","0","","","1769380","5901033",
"Auckland","ALFRISTON ROAD","5","W"," ","FLEMING ST","201413265","07/06/2014","Sat","1514","NA","CE1E","386A ","","R","D","O ","F ","T","N","P","050","0","0","1","56","","1769338","5901015",
"Auckland","ALFRISTON ROAD",""," ","I","FLEMING ST","201434394","10/04/2014","Thu","0630","KB","CE1C","302B ","","R","D","O ","F ","T","G","C","050","0","0","0","","","1769343","5901017",
"Auckland","ALFRISTON ROAD",""," ","I","GREAT SOUTH ROAD","201438610","18/06/2014","Wed","1410","FE","CN2C","331A 357A ","","R","D","B ","F ","X","T","C","050","0","0","0","","","1768916","5900839",
"Auckland","ALFRISTON ROAD","800","E"," ","MILL ROAD","201410968","23/02/2014","Sun","1056","GA","CW1C","331A 350A 929 ","","R","D","BN","F ","D","N","L","080","0","0","2","","","1773275","5901854",
"Auckland","ALFRISTON ROAD","300","S"," ","RANFURLY ROAD","201430196","07/01/2014","Tue","1548","GE","CS1C","160A 353A 929 ","PS","R","D","BF","F ","D"," ","C","080","0","0","0","","","1771154","5901490",
"Auckland","ALFRISTON ROAD",""," ","I","SCOTTS ROAD","201431338","24/02/2014","Mon","0830","JA","CW1C","301B 363B 902 ","","R","D","BF","F ","T","S","C","050","0","0","0","","","1769656","5901146",
"Auckland","ALFRISTON ROAD",""," ","I","STRATFORD ROAD","201431509","14/01/2014","Tue","1750","HA","CS2C","302A ","","E","D","BF","F ","R","G","R","050","0","0","0","","","1770896","5901673",
"Auckland","ALIFORD AVENUE","100","N"," ","MAROA ROAD","201432862","28/02/2014","Fri","0900","BA","CS1C","129A ","","R","D","B ","F "," "," ","N","050","0","0","0","","","1760456","5914080",
"Auckland","ALLENDALE ROAD","100","W"," ","MOUNT ALBERT ROAD","201437300","07/06/2014","Sat","2332","CC","CW1","103A 130A 410A ","T","R","D","DO","F "," ","N","C","050","0","0","0","","","1752978","5916395",
"Auckland","ALLENDALE ROAD","70","E"," ","RICHARDSON ROAD","201431302","01/02/2014","Sat","2350","EA","CW1C","129A ","M","R","D","DO","F "," ","N","N","050","0","0","0","","","1752583","5915929",
"Auckland","ALLENS ROAD",""," ","I","BLACKBURN ROAD","201437359","10/06/2014","Tue","1705","LB","CS1CC","303B 375B ","","R","W","DO","H ","T","G","C","050","0","0","0","","","1768171","5909873",
"Auckland","ALLUM ST","25","N"," ","HOPKINS CRESCENT N","201430645","29/01/2014","Wed","1630","EA","TN1C","386A ","M","R","D","B ","F "," ","N","C","050","0","0","0","","","1764520","5919073",
"Auckland","ALPERS AVENUE",""," ","I","BROADWAY","201437138","25/04/2014","Fri","2210","DA","CS2","350A 427A ","","E","D","DO","F ","M","T","R","050","0","0","0","","","1758389","5917468",
"Auckland","ALPERS AVENUE","20","E"," ","GILLIES AVENUE","201436912","27/04/2014","Sun","1600","FD","CW1CCC","181A 181B 181C ","","R","D","O ","F "," "," ","P","050","0","0","0","","","1758091","5917536",
"Auckland","ALTON TERRACE",""," ","I","REEVES ROAD","201432830","08/03/2014","Sat","1200","DA","CE2CCC","131A 405A ","IMM","E","D","B ","F ","T","S","R","050","0","0","0","","","1768030","5912835",
"Auckland","AMREINS ROAD","300","S"," ","TAUPAKI ROAD","201411836","22/03/2014","Sat","1420","CC","CN1","112A ","C","R","D","BN","F "," ","N","C","080","0","0","1","","","1739200","5923751",
"Auckland","ANAWHATA ROAD","50","W"," ","RIDGE ROAD","201450003","25/01/2014","Sat","2130","MO","CW1","133A 371A 929 ","P","M","D","DN","F "," ","N","C","050","0","0","0","","","1735248","5911242",
"Auckland","ANAWHATA ROAD","50","W"," ","RIDGE ROAD","201435003","25/01/2014","Sat","2130","MO","CW1","133A 371A 927 ","P","M","D","DN","F "," ","N","C","050","0","0","0","","","1735248","5911242",
"Auckland","ANDERSON AVENUE",""," ","I","PILKINGTON ROAD","201410440","30/01/2014","Thu","1545","MD","CW1S","308B 929 ","","R","D","B ","F ","D","N","R","050","0","0","1","","4","1765618","5916385",
"Auckland","ANDREW BAXTER DRIVE",""," ","I","ASCOT ROAD","201431935","15/03/2014","Sat","0907","DB","CW2","111A 131A 517A ","P","R","W","OF","H ","T","N","C","050","0","0","0","","","1758483","5906790",
"Auckland","ANDREW ROAD",""," ","I","KYEEMAGH ST","201434497","16/04/2014","Wed","2020","DA","CE1","111A 131A 901 ","K","S","W","DO","H ","T","G","C","050","0","0","0","","","1771446","5913762",
"Auckland","ANGLE ST","50","S"," ","NEILSON ST","201431258","28/01/2014","Tue","1613","MO","TS1C","385A 929 ","M","R","D","BF","F ","D","N","C","050","0","0","0","","","1760821","5911813",
"Auckland","ANGLESEA ST","40","W"," ","PAGET ST","201436621","06/05/2014","Tue","2108","MO","CE1C","371A 929 ","M","R","D","DN","F ","D","N","N","050","0","0","0","","","1755710","5919818",