"TLA NAME","CRASH ROAD","CRASH DIST","CRASH DIRN","INTSN","SIDE ROAD","CRASH ID","CRASH DATE","CRASH DOW","CRASH TIME","MVMT","VEHICLES","CAUSES","OBJECTS STRUCK","ROAD CURVE","ROAD WET","LIGHT","WTHRa","JUNC TYPE","TRAF CTRL","ROAD MARK","SPD LIM","CRASH FATAL CNT","CRASH SEV CNT","CRASH MIN CNT","PERS AGE1","PERS AGE2","EASTING","NORTHING"
"Auckland","BEACH HAVEN ROAD","60","W"," ","LAUDERDALE ROAD","201433678","16/04/2014","Wed","1303","QG","TN1","386A 683A ","X","R","D","OF","F "," ","N","C","050","0","0","0","","","1751752","5927355",
"Auckland","BEACH ROAD","200","N"," ","ABERDEEN ROAD","201437736","06/06/2014","Fri","0900","EA","4N1C","102A 129A ","M","R","D","OF","F "," "," ","C","050","0","0","0","","","1757389","5931323",
"Auckland","BEACH ROAD",""," ","I","BAYSIDE DRIVE","201412253","03/05/2014","Sat","1809","JA","MN14","302B 375B ","","R","D","TF","F ","T","G","C","050","0","1","1","","","1755522","5934387",
"Auckland","BEACH ROAD",""," ","I","BRITOMART PLACE W","201413834","27/05/2014","Tue","0900","KA","SE1C","302B 375B 404B ","","R","D","B ","F ","T","G","N","050","0","0","1","","47","","",
"Auckland","BEACH ROAD","100","S"," ","BROWNS BAY ROAD N","201410952","05/03/2014","Wed","0920","MC","CN1C","372B ","","R","D","OF","L "," ","N","P","050","0","0","1","","","1755440","5934204",
"Auckland","BEACH ROAD","200","N"," ","BUTE ROAD","201432316","13/01/2014","Mon","1544","FB","CS1C","131A ","","S","W","B ","F "," "," ","C","050","0","0","0","","","1755654","5935598",
"Auckland","BEACH ROAD","10","S"," ","BUTE ROAD","201412296","20/05/2014","Tue","1230","FD","CS1C","181A 330A ","","R","D","B ","F ","R","G","C","050","0","0","1","","","1755672","5935375",
"Auckland","BEACH ROAD","10","S"," ","CHANNEL VIEW ROAD","201411102","20/02/2014","Thu","0813","AA","TS1C","381A 386A 387B ","","R","D","B ","F ","T","G","C","050","0","0","1","","","1756914","5932016",
"Auckland","BEACH ROAD",""," ","I","CHICHESTER DRIVE","201434488","28/04/2014","Mon","1700","JC","CE1C","322B ","","M","D","B ","F ","X","T","C","050","0","0","0","","","1771759","5895206",
"Auckland","BEACH ROAD",""," ","I","CHURCHILL ST","201432397","11/03/2014","Tue","1523","GF","TE1C","129A ","","M","D","B ","F ","T","N","R","050","0","0","0","","","1758200","5920244",
"Auckland","BEACH ROAD",""," ","I","CUSTOMS ST EAST","201432685","05/04/2014","Sat","1820","FE","CW1C","181A 334A ","","R","D","TF","F ","T","T","C","050","0","0","0","","","1757823","5920799",
"Auckland","BEACH ROAD",""," ","I","ELLIOT ST","201433935","26/03/2014","Wed","1920","FE","VE1C","334A ","","R","D","DO","F ","X","T","L","050","0","0","0","","","1771759","5895206",
"Auckland","BEACH ROAD",""," ","I","GLENCOE ROAD","201431819","07/03/2014","Fri","2100","LB","CN1C","303B 325B ","","R","D","DO","F ","X","T","C","050","0","0","0","","","1755663","5935133",
"Auckland","BEACH ROAD","60","N"," ","GLENHAVEN PLACE","201431036","15/02/2014","Sat","2359","MO","CS1C","103A 371A ","M","R","D","DO","F "," ","N","C","050","0","0","0","","","1747708","5921922",
"Auckland","BEACH ROAD","10","W"," ","GREAT SOUTH ROAD S","201434491","08/04/2014","Tue","1245","AC","TE1C","184A 381A ","","R","D","O ","F ","X","T","C","050","0","0","0","","","1772720","5895400",
"Auckland","BEACH ROAD","50","N"," ","INVERNESS ROAD","201410275","02/02/2014","Sun","1231","FD","CN1CC","181A 350A ","","R","D","B ","F "," ","N","C","050","0","0","1","","","1755670","5935315",
"Auckland","BEACH ROAD",""," ","I","INVERNESS ROAD","201433984","04/04/2014","Fri","2127","BE","CS14","103A 130A ","T","R","W","DO","F ","T","G","P","050","0","0","0","","","1755668","5935265",
"Auckland","BEACH ROAD","130","S"," ","LONG ST","201436261","21/05/2014","Wed","0747","BF","CN1C","131A ","","E","D","B ","F "," "," ","C","050","0","0","0","","","1756635","5937092",
"Auckland","BEACH ROAD","20","S"," ","MAHUHU CRESCENT","201413695","31/05/2014","Sat","1125","CA","MN1","137A ","","R","D","B ","F "," "," ","P","050","0","0","1","","","1758152","5920565",
"Auckland","BEACH ROAD","50","S"," ","MAHUHU CRESCENT","201412670","08/04/2014","Tue","2000","FD","CS1C","102A 181A 387A ","","R","D","TO","F "," ","N","C","050","0","0","1","","","1758168","5920539",
"Auckland","BEACH ROAD","280","S"," ","MONTGOMERY AVENUE","201433570","16/04/2014","Wed","2235","DA","CN14","129A 407A ","MX","E","W","DO","H "," ","N","C","050","0","0","0","","","1756272","5933815",
"Auckland","BEACH ROAD",""," ","I","PAPAKURA OFF SBD","201438317","05/06/2014","Thu","0724","GF","TS24","176A 381A ","","E","D","B ","F ","M","G","C","050","0","0","0","","","1771607","5895230",
"Auckland","BEACH ROAD","15","W"," ","SH 16","201436914","15/04/2014","Tue","1745","AA","CE1T","386A ","","R","D","TO","F "," "," ","C","050","0","0","0","","","1758200","5920259",
"Auckland","BEACH ROAD","50","N"," ","SHARON ROAD","201433884","11/04/2014","Fri","0939","EA","CS1C","131A 402A ","MP","E","D","O ","F "," "," ","P","050","0","0","0","","","1756364","5936352",
"Auckland","BEACH ROAD",""," ","I","SHARON ROAD","201437073","29/05/2014","Thu","1900","MC","CN1C","372B ","","R","W","DO","L ","T","N","C","050","0","0","0","","","1756332","5936313",
"Auckland","BEACH ROAD",""," ","I","TANGIHUA ST","201437865","07/05/2014","Wed","2045","GA","CS1C","181A 103B 191B ","","E","W","DO","F ","T","T","C","050","0","0","0","","","1758068","5920688",
"Auckland","BEACH ROAD",""," ","I","TE TAOU CRESCENT N","201437867","08/05/2014","Thu","1740","LB","CS1C","303B 375B ","","R","W","DO","F ","T","G","P","080","0","0","0","","","1758182","5920510",
"Auckland","BEACH ROAD","280","N"," ","WESTBOURNE ROAD","201432759","09/03/2014","Sun","1039","LB","CS1C","303B 375B 930 ","","E","D","O ","F ","D"," ","C","050","0","0","0","","","1756374","5933749",
"Auckland","BEAGLE AVENUE",""," ","I","MOUNT ALBERT ROAD","201437507","14/04/2014","Mon","1245","BC","CW2T","122A ","","R","D","B ","F ","T","S","C","050","0","0","0","","","1754076","5915396",
"Auckland","BEATRICE TINSLEY CRESCENT",""," ","I","WILLIAM PICKERING DRIVE","201435628","01/05/2014","Thu","0732","GA","CN1M","181A 331A ","","R","D","B ","F ","T","G","P","050","0","0","0","","","1752188","5931251",
"Auckland","BEAUMONT ST",""," ","I","GAUNT ST","201435289","15/04/2014","Tue","1100","JA","CS1C","302B ","","R","D","O ","F ","T","G","C","050","0","0","0","","","1756337","5921000",
"Auckland","BECROFT DRIVE","20","N"," ","GRENADA AVENUE","201435783","21/04/2014","Mon","0030","DB","CN1","104A 111A 131A ","T","M","W","DO","F "," "," ","R","050","0","0","0","","","1755678","5930041",
"Auckland","BELGIUM ROAD","300","N"," ","EAST ST","201430892","22/02/2014","Sat","1400","CB","CS1","130A ","C","R","W","OF","L "," ","N","C","070","0","0","0","","","1770382","5881804",
"Auckland","BELGIUM ROAD","40","S"," ","VALLEY ROAD","201432162","14/02/2014","Fri","1925","CB","CS1","134A 433A ","V","R","D","B ","F "," ","N","C","050","0","0","0","","","1770216","5882046",
"Auckland","BELL ROAD","100","N"," ","SCHERFF ROAD","201433736","18/03/2014","Tue","1800","BA","CN1C","129A 818 ","","R","D","B ","F "," "," ","N","050","0","0","0","","","1759870","5918084",
"Auckland","BENSON ROAD","40","E"," ","RAUMATI ROAD","201434399","12/04/2014","Sat","1000","MO","TW1","371A 929 ","P","E","D","O ","F ","D","N","N","050","0","0","0","","","1761191","5917727",
"Auckland","BENTLEY AVENUE","50","W"," ","CHARTWELL AVENUE","201432374","22/02/2014","Sat","1630","EA","CE1T","129A ","M","R","D","B ","F "," "," ","C","050","0","0","0","","","1754291","5927946",
"Auckland","BENTLEY AVENUE","100","E"," ","GLENFIELD ROAD","201434908","03/02/2014","Mon","1615","FD","CW1C","181A ","","R","D","BF","F "," ","N","C","050","0","0","0","","","1753720","5928034",
"Auckland","BERKELEY ROAD","30","W"," ","GLOUCESTER ROAD","201431938","27/02/2014","Thu","0915","MO","TW1C","371A ","M","R","D","BF","F ","T","G","N","050","0","0","0","","","1767114","5901649",
"Auckland","BERT WILSON PLACE","200","N"," ","LITTEN ROAD","201433807","07/04/2014","Mon","1716","QD","CS1","428A ","F","E","D","B ","F "," "," ","N","050","0","0","0","","","1772788","5914387",
"Auckland","BETHELLS ROAD","1000","W"," ","TE AUTE RIDGE ROAD E","201430039","10/01/2014","Fri","1145","GD","CE1C","333A 929 ","","E","D","BF","F ","D","N","N","100","0","0","0","","","1731942","5918548",
"Auckland","BETHELLS ROAD","2000","W"," ","TE AUTE RIDGE ROAD W","201432069","17/01/2014","Fri","1550","GE","CW1C","160A 333A 929 ","T","M","D","BF","F ","D"," ","L","100","0","0","0","","","1729361","5917469",
"Auckland","BETHELLS ROAD","20","N"," ","TE HENGA ROAD","201430080","15/02/2014","Sat","1800","FB","CN1C","181A ","","R","D","BN","F "," ","G","N","050","0","0","0","","","1734153","5918809",
"Auckland","BINSTED ROAD",""," ","I","DELTA AVENUE","201433902","21/02/2014","Fri","2000","FB","CE1C","181A 330A ","","R","D","TO","F ","T","G","C","050","0","0","0","","","1750093","5914510",
"Auckland","BINSTED ROAD",""," ","I","DELTA AVENUE","201430464","21/01/2014","Tue","0820","FB","CE1C","181A 330A ","","R","D","B ","F ","T","N","C","050","0","0","0","","","1750093","5914510",
"Auckland","BINSTED ROAD",""," ","I","RATA ST","201436695","17/05/2014","Sat","2055","BC","CS1C","122A ","","M","D","DO","F ","T","T","C","080","0","0","0","","","1749878","5914633",
"Auckland","BIRKDALE ROAD","80","S"," ","LEVESQUE ST","201430836","09/01/2014","Thu","1552","DA","VN1","111A 131A ","T","E","W","OF","L "," ","N","R","050","0","0","0","","","1751748","5926739",
"Auckland","BIRKDALE ROAD",""," ","I","LEVESQUE ST","201411035","02/02/2014","Sun","1453","LB","MS1T","303B 375B 402B ","","R","D","B ","F ","T","G","C","050","0","1","0","","","1751748","5926819",
"Auckland","BIRKENHEAD AVENUE","15","N"," ","HAMMOND PLACE","201436500","16/04/2014","Wed","1545","EE","CN1C","374B ","M","R","D","B ","F "," "," ","C","050","0","0","0","","","1753942","5924720",
"Auckland","BIRKENHEAD AVENUE","15","S"," ","IAN MARWICK PLACE","201432926","20/02/2014","Thu","1630","FD","CN1CC","331A 350A ","","R","D","O ","F "," "," ","C","050","0","0","0","","","1753925","5925044",
"Auckland","BIRKENHEAD AVENUE",""," ","I","IAN MARWICK PLACE","201435291","16/04/2014","Wed","2000","GD","CN1C","331A 929 ","","R","W","DO","L ","D","N","C","050","0","0","0","","","1753925","5925059",
"Auckland","BIRKENHEAD AVENUE","40","N"," ","MOKOIA ROAD","201433297","17/03/2014","Mon","1755","MO","CN1T","385A ","M","R","D","BF","F "," ","N","P","050","0","0","0","","","1753972","5924618",
"Auckland","BIRKENHEAD AVENUE",""," ","I","ONEWA ROAD","201410042","22/02/2014","Sat","0727","PO","CS1E","130A 504A 801 ","KP","R","W","O ","L ","X","T","C","050","0","0","2","43","","1753915","5924806",
"Auckland","BIRKENHEAD AVENUE","5","S"," ","PUPUKE ROAD","201411103","20/02/2014","Thu","1658","FA","CS1C","181A 331A 353A ","","R","D","O ","F ","T","T","C","050","0","0","1","","","1753910","5925523",
"Auckland","BLAKE ST","20","S"," ","JERVOIS ROAD","201434566","23/04/2014","Wed","2200","EA","CS1C","129A ","M","R"," ","DO","  "," ","N","N","050","0","0","0","","","1755325","5920762",
"Auckland","BLAKEBOROUGH DRIVE","15","S"," ","SPRINGFIELD ST","201433241","15/03/2014","Sat","","EA","CS1C","129A ","M","R"," ","DO","  "," ","N","N","050","0","0","0","","","1755903","5930363",
"Auckland","BLOCKHOUSE BAY ROAD","25","S"," ","ACTON PLACE","201413189","18/03/2014","Tue","0705","FD","MN1CC","181A 331A 402A 181B 331B ","","R","D","B ","F "," "," ","C","050","0","0","1","","","1751584","5914624",
"Auckland","BLOCKHOUSE BAY ROAD",""," ","I","CHALMERS ST","201435346","04/04/2014","Fri","1130","HA","CE2C","301A 402A ","","R","D","O ","F ","X","S","C","050","0","0","0","","","1751579","5914776",
"Auckland","BLOCKHOUSE BAY ROAD",""," ","I","CHALMERS ST","201432974","12/03/2014","Wed","0810","HA","CS1C","301B 377B ","","R","D","B ","F ","X","S","C","050","0","0","0","","","1751579","5914776",
"Auckland","BLOCKHOUSE BAY ROAD","80","N"," ","CRADOCK ST","201411636","21/02/2014","Fri","0733","PC","4W1E","308A 371A 732B 929 ","","R","D","BF","F ","D","N","C","050","0","0","1","60","","1751536","5916148",
"Auckland","BLOCKHOUSE BAY ROAD",""," ","I","KINROSS ST","201433552","19/04/2014","Sat","0555","HA","CE2C","302A 375A ","","M","D","DO","F ","R","G","R","050","0","0","0","","","1751547","5912337",
"Auckland","BLOCKHOUSE BAY ROAD",""," ","I","KINROSS ST","201433326","18/03/2014","Tue","2230","HA","VE2C","302A 375A ","","R","D","DO","F ","R","G","R","050","0","0","0","","","1751547","5912337",
"Auckland","BLOCKHOUSE BAY ROAD",""," ","I","MARGATE ROAD","201411513","13/02/2014","Thu","1430","JA","CS1C","301B 375B ","","R","D","OF","F ","T","S","C","050","0","0","1","","","1751613","5913672",
"Auckland","BLOCKHOUSE BAY ROAD","80","S"," ","METHUEN ROAD","201430579","25/01/2014","Sat","1251","AC","CS14","184A 184B ","","R","D","B ","F "," "," ","C","050","0","0","0","","","1751575","5914923",
"Auckland","BLOCKHOUSE BAY ROAD","5","S"," ","NEW NORTH ROAD","201431565","23/01/2014","Thu","1930","FE","CN1C","181B ","","R","D","BF","F ","M","T","C","050","0","0","0","","","1751565","5915242",
"Auckland","BLOCKHOUSE BAY ROAD",""," ","I","NEW NORTH ROAD","201435240","14/04/2014","Mon","1420","JA","CN1C4","322A 358A ","","E","D","B ","F ","M","T","C","050","0","0","0","","","1751565","5915247",
"Auckland","BLOCKHOUSE BAY ROAD",""," ","I","NEW NORTH ROAD","201413755","06/05/2014","Tue","0537","HA","CN1CC","322A ","","R","W","DO","L ","M","T","X","050","0","0","1","","","1751565","5915247",
"Auckland","BLOCKHOUSE BAY ROAD",""," ","I","NEW NORTH ROAD","201437539","25/05/2014","Sun","1113","LB","CW2C","206B 303B ","","R","D","B ","F ","M","T","P","050","0","0","0","","","1751565","5915247",
"Auckland","BLOCKHOUSE BAY ROAD","20","N"," ","NEW WINDSOR ROAD","201431806","09/02/2014","Sun","0120","CB","CS1","501A ","P","R","D","DO","F "," ","N","L","050","0","0","0","","","1751579","5914796",
"Auckland","BLOCKHOUSE BAY ROAD","30","S"," ","NEW WINDSOR ROAD","201430486","01/02/2014","Sat","0715","BE","CN1V","125A ","","R","D","B ","F "," ","N","C","050","0","0","0","","","1751580","5914746",
"Auckland","BLOCKHOUSE BAY ROAD",""," ","I","NEW WINDSOR ROAD","201436154","03/05/2014","Sat","1340","HA","CS1C","321B ","","R","D","B ","F ","X","S","C","050","0","0","0","","","1751579","5914776",
"Auckland","BLOCKHOUSE BAY ROAD",""," ","I","NEW WINDSOR ROAD","201410568","09/02/2014","Sun","1619","KA","CE2C","301A ","","R","D","BF","F ","X","S","C","050","0","0","1","","","1751579","5914776",
"Auckland","BLOCKHOUSE BAY ROAD",""," ","I","NEW WINDSOR ROAD","201411878","25/03/2014","Tue","0629","JA","SS14","301B ","","R","D","TO","F ","X","S","C","050","0","0","1","","44","1751579","5914776",
"Auckland","BLOCKHOUSE BAY ROAD",""," ","I","NEW WINDSOR ROAD","201430988","21/02/2014","Fri","0615","JA","SS1C","301B 375B ","","R","D","DO","F ","X","S","C","050","0","0","0","","","1751579","5914776",
"Auckland","BLOCKHOUSE BAY ROAD",""," ","I","TAYLOR ST","201437864","06/05/2014","Tue","1745","JA","CN1C","302B 375B ","","E","D","TF","L ","T","G","C","050","0","0","0","","","1751528","5912526",
"Auckland","BLOCKHOUSE BAY ROAD","60","S"," ","WALSALL ST","201434113","30/03/2014","Sun","0200","CC","CS1","112A 130A 431A ","F","R","D","DO","F "," ","N","R","050","0","0","0","","","1751554","5915598",
"Auckland","BLOCKHOUSE BAY ROAD","10","N"," ","WOLVERTON ST","201438636","25/05/2014","Sun","1154","FD","CN1CC","181B ","","R","D","O ","F ","X","T","C","050","0","0","0","","","","",
"Auckland","BOLLARD AVENUE",""," ","I","WAITATI PLACE","201430933","25/02/2014","Tue","1250","LB","CS1C","303B 375B 929 ","","R","D","BF","F ","D","N","C","050","0","0","0","","","1751983","5915194",
"Auckland","BOLTON ST","20","E"," ","PORTAGE ROAD","201438029","04/06/2014","Wed","1230","MO","4E14","371A ","","R","D","B ","F "," "," ","C","050","0","0","0","","","1750689","5912794",
"Auckland","BOLTON ST","40","S"," ","PORTAGE ROAD","201412585","14/04/2014","Mon","1342","MC","PE1C","400A 372B ","","R","D","B ","F "," "," ","L","050","0","1","1","","","1750709","5912791",
"Auckland","BOND CRESCENT",""," ","I","FORREST HILL ROAD","201438122","12/05/2014","Mon","0800","FB","CE1C","181A ","","R","D","BF","F ","T","G","R","050","0","0","0","","","1756157","5929092",
"Auckland","BORDER ROAD","60","N"," ","HENDERSON VALLEY ROAD","201411135","01/02/2014","Sat","0033","CB","4S1","103A 108A 130A ","FKS","R","D","DO","F "," "," ","C","050","0","0","1","","","1744287","5915769",
"Auckland","BORDER ROAD",""," ","I","HENDERSON VALLEY ROAD","201434387","28/03/2014","Fri","0725","HA","CE2C","302A ","","E","D","B ","F ","R","G","N","050","0","0","0","","","1744323","5915709",
"Auckland","BOSTON ROAD",""," ","I","AUBURN ST","201412215","21/04/2014","Mon","1332","JA","CE1C","302B 375B ","","R","D","BF","F ","T","G"," ","050","0","0","2","","","1757420","5918478",
"Auckland","BOSTON ROAD",""," ","I","MOUNT EDEN ROAD","201436694","19/05/2014","Mon","1410","AO","VW1C","381A ","","R","D","B ","F ","T","N","C","050","0","0","0","","","1757035","5918411",
"Auckland","BOTANY ROAD","40","N"," ","LEXINGTON DRIVE","201431575","17/01/2014","Fri","0745","KB","CN1C","308B 382B 801 929 ","T","R","W","O ","L ","D"," ","P","050","0","0","0","","","1770935","5913779",
"Auckland","BOTANY ROAD","20","S"," ","MILLHOUSE DRIVE","201431560","13/01/2014","Mon","1845","AA","CN1C","372A ","","R","D","TF","F "," "," ","C","050","0","0","0","","","1770398","5912308",
"Auckland","BOTANY ROAD","40","N"," ","TARNICA ROAD","201430152","27/01/2014","Mon","1350","FD","CS1C","331A 358A ","","R","D","BF","F "," "," ","C","060","0","0","0","","","1770389","5911643",
"Auckland","BOTANY ROAD",""," ","I","TARNICA ROAD","201433167","30/03/2014","Sun","2127","LB","CS1C","322A ","","R","D","DO","F ","X","T","P","060","0","0","0","","","1770389","5911603",
"Auckland","BOTANY ROAD","10","S"," ","VESCA PLACE","201432579","06/03/2014","Thu","1450","AA","TN1CC","181A 331A 386A ","","R","D","B ","F ","T","N","P","050","0","0","0","","","1770496","5912616",
"Auckland","BOUNDARY ROAD",""," ","I","MARY DREAVER ST","201431700","08/01/2014","Wed","1800","LB","CN1C","303B ","","R","D","B ","F ","T","S","C","050","0","0","0","","","1752947","5913514",
"Auckland","BOUNDARY ROAD",""," ","I","OTHELLO DRIVE","201434633","20/04/2014","Sun","0820","HA","CE1C","302A 375A ","","R","D","BF","F ","X","G","C","050","0","0","0","","","1768460","5905430",
"Auckland","BOUNDARY ROAD",""," ","I","OTHELLO DRIVE","201435624","03/05/2014","Sat","1515","HA","CN2C","302A 370A ","","R","D","B ","F ","X","G","C","050","0","0","0","","","1768460","5905430",
"Auckland","BOUNDARY ROAD",""," ","I","SANDRINE AVENUE","201437216","07/06/2014","Sat","1900","DA","CE1","111A 131A ","F","R","D","DO","L ","T","G","P","050","0","0","0","","","1768065","5905587",
"Auckland","BOUNDARY ROAD","15","N"," ","WHITE SWAN ROAD","201432362","20/02/2014","Thu","1250","MO","VS1C","386A ","M","E","D","B ","F "," "," ","C","050","0","0","0","","","1752593","5912422",
"Auckland","BOUNDARY ROAD","100","N"," ","WHITE SWAN ROAD","201412403","28/03/2014","Fri","0759","JA","CN1C","308B 370B 929 ","","R","D","B ","F ","D"," ","C","050","0","0","1","","","1752615","5912503",
"Auckland","BOWERS ROAD",""," ","I","WEST COAST ROAD","201433428","22/03/2014","Sat","1619","FE","4N14","181A ","","R","D","OF","F ","T","T","C","050","0","0","0","","","1747398","5913695",
"Auckland","BRIGHAM CREEK ROAD","200","E"," ","KAURI ROAD","201433688","15/03/2014","Sat","1920","MG","CS1B","371B ","","R","W","TO","L "," "," ","C","100","0","0","0","","","1745917","5926120",
"Auckland","BRIGHAM CREEK ROAD","100","E"," ","TRIG ROAD","201437883","04/06/2014","Wed","2120","DA","CW1","103A 138A 817 ","FT","M","D","DN","F "," ","N","L","080","0","0","0","","","1744672","5926350",
"Auckland","BRIGHTON ROAD","15","S"," ","ST STEPHENS AVENUE","201432388","11/03/2014","Tue","2230","EA","CS1C","129A ","M","R","D","DO","F "," "," ","C","050","0","0","0","","","1759063","5919339",
"Auckland","BRIGHTON ROAD","230","S"," ","ST STEPHENS AVENUE","201432879","13/03/2014","Thu","1738","MB","CN1CC","303B ","M","E","D","B ","F "," "," ","C","050","0","0","0","","","1759235","5919209",
"Auckland","BRIGHTSIDE ROAD","170","W"," ","WAIORA ROAD","201437286","10/06/2014","Tue","2000","EA","CE14","129A ","M","R","W","DO","HS"," ","N","N","050","0","0","0","","","1754533","5945284",
"Auckland","BROADWAY","20","N"," ","EDGERLEY AVENUE","201437901","21/04/2014","Mon","0944","AC","CS1B","372A ","","R","D"," F","F "," ","N","L","050","0","0","0","","","1758388","5917651",
"Auckland","BROADWAY","30","S"," ","EDGERLEY AVENUE","201411220","28/02/2014","Fri","1620","JA","SN1C","112A 204A 378B 922 ","","R","D","B ","F ","D","N","C","050","0","0","1","","33","1758389","5917601",
"Auckland","BROADWAY","5","S"," ","KHYBER PASS ROAD","201432115","06/03/2014","Thu","0700","MO","CS1M","371A 386A ","M","R","D","B ","F ","T","N","C","050","0","0","0","","","1758495","5918330",
"Auckland","BROADWAY","5","S"," ","KHYBER PASS ROAD","201436079","23/05/2014","Fri","1000","AC","CN1C","372A ","","R","D","OF","F ","T","T","C","050","0","0","0","","","","",
"Auckland","BROADWAY",""," ","I","MANUKAU ROAD","201431950","10/02/2014","Mon","1948","AO","CS1CB","330A ","","R","D","BF","F ","M","T","C","050","0","0","0","","","1758389","5917468",
"Auckland","BROADWAY",""," ","I","OSHANNESSEY ST","201435772","13/05/2014","Tue","0930","FE","CW1C","181A 331A 353A ","","R","W","B ","F ","T","T","C","050","0","0","0","","","1772771","5896429",
"Auckland","BROADWAY","10","S"," ","RAILWAY ST","201430467","02/01/2014","Thu","1725","FD","CN1C","181A ","","R","D","B ","F ","T","N","C","050","0","0","0","","","1758585","5918653",
"Auckland","BROADWAY","50","N"," ","REMUERA ROAD","201413044","07/05/2014","Wed","1825","NA","CS1E","105B 712B 713B ","","R","D","TO","F "," ","N","R","050","0","0","1","24","","1758452","5918141",
"Auckland","BROADWAY","50","N"," ","REMUERA ROAD","201430680","17/01/2014","Fri","1203","MA","BS1C","381A 373B ","","R","D","B ","F "," ","N","C","050","0","0","0","","","1758452","5918141",
"Auckland","BROADWAY",""," ","I","TEED ST","201436619","06/05/2014","Tue","1500","FA","CN1C","101A ","","R","D","B ","F ","T","N","C","050","0","0","0","","","1758455","5918152",
"Auckland","BROOKBY ROAD","210","N"," ","ALFRISTON-ARDMORE ROAD","201437877","30/03/2014","Sun","0245","DA","CE1","130A 198A ","GP","E","D","DN","M "," ","N","C","100","0","0","0","","","1774154","5903022",
"Auckland","BROOKBY ROAD","870","E"," ","FITZPATRICK ROAD","201410620","22/02/2014","Sat","1740","DA","CN1","110A 131A ","FP","M","W","O ","F "," ","N","C","100","0","0","1","","","1776659","5904086",
"Auckland","BROWN ST","10","W"," ","PONSONBY ROAD","201431170","08/03/2014","Sat","1700","MO","CE1C","371A ","M","R","D","B ","F ","T","N","C","050","0","0","0","","","1755689","5919692",
"Auckland","BROWNS BAY ROAD","50","E"," ","CLYDE ROAD","201436768","31/05/2014","Sat","2205","DA","CW1C","133A 195A ","FMT","E","D","DN","F "," ","N","C","050","0","0","0","","","1756195","5935023",
"Auckland","BROWNS BAY ROAD",""," ","I","PHILSON TERRACE","201430027","05/01/2014","Sun","1456","HA","CE2B","302A 375A ","","E","W","OF","H ","X","G","C","050","0","0","0","","","1755910","5934857",
"Auckland","BROWNS ROAD","30","E"," ","DAGENHAM ST","201433263","10/02/2014","Mon","1710","NA","CW1E","713B ","","R"," "," F","  "," ","N","P","050","0","0","0","","","1766146","5901603",
"Auckland","BROWNS ROAD",""," ","I","DALGETY DRIVE","201412356","24/02/2014","Mon","1304","FE","TE1C","110A 331A ","","R","D","B ","F ","T","T","C","050","0","0","1","","","1767012","5901954",
"Auckland","BROWNS ROAD",""," ","I","DALGETY DRIVE","201434570","25/04/2014","Fri","1050","JA","CE1C","322A 334A 353A ","","R","D","BF","F ","T","T","C","050","0","0","0","","","1767012","5901954",
"Auckland","BROWNS ROAD","10","E"," ","GLOUCESTER ROAD","201437336","07/05/2014","Wed","0810","FD","CE1CC","181A ","","R","D","OF","F ","T","G","C","050","0","0","0","","","1766835","5901882",
"Auckland","BROWNS ROAD",""," ","I","GLOUCESTER ROAD","201412243","16/05/2014","Fri","1724","FD","CW1CC","112A 517A ","","R","D","TF","F ","X","G","P","050","0","0","1","","","1766825","5901878",
"Auckland","BROWNS ROAD",""," ","I","GLOUCESTER ROAD","201431933","05/03/2014","Wed","0900","AO","CE1C","357A 434A ","","R","D","BF","F ","T","G","C","050","0","0","0","","","1766825","5901878",
"Auckland","BROWNS ROAD",""," ","I","GREAT SOUTH ROAD","201430602","25/01/2014","Sat","1810","FO","CE1C","330A ","","R","D","TF","F ","X","G","C","050","0","0","0","","","1768189","5902430",
"Auckland","BROWNS ROAD",""," ","I","MAICH ROAD","201410088","22/02/2014","Sat","2046","JA","CW1CC","111A 302A 514A ","","R","D","DO","F ","T","G","P","050","0","1","3","","","1768017","5902359",
"Auckland","BROWNS ROAD",""," ","I","ROSCOMMON ROAD","201437130","31/05/2014","Sat","1210","FB","TW1C","331A 353A ","","M","D","BF","F ","T","G","N","050","0","0","0","","","1765662","5901407",
"Auckland","BROWNS ROAD","130","W"," ","STURDEE ROAD","201431164","08/03/2014","Sat","1425","EA","CE1C","102A 108A 512A ","M","R","D","B ","F "," ","N","C","040","0","0","0","","","1767488","5902146",
"Auckland","BRUCE MCLAREN ROAD","280","N"," ","CORBAN AVENUE","201433687","28/03/2014","Fri","1553","EA","CN1CC","129A 130A 504A ","M","R","D","BF","F "," ","N","C","050","0","0","0","","","1745296","5915894",
"Auckland","BRUCE MCLAREN ROAD",""," ","I","HINDMARSH ST","201412280","27/05/2014","Tue","0935","LB","CE1C","303B 375B ","","R","D","B ","F ","T","S","P","050","0","0","1","","","1744860","5915297",
"Auckland","BRUCE MCLAREN ROAD",""," ","I","PARRS CROSS ROAD","201437306","12/06/2014","Thu","0850","AO","TS1X","103A 381A 671A ","","M","D","BF","F ","T","S","C","050","0","0","0","","","1744421","5914603",
"Auckland","BRUCE MCLAREN ROAD","30","W"," ","RAILSIDE AVENUE","201437224","22/05/2014","Thu","0620","DA","CE1","111A 131A 517A ","FS","M","W","DO","F "," ","N","P","050","0","0","0","","","1745365","5915981",
"Auckland","BRUCE MCLAREN ROAD","80","W"," ","RAILSIDE AVENUE","201437142","10/05/2014","Sat","0840","MC","CW1C","372B ","","R","D","BF","F "," ","N","C","050","0","0","0","","","1745332","5915944",
"Auckland","BRUCE MCLAREN ROAD",""," ","I","RAILSIDE AVENUE","201412421","18/01/2014","Sat","0310","DA","CN1","103A 111A 131A 514A ","GX","S","D","DO","F ","T","G","R","050","0","1","0","","","1745394","5915987",
"Auckland","BRYLEE DRIVE",""," ","I","WALTER STREVENS DRIVE","201413122","05/01/2014","Sun","0036","DA","CN2","103A 111A 131A ","F","E","D","DO","F ","R","G","R","050","0","0","1","","","1769987","5898429",