"TLA NAME","CRASH ROAD","CRASH DIST","CRASH DIRN","INTSN","SIDE ROAD","CRASH ID","CRASH DATE","CRASH DOW","CRASH TIME","MVMT","VEHICLES","CAUSES","OBJECTS STRUCK","ROAD CURVE","ROAD WET","LIGHT","WTHRa","JUNC TYPE","TRAF CTRL","ROAD MARK","SPD LIM","CRASH FATAL CNT","CRASH SEV CNT","CRASH MIN CNT","PERS AGE1","PERS AGE2","EASTING","NORTHING"
"Auckland","BUCKLAND ROAD","100","W"," ","CHEVIOT ST","201413121","26/04/2014","Sat","2040","CC","CS1","103A 130A 402A ","T","R","D","DO","F "," "," ","C","050","0","0","1","","","1763004","5906691",
"Auckland","BUCKLAND ROAD",""," ","I","CHEVIOT ST","201437805","11/04/2014","Fri","1800","JA","CN1C","112A 204B 302B ","F","R","D","B ","F ","T","G","C","050","0","0","0","","","1763093","5906646",
"Auckland","BUCKLAND ROAD","600","S"," ","KITCHENER ROAD","201433484","23/03/2014","Sun","1523","DA","CN1","103A 111A 136A 632A ","PT","E","W","BF","F "," ","N","C","070","0","0","0","","","1770023","5879146",
"Auckland","BUCKLAND ROAD",""," ","I","PORTAGE ROAD","201433820","06/04/2014","Sun","1230","LB","CW14","303B ","","R","D","B ","F ","T","G","R","050","0","0","0","","","1763533","5906424",
"Auckland","BUCKLAND ROAD",""," ","I","RAGLAN ST","201411825","29/03/2014","Sat","1435","JC","CN2C","302A 375A ","","R","D","BF","F ","T","G","C","050","0","0","1","","","1762647","5906872",
"Auckland","BUCKLAND ROAD",""," ","I","ROBERTSON ROAD","201434370","05/04/2014","Sat","1345","HA","CN2C","302A ","","M","D","B ","F ","R","G","R","050","0","0","0","","","1761008","5907306",
"Auckland","BUCKLAND ROAD N",""," ","I","GEORGE CRESCENT","201430462","30/01/2014","Thu","1315","AD","CS1C","386A ","","R","D","B ","F ","X","G","C","050","0","0","0","","","1770831","5878334",
"Auckland","BUCKLANDS BEACH ROAD","15","S"," ","CHERRY ROAD","201433897","11/04/2014","Fri","1525","FD","CN1CC","181A 331A 181B ","","R","W","O ","L "," "," ","P","060","0","0","0","","","1770013","5915329",
"Auckland","BUCKLANDS BEACH ROAD",""," ","I","CRANBERRY PLACE","201430037","08/01/2014","Wed","0845","MC","CS1C","372B ","","R","D","OF","F ","T","N","C","050","0","0","0","","","1769987","5915227",
"Auckland","BUCKLANDS BEACH ROAD",""," ","I","EASTERN BEACH ROAD","201411224","18/02/2014","Tue","1230","PO","BS1E","722B 732B ","","R","D","B ","F ","T","S","C","050","0","1","0","38","","1769978","5917611",
"Auckland","BUCKLANDS BEACH ROAD",""," ","I","EASTERN BEACH ROAD","201412337","05/04/2014","Sat","1855","LB","CS1C","101B 303B 375B ","","R","D","B ","F ","T","G","C","050","0","0","1","","","1769978","5917611",
"Auckland","BUCKLANDS BEACH ROAD","15","S"," ","MACLEANS ROAD","201431868","28/02/2014","Fri","1020","MG","CN1V","371B ","","R","D","BF","F "," ","N","C","050","0","0","0","","","1770369","5916763",
"Auckland","BUCKLANDS BEACH ROAD",""," ","I","PAKURANGA ROAD","201436829","04/05/2014","Sun","1315","FE","CS1C","181A 331A ","","E","D","O ","F ","X","T","C","050","0","0","0","","","1769862","5914774",
"Auckland","BUCKLANDS BEACH ROAD",""," ","I","PAKURANGA ROAD","201432810","01/03/2014","Sat","1125","FB","TE2C","181A ","","E","D","B ","F ","X","G","N","060","0","0","0","","","1769862","5914774",
"Auckland","BUCKLANDS BEACH ROAD","50","N"," ","PRIESTLEY DRIVE","201432398","10/03/2014","Mon","1730","CB","CN1","130A 632A ","KT","R","D","B ","F "," "," ","P","050","0","0","0","","","1770166","5915944",
"Auckland","BUCKLANDS BEACH ROAD","60","N"," ","PRIESTLEY DRIVE","201435119","14/02/2014","Fri","1630","FD","CS1C","181A 331A ","","E","D","B ","F "," ","N","C","050","0","0","0","","","1770168","5915953",
"Auckland","BUCKLANDS BEACH ROAD",""," ","I","SUNDERLANDS ROAD","201410999","03/03/2014","Mon","0515","NF","CE2E","341A 377A 715B ","","R","D","BF","F ","T","N","P","050","0","0","1","18","","1770143","5915853",
"Auckland","BUCKLANDS BEACH ROAD",""," ","I","WHITCOMBE ROAD","201430976","12/02/2014","Wed","1840","QD","TS1","428A ","F","R","D","BF","F ","T","G","C","050","0","0","0","","","1769934","5917792",
"Auckland","BURNLEY TERRACE","50","E"," ","SANDRINGHAM ROAD","201436520","15/04/2014","Tue","1608","MO","CW1CC","353A 386A 402A ","M","R","D","B ","F "," "," ","C","050","0","0","0","","","1755200","5917278",
"Auckland","BURNLEY TERRACE","350","E"," ","SANDRINGHAM ROAD","201412870","24/04/2014","Thu","1525","MD","ME1C","103A 308B 377B 839 929 ","","R","D","O ","F ","D"," ","N","050","0","0","1","","","1755489","5917199",
"Auckland","BURTT ROAD","200","S"," ","MCPHERSON ROAD","201430949","19/02/2014","Wed","0555","DA","CN1","111A 131A 410A ","C","M","D","DN","F "," ","N","C","100","0","0","0","","","1772491","5890348",
"Auckland","BUSCOMB AVENUE","30","W"," ","SEL PEACOCK DRIVE","201413791","14/06/2014","Sat","1642","BE","4W1C","129A 358A ","","R","W","TF","F "," ","N","C","050","0","0","1","","","1745187","5917850",
"Auckland","BUSH ROAD","100","S"," ","ALBANY EXPRESSWAY","201411522","10/03/2014","Mon","0749","GD","CS14C","331A 363A 181C 929 ","","R","D","BF","F ","D","N","C","050","0","0","1","","","1752427","5933238",
"Auckland","BUSH ROAD","60","E"," ","BEATRICE TINSLEY CRESCENT","201434562","28/04/2014","Mon","1015","DA","TE1C","385A 929 ","M","R","D","OF","F ","D","N","N","050","0","0","0","","","1752061","5930910",
"Auckland","BUSH ROAD","15","W"," ","BEATRICE TINSLEY CRESCENT","201435626","01/05/2014","Thu","0730","GB","CW1T","387A 140B 330B 372B 927 ","","E","D","B ","F ","D"," ","C","050","0","0","0","","","1751987","5930919",
"Auckland","BUSH ROAD","80","S"," ","ROSEDALE ROAD","201434489","28/04/2014","Mon","1640","CA","CS1C","130A 402A 801 ","M","R","W","O ","L "," "," ","C","050","0","0","0","","","1752165","5932393",
"Auckland","BUSINESS PARADE NORTH",""," ","I","HIGHBROOK DRIVE","201410291","14/02/2014","Fri","1750","DA","CS1","111A 131A ","C","E","D","B ","F ","X","T","R","050","0","0","1","","","1767064","5910534",
"Auckland","BUSINESS PARADE NORTH",""," ","I","HIGHBROOK DRIVE","201437200","12/05/2014","Mon","1700","MG","CS1C","371B ","","R","D","BF","F ","X","T","C","050","0","0","0","","","1767064","5910534",
"Auckland","BUTE ROAD","50","W"," ","CLYDE ROAD","201430227","17/01/2014","Fri","1200","MA","CW1C","371B ","","R","D","B ","F "," "," ","C","050","0","0","0","","","1756092","5935383",
"Auckland","CADMAN AVENUE","50","N"," ","WAIOHUA ROAD","201436821","28/04/2014","Mon","1401","EA","CS1C","129A 330A ","M","R","D","B ","F "," "," ","N","050","0","0","0","","","1760446","5914665",
"Auckland","CAEN ROAD","150","W"," ","TRIPOLI ROAD","201435588","25/04/2014","Fri","0645","EA","CW1C","129A 130A 517A 904 ","M","R","W","TN","M "," "," ","N","050","0","0","0","","","1765721","5914571",
"Auckland","CALLIOPE ROAD",""," ","I","VICTORIA ROAD","201435115","01/04/2014","Tue","1829","KC","CW1C","302A ","","M","D","B ","F ","T","G","C","050","0","0","0","","","1760242","5922655",
"Auckland","CALTHORP CLOSE","50","S"," ","CURLEW PLACE","201432578","18/03/2014","Tue","1235","CB","CN1","103A 514A 517A ","H","R","D","B ","F "," ","N","C","050","0","0","0","","","1760446","5908011",
"Auckland","CAMBRIDGE ROAD","15","E"," ","RUSSELL ROAD","201430866","27/02/2014","Thu","0846","MD","CE1C","371B 929 ","","R","D","BF","F ","D","N","N","050","0","0","0","","","1767215","5901339",
"Auckland","CAMERON PLACE",""," ","I","MARINICH DRIVE","201437337","06/06/2014","Fri","2149","DB","CS1C","103A 111A 131A ","M","S","W","DO","L ","T","G","C","050","0","0","0","","","1743146","5918908",
"Auckland","CAMPBELL CRESCENT","20","E"," ","MANUKAU ROAD N","201430646","03/02/2014","Mon","1750","EA","CE1C","386A ","M","R","D","B ","F "," ","N","C","050","0","0","0","","","1758230","5916134",
"Auckland","CAMPBELL ROAD","5","S"," ","GREAT SOUTH ROAD","201431716","20/01/2014","Mon","1311","FE","CN1C","420B ","","R","D","BF","F ","T","T","C","050","0","0","0","","","1760283","5915373",
"Auckland","CAMPBELL ROAD",""," ","I","GREAT SOUTH ROAD","201435321","21/04/2014","Mon","1600","KB","CS1C","303B ","","E","W","O ","L ","T","T","C","070","0","0","0","","","1760285","5915378",
"Auckland","CAMPBELL ROAD",""," ","I","MANUKAU ROAD","201437681","04/06/2014","Wed","1704","FC","CE1C","181A 331A 402A ","","M","D","DO","F ","R","G","X","050","0","0","0","","","1758236","5913424",
"Auckland","CAMPBELL ROAD","5","W"," ","WILLIAM AVENUE","201411792","15/03/2014","Sat","2040","DB","CW1","131A ","G","E","W","DO","L ","T","S","C","050","0","0","1","","","1760192","5915186",
"Auckland","CAPE BARRIER ROAD","1200","S"," ","SHOAL BAY ROAD","201436426","26/04/2014","Sat","1039","QO","4E1","129A ","E","R","W","ON","F "," ","N","N","100","0","0","0","","","1824425","5976700",
"Auckland","CAPE HILL ROAD","200","N"," ","NORTHVALE PLACE","201438016","17/06/2014","Tue","1433","BF","CN1C","131A 402A 801 ","F","M","W","O ","LS"," "," ","C","100","0","0","0","","","1769677","5883079",
"Auckland","CAPE HILL ROAD","500","N"," ","NORTHVALE PLACE","201434196","12/02/2014","Wed","0920","DB","CS1","135A 800 806 901 ","","E","W","O ","H "," "," ","C","050","0","0","0","","","1769730","5883363",
"Auckland","CAPE HILL ROAD","600","N"," ","NORTHVALE PLACE","201432166","14/02/2014","Fri","0745","DB","CN1","135A 330A 806 ","F","M","W","B ","L "," ","N","C","100","0","0","0","","","1769727","5883454",
"Auckland","CAPE HILL ROAD",""," ","I","REYNOLDS ROAD","201431293","05/03/2014","Wed","0828","HA","CS1C","302B 375B ","","R","D","OF","F ","X","G","C","050","0","0","0","","","1769207","5882268",
"Auckland","CAPE HILL ROAD","900","N"," ","VALLEY ROAD","201434714","10/04/2014","Thu","1540","DA","VN1","111A 131A ","F","M","W","ON","L "," ","N","C","100","0","0","0","","","1769629","5883612",
"Auckland","CAPRICORN PLACE","50","S"," ","OLDHAM PLACE","201432581","17/03/2014","Mon","2202","QD","CN1","428A 611A 652A ","","R","D","DO","F "," ","N","N","050","0","0","0","","","1755275","5935545",
"Auckland","CAPTAIN SPRINGS ROAD",""," ","I","NEILSON ST","201437088","30/05/2014","Fri","1746","GB","CS1T","158A 372B ","","R","D","TO","F ","X","T","C","050","0","0","0","","","1760416","5911816",
"Auckland","CARBINE ROAD",""," ","I","ARTHUR BROWN PLACE","201435311","17/04/2014","Thu","1020","LB","CN1C","303B ","","R","W","O ","H ","X","T","C","050","0","0","0","","","1764500","5912835",
"Auckland","CARBINE ROAD","100","S"," ","BOWDEN ROAD","201435479","17/04/2014","Thu","1355","LB","CS1C","303B 375B 925 ","","R","D","B ","F ","D","N","C","050","0","0","0","","","1764520","5912730",
"Auckland","CARBINE ROAD","100","N"," ","CLEMOW DRIVE","201410942","27/01/2014","Mon","1930","CB","CS1","197A 423A ","T","R","D","BF","F "," ","N","C","050","0","0","1","","","1764538","5912639",
"Auckland","CARBINE ROAD",""," ","I","PANAMA ROAD","201436865","26/05/2014","Mon","0750","FE","CS1M","130A 350A ","","E","W","O ","L ","T","T","C","040","0","0","0","","","1764996","5911741",
"Auckland","CARBINE ROAD",""," ","I","SOUTH EASTERN HIGHWAY","201433794","11/03/2014","Tue","2115","DB","CW2","111A 131A 423A ","P","M","D","DO","F ","X","T","C","050","0","0","0","","","1764350","5913591",
"Auckland","CARIBBEAN DRIVE",""," ","I","CALYPSO WAY","201412797","21/05/2014","Wed","0737","KB","CS1M","302A 375A ","","M","D","BF","F ","R","G","C","050","0","0","1","","","1753482","5930706",
"Auckland","CARIBBEAN DRIVE",""," ","I","SUNSET ROAD","201437409","29/05/2014","Thu","1138","LB","CE1C","302A 375A ","","E","D","B ","F ","R","G","R","050","0","0","0","","","1753822","5930211",
"Auckland","CARLISLE ROAD","20","E"," ","EAST COAST ROAD","201431007","14/02/2014","Fri","1900","FA","VW1C","181A ","","R","D","B ","F "," ","N","C","050","0","0","0","","","1754343","5935996",
"Auckland","CARLISLE ROAD",""," ","I","EAST COAST ROAD","201436118","05/05/2014","Mon","1800","LB","CW1C","303B ","","R","W","DO","H ","M","T","C","050","0","0","0","","","1754323","5935992",
"Auckland","CARLISLE ROAD","140","E"," ","FINCHLEY ROAD","201431752","13/02/2014","Thu","0950","GA","CE1C","181A 331A 929 ","P","R","D","BF","F ","D"," ","C","050","0","0","0","","","1755398","5935929",
"Auckland","CARLOS DRIVE","200","W"," ","GRACECHURCH DRIVE","201435153","26/04/2014","Sat","1200","MO","CE1C","371A ","M","R","D","B ","F "," ","N","C","050","0","0","0","","","1771342","5907860",
"Auckland","CARLTON GORE ROAD","5","W"," ","AROTAU PLACE","201413794","14/06/2014","Sat","2343","LB","ME1X","303B 929 ","","R","D","DO","F ","D","N","N","050","0","1","0","","","1757429","5918868",
"Auckland","CARLTON GORE ROAD",""," ","I","FOOTBALL ROAD","201432828","20/02/2014","Thu","1020","JA","CE1C","301B ","","R","D","B ","F ","T","S","C","050","0","0","0","","","1758119","5918671",
"Auckland","CARLTON GORE ROAD","100","E"," ","GEORGE ST","201432820","14/02/2014","Fri","0800","MC","ME1C","372B 671B ","","R","D","O ","F "," "," ","C","050","0","0","0","","","1758216","5918644",
"Auckland","CARLTON GORE ROAD","20","E"," ","PARK ROAD","201437075","01/06/2014","Sun","1645","MO","CE1C","428A ","M","R","D","O ","F "," "," ","C","050","0","0","0","","","1757893","5918735",
"Auckland","CARNEGIE CRESCENT","260","E"," ","BLENHEIM PLACE","201435265","07/03/2014","Fri","1720","MO","CE1C","371A 929 ","M","R","D","B ","F ","D","N","N","030","0","0","0","","","1747339","5926330",
"Auckland","CARNOUSTIE DRIVE",""," ","I","TURNBERRY DRIVE","201430336","11/01/2014","Sat","1340","CB","CN1","129A 358A ","T","R","D","B ","F ","R","G","R","050","0","0","0","","","1767288","5897913",
"Auckland","CARR ROAD","60","E"," ","GERRARD ST","201430644","27/01/2014","Mon","1250","GA","CW1C","331A 927 ","","R","D","B ","F ","D","N","C","050","0","0","0","","","1756570","5913114",
"Auckland","CARRICK GLEN ROAD","80","E"," ","CHAPEL ROAD","201430036","05/01/2014","Sun","1320","EA","CE1C","385A ","M","R","W","OF","L "," ","N","N","050","0","0","0","","","1769459","5905905",
"Auckland","CARRINGTON ROAD","40","N"," ","BENFIELD AVENUE","201431594","11/01/2014","Sat","0903","CB","CS1","410A ","JP","R","D","O ","F "," "," ","C","050","0","0","0","","","1752665","5916804",
"Auckland","CARRINGTON ROAD","20","S"," ","GREAT NORTH ROAD","201434296","08/03/2014","Sat","1740","FD","CN1C","331A 517A ","","R","D","B ","F "," "," ","C","050","0","0","0","","","1752401","5918071",
"Auckland","CARRINGTON ROAD","30","S"," ","GREAT NORTH ROAD","201431715","08/01/2014","Wed","2150","KB","CN1C","308B 927 ","","R","D","DO","F ","D"," ","R","050","0","0","0","","","1752402","5918061",
"Auckland","CARRINGTON ROAD","100","N"," ","SUTHERLAND ROAD","201437290","21/03/2014","Fri","0730","AC","TN1V","372A 671A ","","R","D","BF","F "," ","N","L","050","0","0","0","","","1752404","5918031",
"Auckland","CARRINGTON ROAD","100","S"," ","SUTHERLAND ROAD","201433429","26/03/2014","Wed","1445","AA","CW1C","381A ","","R","D","BF","F "," ","N","P","050","0","0","0","","","1752415","5917831",
"Auckland","CARRUTH ROAD","15","E"," ","ALLENBY ROAD","201435069","28/04/2014","Mon","1511","FD","CE1V","181A 358A ","","R","D","O ","F "," ","N","C","050","0","0","0","","","1766274","5905366",
"Auckland","CARRUTH ROAD",""," ","I","FITZROY ST","201433205","24/03/2014","Mon","0804","HA","VN1C","301B 382B ","","R","D","BF","F ","X","S","C","050","0","0","0","","","1766262","5905375",
"Auckland","CARRUTH ROAD","5","N"," ","PUHINUI ROAD","201432016","13/02/2014","Thu","1800","FE","CS1C","371B ","","R","D","O ","F ","X","T","C","050","0","0","0","","","1766419","5905257",
"Auckland","CARRUTH ROAD","200","S"," ","ST GEORGE ST","201411034","18/02/2014","Tue","0822","FD","CN1CCC","331A 402A 501A ","","R","D","O ","F "," "," ","C","050","0","0","2","","","1765751","5905747",
"Auckland","CARTER ROAD","350","S"," ","WEST COAST ROAD","201435880","10/05/2014","Sat","2330","DA","VS1","103A 131A ","P","E","D","DN","F "," ","N","C","070","0","0","0","","","1743910","5912884",
"Auckland","CASCADES ROAD",""," ","I","ARCHMILLEN AVENUE","201432257","17/02/2014","Mon","0815","JA","BN1C","302B 377B ","","R","D","B ","F ","T","G","C","050","0","0","0","","","1768851","5914020",
"Auckland","CASCADES ROAD","20","E"," ","AVIEMORE DRIVE","201411612","22/03/2014","Sat","0810","CB","SE1","129A ","K","R","D","OF","F "," ","N","P","050","0","0","1","","59","1770001","5912889",
"Auckland","CASCADES ROAD","20","W"," ","AVIEMORE DRIVE","201436101","15/04/2014","Tue","1525","FD","CE1C","181A 351A ","","R","D","O ","F ","R","G","C","050","0","0","0","","","1769938","5912904",
"Auckland","CASCADES ROAD",""," ","I","AVIEMORE DRIVE","201410569","07/02/2014","Fri","1820","DA","CS2CC","111A 131A ","","E","W","OF","L ","R","G","P","050","0","0","1","","","1769989","5912919",
"Auckland","CASCADES ROAD","30","N"," ","BEN LOMOND CRESCENT N","201431831","01/02/2014","Sat","1100","JA","CS1C","308B 375B 839 929 ","","R","D","BF","F ","D","N","P","050","0","0","0","","","1769430","5913103",
"Auckland","CASCADES ROAD","50","N"," ","BEN LOMOND CRESCENT N","201411012","12/01/2014","Sun","0150","DA","CN1","103A 131A 402A ","HP","E","D","DO","F "," "," ","C","060","0","2","2","","","1769417","5913119",
"Auckland","CASCADES ROAD","90","W"," ","BERNIE EDWARDS PLACE","201413260","01/05/2014","Thu","1036","AO","SW1T","330A 386A ","","R","D","B ","F "," ","N","C","050","0","1","0","","71","1770099","5912857",
"Auckland","CASCADES ROAD","20","W"," ","BOTANY ROAD","201432051","13/02/2014","Thu","1550","FD","CE1C","331A 350A ","","R","D","B ","F "," "," ","C","060","0","0","0","","","1770525","5912724",
"Auckland","CASCADES ROAD",""," ","I","BOTANY ROAD","201432800","04/03/2014","Tue","1100","FE","CE1C","181A ","","R","D","O ","F ","T","T","C","050","0","0","0","","","1770543","5912714",
"Auckland","CASCADES ROAD","10","W"," ","LOCHEND PLACE","201436751","24/05/2014","Sat","2130","EA","CE14","129A 350A ","M","R","W","DO","L ","T","N","C","050","0","0","0","","","1769776","5912936",
"Auckland","CASCADES ROAD","15","W"," ","SOLANA COURT","201433343","21/03/2014","Fri","1120","MC","CE1C","372B ","","R","D","BF","F "," ","N","C","060","0","0","0","","","1770317","5912802",
"Auckland","CASCADES ROAD","40","S"," ","WALWORTH AVENUE","201436331","27/03/2014","Thu","0540","CB","CN1C","129A 350A ","M","R","D","DO","F "," ","N","C","050","0","0","0","","","1768954","5913825",
"Auckland","CASTLEFORD ST","20","W"," ","GODLEY ROAD","201435502","02/04/2014","Wed","1435","EA","TW1B","129A 350A ","Q","R","D","O ","F "," "," ","P","050","0","0","0","","","1748555","5911249",
"Auckland","CATKIN CRESCENT","200","S"," ","HOLBORN PLACE","201431245","03/03/2014","Mon","2200","DB","CE1","103A 111A 131A ","C","M","W","DN","L "," ","N","C","050","0","0","0","","","1763351","5905180",
"Auckland","CATON ROAD","140","N"," ","WAIRERE ROAD","201432277","24/01/2014","Fri","2217","DA","CS1","111A 131A 402A ","EP","E","D","DN","F "," ","N","N","100","0","0","0","","","1734064","5920800",
"Auckland","CAUSEWAY ROAD","180","S"," ","WILMA ROAD","201437186","05/05/2014","Mon","1346","EC","TS1","820 ","J","E","W","ON","L "," ","N","R","050","0","0","0","","","1781368","5925592",
"Auckland","CAVENDISH DRIVE","5","E"," ","GRAYSON AVENUE","201435060","12/04/2014","Sat","1537","MC","CW1C","372B ","","R","D","B ","F ","T","G","C","050","0","0","0","","","1766066","5904528",
"Auckland","CAVENDISH DRIVE",""," ","I","JACK CONWAY AVENUE","201431400","26/02/2014","Wed","0930","KA","CE1C","302B 377B ","","R","D","BF","F ","T","G","R","060","0","0","0","","","1767032","5904739",
"Auckland","CAVENDISH DRIVE","30","E"," ","LAMBIE DRIVE","201433204","21/03/2014","Fri","0840","AA","VE1C","372A ","","R","D","BF","F "," ","N","R","060","0","0","0","","","1766762","5904689",
"Auckland","CAVENDISH DRIVE","70","E"," ","LAMBIE DRIVE","201436551","20/05/2014","Tue","1250","MC","CE1C","370B 372B 927 ","","R","D","B ","F ","D"," ","P","050","0","0","0","","","1766802","5904695",
"Auckland","CAVENDISH DRIVE","120","E"," ","LAMBIE DRIVE","201412065","19/04/2014","Sat","1037","AA","CW1M","372A 381A ","","R","D","O ","F "," ","N","P","060","0","0","1","","","1766853","5904690",
"Auckland","CAVENDISH DRIVE",""," ","I","LAMBIE DRIVE","201434547","20/04/2014","Sun","1145","FB","CE1C","181A ","","R","W","OF","L ","X","G","R","050","0","0","0","","","1766722","5904676",
"Auckland","CAVENDISH DRIVE",""," ","I","LAMBIE DRIVE","201410459","16/02/2014","Sun","1952","HA","CW1X","322A ","","R","D","B ","F ","X","T","P","060","0","0","1","","","1766735","5904672",
"Auckland","CAVENDISH DRIVE","80","W"," ","PLUNKET AVENUE","201411115","12/03/2014","Wed","1710","JA","CE1C","314B 377B 927 ","","R","D","B ","F ","D"," ","C","050","0","0","2","","","1765813","5904361",
"Auckland","CAVENDISH DRIVE",""," ","I","SHARKEY ST","201413759","08/06/2014","Sun","1740","JA","CW14","322A 613A ","","R","W","TO","L ","T","T","R","050","0","0","3","","","1767113","5904755",
"Auckland","CAVENDISH DRIVE",""," ","I","STARKEY ST","201437721","08/06/2014","Sun","1715","JA","CW1C","322A ","","R","D","DO","F ","T","T","C","020","0","0","0","","","","",
"Auckland","CENTENNIAL PARK ROAD","400","S"," ","MATHESON ROAD","201413057","24/05/2014","Sat","1210","CA","PN1","102A 403A ","","R","D","BN","F "," ","N","C","050","0","0","1","","","1737153","5982240",
"Auckland","CENTRAL AVENUE","30","W"," ","GREAT SOUTH ROAD","201434713","30/04/2014","Wed","1540","CC","CE1","137A 407A 423A ","FX","R","D","BF","F "," ","N","C","050","0","0","0","","","1766058","5906233",
"Auckland","CENTRAL PARK DRIVE","100","E"," ","LINCOLN ROAD","201411628","11/03/2014","Tue","0658","LB","VW1C","303B 377B 927 ","","R","D","TO","F ","D","N","C","050","0","0","1","","","1745471","5920341",
"Auckland","CENTRAL PARK DRIVE","200","N"," ","SWAN LANE","201435879","05/05/2014","Mon","1850","EA","CN14","103A ","M","R","W","DO","L "," ","N","C","050","0","0","0","","","1745947","5918392",
"Auckland","CENTRAL PARK DRIVE",""," ","I","TONY ST","201410944","04/03/2014","Tue","0600","JA","SE1C","302B 382B ","","R","W","DO","L ","T","G","C","050","0","1","0","","42","1745807","5920218",
"Auckland","CENTRAL PARK DRIVE","20","S"," ","WINSTON PLACE","201412070","03/04/2014","Thu","1240","EA","VS1CCC","129A 137A ","M","R","D","B ","F ","X","G","C","050","0","0","1","","","1745964","5919989",
"Auckland","CENTREWAY ROAD","80","N"," ","RIVERSIDE ROAD","201437161","23/05/2014","Fri","0830","FC","CS14","181A ","","R","D","BF","F "," ","N","C","050","0","0","0","","","1751470","5949337",
"Auckland","CENTREWAY ROAD",""," ","A","WEST HOE ROAD","201437917","13/06/2014","Fri","2020","HA","CN1C","302A 375A ","","R","D","DO","F ","R","G","C","050","0","0","0","","","1751159","5950216",
"Auckland","CHANCERY ST","5","W"," ","BANKSIDE ST","201432609","26/02/2014","Wed","1930","EA","CW1C","386A ","M","E","D","O ","F ","T","N","N","050","0","0","0","","","1757752","5920579",
"Auckland","CHAPEL ROAD",""," ","I","ACCENT DRIVE","201436299","12/05/2014","Mon","1058","FE","TN1C","181A ","","R","D","B ","F ","X","T","C","060","0","0","0","","","1769928","5908142",
"Auckland","CHAPEL ROAD","80","N"," ","ARMOY DRIVE","201434105","03/04/2014","Thu","0745","FD","CS1CCV","197A 331A 358A 402A ","","R","D","BF","F "," "," ","C","050","0","0","0","","","1770500","5910515",
"Auckland","CHAPEL ROAD","100","S"," ","ARMOY DRIVE","201432814","04/03/2014","Tue","0835","FD","CN1CC","181A 331A 181B ","","R","W","O ","F "," "," ","P","060","0","0","0","","","1770456","5910340",
"Auckland","CHAPEL ROAD","40","S"," ","BALLYBAY ROAD","201433734","04/04/2014","Fri","1340","MO","CS1C","371A ","","R","D","O ","F "," "," ","P","050","0","0","0","","","1770248","5909494",
"Auckland","CHAPEL ROAD","70","N"," ","BANVILLE ROAD","201430489","04/02/2014","Tue","1745","FD","CN1C","181A ","","R","D","B ","F "," ","N","C","070","0","0","0","","","1770188","5909240",
"Auckland","CHAPEL ROAD",""," ","I","BAVERSTOCK ROAD","201433896","11/04/2014","Fri","1500","GA","CS1V","181A ","","M","W","O ","F ","T","G","P","060","0","0","0","","","1769999","5908440",
"Auckland","CHAPEL ROAD",""," ","I","BAVERSTOCK ROAD","201436205","14/05/2014","Wed","0810","FD","CS1CCC","181A 181B 181C ","","R","W","B ","F ","T","G","C","060","0","0","0","","","1769999","5908440",
"Auckland","CHAPEL ROAD","100","S"," ","KILKENNY DRIVE N","201433839","17/03/2014","Mon","1500","FD","TS1CC","181A 331A 181B ","","R","D","B ","F "," "," ","C","050","0","0","0","","","1771027","5911674",
"Auckland","CHAPEL ROAD","10","N"," ","MICHAEL JONES DRIVE","201410875","13/01/2014","Mon","1110","EA","XN1X","331A 351A ","Q","R","D","B ","F ","T","G","P","060","0","0","1","","","1769568","5906692",
"Auckland","CHAPEL ROAD",""," ","I","MICHAEL JONES DRIVE","201437223","21/05/2014","Wed","1500","JA","CN1C","103B 302B 382B ","","R","D","BF","F ","T","G","C","060","0","0","0","","","1769566","5906683",
"Auckland","CHAPEL ROAD","200","S"," ","ORMISTON ROAD","201412794","18/05/2014","Sun","1500","NA","CE1E","101A 722B 926 ","","R","D","BF","F ","D","N","C","050","0","0","1","9","","1769685","5907164",
"Auckland","CHAPEL ROAD","100","S"," ","STANCOMBE ROAD","201400037","24/02/2014","Mon","0420","BA","4N1C","104A 129A ","","R","D","DN","F "," ","N","C","060","1","0","1","","","1769904","5908045",
"Auckland","CHAPEL ROAD","15","S"," ","TI RAKAU DRIVE","201433767","25/03/2014","Tue","1500","FD","CN1C","181A 817 ","","R","D","O ","F "," "," ","N","070","0","0","0","","","1770627","5911213",
"Auckland","CHAPEL ROAD","50","S"," ","TI RAKAU DRIVE","201413728","16/04/2014","Wed","0820","MA","PN1X","373B ","","R","D","BF","F "," ","N","P","050","0","0","1","","","1770615","5911181",
"Auckland","CHAPEL ROAD","40","S"," ","TOWN CENTRE DRIVE","201413774","01/06/2014","Sun","0540","CC","CN1","102A 410A ","T","R","D","DO","F "," ","N","C","050","0","0","1","","","1770514","5910576",
"Auckland","CHARLES PREVOST DRIVE","15","N"," ","HILL ROAD","201431551","19/01/2014","Sun","1230","EA","TS1C","663A ","M","E","D","B ","F "," "," ","C","050","0","0","0","","","1770158","5902058",
"Auckland","CHARLOTTE ST","20","S"," ","FLEET ST","201433578","12/04/2014","Sat","1313","FF","CN1C","181A 352A 817 ","","R","D","BF","F "," ","N","N","050","0","0","0","","","1756471","5918690",
"Auckland","CHARNTAY AVENUE","10","S"," ","CHAMADE PLACE","201430603","26/01/2014","Sun","1800","EA","CN1C","386A ","M","M","W","TO","F ","T","N","C","050","0","0","0","","","1768287","5904936",
"Auckland","CHARTWELL AVENUE",""," ","I","BENTLEY AVENUE","201411500","16/03/2014","Sun","2003","LB","CN1C","303B 377B ","","E","W","DO","L ","T","G","C","050","0","0","1","","","1754338","5927965",
"Auckland","CHARTWELL AVENUE",""," ","I","BENTLEY AVENUE","201410668","30/01/2014","Thu","1453","LB","CN1C","303B 375B ","","R","D","B ","F ","T","G","C","050","0","0","1","","","1754338","5927965",