"TLA NAME","CRASH ROAD","CRASH DIST","CRASH DIRN","INTSN","SIDE ROAD","CRASH ID","CRASH DATE","CRASH DOW","CRASH TIME","MVMT","VEHICLES","CAUSES","OBJECTS STRUCK","ROAD CURVE","ROAD WET","LIGHT","WTHRa","JUNC TYPE","TRAF CTRL","ROAD MARK","SPD LIM","CRASH FATAL CNT","CRASH SEV CNT","CRASH MIN CNT","PERS AGE1","PERS AGE2","EASTING","NORTHING"
"Auckland","CHARTWELL AVENUE",""," ","I","BENTLEY AVENUE","201413639","31/05/2014","Sat","1747","LB","CN1C","303B 377B 402B ","","R","D","DO","F ","T","G","R","050","0","0","1","","","1754338","5927965",
"Auckland","CHICHESTER DRIVE","100","S"," ","MARYBETH PLACE","201438612","17/06/2014","Tue","2050","CB","CS1V","112A 130A 801 ","FJM","R","W","DO","L "," "," ","C","050","0","0","0","","","1772017","5894204",
"Auckland","CHILTERN CRESCENT S","60","W"," ","ELSTREE AVENUE","201430679","18/01/2014","Sat","2230","EA","CW1C","112A 129A 517A ","M","R","D","DO","F "," ","N","C","050","0","0","0","","","1766300","5917109",
"Auckland","CHIVALRY ROAD","100","E"," ","GLENFIELD ROAD","201431242","03/03/2014","Mon","0832","MC","CE1V","372B ","","R","D","BF","F "," ","N","C","050","0","0","0","","","1753845","5928502",
"Auckland","CHIVALRY ROAD",""," ","I","GLENFIELD ROAD","201436341","28/03/2014","Fri","0728","KC","CS2C","302A 375A ","","E","D","OF","F ","T","G","C","050","0","0","0","","","1753745","5928505",
"Auckland","CHURCH CRESCENT","40","S"," ","DOMAIN ROAD","201436286","10/04/2014","Thu","0905","AA","CN1T","184B ","","R","D","O ","F "," "," ","C","080","0","0","0","","","1765441","5914429",
"Auckland","CHURCH CRESCENT",""," ","I","DOMAIN ROAD","201437045","19/03/2014","Wed","0700","KA","CW2C","302A ","","M","D","TF","F ","R","G","R","050","0","0","0","","","1765453","5914484",
"Auckland","CHURCH CRESCENT","100","S"," ","SUNSET VIEW ROAD S","201411626","07/03/2014","Fri","1500","GD","CS1C","181A 929 ","","R","D","BF","F ","D","N","C","050","0","0","2","","","1765393","5914087",
"Auckland","CHURCH ST","60","E"," ","ALFRED ST","201413117","16/04/2014","Wed","0838","FD","CE1CT","331A 358A ","","R","D","B ","F "," "," ","C","050","0","0","2","","","1759888","5912267",
"Auckland","CHURCH ST","100","E"," ","ALFRED ST","201413419","21/05/2014","Wed","1255","BE","CW1CV","130A 410A ","M","R","W","O ","L "," "," ","C","050","0","0","1","","","1759927","5912271",
"Auckland","CHURCH ST","15","N"," ","AVENUE ROAD","201430225","18/01/2014","Sat","1800","EA","CN1C","129A ","M","R","D","TO","F ","R","G","R","050","0","0","0","","","1764408","5909930",
"Auckland","CHURCH ST","60","E"," ","CAPTAIN SPRINGS ROAD","201411524","27/02/2014","Thu","1632","FD","VW1CVC","331A 352A ","","R","D","BF","F "," ","N","P","050","0","0","1","","","1760413","5912327",
"Auckland","CHURCH ST",""," ","I","GREAT SOUTH ROAD","201435367","06/05/2014","Tue","1205","GD","CE1C","386A ","","E","D","B ","F ","X","T","C","050","0","0","0","","","1762676","5912577",
"Auckland","CHURCH ST",""," ","I","GREAT SOUTH ROAD","201436622","02/05/2014","Fri","1545","AA","OE1V","386A ","","R","D","O ","F ","X","G","C","050","0","0","0","","","1762676","5912577",
"Auckland","CHURCH ST",""," ","I","HUGO JOHNSTON DRIVE","201431859","10/02/2014","Mon","1715","BF","CN2CC","111A 131A 817 ","","M","D","BF","F ","T","G","C","050","0","0","0","","","1762103","5912509",
"Auckland","CHURCH ST","40","E"," ","MOUNTJOY PLACE","201433666","16/04/2014","Wed","1530","EA","CW1C","129A 130A ","M","R","D","OF","F "," ","N","C","050","0","0","0","","","1760128","5912295",
"Auckland","CHURCH ST","100","E"," ","NEILSON ST","201437079","20/03/2014","Thu","1830","AC","CE1C","184A 184B 357B ","","R","D","O ","F "," "," ","C","050","0","0","0","","","1761617","5912460",
"Auckland","CITY ROAD","20","W"," ","LIVERPOOL ST","201430469","24/01/2014","Fri","1530","MO","CE1C","371A ","M","R","D","B ","F ","T","N","C","050","0","0","0","","","1757150","5919569",
"Auckland","CITY ROAD","40","W"," ","LIVERPOOL ST","201430778","25/01/2014","Sat","2250","JA","VE1C","308B 375B 926 ","","R","D","DO","F ","D","N","N","050","0","0","0","","","1757131","5919575",
"Auckland","CLARENCE ST","15","W"," ","VICTORIA ROAD","201437284","22/05/2014","Thu","1700","EA","CE1C","101A 331A ","M","R","D","DO","F "," ","N","C","050","0","0","0","","","1760291","5922399",
"Auckland","CLARENCE ST",""," ","I","VICTORIA ROAD","201437283","27/05/2014","Tue","1000","NA","CE1E","711B 732B ","","R"," "," F","  ","X","G","C","050","0","0","0","","","1760305","5922392",
"Auckland","CLARK ST","20","E"," ","HETANA ST","201434377","05/03/2014","Wed","1015","JA","CW1C","308B 922 ","","R","D","O ","F ","D","N","C","050","0","0","0","","","1750241","5913800",
"Auckland","CLARK ST",""," ","I","HETANA ST","201412698","10/04/2014","Thu","1338","LB","CW1C","303B 925 ","","R","D","OF","F ","D","T","R","050","0","0","3","","","1750222","5913805",
"Auckland","CLARK ST","80","E"," ","OLYMPIC PLACE","201435052","04/04/2014","Fri","1710","JA","CW1C","150A 308B 922 ","","R","D","B ","F ","D","N","P","050","0","0","0","","","1750634","5913713",
"Auckland","CLARK ST","15","E"," ","PORTAGE ROAD","201433559","14/03/2014","Fri","2044","JA","CW14","308B 382B 922 ","","E","D","DO","F ","D","N","P","050","0","0","0","","","1750522","5913727",
"Auckland","CLARK ST",""," ","I","RANKIN AVENUE","201437014","26/05/2014","Mon","1050","FE","TW1V","181A ","","R","D","O ","F ","X","T","C","050","0","0","0","","","1749965","5913819",
"Auckland","CLARKS BEACH ROAD","780","W"," ","FARLEY ROAD","201434033","15/04/2014","Tue","0814","DA","CE1","111A 131A ","V","M","D","B ","F "," ","N","C","100","0","0","0","","","1753261","5888428",
"Auckland","CLAUDE ROAD","20","S"," ","HALVER ROAD","201431337","05/03/2014","Wed","1145","EA","CN1C","129A ","M","R","W","OF","F "," ","N","C","050","0","0","0","","","1769321","5901189",
"Auckland","CLEMOW DRIVE","100","S"," ","CLEMOW UNDERPASS","201436413","06/05/2014","Tue","0808","DA","CN1","129A ","V","S","W","BF","L "," ","N","C","050","0","0","0","","","1764093","5912314",
"Auckland","CLEMOW DRIVE","120","E"," ","MOUNT WELLINGTON HIGHWAY","201434696","25/03/2014","Tue","0803","DA","CE1","135A 402A 801 ","C","M","W","BF","F "," ","N","C","050","0","0","0","","","1764004","5912197",
"Auckland","CLEVEDON ROAD",""," ","I","KELVIN ROAD","201436556","06/05/2014","Tue","0830","JA","CS1C","302B ","","E","D","B ","F ","T","G","C","050","0","0","0","","","1773887","5897008",
"Auckland","CLEVEDON ROAD",""," ","I","KELVIN ROAD","201410595","05/02/2014","Wed","0825","JA","SW1C","302B 375B ","","R","D","BF","F ","T","G","C","050","0","0","2","","49","1773887","5897008",
"Auckland","CLEVEDON ROAD","15","E"," ","MARNE ROAD","201433116","29/03/2014","Sat","1354","FD","CW1C","181A ","","R","D","B ","F "," "," ","C","050","0","0","0","","","1773205","5896456",
"Auckland","CLEVEDON ROAD",""," ","I","PRICTOR ST","201432163","14/02/2014","Fri","1558","BC","CE1C","122A 620A ","","E","D","B ","F ","T","G","P","050","0","0","0","","","1773135","5896434",
"Auckland","CLEVEDON ROAD",""," ","I","WILLIS ROAD","201410619","31/01/2014","Fri","","HA","4W1C","113A 302A 375A ","","M","D","B ","F ","R","G","R","050","0","1","0","","","1773179","5896437",
"Auckland","CLEVEDON-KAWAKAWA ROAD","600","W"," ","EYRES ROAD","201410353","21/01/2014","Tue","0730","DA","CW1","111A 131A ","V","M","W","ON","L "," ","N","C","100","0","0","1","","","1784525","5906002",
"Auckland","CLEVEDON-KAWAKAWA ROAD","350","N"," ","HOLDENS ROAD","201412424","16/01/2014","Thu","1824","DA","MN1","111A 131A 402A ","F","M","D","O ","F "," "," ","C","070","0","0","1","","","1782741","5905213",
"Auckland","CLEVEDON-KAWAKAWA ROAD",""," ","I","NESS VALLEY ROAD","201412406","09/03/2014","Sun","1125","JA","CS14","304A ","","M","D","B ","F ","T","G","C","100","0","1","4","","","1785478","5905574",
"Auckland","CLEVEDON-KAWAKAWA ROAD","500","E"," ","TOWNSON ROAD","201412960","30/05/2014","Fri","0640","DA","CE1","131A 801 ","C","E","W","O ","L "," "," ","C","100","0","0","1","","","1789612","5908786",
"Auckland","CLEVEDON-KAWAKAWA ROAD","1000","N"," ","TUREI ROAD","201432164","16/02/2014","Sun","1509","DA","CW1","111A 131A ","","S","D","B ","F "," ","N","C","100","0","0","0","","","1791105","5908878",
"Auckland","CLEVEDON-KAWAKAWA ROAD","500","W"," ","TUREI ROAD","201431804","15/03/2014","Sat","1320","DA","VW1","135A 801 901 ","TX","S","W","ON","HS"," ","N","C","100","0","0","0","","","1791475","5908807",
"Auckland","CLIFTON ROAD S","400","E"," ","POTTS ROAD","201430435","23/01/2014","Thu","0205","CC","CS1","110A 135A 801 806 ","","R","W","DN","L "," ","N","C","080","0","0","0","","","1776650","5910867",
"Auckland","CLOVERNOOK ROAD","10","W"," ","BROADWAY","201410789","12/03/2014","Wed","1537","DC","CS1C","423A 926 ","GM","R","D","B ","F ","D","N","C","050","0","0","1","","","1758376","5917738",
"Auckland","CLYDE ROAD","30","S"," ","BAYVIEW ROAD","201410313","05/01/2014","Sun","1512","MA","4S1CC","373B ","M","E","W","OF","L "," ","N","C","050","0","0","1","","","1756161","5935492",
"Auckland","CLYDE ROAD",""," ","I","BROWNS BAY ROAD","201430648","02/02/2014","Sun","1740","NA","CS1E","711B ","","R","D","B ","F ","T","N","C","050","0","0","0","","","1756151","5935007",
"Auckland","CLYDE ROAD","30","N"," ","BUTE ROAD","201434476","02/04/2014","Wed","1040","MO","4N1T","371A 386A ","M","R","D","B ","F "," "," ","C","050","0","0","0","","","1756147","5935411",
"Auckland","CLYDESDALE AVENUE","20","S"," ","MEADOWLAND DRIVE","201437862","21/05/2014","Wed","1640","JO","SE1V","204A 378B 927 ","","R","D","B ","F ","D","N","N","050","0","0","0","","","1771920","5913032",
"Auckland","COAL HILL ROAD","1000","N"," ","TE ARAI POINT ROAD","201412675","06/04/2014","Sun","1251","DA","4N1","135A 812 ","C","M","D","BN","F "," ","N","N","100","0","0","1","","","1744070","5997849",
"Auckland","COAST ROAD","340","N"," ","GRASS TRACK ROAD","201413103","12/04/2014","Sat","1515","DB","CN1","111A 131A 402A ","EF","S","D","B ","F "," "," ","N","050","0","0","1","","","1726935","5925411",
"Auckland","COAST ROAD","600","N"," ","MOTUTARA ROAD","201435258","26/04/2014","Sat","1746","DA","CN1","111A 131A 813 ","V","M","D","TN","F "," "," ","N","050","0","0","0","","","1727643","5924174",
"Auckland","COAST ROAD","1200","N"," ","MOTUTARA ROAD","201431675","17/02/2014","Mon","1020","DA","4N1","131A 813 ","","M","D","B ","F "," "," ","N","050","0","0","0","","","1727300","5924635",
"Auckland","COATESVILLE-RIVERHEAD HIG","330","W"," ","BARRETT ROAD","201430664","28/01/2014","Tue","2307","DB","VW1","101A 111A ","C","M","D","DO","F "," ","N","C","080","0","0","0","","","1743097","5931553",
"Auckland","COATESVILLE-RIVERHEAD HIG",""," ","I","EDWARD ST","201411758","28/03/2014","Fri","1620","CA","CN1CC","410A ","MS","R","D","B ","F ","T","G","C","060","0","0","1","","","1742021","5930699",
"Auckland","COATESVILLE-RIVERHEAD HIG","30","W"," ","GLENMORE ROAD N","201434737","04/05/2014","Sun","1033","FD","CE1CC","181A ","","R","D","BF","F "," ","N","C","070","0","0","0","","","1746364","5935249",
"Auckland","COATESVILLE-RIVERHEAD HIG","110","N"," ","MILL FLAT ROAD","201431842","13/03/2014","Thu","0230","DA","CS1","111A 131A ","T","M","D","DN","F "," ","N","C","080","0","0","0","","","1744519","5932383",
"Auckland","COATESVILLE-RIVERHEAD HIG","120","N"," ","MOONTIDE ROAD","201400088","21/04/2014","Mon","0722","BF","TS1C","131A 800 ","","E","W","ON","L "," "," ","L","080","1","0","0","","","1741579","5928512",
"Auckland","COATESVILLE-RIVERHEAD HIG","800","N"," ","OLD RAILWAY ROAD","201436249","24/05/2014","Sat","2330","DA","CS1","103A 111A 131A ","C","M","W","DN","HS"," "," ","C","080","0","0","0","","","1741662","5929719",
"Auckland","COATESVILLE-RIVERHEAD HIG","150","N"," ","RIDGE ROAD","201435317","17/04/2014","Thu","0915","DB","CN1","131A 403A 801 ","","M","W","O ","HS"," "," ","C","080","0","0","0","","","1743994","5931385",
"Auckland","COATESVILLE-RIVERHEAD HIG","90","N"," ","SH 16","201432160","17/02/2014","Mon","1430","JA","4N1V","308B 375B 402B 930 ","","R","D","B ","F ","D","N","L","080","0","0","0","","","1741312","5927525",
"Auckland","COATESVILLE-RIVERHEAD HIG","500","S"," ","SUNNYSIDE ROAD","201433209","19/02/2014","Wed","1737","DA","4N1","111A 131A ","","M","W","ON","L "," ","N","C","080","0","0","0","","","1745706","5934949",
"Auckland","COATESVILLE-RIVERHEAD HIG","500","W"," ","SUNNYSIDE ROAD","201430940","07/02/2014","Fri","1220","BF","CN1C","135A 801 ","","M","W","ON","L "," ","N","C","080","0","0","0","","","1745706","5934949",
"Auckland","COATESVILLE-RIVERHEAD HIG",""," ","I","WAKE ROAD","201433572","22/04/2014","Tue","0730","DA","CS1","111A 131A 411A ","","M","W","BF","F ","T","S","L","080","0","0","0","","","1744751","5932719",
"Auckland","COBHAM CRESCENT","180","N"," ","BRAINS ROAD","201430917","21/02/2014","Fri","0630","EA","CS1C","129A ","M","R","D","DO","F "," ","N","N","050","0","0","0","","","1748549","5915689",
"Auckland","COLES CRESCENT",""," ","I","GREAT SOUTH ROAD N","201410949","06/03/2014","Thu","0800","LB","SN14","204A 375A ","","R","D","BF","F ","T","S","C","050","0","0","1","","13","1772475","5896956",
"Auckland","COLLEGE HILL",""," ","I","ENGLAND ST","201412394","02/04/2014","Wed","1618","LB","VW1C","112A 382B 402B ","","R","D","O ","F ","T","G","C","050","0","0","2","","","1755878","5920510",
"Auckland","COLLEGE ROAD",""," ","I","CADNESS ST","201435114","29/03/2014","Sat","1323","GE","CW1C","157A 160A ","","R","D","B ","F ","T","N","C","050","0","0","0","","","1755970","5925804",
"Auckland","COLLEGE ROAD","50","N"," ","EXMOUTH ROAD","201433231","19/03/2014","Wed","1130","BA","CN1C","125A ","","R","D","BF","F "," ","N","C","050","0","0","0","","","1755741","5925586",
"Auckland","COLLEGE ROAD","5","S"," ","MERTON ROAD","201437039","20/03/2014","Thu","1600","FB","CN1C","331A ","","R","D","B ","F ","R","G","R","050","0","0","0","","","1764029","5916903",
"Auckland","COLLINGWOOD ROAD","15","N"," ","HYLAND PLACE","201436841","27/04/2014","Sun","1722","DB","CN1","111A 131A 402A 634A ","CF","M","D","O ","F "," "," ","C","100","0","0","0","","","1755152","5877020",
"Auckland","COLOMBO ROAD",""," ","I","HULL ROAD","201413762","26/05/2014","Mon","1416","HA","CN2V","301A 375A ","","R","D","OF","F ","X","S","C","050","0","0","1","","","1753862","5874750",
"Auckland","COMMERCE ST","10","N"," ","CUSTOMS ST EAST","201431174","05/03/2014","Wed","1815","AC","CN1B","372A 381A ","","R","D","B ","F ","T","N","C","050","0","0","0","","","1757638","5920868",
"Auckland","COMMISSARIAT ROAD","30","E"," ","RUAWAI ROAD","201431479","23/02/2014","Sun","0120","DA","VW1","103A 130A 929 ","","R","D","DO","F ","D","N","C","050","0","0","0","","","1763206","5913659",
"Auckland","COMMISSARIAT ROAD","200","W"," ","RUAWAI ROAD","201438342","10/05/2014","Sat","0733","EA","CE1T","129A 363A 902 ","M","R","W","B ","F "," "," ","N","050","0","0","0","","","1763050","5913593",
"Auckland","COMO ST",""," ","I","AUBURN ST","201436228","03/05/2014","Sat","1617","GF","CW1C","372A ","","R","D","B ","F ","T","S","C","050","0","0","0","","","1757825","5927077",
"Auckland","COMPTON ST","30","W"," ","EBAN AVENUE","201437163","16/05/2014","Fri","1515","EA","CE14","129A ","M","R","D","OF","  "," ","N","N","050","0","0","0","","","1754768","5926444",
"Auckland","CONSTABLE ROAD",""," ","I","HARVEY ROAD","201412819","05/05/2014","Mon","1131","DB","CS2","131A 423A 901 ","V","E","W","O ","H ","T","G","C","100","0","0","2","","","1752143","5875150",
"Auckland","CONSTABLE ROAD",""," ","I","LEONARD ST","201438319","10/06/2014","Tue","1615","LB","VS1C","303B 350B 402B 901 ","","R","W","O ","H ","T","N","C","050","0","0","0","","","1753165","5875960",
"Auckland","CONSTELLATION DRIVE","40","N"," ","APOLLO DRIVE","201410879","29/01/2014","Wed","2226","MC","CN1C","372B ","","R","D","DO","F "," "," ","C","050","0","0","1","","","1754990","5931852",
"Auckland","CONSTELLATION DRIVE",""," ","I","APOLLO DRIVE","201434283","20/03/2014","Thu","1925","FE","CN1C","130A 350A 427A ","","R","D","DO","F ","X","T","C","050","0","0","0","","","1754957","5931830",
"Auckland","CONSTELLATION DRIVE","20","W"," ","ATLAS PLACE","201412033","07/04/2014","Mon","1550","LB","MW1V","303B 314B 927 ","","R","D","B ","F ","D","N","C","080","0","0","1","","","1754686","5931665",
"Auckland","CONSTELLATION DRIVE","20","E"," ","PARKWAY DRIVE W","201430638","07/02/2014","Fri","0936","FD","4W1C","181A 350A ","","E","D","O ","F "," ","N","P","050","0","0","0","","","1754361","5931483",
"Auckland","CONSTELLATION DRIVE",""," ","I","PARKWAY DRIVE W","201430967","19/02/2014","Wed","1615","KA","BS24","302B 375B ","","R","D","OF","F ","T","G","C","050","0","0","0","","","1754343","5931475",
"Auckland","CONSTELLATION DRIVE","10","E"," ","VEGA PLACE","201433885","16/04/2014","Wed","1724","LB","CE1C","303B 922 ","","R","D","TO","F ","D","N","C","050","0","0","0","","","1754593","5931610",
"Auckland","COOK ST","50","W"," ","HOBSON ST","201437208","04/04/2014","Fri","2205","AA","CE1C","372A ","","R","D","DO","F "," ","N","C","050","0","0","0","","","1756853","5920155",
"Auckland","COOK ST",""," ","I","HOBSON ST","201430068","03/01/2014","Fri","1350","AO","CE1C","381A 817 ","","R","D","BF","F ","X","T","C","050","0","0","0","","","1756900","5920138",
"Auckland","COOK ST",""," ","I","MORTON ST","201430617","29/01/2014","Wed","1440","JA","CE1C","301B 407B ","","R","D","B ","F ","T","S","C","050","0","0","0","","","1756594","5920255",
"Auckland","COOK ST",""," ","I","NELSON ST","201435205","18/04/2014","Fri","1030","FE","VW1CC","423A 181B ","","R","D","O ","F ","X","T","C","050","0","0","0","","","1756774","5920184",
"Auckland","COOK ST",""," ","I","UNION ST","201437089","02/06/2014","Mon","0250","DB","CE1","103A 131A ","IKP","M","D","DO","F ","T","G","R","050","0","0","0","","","1756440","5920310",
"Auckland","COOK ST","50","W"," ","VINCENT ST","201434263","17/03/2014","Mon","2300","MO","CW1C","371A ","M","R","D","DO","F "," ","N"," ","050","0","0","0","","","1756945","5920122",
"Auckland","CORAL CRESCENT E","110","N"," ","MATAPAN ROAD","201413258","08/06/2014","Sun","1505","MO","CN1","130A 501A 929 ","P","R","D","O ","F ","D","N","N","050","0","1","0","","","1765997","5914747",
"Auckland","CORNWALLIS ROAD","600","S"," ","FIREBREAK ROAD","201435061","28/04/2014","Mon","0250","DB","CN1","110A 134A ","","S","W","DN","F "," ","N","C","050","0","0","0","","","1742636","5902778",
"Auckland","CORONATION ROAD","60","E"," ","BEATRICE AVENUE","201411092","12/01/2014","Sun","1154","MO","SE14","112A 204A 308B 378B 830 929 ","","R","D","O ","F ","D"," ","C","050","0","0","1","","27","1754715","5927057",
"Auckland","CORONATION ROAD",""," ","I","CORONATION ON NBD","201436907","10/05/2014","Sat","1850","FB","CN1C","103A 181A 387A ","","E","D","DO","F ","R","G","R","050","0","0","0","","","1759516","5908853",
"Auckland","CORONATION ROAD","60","S"," ","DOMAIN ROAD","201434123","23/01/2014","Thu","1850","EA","4N1C","101A 129A ","M","S","D","B ","F "," "," ","L","050","0","0","0","","","1759268","5909532",
"Auckland","CORONATION ROAD","80","E"," ","GLENFIELD ROAD","201433879","15/04/2014","Tue","0722","JA","TW1C","308B 830 929 ","","R","D","O ","F ","D","N","C","050","0","0","0","","","1753904","5926806",
"Auckland","CORONATION ROAD","50","N"," ","MCINTYRE ROAD","201434563","29/04/2014","Tue","1210","MF","CS1V","371B ","","R","D","OF","F "," ","N","C","050","0","0","0","","","1759153","5910022",
"Auckland","CORONATION ROAD","50","N"," ","MIRO ROAD","201438127","14/05/2014","Wed","1820","FD","CN1C","181A ","","R","W","DO","H "," ","N","C","050","0","0","0","","","1759153","5910022",
"Auckland","CORONATION ROAD","100","W"," ","MOUNTBATTEN AVENUE","201410910","16/02/2014","Sun","1430","NA","CE1E","711B 713B ","","M","D","BF","F "," ","N","C","050","0","0","1","15","","1754262","5926886",
"Auckland","CORONATION ROAD","5","S"," ","TANNERS ROAD","201431858","11/03/2014","Tue","1510","FD","CS1CC","181A ","","R","D","BF","F ","T","G","C","050","0","0","0","","","1759462","5909064",
"Auckland","CORONATION ROAD",""," ","I","TYE ROAD","201431761","23/01/2014","Thu","0437","CC","CN1","130A 204A 205A 501A ","P","R","D","DO","F ","T","N","C","050","0","0","0","","","1755314","5927258",
"Auckland","CORSAIR CRESCENT","100","W"," ","VALIANT ST N","201410354","23/01/2014","Thu","0904","DA","CN1","111A 131A ","F","E","D","OF","F "," ","N","N","050","0","0","1","","","1759359","5907599",
"Auckland","COSGRAVE ROAD","390","N"," ","FERNAIG ST","201431849","01/03/2014","Sat","1658","MD","CN14","308B 375B 929 ","","R","D","BN","F ","D","N","C","070","0","0","0","","","1773847","5898015",
"Auckland","COSGRAVE ROAD","200","S"," ","WALTERS ROAD","201437128","03/06/2014","Tue","1635","CB","CS1","129A 363A 902 ","V","R","D","BN","F "," ","N","C","080","0","0","0","","","1773697","5898414",
"Auckland","COURT TOWN CLOSE",""," ","I","BADER DRIVE","201437077","30/05/2014","Fri","0945","GA","VS1C","129A ","","E","D","B ","F ","R","G","R","050","0","0","0","","","1760388","5907058",
"Auckland","COWES BAY ROAD","4900","E"," ","ORAPIU ROAD","201410614","10/02/2014","Mon","0900","EO","TS1","330A 386A ","T","M","D","B ","F "," ","N","N","050","0","0","1","","","1792076","5925162",
"Auckland","COXHEAD ROAD",""," ","I","CLAYTON ROAD","201410791","09/04/2014","Wed","0800","GD","CN1C","181A 359A ","","R","D","O ","F ","T","G","C","050","0","0","1","","","1768607","5899173",
"Auckland","COXHEAD ROAD","40","N"," ","HOOKS ROAD","201434107","09/04/2014","Wed","0815","FD","CN1CC","331A 377A ","","R","D","OF","F "," ","N","C","050","0","0","0","","","1768546","5899327",
"Auckland","COXHEAD ROAD","120","S"," ","KOHIWI ROAD","201432713","15/02/2014","Sat","2259","DA","CS1","111A 131A ","KX","E","D","DO","F "," "," ","C","050","0","0","0","","","1768433","5899551",
"Auckland","COXHEAD ROAD",""," ","I","KOHIWI ROAD","201432265","20/01/2014","Mon","2230","DB","CS1","111A 131A 402A ","KP","E","W","DO","L ","T","G","C","050","0","0","0","","","1768343","5899629",
"Auckland","CRAWFORD AVENUE","30","N"," ","MIRO ROAD","201432055","04/02/2014","Tue","1500","MD","4S1C","308B 371B 929 ","","R","D","B ","F ","D"," ","C","050","0","0","0","","","1759397","5910047",
"Auckland","CROOKS ROAD",""," ","I","HARRIS ROAD","201436827","13/05/2014","Tue","1710","FB","4W1C","181A 331A ","","R","D","O ","F ","T","G","C","050","0","0","0","","","1768707","5910125",
"Auckland","CROSS ST","100","W"," ","UPPER QUEEN ST","201431169","05/03/2014","Wed","1150","MG","CW1C","371B ","","R","W","O ","F "," ","N","N","050","0","0","0","","","1756895","5919375",
"Auckland","CROSSANDRA DRIVE",""," ","I","CYCLAMEN ROAD W","201430235","10/01/2014","Fri","2248","DB","CW1C","111A 131A ","HM","R","D","DO","F ","T","G","R","080","0","0","0","","","1760534","5905829",
"Auckland","CROWS ROAD","50","S"," ","BIRDWOOD ROAD","201434099","21/01/2014","Tue","1348","DB","CN1","111A 132A ","T","M","W","O ","F "," ","N","N","050","0","0","0","","","1742243","5920091",
"Auckland","CROYDON ROAD","20","N"," ","TITIRANGI ROAD","201432688","30/01/2014","Thu","1958","FA","4N14","101A 181A 103B 191B ","","R","D","O ","F "," ","N","C","050","0","0","0","","","1748488","5913080",
"Auckland","CRUMMER ROAD",""," ","I","COLERIDGE ST","201412396","22/03/2014","Sat","0152","EA","CS1CC","101A 130A 359A ","M","R","D","DO","F ","X","G","C","050","0","0","1","","","1755051","5918599",
"Auckland","CRUMMER ROAD",""," ","I","MACKELVIE ST","201432982","19/02/2014","Wed","0816","HA","CN2C","301A 377A 839 ","","R","D","B ","F ","X","S","C","050","0","0","0","","","1755856","5919202",
"Auckland","CURRAN ST","100","N"," ","JERVOIS ROAD","201436636","19/02/2014","Wed","0810","AA","CN1C","372A ","","R","D","O ","F "," ","N","C","050","0","0","0","","","1755152","5921009",
"Auckland","CURRAN ST",""," ","I","SARSFIELD ST","201431572","16/01/2014","Thu","1459","HA","CN1C","301B 375B ","","R","D","B ","F ","X","S","P","050","0","0","0","","","1755106","5921368",
"Auckland","CUSTOMS ST EAST",""," ","I","COMMERCE ST","201431336","05/03/2014","Wed","1635","AO","BW1C","385A ","","E","D","BF","F ","X","T","C","050","0","0","0","","","1757630","5920862",
"Auckland","CUSTOMS ST EAST","10","W"," ","FORT ST","201433210","18/03/2014","Tue","1623","MG","CE1C","371B ","","R","D","BF","F ","X","T","C","050","0","0","0","","","1757813","5920800",
"Auckland","CUSTOMS ST WEST","20","E"," ","ALBERT ST","201433336","22/03/2014","Sat","1850","AO","CW1C","333A ","","R"," "," F","  "," ","N","C","050","0","0","0","","","1757419","5920936",
"Auckland","CUSTOMS ST WEST","5","E"," ","QUEEN ST","201437834","05/06/2014","Thu","0910","EA","BE14","386A ","M","E","D","O ","F ","X","G"," ","050","0","0","0","","","1757509","5920904",
"Auckland","CUSTOMS ST WEST",""," ","I","QUEEN ST","201434695","20/03/2014","Thu","1645","AO","BE1X","381A 671A ","","R","D","BF","F ","X","T","C","050","0","0","0","","","1757514","5920902",
"Auckland","CUSTOMS ST WEST",""," ","I","QUEEN ST","201436375","29/03/2014","Sat","1420","GO","BE1C","179A ","","R","D","BF","F ","X","T","C","050","0","0","0","","","1757514","5920902",
"Auckland","CUSTOMS ST WEST",""," ","I","STURDEE ST","201431355","02/03/2014","Sun","0233","DA","CE1","103A 131A 632A ","KX","E","D","DO","F ","Y","G","C","050","0","0","0","","","1757285","5920988",
"Auckland","DAFFODIL ST",""," ","I","KAWAKA ST","201431335","03/03/2014","Mon","0752","LB","CN1C","302B 375B ","","M","W","BF","F ","Y","G","P","050","0","0","0","","","1747170","5911576",
"Auckland","DAGENHAM ST","100","N"," ","BURBANK AVENUE","201413776","19/04/2014","Sat","2144","DA","CS1","103A 111A 131A ","CFT","E","W","DO","F "," ","N","C","050","0","0","1","","","1766358","5901286",
"Auckland","DAIRY FLAT HIGHWAY",""," ","I","COATESVILLE-RIVERHEAD HIG","201433872","16/04/2014","Wed","0708","LB","CN1T","303B ","","E","D","O ","L ","T","N","C","080","0","0","0","","","1748984","5935924",
"Auckland","DAIRY FLAT HIGHWAY","400","N"," ","FOLEY QUARRY ROAD","201411112","15/03/2014","Sat","1716","BF","CN1C4","111A 131A 402A 197B 801 804 903 ","G","M","W","O ","LS"," "," ","C","080","0","0","1","","","1748719","5936655",
"Auckland","DAIRY FLAT HIGHWAY","15","W"," ","GOODLAND DRIVE","201433802","13/04/2014","Sun","2340","CC","CW1","102A 410A ","FX","R","W","DO","L "," "," ","C","100","0","0","0","","","1748701","5938618",
"Auckland","DAIRY FLAT HIGHWAY",""," ","I","KELL DRIVE","201412434","08/04/2014","Tue","0749","LB","MS14","158A 330A 402A 314B 922 ","P","R","D","B ","F ","D","S","C","050","0","1","0","","","1751332","5934356",
"Auckland","DAIRY FLAT HIGHWAY","10","N"," ","OTEHA VALLEY ROAD","201431744","30/01/2014","Thu","1620","AO","4N1C","157A 158A 184A ","","R","D","BF","F ","T","T","N","050","0","0","0","","","1751623","5934077",