"TLA NAME","CRASH ROAD","CRASH DIST","CRASH DIRN","INTSN","SIDE ROAD","CRASH ID","CRASH DATE","CRASH DOW","CRASH TIME","MVMT","VEHICLES","CAUSES","OBJECTS STRUCK","ROAD CURVE","ROAD WET","LIGHT","WTHRa","JUNC TYPE","TRAF CTRL","ROAD MARK","SPD LIM","CRASH FATAL CNT","CRASH SEV CNT","CRASH MIN CNT","PERS AGE1","PERS AGE2","EASTING","NORTHING"
"Auckland","DAIRY FLAT HIGHWAY","900","S"," ","PINE VALLEY ROAD","201412039","31/03/2014","Mon","1544","LB","CN14","102B 303B 350B 375B 929 ","","E","D","B ","F ","D","N","C","100","0","0","2","","","1747716","5944450",
"Auckland","DAIRY FLAT HIGHWAY","30","W"," ","STEVENSONS CRESCENT","201437407","24/05/2014","Sat","1137","CB","TW1","103A ","V","R","D","O ","F "," "," ","L","080","0","0","0","","","1750791","5934687",
"Auckland","DAIRY FLAT HIGHWAY",""," ","I","TAWA DRIVE","201433679","12/04/2014","Sat","2136","AO","CN1C","129A 386A 817 ","","E","D","DO","F ","R","G","R","050","0","0","0","","","1753266","5933048",
"Auckland","DALDY ST",""," ","I","GAUNT ST","201431212","23/02/2014","Sun","1915","HA","CE2CC","321B 375B ","","R","D","DF","F ","X","S","C","050","0","0","0","","","1756434","5920966",
"Auckland","DALDY ST",""," ","I","GAUNT ST","201435220","19/03/2014","Wed","1715","HA","CW1CCC","101B 301B 902 ","M","R","D","B ","F ","X","S","C","050","0","0","0","","","1756434","5920966",
"Auckland","DALGETY DRIVE","150","N"," ","BROWNS ROAD","201430636","05/02/2014","Wed","1650","KB","CS1V","308B 375B 927 ","","R","D","O ","F ","D","N","C","050","0","0","0","","","1766956","5902093",
"Auckland","DALGETY DRIVE","500","W"," ","KERRS ROAD","201435334","09/04/2014","Wed","1234","EA","CW14","412A ","M","R","D","B ","F "," "," ","C","050","0","0","0","","","1766895","5902244",
"Auckland","DAVID AVENUE",""," ","I","GRANDE VUE","201412437","26/02/2014","Wed","0815","BB","CW2C","124A 130A 350A ","","R","D","B ","F ","T","G","C","050","0","0","2","","","1769058","5901978",
"Auckland","DAWSON ROAD","100","S"," ","OTHELLO DRIVE","201411101","17/02/2014","Mon","0905","JA","CS1V","112A 402A 308B 314B 402B 930 ","","R","D","B ","F ","D"," ","P","050","0","0","1","","","1768712","5906021",
"Auckland","DAWSON ROAD","20","S"," ","RONGOMAI ROAD","201438022","11/06/2014","Wed","0835","FD","CN14","181A ","","R","D","B ","F "," "," ","N","050","0","0","0","","","1768001","5906822",
"Auckland","DEEP CREEK ROAD",""," ","I","BETHEL ROAD","201430389","25/01/2014","Sat","0100","EA","CN1CC","129A 350A ","M","R","D","DO","F ","T","N","C","050","0","0","0","","","1755887","5936303",
"Auckland","DEEP CREEK ROAD",""," ","I","GLAMORGAN DRIVE","201435908","03/05/2014","Sat","1510","AA","BS1V","372A ","","R","D","BF","F ","T","G","C","050","0","0","0","","","1756287","5936944",
"Auckland","DELTA AVENUE","10","S"," ","HUGH BROWN DRIVE","201431165","07/03/2014","Fri","1430","MF","XN14","371B ","","R","D","B ","F ","T","N","C","050","0","0","0","","","1749912","5914083",
"Auckland","DENBIGH AVENUE",""," ","I","DOMINION ROAD","201434208","03/02/2014","Mon","1530","FB","CE1C","181A 331A ","","E","D","B ","F ","R","G","R","050","0","0","0","","","1755006","5913748",
"Auckland","DENBIGH AVENUE",""," ","I","DOMINION ROAD","201431330","05/02/2014","Wed","0800","AO","CW1C","381A ","","E","D","BF","F ","R","G","R","050","0","0","0","","","1755029","5913742",
"Auckland","DENNIS AVENUE","15","N"," ","WALPOLE AVENUE","201433308","09/04/2014","Wed","1530","MO","CN1C","371A ","M","R","D","BF","F "," ","N","N","050","0","0","0","","","1769103","5901892",
"Auckland","DEVON ROAD",""," ","I","THE PARADE","201412294","18/05/2014","Sun","1500","DB","BE1E","131A 386A ","","M","D","B ","F ","T","N","C","050","0","0","1","","","1769441","5918483",
"Auckland","DIANA DRIVE",""," ","I","HILLSIDE ROAD","201431659","21/01/2014","Tue","0953","GD","BN1C","191A 801 ","","E","W","O ","L ","T","N","C","050","0","0","0","","","1754518","5928476",
"Auckland","DIANA DRIVE","160","S"," ","WAIRAU ROAD","201412879","18/03/2014","Tue","1540","JA","MS1C","308B 375B 927 ","","E","D","B ","F ","D"," ","C","050","0","1","0","","","1755095","5928954",
"Auckland","DIANA DRIVE","400","S"," ","WAIRAU ROAD","201431568","06/01/2014","Mon","1100","EA","CW1C","129A 386A ","M","R","D","B ","F "," "," ","C","050","0","0","0","","","1754896","5928841",
"Auckland","DILWORTH AVENUE","100","S"," ","REMUERA ROAD","201433682","27/03/2014","Thu","1716","KA","CN1CC","308B 507B 927 ","FH","R","D","BF","F ","D"," ","N","050","0","0","0","","","1759006","5917429",
"Auckland","DODSON AVENUE","220","S"," ","KITCHENER ROAD","201437207","01/05/2014","Thu","0930","MF","CS1V","371B ","","R","D","BF","F "," ","N","N","050","0","0","0","","","1757609","5928641",
"Auckland","DOMINION ON WBD","50","W"," ","DOMINION ROAD","201435662","22/04/2014","Tue","1801","FD","CW1C","331A ","","R","D","TO","F "," "," ","N","100","0","0","0","","","1754915","5913540",
"Auckland","DOMINION ROAD","15","S"," ","BALMORAL ROAD","201432858","06/01/2014","Mon","","MO","CN1C","386A ","M","E","D","B ","F "," "," ","N","050","0","0","0","","","1755713","5916213",
"Auckland","DOMINION ROAD",""," ","I","BALMORAL ROAD","201436703","13/05/2014","Tue","1400","MC","CN1C","372B ","","R","D","B ","F ","T","N","C","050","0","0","0","","","1755716","5916227",
"Auckland","DOMINION ROAD","40","S"," ","BURNLEY TERRACE","201410660","07/02/2014","Fri","0755","NB","CS1E","129A 386A 714B ","","R","D","O ","F "," ","N","C","080","0","0","1","55","","1755941","5917033",
"Auckland","DOMINION ROAD",""," ","I","BURNLEY TERRACE","201411569","27/02/2014","Thu","0900","GB","PN1C","158A ","P","R","D","OF","F ","T","S","P","050","0","1","0","","","1755951","5917072",
"Auckland","DOMINION ROAD",""," ","I","BURNLEY TERRACE","201411141","24/03/2014","Mon","0818","LB","PN1C","209A 314B 377B ","","R","D","B ","F ","T","S","P","050","0","0","1","","","1755951","5917072",
"Auckland","DOMINION ROAD","30","N"," ","COLEMAN AVENUE","201430030","04/01/2014","Sat","0415","EA","CS1C","103A 129A ","M","R","D","DO","F "," ","N","C","050","0","0","0","","","1755075","5913940",
"Auckland","DOMINION ROAD",""," ","I","DENBIGH AVENUE","201437021","24/05/2014","Sat","0900","AC","CW2C","159A ","","E","W","O ","L ","R","G","R","050","0","0","0","","","1755015","5913753",
"Auckland","DOMINION ROAD",""," ","I","DENBIGH AVENUE","201431066","11/02/2014","Tue","1858","GO","CN1C","122A 381A ","","R","D","B ","F ","R","G","C","050","0","0","0","","","1755017","5913735",
"Auckland","DOMINION ROAD",""," ","I","DENBIGH AVENUE","201430575","29/01/2014","Wed","1330","AA","TN1C","372A ","","M","D","B ","F ","R","G","R","050","0","0","0","","","1755028","5913749",
"Auckland","DOMINION ROAD",""," ","I","DENBIGH AVENUE","201437348","22/05/2014","Thu","0015","DA","CN1","131A 404A ","KP","M","W","DO","L ","R","G","R","050","0","0","0","","","1755028","5913749",
"Auckland","DOMINION ROAD",""," ","I","DENBIGH AVENUE","201434002","07/04/2014","Mon","1200","GO","TN1C","179A ","","M","D","B ","F ","R","G","C","050","0","0","0","","","1755017","5913735",
"Auckland","DOMINION ROAD",""," ","I","DENBIGH AVENUE","201435222","28/03/2014","Fri","1346","AO","BN1C","129A ","","R","D","B ","F ","R","G","P","050","0","0","0","","","1755017","5913735",
"Auckland","DOMINION ROAD",""," ","I","DEXTER AVENUE","201432756","25/02/2014","Tue","1915","LB","CS1C","209A 314B 377B ","","R","D","O ","F ","T","S","C","050","0","0","0","","","1755777","5916443",
"Auckland","DOMINION ROAD",""," ","I","DEXTER AVENUE","201412978","16/05/2014","Fri","1856","LB","MS1C","303B ","","R","D","TO","F ","T","N","C","050","0","0","1","","","1755777","5916443",
"Auckland","DOMINION ROAD","40","S"," ","DUKE ST","201412414","18/04/2014","Fri","1400","JA","CN1C","101B 308B 412B 929 ","","R","D","B ","F ","D"," ","P","050","0","0","1","","","1755317","5914808",
"Auckland","DOMINION ROAD","40","S"," ","DUNBAR ROAD","201412854","12/05/2014","Mon","1643","AA","CS1P","190A 372A ","","R","D","DO","F "," "," ","P","050","0","0","2","","","1755722","5916256",
"Auckland","DOMINION ROAD",""," ","I","DUNBAR ROAD","201433703","21/03/2014","Fri","2150","GD","CS1C","331A ","","R","D","DO","F ","T","S","C","050","0","0","0","","","1755734","5916294",
"Auckland","DOMINION ROAD","80","N"," ","ELSIE MORTON PLACE","201413421","18/05/2014","Sun","0114","EA","CN1C","103A 129A 645A ","M","R","D","DO","M "," "," ","C","050","0","0","1","","","","",
"Auckland","DOMINION ROAD","15","N"," ","EWINGTON AVENUE","201437168","22/05/2014","Thu","2030","MA","CN1C","373B ","","R","D","DO","F "," ","N","C","050","0","0","0","","","1755997","5917231",
"Auckland","DOMINION ROAD","20","N"," ","EWINGTON AVENUE","201433355","28/03/2014","Fri","1545","FD","CS1X","102A 181A ","","R","D","BF","F "," ","N","P","050","0","0","0","","","1755999","5917236",
"Auckland","DOMINION ROAD",""," ","I","EWINGTON AVENUE","201413092","30/05/2014","Fri","1730","LB","SS1C","303B 375B ","","R","D","TF","F ","T","S","C","050","0","0","1","","31","1755993","5917217",
"Auckland","DOMINION ROAD",""," ","I","GEORGE ST","201432058","02/01/2014","Thu","1130","LB","CN1C","303B 330B ","","R","D","B ","F ","T","G","C","050","0","0","0","","","1756171","5917852",
"Auckland","DOMINION ROAD","20","N"," ","HAIG AVENUE","201430609","03/02/2014","Mon","1225","AC","TN1C","381A ","","R","D","B ","F "," ","N","C","050","0","0","0","","","1755346","5914913",
"Auckland","DOMINION ROAD","20","N"," ","HALESOWEN AVENUE","201410589","22/01/2014","Wed","0400","CC","CS1","101A 410A ","H","R","D","DO","F "," ","N","P","050","0","0","1","","","1755543","5915613",
"Auckland","DOMINION ROAD",""," ","I","HALESOWEN AVENUE","201433571","23/03/2014","Sun","2017","GD","CS1C","103A 333A ","","R","D","DO","F ","T","S","C","050","0","0","0","","","1755537","5915594",
"Auckland","DOMINION ROAD","15","S"," ","KEYSTONE AVENUE","201431863","18/02/2014","Tue","1720","FD","CS1CC","181A 359A ","","R","D","BF","F "," ","N","R","050","0","0","0","","","1755219","5914454",
"Auckland","DOMINION ROAD",""," ","I","KEYSTONE AVENUE","201434560","10/04/2014","Thu","1232","LB","CS1C","303B 375B ","","R","W","OF","H ","T","G","C","050","0","0","0","","","1755223","5914469",
"Auckland","DOMINION ROAD","100","N"," ","KING EDWARD ST","201433324","26/03/2014","Wed","1345","AA","TN1C","381A ","","R","D","BF","F "," ","N","C","050","0","0","0","","","1755951","5917073",
"Auckland","DOMINION ROAD","20","S"," ","LAMBETH ROAD","201411914","25/03/2014","Tue","0745","FD","CN1C","181A ","","R","D","BF","F "," ","N","C","050","0","0","2","","","1755451","5915280",
"Auckland","DOMINION ROAD","20","N"," ","LISNOE AVENUE","201437020","08/04/2014","Tue","0750","LB","CN1C","303B 377B 927 ","","R","D","O ","F ","D","N","C","050","0","0","0","","","1756150","5917777",
"Auckland","DOMINION ROAD",""," ","I","LOUVAIN AVENUE","201413682","14/05/2014","Wed","1325","KA","SN1V","209A 302B 375B 801 ","","E","W","O ","L ","T","G","C","050","0","0","1","","52","1755283","5914678",
"Auckland","DOMINION ROAD","15","S"," ","MARSDEN AVENUE","201412976","14/05/2014","Wed","1845","FD","CN1C","181A ","","R","W","DO","L "," "," ","P","050","0","0","1","","","1755569","5915705",
"Auckland","DOMINION ROAD","20","S"," ","MARYDALE DRIVE","201430747","11/01/2014","Sat","0001","EA","CS1C","129A ","M","R","D","DO","F "," ","N","C","050","0","0","0","","","1754519","5912071",
"Auckland","DOMINION ROAD","50","S"," ","MEMORIAL AVENUE","201411529","02/03/2014","Sun","0620","EA","CS1C","129A ","M","R","D","OF","F "," ","N","C","050","0","0","1","","","1755106","5914055",
"Auckland","DOMINION ROAD","10","S"," ","MONT LE GRAND ROAD","201412967","30/05/2014","Fri","0858","LB","CN1M","209A 303B 927 ","","R","W","O ","F ","D","N","C","050","0","1","0","","","1755824","5916616",
"Auckland","DOMINION ROAD",""," ","I","MONT LE GRAND ROAD","201412021","22/03/2014","Sat","2105","LB","CS1C","101A 112A 514A 303B 375B ","","R","D","DO","F ","T","G","C","050","0","2","1","","","1755827","5916625",
"Auckland","DOMINION ROAD","15","N"," ","MOUNT ALBERT ROAD","201432035","05/02/2014","Wed","0720","FE","CS1C","331A ","","R","D","B ","F ","X","T","C","050","0","0","0","","","1755177","5914305",
"Auckland","DOMINION ROAD","50","S"," ","MOUNT ALBERT ROAD","201436251","30/04/2014","Wed","0852","AA","CN1T","159A ","","R","D","O ","F "," "," ","P","050","0","0","0","","","1755159","5914243",
"Auckland","DOMINION ROAD","90","S"," ","MOUNT ALBERT ROAD","201436856","26/05/2014","Mon","0915","GB","VN1C","158A 209A 333A 929 ","","R","D","B ","F ","D"," ","C","050","0","0","0","","","1755148","5914204",
"Auckland","DOMINION ROAD",""," ","I","MOUNT ALBERT ROAD","201435154","28/04/2014","Mon","1100","FE","CN1C","181A ","","R","D","B ","F ","X","T","C","070","0","0","0","","","1755173","5914291",
"Auckland","DOMINION ROAD",""," ","I","MOUNT ALBERT ROAD","201433763","10/02/2014","Mon","1100","FE","CN1C","181A ","","R","D","B ","F ","X","T","C","050","0","0","0","","","1755173","5914291",
"Auckland","DOMINION ROAD",""," ","I","QUEENS AVENUE","201433606","17/03/2014","Mon","1345","FE","CN1CC","112A 331A 358A ","","R","D","B ","F ","T","T","C","050","0","0","0","","","1755633","5915937",
"Auckland","DOMINION ROAD","20","N"," ","RICHARDSON ROAD","201431254","21/02/2014","Fri","0140","CB","CS1","414A ","FJP","R","D","DO","F ","R","G","C","050","0","0","0","","","1754669","5912561",
"Auckland","DOMINION ROAD","140","N"," ","RICHARDSON ROAD","201438344","20/05/2014","Tue","0250","DA","CS1","358A ","P","E","D","DO","F "," "," ","C","050","0","0","0","","","1754720","5912670",
"Auckland","DOMINION ROAD",""," ","I","RICHARDSON ROAD","201438347","28/05/2014","Wed","1940","KA","CN1C","302B ","","E","D","DN","F ","R","G","C","050","0","0","0","","","1754662","5912527",
"Auckland","DOMINION ROAD",""," ","I","ROCKLANDS AVENUE","201436698","02/05/2014","Fri","1450","EA","CN1C","129A 386A ","M","R","D","B ","F ","T","N","C","050","0","0","0","","","1755675","5916087",
"Auckland","DOMINION ROAD",""," ","I","ROCKLANDS AVENUE","201437171","26/05/2014","Mon","1800","LB","MS1C","303B 314B 353B ","","R","D","DO","F ","T","G","C","050","0","0","0","","","1755675","5916087",
"Auckland","DOMINION ROAD","20","N"," ","ST ALBANS AVENUE","201411530","06/03/2014","Thu","0120","EA","CS1C","103A 129A ","Q","R","D","DO","F "," ","N","C","050","0","0","2","","","1755850","5916713",
"Auckland","DOMINION ROAD","20","N"," ","TAWARI ST","201431271","22/02/2014","Sat","1500","EA","CN1C","129A ","M","R","D","BF","F "," ","N","C","050","0","0","0","","","1756204","5917970",
"Auckland","DOMINION ROAD","100","N"," ","TELFORD AVENUE","201437880","10/06/2014","Tue","0900","AO","CN1C","350A 386A ","","R","D","B ","F "," ","N","C","050","0","0","0","","","1755603","5915826",
"Auckland","DOMINION ROAD",""," ","I","VIEW ROAD","201437292","04/06/2014","Wed","1715","FE","4S1X","181A ","","R","D","BF","F ","T","T","L","050","0","0","0","","","1756179","5917881",
"Auckland","DOMINION ROAD","70","N"," ","WALTERS ROAD","201437714","03/06/2014","Tue","1600","MO","CN1C","371A ","M","R","D","B ","F "," "," ","C","050","0","0","0","","","1756077","5917520",
"Auckland","DOMINION ROAD","15","S"," ","WIREMU ST","201433705","03/04/2014","Thu","2310","MG","CN1C","371B ","","R","W","DO","L "," "," ","P","050","0","0","0","","","1755685","5916123",
"Auckland","DOMINION ROAD",""," ","I","YOUTH ST","201430480","25/01/2014","Sat","0940","FA","CN1C","181A ","","R","D","O ","F ","T","N","C","050","0","0","0","","","1754874","5913225",
"Auckland","DON BUCK ROAD","100","N"," ","ALDERN ROAD","201411162","04/04/2014","Fri","1534","FC","CS1C","331A 352A ","","R","D","B ","F "," ","P","X","050","0","0","1","","","1743537","5920460",
"Auckland","DON BUCK ROAD",""," ","I","GALLONY AVENUE","201431719","03/01/2014","Fri","1300","LB","CE1C","303B ","","R","D","B ","F ","T","S","C","050","0","0","0","","","1742941","5921394",
"Auckland","DON BUCK ROAD","200","N"," ","GLEN ROAD","201411024","04/02/2014","Tue","0730","FA","TN1C","111A 331A ","","M","D","O ","F "," "," ","C","050","0","0","1","","","1743523","5919774",
"Auckland","DON BUCK ROAD",""," ","I","GLEN ROAD","201436335","22/03/2014","Sat","0340","DA","CN1","111A 131A ","FP","E","D","DO","F ","T","G","C","050","0","0","0","","","1743489","5919588",
"Auckland","DON BUCK ROAD","100","N"," ","RED HILLS ROAD","201437383","16/04/2014","Wed","1707","MC","CN1C","372B ","","R","W","DO","L "," ","N","C","050","0","0","0","","","1742863","5922142",
"Auckland","DON BUCK ROAD",""," ","I","RED HILLS ROAD","201431890","22/02/2014","Sat","1125","AO","TS1C","381A ","","R","W","OF","L ","R","G","C","050","0","0","0","","","1742810","5922057",
"Auckland","DON BUCK ROAD",""," ","I","ROYAL ROAD","201431566","24/01/2014","Fri","1640","AA","CS1T","372A ","","E","D","B ","F ","R","G","C","050","0","0","0","","","1743192","5922656",
"Auckland","DON BUCK ROAD","30","N"," ","RUSH CREEK DRIVE","201438341","05/06/2014","Thu","1720","FD","VS1C","181A 331A ","","R","D","TO","F "," "," ","P","050","0","0","0","","","1743378","5923276",
"Auckland","DON BUCK ROAD",""," ","I","SWANSON ROAD","201437084","02/06/2014","Mon","1400","AC","CE1CC","111A 131A 514A 517A ","Q","S","D","O ","L ","R","G","P","050","0","0","0","","","1743681","5919384",
"Auckland","DON BUCK ROAD","150","N"," ","TRIANGLE ROAD","201434184","09/04/2014","Wed","0835","FA","CN1C","331A 350A ","","R","D","B ","F "," "," ","C","050","0","0","0","","","1743065","5922457",
"Auckland","DON BUCK ROAD","180","N"," ","TRIANGLE ROAD","201434717","12/04/2014","Sat","0220","MC","CN1C","372B ","","R","W","DO","F "," ","N","P","050","0","0","0","","","1743081","5922482",
"Auckland","DON MCKINNON DRIVE",""," ","I","CIVIC CRESCENT","201432678","13/03/2014","Thu","1801","HA","4W1C","302A 375A ","","M","D","B ","F ","R","G","C","050","0","0","0","","","1752352","5934226",
"Auckland","DON MCKINNON DRIVE","15","S"," ","COLISEUM DRIVE","201436274","15/05/2014","Thu","1218","AO","4S1C","184A 184B ","","R","D","O ","F ","R","G","C","050","0","0","0","","","1752255","5933790",
"Auckland","DON MCKINNON DRIVE","150","S"," ","COLISEUM DRIVE","201433990","12/04/2014","Sat","1125","MO","CS1C","371A 926 ","","R","D","B ","F ","D","N","N","050","0","0","0","","","1752258","5933792",
"Auckland","DON MCKINNON DRIVE",""," ","I","MCCLYMONTS ROAD","201433993","11/04/2014","Fri","2006","FB","CS1C","101A 387A ","","R","D","DO","F ","R","G","C","050","0","0","0","","","1752869","5934239",
"Auckland","DON MCKINNON DRIVE",""," ","I","MERCARI WAY","201434738","19/04/2014","Sat","1056","HA","CN2B","302A 375A ","","E","D","BF","F ","R","G","C","050","0","0","0","","","1752571","5933587",
"Auckland","DON MCKINNON DRIVE",""," ","I","MERCARI WAY","201431660","15/01/2014","Wed","1130","MG","CN1C","371B ","","R","D","B ","F ","R","G","R","050","0","0","0","","","1752571","5933587",
"Auckland","DON MCKINNON DRIVE",""," ","I","MUNROE LANE","201436542","20/05/2014","Tue","1618","GC","CW1C","171B 372B 402B ","","R","D","O ","F ","R","G","C","050","0","0","0","","","1752572","5934362",
"Auckland","DONALD BRUCE ROAD","500","S"," ","CAUSEWAY ROAD","201437902","14/05/2014","Wed","1515","MA","VS1C","373B 402B ","","R","D","OF","F "," ","P","C","050","0","0","0","","","1780987","5925404",
"Auckland","DONOVAN ST","50","E"," ","BLOCKHOUSE BAY ROAD","201433321","10/03/2014","Mon","1700","FC","CW1C","181A ","","R"," "," F","  "," ","N","X","050","0","0","0","","","1751611","5912363",
"Auckland","DONOVAN ST","5","E"," ","FRANCIS CURTIS AVENUE","201412358","07/04/2014","Mon","1543","FD","CW1VC","181A 331A 351A ","","R","D","B ","F ","T","G","P","050","0","0","2","","","1752243","5912424",
"Auckland","DONOVAN ST","20","E"," ","MCFADZEAN DRIVE","201436211","16/04/2014","Wed","0014","FA","CW1C","357A 512A ","","E","D","DO","F ","T","N","C","050","0","0","0","","","1752394","5912400",
"Auckland","DONOVAN ST",""," ","I","MCFADZEAN DRIVE","201410696","27/02/2014","Thu","0735","KA","ME1C","302B ","","R","D","B ","F ","T","G","C","050","0","0","1","","","1752374","5912403",
"Auckland","DONOVAN ST",""," ","I","RATHLIN ST","201413115","16/04/2014","Wed","0753","LB","PE1C","303B 314B 370B ","","R","D","B ","F ","T","G","C","050","0","0","1","","","1751946","5912426",
"Auckland","DOONE PLACE","70","W"," ","TRIANGLE ROAD","201430484","20/01/2014","Mon","0837","MO","CE1C","371A ","M","R","D","B ","F "," ","N","N","050","0","0","0","","","1744622","5921316",
"Auckland","DORA ST","20","E"," ","RAILSIDE AVENUE","201430135","03/02/2014","Mon","2031","FA","VW1C","387A 410A 512A ","","R","D","TO","F "," ","N","P","050","0","0","0","","","1745399","5916800",
"Auckland","DORA ST",""," ","I","RAILSIDE AVENUE","201434012","12/04/2014","Sat","0950","JC","CW1C","302A 375A ","","R","D","B ","F ","T","G","C","050","0","0","0","","","1745379","5916799",
"Auckland","DRUCES ROAD","40","S"," ","EARL RICHARDSON AVENUE","201436870","18/04/2014","Fri","1232","EA","CN1C","130A 354A ","M","R","D","B ","F "," "," ","N","050","0","0","0","","","1767201","5903233",
"Auckland","DRUCES ROAD","10","N"," ","KERRS ROAD","201435826","14/05/2014","Wed","1640","FD","CS1C","181A ","","R","W","DO","L ","X","G","C","060","0","0","0","","","1767314","5902964",
"Auckland","DRUCES ROAD",""," ","I","KERRS ROAD","201433672","17/04/2014","Thu","0945","FB","4S1C","181A 331A ","","R","W"," N","H ","X","G","C","050","0","0","0","","","1767318","5902955",
"Auckland","DRUCES ROAD","25","N"," ","TREVOR HOSKEN DRIVE","201432712","24/02/2014","Mon","1812","BE","CS1C","112A 130A 205A 350A 197B ","","R","D","O ","F "," "," ","R","050","0","0","0","","","1767077","5903538",
"Auckland","DRUCES ROAD","400","S"," ","WIRI STATION ROAD","201436862","30/05/2014","Fri","1830","MO","TN1C","129A 386A 927 ","M","R","D","DO","F ","D"," ","N","050","0","0","0","","","1767148","5903363",
"Auckland","DRURY HILLS ROAD","200","N"," ","MACWHINNEY DRIVE","201436281","05/05/2014","Mon","0755","CC","CS1","195A ","CF","R","W","O ","F "," "," ","C","080","0","0","0","","","1775783","5890371",
"Auckland","DRURY OFF SBD","20","N"," ","SH 22","201430947","03/02/2014","Mon","0743","FE","CS1C","181A ","T","R","D","BF","F "," ","T","C","100","0","0","0","","","1773023","5891488",
"Auckland","DUKE ST",""," ","I","PARAU ST","201433219","27/02/2014","Thu","0930","HA","CW1C","302A 375A ","","R","D","OF","F ","R","G","C","050","0","0","0","","","1755874","5914699",
"Auckland","DUNDONALD ST","80","N"," ","BASQUE ROAD","201432829","26/02/2014","Wed","0800","EA","CN1C","129A ","M","R","D","B ","F "," "," ","N","050","0","0","0","","","1756867","5918719",
"Auckland","DUNKERRON AVENUE",""," ","I","CORNWALL PARK AVENUE","201435215","17/02/2014","Mon","0802","GC","CN2S","372B ","","E","D","O ","F ","T","G","C","050","0","0","0","","","1759102","5916344",
"Auckland","DUNLOP LANE","100","E"," ","JELLICOE ROAD","201438028","29/05/2014","Thu","1300","EA","CE1C","129A ","M","R","D","B ","F "," "," ","N","050","0","0","0","","","1765070","5914745",
"Auckland","EARLE ST",""," ","I","BATH ST","201431711","07/01/2014","Tue","0819","KB","CW1C","193B 338B ","","E","D","B ","F ","X","G","N","050","0","0","0","","","1758603","5920118",
"Auckland","EAST COAST ROAD","20","N"," ","BROWNS BAY ROAD","201435283","13/04/2014","Sun","1515","LB","CS1C","158A 929 ","","R","D","B ","F ","D","N","P","050","0","0","0","","","1754806","5933548",
"Auckland","EAST COAST ROAD","60","S"," ","BROWNS BAY ROAD","201436276","16/05/2014","Fri","1803","AA","CN1C","372A ","","R","D","DO","F "," "," ","C","050","0","0","0","","","1754822","5933472",
"Auckland","EAST COAST ROAD","100","S"," ","BROWNS BAY ROAD","201413233","15/05/2014","Thu","1621","NA","BN1E","711B 732B ","","E","D","O ","F "," ","N","P","050","0","1","0","17","","1754816","5933433",
"Auckland","EAST COAST ROAD","50","N"," ","CARLISLE ROAD","201412188","18/05/2014","Sun","1202","MC","MS1C","372B ","","R","D","O ","F "," "," ","C","050","0","0","1","","","1754296","5936033",
"Auckland","EAST COAST ROAD",""," ","I","CARLISLE ROAD","201435232","02/03/2014","Sun","0812","AO","CS1C","150A 357A ","","R","D","B ","F ","X","T","C","050","0","0","0","","","1754323","5935992",
"Auckland","EAST COAST ROAD",""," ","I","CASTOR BAY ROAD","201438322","09/06/2014","Mon","1521","LB","CS1C","303B 375B 901 ","","E","W","O ","H ","Y","G","C","050","0","0","0","","","1756802","5930168",
"Auckland","EAST COAST ROAD","20","N"," ","CONSTELLATION DRIVE","201431596","23/01/2014","Thu","1535","AA","CN1C","313A 372A 691B ","","E","D","B ","F "," "," ","C","050","0","0","0","","","1755278","5932041",
"Auckland","EAST COAST ROAD",""," ","I","CONSTELLATION DRIVE","201436277","14/05/2014","Wed","1535","LB","CN1C","303B 323B ","","S","W","O ","H ","T","T","R","050","0","0","0","","","1755277","5932022",
"Auckland","EAST COAST ROAD",""," ","I","CONSTELLATION DRIVE","201412798","08/05/2014","Thu","0553","LB","CN1C","303B 323B ","","R","W","DO","F ","T","T","C","050","0","0","1","","","1755277","5932022",
"Auckland","EAST COAST ROAD",""," ","I","CONSTELLATION DRIVE","201436103","08/05/2014","Thu","0945","FE","CS1C","181A ","","R","D","B ","F ","T","T","C","050","0","0","0","","","1755277","5932022",
"Auckland","EAST COAST ROAD",""," ","I","DEWSBURY TERRACE","201412184","13/05/2014","Tue","0703","JA","SS1C","302B 645B ","","R","D","O ","F ","T","G","C","050","0","0","1","","31","1756759","5929961",
"Auckland","EAST COAST ROAD",""," ","I","FORREST HILL ROAD","201433851","09/02/2014","Sun","1250","DA","MW1","131A ","","M","D","B ","F ","R","G","C","050","0","0","0","","","1756313","5930720",
"Auckland","EAST COAST ROAD",""," ","I","FORREST HILL ROAD","201432127","15/03/2014","Sat","1140","DA","4N1","135A 810 ","K","M","W","O ","F ","R","G","R","050","0","0","0","","","1756313","5930720",
"Auckland","EAST COAST ROAD","50","S"," ","HAIGH ACCESS ROAD","201410520","08/01/2014","Wed","1751","DA","MN1","135A 800 ","","E","W","ON","F "," ","N","C","050","0","0","1","","","1751685","5939089",
"Auckland","EAST COAST ROAD","50","N"," ","HASTINGS ROAD","201410924","05/03/2014","Wed","0710","FD","CS14","181A ","","R","D","OF","F "," ","N","C","050","0","0","1","","","1755553","5932617",
"Auckland","EAST COAST ROAD","20","S"," ","HASTINGS ROAD","201436275","17/05/2014","Sat","1755","FD","CN1CC4","181A 181B 181C ","","E","D","DO","F "," "," ","C","050","0","0","0","","","1755553","5932547",
"Auckland","EAST COAST ROAD","40","S"," ","KENMURE AVENUE","201411516","03/03/2014","Mon","1440","EA","CN1C","129A ","M","R","D","OF","F "," ","N","C","050","0","0","1","","","1756758","5930317",
"Auckland","EAST COAST ROAD","350","N"," ","MARSH AVENUE","201434282","20/03/2014","Thu","1613","EE","CN1V","374B ","M","R","D","B ","F "," "," ","C","050","0","0","0","","","1756751","5929925",