"TLA NAME","CRASH ROAD","CRASH DIST","CRASH DIRN","INTSN","SIDE ROAD","CRASH ID","CRASH DATE","CRASH DOW","CRASH TIME","MVMT","VEHICLES","CAUSES","OBJECTS STRUCK","ROAD CURVE","ROAD WET","LIGHT","WTHRa","JUNC TYPE","TRAF CTRL","ROAD MARK","SPD LIM","CRASH FATAL CNT","CRASH SEV CNT","CRASH MIN CNT","PERS AGE1","PERS AGE2","EASTING","NORTHING"
"Auckland","EAST COAST ROAD",""," ","I","MAXWELTON DRIVE","201411501","11/03/2014","Tue","0645","LB","SS1C","303B 377B ","","R","D","BF","F ","T","G","C","080","0","0","1","","46","1755375","5932228",
"Auckland","EAST COAST ROAD",""," ","I","MAXWELTON DRIVE","201433359","26/03/2014","Wed","1615","JA","CS1C","302B 314B 377B ","","R","D","OF","F ","T","G","C","050","0","0","0","","","1755375","5932228",
"Auckland","EAST COAST ROAD",""," ","I","MAXWELTON DRIVE","201437211","09/05/2014","Fri","0835","ND","CW2E","306A ","","R","W","OF","L ","T","G","C","050","0","0","0","","","1755375","5932228",
"Auckland","EAST COAST ROAD","100","S"," ","MULGAN WAY","201435307","05/05/2014","Mon","0821","JA","CS1C","308B 377B 929 ","","R","W","O ","F ","D","N","P","050","0","0","0","","","1753944","5934662",
"Auckland","EAST COAST ROAD","10","N"," ","OKURA RIVER ROAD","201410373","14/01/2014","Tue","1700","GB","CN1C","372B 929 ","","E","D","BF","F ","D","N","C","080","0","0","1","","","1753413","5937255",
"Auckland","EAST COAST ROAD",""," ","I","SEAVIEW ROAD","201434477","03/04/2014","Thu","1715","JA","CE1C","302B 387B 801 ","","R","W","B ","L ","T","G","C","050","0","0","0","","","1757143","5929288",
"Auckland","EAST COAST ROAD","40","S"," ","SELWYN CRESCENT","201412429","06/04/2014","Sun","0840","ME","SS1C","303B 375B ","","R","D","O ","F "," "," ","C","050","0","0","1","","69","1756736","5929850",
"Auckland","EAST COAST ROAD","200","N"," ","SPENCER ROAD E","201432680","28/03/2014","Fri","0813","JA","CN1C","308B 375B 929 ","","E","D","B ","F ","D","N","P","050","0","0","0","","","1753892","5934503",
"Auckland","EAST COAST ROAD",""," ","I","SUNRISE AVENUE S","201435233","06/04/2014","Sun","1335","FE","CN1C","181A 387A ","","R","D","B ","F ","T","T","C","050","0","0","0","","","1755091","5932929",
"Auckland","EAST COAST ROAD",""," ","I","SUNSET ROAD","201436540","19/05/2014","Mon","1650","LB","CN1C","302A 370A ","","R","D","TF","F ","R","G","P","050","0","0","0","","","1755345","5931857",
"Auckland","EAST COAST ROAD",""," ","I","SUNSET ROAD","201438323","07/06/2014","Sat","1923","DB","CN2","111A 131A 402A 514A 517A ","FPT","E","D","DO","F ","T","G","C","050","0","0","0","","","","",
"Auckland","EAST COAST ROAD","100","S"," ","WORSNOP WAY","201411778","07/04/2014","Mon","0727","CB","CN1","410A ","CV","R","D","B ","F "," "," ","L","080","0","0","1","","","1749553","5941355",
"Auckland","EAST COAST ROAD","600","S"," ","WORSNOP WAY","201412279","27/04/2014","Sun","0719","DB","CN1","103A 111A ","CF","E","D","B ","F "," ","N","C","100","0","0","1","","","1749911","5941015",
"Auckland","EAST COAST ROAD","850","S"," ","WORSNOP WAY","201436801","15/05/2014","Thu","0225","KB","CN1T","602A 308B 377B 862 901 929 ","","R","W","ON","H ","D"," ","C","080","0","0","0","","","1750038","5940799",
"Auckland","EAST COAST ROAD","1700","S"," ","WORSNOP WAY","201412213","29/04/2014","Tue","2037","CB","CN1","130A 402A 500A ","G","R","W","DN","F "," "," ","C","100","0","1","0","","","1750556","5940133",
"Auckland","EAST ST","5","S"," ","KARANGAHAPE ROAD","201432985","06/03/2014","Thu","2155","ME","CN1C","103B 371B ","","R","D","DO","F ","T","G","R","050","0","0","0","","","1756696","5919465",
"Auckland","EAST ST",""," ","I","WELLINGTON ST","201435622","01/05/2014","Thu","1651","HA","CW2C","302B 370B ","","R","D","B ","F ","X","G","C","050","0","0","0","","","1772688","5895993",
"Auckland","EAST TAMAKI ROAD",""," ","I","ACCENT DRIVE","201433886","12/04/2014","Sat","1425","HA","CN2C","102B 322B ","","R","D","O ","F ","X","T","R","050","0","0","0","","","1769238","5908850",
"Auckland","EAST TAMAKI ROAD",""," ","I","BAIRDS ROAD","201435292","17/04/2014","Thu","1635","FE","CW1C","331A ","","R","D","O ","F ","X","T","C","050","0","0","0","","","1766904","5907645",
"Auckland","EAST TAMAKI ROAD",""," ","I","BAIRDS ROAD","201435644","15/04/2014","Tue","0830","MO","CN2C","350A 370A 386A 440B 691B ","","E","D","O ","F ","X","G","X","050","0","0","0","","","1766904","5907645",
"Auckland","EAST TAMAKI ROAD","90","N"," ","BIRMINGHAM ROAD","201437915","01/06/2014","Sun","0420","CC","CN1","101A 112A ","G","R","D","DO","F "," ","N","P","060","0","0","0","","","1768300","5908378",
"Auckland","EAST TAMAKI ROAD",""," ","I","FERGUSON ROAD","201432054","07/02/2014","Fri","1815","FE","CW1C","181A 331A 387A 801 ","","R","W","TO","L ","X","T","R","050","0","0","0","","","1767428","5907637",
"Auckland","EAST TAMAKI ROAD",""," ","I","FULTON CRESCENT","201432197","30/01/2014","Thu","1404","CB","CW1","129A 354A ","P","R","D","B ","F ","T","T","R","050","0","0","0","","","1766712","5907635",
"Auckland","EAST TAMAKI ROAD","15","E"," ","GREAT SOUTH ROAD","201437275","02/06/2014","Mon","1445","FF","CE1C","181A 191B ","","R","D","BF","F "," ","N","C","050","0","0","0","","","1765566","5906996",
"Auckland","EAST TAMAKI ROAD",""," ","I","HILLS ROAD","201430945","19/02/2014","Wed","1745","FE","CE1C","181A ","","R","D","BF","F ","T","T","R","060","0","0","0","","","1767694","5907722",
"Auckland","EAST TAMAKI ROAD",""," ","I","HUIA ROAD","201430930","28/02/2014","Fri","2035","GB","CW1C","313A 387A ","","R","D","DO","F ","X","T","C","050","0","0","0","","","1766069","5907295",
"Auckland","EAST TAMAKI ROAD","15","S"," ","JOHNSTONES ROAD","201432844","06/03/2014","Thu","1150","AO","TN1C","129A ","","R","D","B ","F "," "," ","C","050","0","0","0","","","1768337","5908517",
"Auckland","EAST TAMAKI ROAD",""," ","I","KELLIHER LANE","201410237","17/01/2014","Fri","0855","LB","CW1T","179B 303B ","","R","D","O ","F ","T","N","C","050","0","0","1","","","1765605","5907019",
"Auckland","EAST TAMAKI ROAD",""," ","I","KELLIHER LANE","201410650","18/02/2014","Tue","1630","GD","CW1C","181A 331A ","","R","D","B ","F ","T","N","C","050","0","0","1","","","1765605","5907019",
"Auckland","EAST TAMAKI ROAD",""," ","I","KELLIHER LANE","201431002","05/02/2014","Wed","2014","LB","CW14","303B ","","R","D","B ","F ","T","N","C","050","0","0","0","","","1765605","5907019",
"Auckland","EAST TAMAKI ROAD","100","E"," ","KONINI AVENUE","201431552","23/01/2014","Thu","1800","AA","CW1C","129A ","","R","D","B ","F "," "," ","C","050","0","0","0","","","1765811","5907142",
"Auckland","EAST TAMAKI ROAD","100","W"," ","OTARA ON NBD","201435262","20/04/2014","Sun","1600","FD","CE14","181A ","","R","W","O ","F "," "," ","R","050","0","0","0","","","1766146","5907379",
"Auckland","EAST TAMAKI ROAD","15","W"," ","OTARA ROAD","201430224","18/01/2014","Sat","0100","AO","TE1C","386A ","","E","D","DO","F "," "," ","C","050","0","0","0","","","1766428","5907627",
"Auckland","EAST TAMAKI ROAD","30","W"," ","OTARA ROAD","201436654","07/05/2014","Wed","1415","MO","CE1C","371A 922 ","","R","D","B ","F ","D","N","N","050","0","0","0","","","1766414","5907622",
"Auckland","EAST TAMAKI ROAD","50","W"," ","OTARA ROAD","201438027","28/05/2014","Wed","1900","MG","CW1C","371B ","","R","D","TO","F "," "," ","R","050","0","0","0","","","1766399","5907599",
"Auckland","EAST TAMAKI ROAD",""," ","I","OTARA ROAD","201431614","18/01/2014","Sat","1400","LB","TW1C","303B ","","R","D","B ","F ","T","T","R","060","0","0","0","","","1766444","5907620",
"Auckland","EAST TAMAKI ROAD",""," ","I","OTARA ROAD","201412072","09/04/2014","Wed","0819","LB","MW1C","308B 375B 922 ","","R","D","O ","F ","D","N","R","060","0","1","0","","","1766444","5907620",
"Auckland","EAST TAMAKI ROAD","25","S"," ","PRESTON ROAD","201434212","26/02/2014","Wed","1615","FD","VN1C","331A 352A ","","R","D","B ","F "," "," ","R","060","0","0","0","","","1768133","5907845",
"Auckland","EAST TAMAKI ROAD","15","W"," ","PRESTON ROAD","201430002","01/01/2014","Wed","0030","FF","CW1C","330A 350A ","","E","D","DO","F ","T","T","C","050","0","0","0","","","1768145","5907841",
"Auckland","EAST TAMAKI ROAD","20","W"," ","PRESTON ROAD","201410642","26/02/2014","Wed","1325","NA","CE1E","711B ","","R","D","B ","F ","T","N","R","060","0","0","1","10","","1768138","5907846",
"Auckland","EAST TAMAKI ROAD","100","W"," ","PRESTON ROAD","201434712","23/04/2014","Wed","1723","FD","CW1CC","181A ","","R","D","DO","F "," ","N","C","060","0","0","0","","","1768066","5907811",
"Auckland","EAST TAMAKI ROAD",""," ","I","PRESTON ROAD","201433673","07/04/2014","Mon","0650","GF","CN1C","176A 381A ","","R","D","TO","F ","T","T","P","060","0","0","0","","","1768156","5907851",
"Auckland","EAST TAMAKI ROAD",""," ","I","SPRINGS ROAD","201410090","17/02/2014","Mon","1900","FE","CW1V","103A 331A ","","M","D","TF","F ","T","T","C","060","0","0","1","","","1768350","5908566",
"Auckland","EAST TAMAKI ROAD",""," ","I","WINTERE ROAD","201431549","23/01/2014","Thu","1100","KB","CE1C","301B ","","R","D","O ","F ","T","S","P","050","0","0","0","","","1765912","5907202",
"Auckland","EBAN AVENUE","50","E"," ","MOORE ST","201411018","21/02/2014","Fri","1625","PC","CE1E","378A 727B 929 ","","R","D","O ","F ","D"," ","C","050","0","0","1","8","","1754994","5926292",
"Auckland","EBAN AVENUE",""," ","I","UPPINGHAM CRESCENT","201411097","02/03/2014","Sun","2229","BC","CS2C","103A 122A ","","S","D","DO","F ","T","N","C","050","0","0","2","","","1755085","5926299",
"Auckland","ECCLES PLACE","100","W"," ","GILBERT ROAD","201433258","22/03/2014","Sat","1020","MO","4E1V","371A 385A 929 ","M","R","D","BF","F ","D","N","C","050","0","0","0","","","1766361","5908764",
"Auckland","EDEN CRESCENT","50","N"," ","PARLIAMENT ST","201435801","25/04/2014","Fri","2338","EA","CS1X","101A 112A 331A ","M","R","D","DO","F "," ","N","C","050","0","0","0","","","1758037","5920446",
"Auckland","EDGERLEY AVENUE","120","W"," ","BROADWAY","201435382","02/05/2014","Fri","1435","MO","CE1C","371A 371B 929 ","","M","D","O ","F ","D","N","N","050","0","0","0","","","1758271","5917656",
"Auckland","EDISON PLACE","60","S"," ","WHYTEHEAD CRESCENT","201411631","26/02/2014","Wed","0808","NB","CN1","705B 929 ","","R","D","BF","F ","D","N","N","050","0","1","0","10","","1764336","5918263",
"Auckland","EDMONTON ROAD",""," ","I","ALDERMAN DRIVE","201432827","12/03/2014","Wed","1515","FB","CN1C","181A ","","E","D","O ","F ","R","G","N","050","0","0","0","","","1745728","5917383",
"Auckland","EDMONTON ROAD","120","E"," ","BOSNYAK DRIVE","201413173","28/05/2014","Wed","1628","FD","CE1CC","331A ","","R","D","B ","F "," "," ","P","050","0","0","1","","","1746622","5918789",
"Auckland","EDMONTON ROAD","5","N"," ","CENTRAL PARK DRIVE","201432766","18/03/2014","Tue","1530","AC","TN1X","184A ","","E","D","O ","F ","T","T","C","050","0","0","0","","","1746078","5918142",
"Auckland","EDMONTON ROAD",""," ","I","GREAT NORTH ROAD","201435901","01/05/2014","Thu","1100","FB","CS1C","181A ","","E","D","BF","F ","X","S","C","050","0","0","0","","","1745733","5917225",
"Auckland","EDMONTON ROAD","10","W"," ","TE ATATU ROAD","201430485","05/02/2014","Wed","1810","FD","CW1C","181A ","","R","D","O ","F ","R","G","C","050","0","0","0","","","1746798","5918824",
"Auckland","EDSEL ST","50","S"," ","GREAT NORTH ROAD","201433690","16/04/2014","Wed","1345","JA","CN1C","308B 375B 925 ","","R","D","BF","F ","D"," ","P","050","0","0","0","","","1745724","5917176",
"Auckland","EDSEL ST","30","W"," ","VITASOVICH AVENUE","201436051","31/05/2014","Sat","1200","AC","CE1C","372A ","","R","D","BF","F ","R","G","C","050","0","0","0","","","","",
"Auckland","EDWARDS AVENUE","80","W"," ","FAIRDENE AVENUE","201431346","31/01/2014","Fri","1638","CB","CW1","137A 402A ","P","R","D","BF","F "," ","N","N","050","0","0","0","","","1744803","5918600",
"Auckland","EDWARDS AVENUE",""," ","I","RATHGAR ROAD","201432366","07/03/2014","Fri","1515","ND","CN2E","376A ","","R","D","B ","F ","T","S","C","050","0","0","0","","","1744494","5918643",
"Auckland","ELIZABETH ST",""," ","I","FALLS ST","201412326","28/02/2014","Fri","1620","LB","ME1C","303B 375B ","","R","D","O ","F ","T","N","C","050","0","1","0","","","1749012","5970676",
"Auckland","ELLERSLIE PARK ROAD","60","W"," ","EAGLEHURST ROAD","201435254","25/03/2014","Tue","1414","BE","CW1C","131A 504A ","","E","D","B ","F "," "," ","C","050","0","0","0","","","1762076","5914816",
"Auckland","ELLERSLIE-PANMURE HIGHWAY","70","W"," ","BALLARAT ST","201413232","01/05/2014","Thu","0430","BE","CE1T","125A 410A ","","R","D","DO","F "," ","N","P","050","0","0","1","","","1762306","5914832",
"Auckland","ELLERSLIE-PANMURE HIGHWAY","25","W"," ","CLARE PLACE","201433998","05/04/2014","Sat","1210","FD","CE1CC","181A ","","R","D","B ","F "," ","N","C","050","0","0","0","","","1763776","5915069",
"Auckland","ELLERSLIE-PANMURE HIGHWAY",""," ","I","DINGLEBANK ROAD","201410587","19/01/2014","Sun","1420","AC","CW1MC","372A ","","R","D","OF","F ","T","S","C","050","0","0","1","","","1762850","5914981",
"Auckland","ELLERSLIE-PANMURE HIGHWAY","40","E"," ","EAGLEHURST ROAD","201436453","10/04/2014","Thu","0855","FD","CW1C","181A 358A ","","R","D","OF","F "," ","N","C","050","0","0","0","","","1762157","5914772",
"Auckland","ELLERSLIE-PANMURE HIGHWAY","90","W"," ","ELLERSLIE PARK ROAD","201432123","18/02/2014","Tue","1615","DA","CE1","131A ","C","E","D","B ","F "," ","N","C","050","0","0","0","","","1761990","5914771",
"Auckland","ELLERSLIE-PANMURE HIGHWAY","250","E"," ","FORGE WAY","201436433","03/05/2014","Sat","1445","AA","CW1C","372A ","","R","D","BN","F "," ","N","C","050","0","0","0","","","1764889","5914753",
"Auckland","ELLERSLIE-PANMURE HIGHWAY",""," ","I","FORGE WAY","201430050","19/01/2014","Sun","0100","CC","CE1","110A 400A 691A 817 ","K","R","D","DO","F ","T","T","R","050","0","0","0","","","1764651","5914829",
"Auckland","ELLERSLIE-PANMURE HIGHWAY",""," ","I","FORGE WAY","201437240","03/04/2014","Thu","2215","LB","CE1B","322A 410A ","","R","W","DO","H ","T","T","R","050","0","0","0","","","1764651","5914829",
"Auckland","ELLERSLIE-PANMURE HIGHWAY",""," ","I","HARRIS ROAD","201435261","22/04/2014","Tue","1100","LB","CE1C","303B ","","E","D","O ","F ","T","G","C","050","0","0","0","","","1763273","5915010",
"Auckland","ELLERSLIE-PANMURE HIGHWAY",""," ","I","HARRIS ROAD","201431807","24/02/2014","Mon","1120","KA","VE1C","302B 375B ","","R","D","BF","F ","T","G","R","050","0","0","0","","","1763273","5915010",
"Auckland","ELLERSLIE-PANMURE HIGHWAY","30","W"," ","IRELAND ROAD","201433797","17/03/2014","Mon","1035","CC","CW1","197A ","R","R","D","B ","F "," "," ","R","050","0","0","0","","","1764891","5914753",
"Auckland","ELLERSLIE-PANMURE HIGHWAY",""," ","I","LUNN AVENUE","201430065","08/01/2014","Wed","0740","LB","CE1C","303B 353B ","","R","D","BF","F ","X","T","C","050","0","0","0","","","1764068","5915017",
"Auckland","ELLERSLIE-PANMURE HIGHWAY",""," ","I","MAIN HIGHWAY","201431257","30/01/2014","Thu","1845","JA","CE1C","322A ","","R","D","BF","F ","X","T","R","050","0","0","0","","","1761787","5914696",
"Auckland","ELLERSLIE-PANMURE HIGHWAY","100","E"," ","MOUNT WELLINGTON HIGHWAY","201433589","12/04/2014","Sat","1504","LB","CW1C","303B 314B 377B 924 ","","R","D","BN","F ","D","N","R","050","0","0","0","","","1764524","5914869",
"Auckland","ELLERSLIE-PANMURE HIGHWAY",""," ","I","STANHOPE ROAD","201435050","28/04/2014","Mon","1850","KB","CW1C","301B 375B ","","E","W","DO","F ","X","S","C","050","0","0","0","","","1763017","5915001",
"Auckland","ELLERSLIE-PANMURE HIGHWAY",""," ","I","WILKINSON ROAD","201434700","26/04/2014","Sat","1515","KA","CW1C","302B 375B ","","E","D","BF","F ","T","G","R","080","0","0","0","","","1761737","5914674",
"Auckland","ELLICE ROAD",""," ","I","TARGET ROAD","201435452","19/04/2014","Sat","0701","DA","CS1","110A 131A ","T","E","W","DN","F ","T","G","R","050","0","0","0","","","1754774","5929671",
"Auckland","ELLIOT ST","100","N"," ","BEACH ROAD","201434278","19/03/2014","Wed","1953","EA","CS1C","129A 197A 351A ","M","E","D","DO","F "," "," ","C","050","0","0","0","","","1771768","5895305",
"Auckland","ELLIOT ST",""," ","I","BEACH ROAD","201434106","13/04/2014","Sun","0930","FD","XS1V","181A 331A ","","R","D","BF","F ","X","T","C","050","0","0","0","","","1771759","5895206",
"Auckland","ELLIOT ST",""," ","I","CHURCH ST","201410909","02/03/2014","Sun","1550","BF","CE2C","136A 621A ","I","R","D","BF","F ","R","G","R","050","0","0","1","","","1759016","5912189",
"Auckland","ELLIOT ST","40","S"," ","MOSSFORD GREEN","201410905","02/03/2014","Sun","1830","EA","4S1C","103A 341A ","M","R","D","BF","F "," ","N","C","050","0","0","1","","","1771792","5895940",
"Auckland","ELLIOT ST",""," ","I","RAY SMALL DRIVE S","201430982","04/03/2014","Tue","0820","GD","CN1C","181A 333A ","","R","W","OF","F ","T","G","C","050","0","0","0","","","1771735","5895430",
"Auckland","ELLIOT ST",""," ","I","WOOD ST","201431276","28/02/2014","Fri","1630","JC","CS2C","301A 375A ","","E","D","BF","F ","X","S","C","050","0","0","0","","","1772423","5896303",
"Auckland","EMILY PLACE","15","N"," ","SHORTLAND ST","201433345","12/03/2014","Wed","1315","MA","CN1V","371B ","","R","D","BF","F "," ","N","C","050","0","0","0","","","1757798","5920654",
"Auckland","ENUAMANU ROAD",""," ","I","GADSBY ROAD","201410303","03/01/2014","Fri","1248","DA","4E2","131A 504A ","T","R","D","BN","F ","T","N","N","050","0","0","1","","","1760969","5908342",
"Auckland","ESKDALE ROAD",""," ","I","VONNELL PLACE","201410847","20/01/2014","Mon","1233","DA","4E1","111A 131A 407A 801 ","C","E","W","O ","L ","T","G","C","050","0","0","2","","","1752888","5926290",
"Auckland","ESMONDE ON SBD","200","S"," ","ESMONDE ROAD","201433352","16/03/2014","Sun","0733","DB","CS1","111A 131A ","G","M","W","BF","F "," ","N","N","080","0","0","0","","","1757183","5925940",
"Auckland","ESMONDE ROAD",""," ","I","BARRYS POINT ROAD","201433681","13/04/2014","Sun","2050","LB","CN1C","303B 323B 334B ","","R","D","DO","F ","M","T","C","050","0","0","0","","","1757560","5926261",
"Auckland","ESMONDE ROAD",""," ","I","BARRYS POINT ROAD","201436305","26/03/2014","Wed","1941","LB","CE1C","322A ","","E","D","DO","F ","T","T","R","050","0","0","0","","","1757560","5926261",
"Auckland","ESMONDE ROAD","500","W"," ","BURNS AVENUE","201432393","08/03/2014","Sat","1740","FD","CW1C","181A 512A ","","R","D","B ","F "," "," ","R","050","0","0","0","","","1757724","5926306",
"Auckland","ESMONDE ROAD",""," ","I","BURNS AVENUE","201437205","28/04/2014","Mon","1130","FE","CE1C","181A ","","R","D","BF","F ","T","T","C","050","0","0","0","","","1758195","5926451",
"Auckland","ESMONDE ROAD","5","E"," ","FRED THOMAS DRIVE","201432046","07/02/2014","Fri","2042","FE","CW1C","331A 350A 645A 901 ","","R","W","DO","H ","T","T","C","050","0","0","0","","","1757485","5926211",
"Auckland","ESMONDE ROAD","15","E"," ","FRED THOMAS DRIVE","201410463","01/02/2014","Sat","1044","FD","CW1C4C","181A 181B ","","R","D","B ","F "," "," ","R","060","0","0","2","","","1757493","5926217",
"Auckland","ESMONDE ROAD",""," ","I","FRED THOMAS DRIVE","201437357","12/06/2014","Thu","1217","FE","CW1C","331A 350A ","","R","D","BF","F ","T","T","C","050","0","0","0","","","1757481","5926208",
"Auckland","ESMONDE ROAD",""," ","I","FRED THOMAS DRIVE","201432618","09/03/2014","Sun","1753","FE","CW1C","112A 334A ","","R","D","B ","F ","M","T","C","060","0","0","0","","","1757481","5926208",
"Auckland","ESMONDE ROAD",""," ","I","FRED THOMAS DRIVE","201435116","23/03/2014","Sun","0134","AO","XE1X","351A 525A ","","R","D","DO","F ","X","T","C","050","0","0","0","","","1757481","5926208",
"Auckland","ESMONDE ROAD",""," ","I","FRED THOMAS DRIVE","201434734","30/04/2014","Wed","2230","JA","CW1C","322A ","","R","D","DO","F ","T","T","C","050","0","0","0","","","1757481","5926208",
"Auckland","ESMONDE ROAD",""," ","I","FRED THOMAS DRIVE","201437108","31/05/2014","Sat","1320","LB","CE1C","303B 323B ","","R","D","BF","F ","T","T","R","050","0","0","0","","","1757481","5926208",
"Auckland","ESPLANADE ROAD","60","N"," ","VIEW ROAD","201413691","06/06/2014","Fri","0830","JA","CN14","308B 377B 839 930 ","","R","W","O ","F ","D"," ","R","050","0","0","1","","","1756860","5917759",
"Auckland","ETHEREGE PLACE","110","N"," ","BLEAKHOUSE ROAD","201437145","18/05/2014","Sun","2130","EA","CE1C","129A ","M","R","D","DO","F "," ","N","N","050","0","0","0","","","1771066","5915810",
"Auckland","ETHERTON DRIVE","50","N"," ","REYLAND CLOSE","201430368","04/01/2014","Sat","1140","DB","CS1","101A 134A ","T","M","D","O ","F "," ","N","C","050","0","0","0","","","1765710","5898961",
"Auckland","ETHERTON DRIVE","40","W"," ","REYLAND CLOSE","201437260","28/05/2014","Wed","1735","FF","CE1T","181A ","","E","D","DO","F "," ","N","C","050","0","0","0","","","1765632","5898921",
"Auckland","EVANS ROAD","250","E"," ","PLEASANT ROAD","201430006","01/01/2014","Wed","2327","EA","CE1C","129A 357A ","M","R","D","DO","F "," ","N","C","050","0","0","0","","","1747459","5913349",
"Auckland","EVERGLADE DRIVE","50","S"," ","CRAIL COURT","201431058","17/02/2014","Mon","1130","EA","TS1C","129A 386A ","M","E","D","O ","F "," ","N","C","050","0","0","0","","","1768853","5903177",
"Auckland","EVERGLADE DRIVE","100","S"," ","REDOUBT ROAD","201438032","13/06/2014","Fri","1630","LB","CN1C","303B 929 ","","R","D","B ","F ","D","N","C","050","0","0","0","","","1768772","5904449",
"Auckland","EVERGLADE DRIVE",""," ","I","REDOUBT ROAD","201412277","05/03/2014","Wed","1930","NA","CS1K","713B ","","R","D","TF","F ","X","T","C","050","0","0","1","","","1768750","5904546",
"Auckland","EVERSLEIGH ROAD","5","S"," ","CORONATION ST","201433900","29/03/2014","Sat","0421","EA","CN14","103A 386A ","M","R","D","DO","F ","X","G","N","050","0","0","0","","","1759081","5925335",
"Auckland","EWART ROAD","50","N"," ","MASSEY ROAD","201436820","29/04/2014","Tue","1720","EA","VS1C","129A ","M","E","D","O ","F "," "," ","N","050","0","0","0","","","1763114","5908105",
"Auckland","EWEN ALISON AVENUE","50","W"," ","VICTORIA ROAD","201435199","10/03/2014","Mon","1659","MO","CE14","371A ","M","R","D","B ","F "," ","N","C","050","0","0","0","","","1760174","5922937",
"Auckland","EXMOUTH ROAD","90","W"," ","MCBREEN AVENUE W","201431466","14/01/2014","Tue","1658","EA","CW1C","129A ","FM","R","D","OF","F "," ","N","C","050","0","0","0","","","1756359","5925263",
"Auckland","EXMOUTH ST","25","S"," ","NEWTON ROAD","201433217","15/03/2014","Sat","1150","MD","CS1C","371B 929 ","","R","W","BF","L ","D","N","N","050","0","0","0","","","1756814","5918811",
"Auckland","FACTORY ROAD",""," ","I","VICTORIA ST","201437508","31/05/2014","Sat","1540","DC","CE1","405A 407A 423A ","P","E","D","B ","F ","T","N","N","070","0","0","0","","","1767194","5880484",
"Auckland","FAIRBURN ROAD",""," ","I","GREAT SOUTH ROAD","201433555","11/04/2014","Fri","1540","AO","BW1V","381A 671A ","","R"," "," F","  ","T","G","C","050","0","0","0","","","1764361","5909335",
"Auckland","FAIRVIEW AVENUE","50","N"," ","OTEHA VALLEY ROAD","201434019","08/04/2014","Tue","1200","BA","CS1C","357A 512A ","","R","D","B ","F "," ","N","C","050","0","0","0","","","1753086","5935153",
"Auckland","FAIRVIEW CRESCENT",""," ","I","GLEN BROOK ROAD","201410456","05/02/2014","Wed","1945","JA","MS1C","102A 302B ","","M","D","O ","F ","T","G","N","050","0","0","1","","","1783712","5923620",
"Auckland","FANSHAWE ST",""," ","I","DALDY ST","201432897","11/03/2014","Tue","2230","LB","BE1C","303B ","","M","D","DO","F ","T","T","C","050","0","0","0","","","1756392","5920846",
"Auckland","FANSHAWE ST",""," ","I","HALSEY ST","201410048","05/02/2014","Wed","1739","FE","CW1CC","331A 353A ","","R","D","B ","F ","X","T","R","050","0","0","2","","","1756610","5920757",
"Auckland","FANSHAWE ST",""," ","I","HALSEY ST","201432880","19/03/2014","Wed","0913","GF","CE1C","171A ","","M","D","O ","F ","M","T","N","050","0","0","0","","","1756608","5920771",
"Auckland","FANSHAWE ST W","50","W"," ","CUSTOMS ST WEST","201433564","11/04/2014","Fri","0730","AA","BE1C","372A 671A ","","R","D","OF","F "," ","N","C","050","0","0","0","","","1756875","5920796",
"Auckland","FAVONA ROAD","30","E"," ","DEWHURST PLACE","201411615","10/03/2014","Mon","1107","CB","CW1C","414A ","M","R","D","BF","F "," ","N","C","050","0","0","1","","","1760720","5909077",
"Auckland","FAVONA ROAD",""," ","I","HARANIA AVENUE","201438030","12/06/2014","Thu","0715","JA","CW1V","302B 377B ","","R","W","O ","F ","T","G","C","060","0","0","0","","","1761068","5909256",
"Auckland","FAVONA ROAD",""," ","I","HARANIA AVENUE","201434674","31/03/2014","Mon","1720","JA","CW14","302B 353B 377B ","","R","D","BF","F ","T","G","C","060","0","0","0","","","1761068","5909256",
"Auckland","FAVONA ROAD","90","W"," ","NORANA AVENUE","201436533","09/05/2014","Fri","1311","KA","4W1C","308B 377B 402B 839 929 ","","M","D","B ","F ","D"," ","C","060","0","0","0","","","1761339","5909353",
"Auckland","FEATHERSTON CRESCENT",""," ","I","PATEA PLACE","201430385","28/01/2014","Tue","0145","DB","CS1","103A ","P","M","D","DO","F ","T","N","N","050","0","0","0","","","1768206","5907347",
"Auckland","FELLBROOK ST","5","N"," ","BURBANK AVENUE","201410583","21/01/2014","Tue","1800","NB","CN1E","712B 713B ","","R","D","TF","F ","X","G","C","050","0","0","1","12","","1765897","5901158",
"Auckland","FELTON MATHEW AVENUE","15","N"," ","MERTON ROAD","201431861","12/03/2014","Wed","2220","CB","CS1C","514A 517A ","FM","R","D","DO","F "," ","N","N","050","0","0","0","","","1764996","5916817",
"Auckland","FENCIBLE DRIVE",""," ","I","MOORE ST","201412584","11/04/2014","Fri","1345","HA","CS2C","302A 370A 801 ","","M","W","O ","L ","R","G","C","050","0","0","2","","","1772126","5914949",
"Auckland","FERGUSON ROAD","100","S"," ","EAST TAMAKI ROAD","201433956","04/04/2014","Fri","1300","FA","VN1C","181A 353A ","","R","D","B ","F "," ","N","C","050","0","0","0","","","1767472","5907547",
"Auckland","FERNDOWN AVENUE",""," ","I","CARINGBAH DRIVE","201431559","10/01/2014","Fri","0630","JC","4E2C","302A ","","R","D","O ","F ","T","G"," ","050","0","0","0","","","1763479","5905531",
"Auckland","FERNDOWN AVENUE",""," ","I","DAPHNE ROAD","201430492","30/01/2014","Thu","0815","EA","CE14","205B 444B ","M","E","D","O ","F ","T","N","N","050","0","0","0","","","1763765","5905118",
"Auckland","FIELDS LANE",""," ","I","CHANCERY ST","201412181","11/04/2014","Fri","1059","HA","CS14","321B 355B ","","R","D","O ","F ","X","S","C","050","0","0","1","","","1757631","5920566",
"Auckland","FIGARO CRESCENT",""," ","I","REINS ROAD","201433607","15/03/2014","Sat","0055","DA","VS2C","101A 131A 801 ","M","E","W","DO","L ","T","N","N","050","0","0","0","","","1772233","5898419",