"TLA NAME","CRASH ROAD","CRASH DIST","CRASH DIRN","INTSN","SIDE ROAD","CRASH ID","CRASH DATE","CRASH DOW","CRASH TIME","MVMT","VEHICLES","CAUSES","OBJECTS STRUCK","ROAD CURVE","ROAD WET","LIGHT","WTHRa","JUNC TYPE","TRAF CTRL","ROAD MARK","SPD LIM","CRASH FATAL CNT","CRASH SEV CNT","CRASH MIN CNT","PERS AGE1","PERS AGE2","EASTING","NORTHING"
"Auckland","FINLAYSON AVENUE","120","S"," ","KOPARA PLACE","201413123","18/04/2014","Fri","0521","CB","CN1C","103A 112A 130A ","HX","R","D","DO","F "," "," ","C","050","0","0","1","","","1765223","5900836",
"Auckland","FISHER PARADE","15","N"," ","FORDYCE AVENUE","201413837","15/05/2014","Thu","1214","GB","SN1C","175B 370B 929 ","","R","D","B ","F ","D"," ","C","050","0","0","1","","16","","",
"Auckland","FITZGERALD ROAD","400","E"," ","COSSEY ROAD","201413775","28/05/2014","Wed","1600","FD","4E1C","181A ","","R","D","BN","F "," ","N","C","080","0","0","1","","","1775232","5889889",
"Auckland","FLANSHAW ROAD",""," ","I","GRAINGER ROAD","201413036","21/05/2014","Wed","0920","LB","CS1C","303B 382B ","","R","D","OF","F ","T","G","C","050","0","0","1","","","1746674","5919162",
"Auckland","FLAT BUSH ROAD",""," ","I","AWATERE ST","201433272","16/03/2014","Sun","1249","HA","4N2C","302A 375A ","","R","D","OF","L ","X","G","C","050","0","0","0","","","1767901","5906152",
"Auckland","FLAT BUSH ROAD",""," ","I","RAVENNA WAY","201412175","12/04/2014","Sat","2233","GD","TE1V","103A 331A ","","R","D","DO","F ","T","N","C","050","0","0","1","","","1768345","5906128",
"Auckland","FLAT BUSH ROAD",""," ","I","VICKERMAN ST","201437212","09/05/2014","Fri","1740","LB","SE1C","303B 375B ","","R","D","DO","F ","T","G","C","050","0","0","0","","","1767494","5906223",
"Auckland","FLAT BUSH SCHOOL ROAD",""," ","I","BROOKVIEW DRIVE","201431810","28/02/2014","Fri","2225","DB","CW1","111A 350A ","S","R","W","DO","L ","R","G","R","050","0","0","0","","","1770285","5906365",
"Auckland","FLEET ST","15","S"," ","MACAULAY ST","201430809","28/01/2014","Tue","0230","EA","CS1CC","103A ","MM","E","D","DO","F ","T","N","C","050","0","0","0","","","1756557","5918819",
"Auckland","FLEET ST",""," ","I","NEWTON ROAD","201436623","09/05/2014","Fri","1650","JO","SE1C","204A 301B ","","R","W","O ","F ","X","S","C","050","0","0","0","","","1756583","5918905",
"Auckland","FLEMING ST",""," ","I","HYDE ST","201434694","23/03/2014","Sun","0110","CB","CS1","103A 130A ","K","R","D","DO","F ","T","G","C","050","0","0","0","","","1769376","5900917",
"Auckland","FORDYCE AVENUE","70","W"," ","HILL RISE","201400017","27/01/2014","Mon","2340","CA","SW1","350A ","","R","W","DO","F "," ","N","N","050","1","0","0","","64","1767798","5914658",
"Auckland","FORDYCE ROAD","4600","W"," ","PARKHURST ROAD","201434729","02/05/2014","Fri","1800","DB","CE1","131A 402A ","F","M","D","DN","F "," ","N","N","080","0","0","0","","","1724110","5940203",
"Auckland","FOREST HILL ROAD",""," ","I","HENDERSON VALLEY ROAD","201436352","31/03/2014","Mon","2115","FB","CN1C","181A ","","R","D","DO","F ","R","G","R","050","0","0","0","","","1744335","5915701",
"Auckland","FOREST HILL ROAD","500","S"," ","HOLDENS ROAD","201430671","07/02/2014","Fri","2237","DB","CN1","103A 111A ","FS","M","W","DN","L "," ","N","C","050","0","0","0","","","1743304","5914052",
"Auckland","FOREST HILL ROAD","550","W"," ","PINE AVENUE","201431844","03/03/2014","Mon","1000","DB","TE1","111A 131A ","FV","S","W","ON","L "," ","N","N","080","0","0","0","","","1743648","5914520",
"Auckland","FOREST HILL ROAD",""," ","I","PINE AVENUE","201436224","15/05/2014","Thu","0919","DA","CN2","131A ","F","E","D","B ","F ","R","G","R","050","0","0","0","","","1743927","5914980",
"Auckland","FORREST HILL ROAD","10","S"," ","BOND CRESCENT","201400120","21/05/2014","Wed","1742","PO","VN1E","129A 205A ","","R","W","DO","L ","T","N","P","050","1","0","0","85","","1756161","5929082",
"Auckland","FORREST HILL ROAD","40","N"," ","HAVELOCK AVENUE","201436280","01/05/2014","Thu","1715","MA","CS1CC","373B ","","R","D","TF","F "," "," ","P","050","0","0","0","","","1756012","5929576",
"Auckland","FORREST HILL ROAD",""," ","I","HAVELOCK AVENUE","201436595","23/05/2014","Fri","0820","JA","CN14","302B 377B ","","M","D","B ","F ","T","G","C","050","0","0","0","","","1756008","5929536",
"Auckland","FORREST HILL ROAD",""," ","A","HOSPITAL ROAD","201436597","20/05/2014","Tue","1330","KA","CW2C","302B 386B 502B ","","R","D","B ","F ","R","G","R","050","0","0","0","","","1763710","5907700",
"Auckland","FORREST HILL ROAD","100","S"," ","RICHARDS AVENUE","201430753","10/01/2014","Fri","1205","DA","CS1","130A 359A 929 ","T","R","D","BF","F ","D","N","C","050","0","0","0","","","1756043","5929873",
"Auckland","FORREST HILL ROAD",""," ","I","RICHARDS AVENUE","201437905","13/06/2014","Fri","1000","GD","CN1C","181A 331A ","","R","D","B ","F ","T","G","C","050","0","0","0","","","1756061","5929971",
"Auckland","FORREST HILL ROAD",""," ","I","SEINE ROAD","201433569","22/04/2014","Tue","0858","LB","CS1C","303B 314B 377B ","","R","D","BF","F ","T","G","C","050","0","0","0","","","1756069","5929361",
"Auckland","FORTUNES ROAD",""," ","I","BUTLEY DRIVE","201433893","01/04/2014","Tue","0822","GF","CW1C","129A 386A ","","R","D","O ","F ","R","G","R","050","0","0","0","","","1769053","5914793",
"Auckland","FORTUNES ROAD","60","N"," ","NASSAU COURT","201435490","30/04/2014","Wed","1215","GB","CN1C","150B 175B 929 ","","R","D","B ","F ","D","N","C","050","0","0","0","","","1769061","5914729",
"Auckland","FOSTER ROAD","200","S"," ","TRIGG ROAD","201434274","17/02/2014","Mon","0334","DB","CS1","102A 131A 412A ","V","E","W","DN","F "," "," ","C","080","0","0","0","","","1734921","5928895",
"Auckland","FRANK GREY PLACE",""," ","I","AVENUE ROAD EAST","201433270","15/03/2014","Sat","0655","HA","CW2C","302A 375A ","","R","W","DO","F ","T","G","C","050","0","0","0","","","1765178","5910082",
"Auckland","FRANK GREY PLACE",""," ","I","PRINCES ST EAST","201433610","22/03/2014","Sat","2222","GA","CS14","103A 181A 331A 402A ","","R","D","DO","F ","X","T","C","050","0","0","0","","","1765129","5910299",
"Auckland","FRANK ST",""," ","I","OCEAN VIEW ROAD","201433733","24/03/2014","Mon","0745","HA","CS1C","301A ","","M","D","B ","F ","M","S","C","050","0","0","0","","","1780529","5926732",
"Auckland","FRANKLIN ROAD",""," ","I","PONSONBY ROAD","201437096","03/06/2014","Tue","1940","FE","CW1C","181A ","","M","D","DO","F ","T","T","P","050","0","0","0","","","1755608","5919957",
"Auckland","FRED TAYLOR DRIVE",""," ","I","DON BUCK ROAD","201433322","19/03/2014","Wed","1630","AO","TW1C","381A 671A ","","M","D","OF","F ","R","G","R","050","0","0","0","","","1743369","5923725",
"Auckland","FRED TAYLOR DRIVE","100","N"," ","DUNLOP ROAD","201410295","11/02/2014","Tue","1618","LB","4N1CC","193B 303B 929 ","M","R","D","B ","F ","D","N","C","080","0","0","1","","","1742855","5924174",
"Auckland","FRED TAYLOR DRIVE",""," ","I","DUNLOP ROAD","201413159","19/05/2014","Mon","1930","GB","TN1C","387A 142B 175B 351B 355B 402B ","","R","D","DO","F ","T","G","L","080","0","0","1","","","1742924","5924102",
"Auckland","FRED TAYLOR DRIVE","50","E"," ","FERNHILL DRIVE","201430668","04/02/2014","Tue","1620","FD","CW1C","181A 330A 927 ","","R","D","B ","F "," ","N","C","080","0","0","0","","","1743597","5923832",
"Auckland","FRED TAYLOR DRIVE","100","W"," ","SH 16","201435092","05/04/2014","Sat","1440","AC","CN1C","357A 372A 357B ","","R","D","B ","F "," ","N","R","050","0","0","0","","","1742384","5926437",
"Auckland","FRED THOMAS DRIVE","20","S"," ","ANZAC ST","201432920","21/02/2014","Fri","1527","MC","CN1C","372B ","","E","D","BF","F ","T","T","C","050","0","0","0","","","1757230","5926946",
"Auckland","FREDERICK ST","20","W"," ","CARLTON ST","201436548","16/05/2014","Fri","1354","MO","CW1C","111A 386A 514A 517A ","","E","D","B ","F "," "," ","C","050","0","0","0","","","1757182","5912072",
"Auckland","FREELAND AVENUE N","10","W"," ","ROSEMAN AVENUE","201430608","28/01/2014","Tue","1630","MO","CN1","423A 929 ","F","E","D","B ","F ","D","N","C","050","0","0","0","","","1754502","5913467",
"Auckland","FREEMAN WAY","90","N"," ","CAVENDISH DRIVE","201412648","25/01/2014","Sat","1745","JA","SS1C","103B 308B 375B 926 ","","R","D","BF","F ","D","N","R","050","0","0","1","","53","1767182","5904897",
"Auckland","FREYBERG AVENUE","15","W"," ","KIWITEA ST","201433317","22/03/2014","Sat","2210","EA","VW1CC","103A 512A 514A ","M","M","D","DO","F "," ","N","C","050","0","0","0","","","1754722","5914929",
"Auckland","FRIEDLANDERS ROAD",""," ","I","ASTOR PLACE","201434304","19/02/2014","Wed","1236","GC","CN1C","372B ","","R","D","B ","F ","T","G","R","050","0","0","0","","","1768062","5899389",
"Auckland","FRIEDLANDERS ROAD","15","S"," ","WILLIAM AVENUE","201437512","27/05/2014","Tue","1121","EA","CN1C","129A ","M","R","D","B ","F "," "," ","C","050","0","0","0","","","1767763","5900046",
"Auckland","FRIESIAN DRIVE","80","E"," ","ASHGROVE ROAD","201411881","24/02/2014","Mon","0744","EA","PE1C","129A 363A 902 ","M","R","D","BF","F "," ","N","C","050","0","0","1","","","1761036","5906515",
"Auckland","FRIESIAN DRIVE",""," ","I","MASSEY ROAD","201433565","09/04/2014","Wed","0745","FB","CS1C","181A ","","R","D","BF","F ","X","S","C","050","0","0","0","","","1761324","5906206",
"Auckland","GALATOS ST","70","W"," ","EAST ST","201437219","17/05/2014","Sat","0055","MO","CE1C","103A ","M","R","D","DO","F "," ","N","N","050","0","0","0","","","1756656","5919370",
"Auckland","GALWAY ST","100","S"," ","CHURCH ST","201435383","23/04/2014","Wed","1300","EA","TN1C","129A ","M","R","D","B ","F "," "," ","N","050","0","0","0","","","1759234","5912107",
"Auckland","GALWAY ST",""," ","I","NEILSON ST","201431554","14/01/2014","Tue","1723","GF","TN1C","142A 387B ","","S","D","B ","F ","X","G","C","050","0","0","0","","","1759262","5911766",
"Auckland","GARDNER AVENUE",""," ","I","HUTCHINSON AVENUE","201436104","03/03/2014","Mon","0805","HA","CN2C","301B ","","R","W","O ","F ","X","S","C","050","0","0","0","","","1749547","5912979",
"Auckland","GARDNER ROAD","15","W"," ","CRESCENT ROAD","201437294","20/05/2014","Tue","1345","EA","CW1M","129A ","M","R","D","BF","F "," ","N","C","050","0","0","0","","","1758392","5915035",
"Auckland","GARLAND ROAD","60","S"," ","MASSEY AVENUE","201413722","28/04/2014","Mon","1750","NA","CS1E","711B ","","R","W","TF","L "," ","N","N","050","0","1","0","34","","1760333","5914781",
"Auckland","GARNET ROAD",""," ","I","MEOLA ROAD","201437899","02/06/2014","Mon","0415","CB","CN1","103A 112A ","F","R","D","DO","F ","R","G","C","050","0","0","0","","","1753333","5919779",
"Auckland","GARNET ROAD",""," ","I","MEOLA ROAD","201437958","02/06/2014","Mon","0200","CB","CN1","103A 112A 817 ","FKT","R","D","DN","F ","R","G","C","050","0","0","0","","","1753333","5919779",
"Auckland","GARTH PLACE","100","E"," ","FELLBROOK ST","201430112","05/02/2014","Wed","1325","DC","TE1","112A 130A 514A ","H","R","D","BF","F "," ","N","N","050","0","0","0","","","1765928","5901418",
"Auckland","GARUS AVENUE","200","S"," ","MCKINSTRY AVENUE","201431811","03/03/2014","Mon","0006","DA","CN1","131A 358A ","P","M","D","DO","F "," ","N","C","050","0","0","0","","","1761495","5907714",
"Auckland","GARUS AVENUE","20","W"," ","WICKMAN WAY","201412700","28/04/2014","Mon","1035","MF","CE1C","371B ","","R","D","BF","F "," ","N","C","050","0","0","1","","","1761526","5907696",
"Auckland","GARUS AVENUE","50","W"," ","WICKMAN WAY","201436308","15/03/2014","Sat","2220","CB","CW1","103A 112A ","F","R","W","DO","L "," ","N","C","050","0","0","0","","","1761500","5907711",
"Auckland","GAUNT ST",""," ","I","DALDY ST","201437903","18/05/2014","Sun","1720","HA","CS1C","301A 375A ","","R","D","TO","F ","M","S","C","050","0","0","0","","","1756434","5920966",
"Auckland","GAVIN ST",""," ","I","EAGLEHURST ROAD","201433699","22/04/2014","Tue","0324","DA","CS2","111A 131A 514A ","FH","M","W","DO","L ","T","G","C","050","0","0","0","","","1761891","5914335",
"Auckland","GAVIN ST","290","N"," ","PENROSE ROAD","201435045","17/04/2014","Thu","1400","EA","CN1T","129A 386A ","M","R","D","B ","F "," ","N","C","050","0","0","0","","","1762067","5913965",
"Auckland","GAVIN ST",""," ","I","PENROSE ROAD","201437353","10/06/2014","Tue","1515","HA","CS1V","302A 382A ","","R","W","OF","L ","X","G","C","050","0","0","0","","","1762273","5913761",
"Auckland","GEDDES TERRACE","10","N"," ","ST JUDE ST","201435388","14/03/2014","Fri","1220","KB","CS1C","308B 929 ","","R","D","B ","F ","D","N","N","050","0","0","0","","","1751292","5915044",
"Auckland","GELLING ROAD","350","S"," ","ALDRIDGE ROAD","201412322","28/03/2014","Fri","1750","JA","MN1C","197A 308B 378B 831 929 ","V","M","D","O ","F ","D"," ","C","100","0","1","0","","","1783959","5889939",
"Auckland","GEORGE BOLT MEMORIAL DRIV",""," ","I","MANU TAPU DRIVE","201436543","12/05/2014","Mon","1820","GB","CS1C","172B 402B ","","E","D","DO","F ","R","G","R","050","0","0","0","","","1759079","5903791",
"Auckland","GEORGE BOLT MEMORIAL DRIV","70","N"," ","TOM PEARCE DRIVE","201412792","21/05/2014","Wed","1245","FD","CN1CC","181A ","","R","W","OF","L "," ","N","P","050","0","0","1","","","1759188","5903496",
"Auckland","GEORGE BOLT MEMORIAL DRIV","100","N"," ","TOM PEARCE DRIVE","201436309","02/03/2014","Sun","1245","AC","TN1C","372A ","","R","D","OF","F "," ","N","C","050","0","0","0","","","1759177","5903524",
"Auckland","GEORGE BOLT MEMORIAL DRIV",""," ","I","TOM PEARCE DRIVE","201411618","24/03/2014","Mon","0610","LB","CN14C","322B ","","R","D","DO","F ","X","T","C","050","0","0","2","","","1759206","5903430",
"Auckland","GEORGE BOLT MEMORIAL DRIV",""," ","I","TOM PEARCE DRIVE","201433274","20/03/2014","Thu","1800","JC","XN1V","120A ","","R","D","OF","F ","X","T","P","050","0","0","0","","","1759206","5903430",
"Auckland","GEORGE CRESCENT","15","W"," ","BUCKLAND ROAD N","201430399","18/01/2014","Sat","1200","EA","CW1C","129A ","M","R","D","B ","F ","T","N","C","050","0","0","0","","","1770818","5878327",
"Auckland","GEORGE ST","50","S"," ","MASSEY ROAD","201436552","23/05/2014","Fri","1535","GE","CN1C","160A 350A 929 ","","R","D","O ","F ","D"," ","C","050","0","0","0","","","1762005","5906743",
"Auckland","GEORGE ST","120","S"," ","NEW NORTH ROAD","201432823","11/03/2014","Tue","1815","MD","SN1C","929 ","","R","D","B ","F ","D","N","N","050","0","0","0","","","1756043","5918113",
"Auckland","GIFFORD AVENUE","40","W"," ","MAY ROAD","201433236","12/03/2014","Wed","0850","EA","4E1C","129A ","M","R","D","OF","F "," ","N","C","050","0","0","0","","","1754920","5914374",
"Auckland","GIFFORD AVENUE","80","S"," ","MAYN AVENUE","201430615","28/01/2014","Tue","1855","BB","CW1C","123A ","","M","D","B ","F "," ","N","C","050","0","0","0","","","1754618","5914479",
"Auckland","GILBERT AVENUE","15","N"," ","SEFTON AVENUE","201433331","24/03/2014","Mon","2205","EA","CS1C","129A ","M","R","D","DO","F "," ","N","C","050","0","0","0","","","1754422","5918855",
"Auckland","GILBERT ROAD",""," ","I","FRANICH ST","201411566","22/02/2014","Sat","1925","LB","CS1CC","303B 375B ","QQ","R","D","OF","F ","T","N","N","050","0","0","1","","","1766463","5908739",
"Auckland","GILLIES AVENUE",""," ","I","BRIGHTSIDE ROAD","201432861","15/02/2014","Sat","1406","JA","CN1C","302B ","","R","D","B ","F ","T","G","C","050","0","0","0","","","1757951","5917021",
"Auckland","GILLIES AVENUE","50","S"," ","EDEN ST","201436287","08/05/2014","Thu","1715","LB","CS1C","303B 926 ","","R","D","O ","F ","D","N","L","050","0","0","0","","","1758205","5918098",
"Auckland","GILLIES AVENUE",""," ","I","GILLIES ON NBD","201433388","06/04/2014","Sun","1500","MG","CS1C","371B ","","R","D","BF","F ","Y","T","R","050","0","0","0","","","1758130","5917794",
"Auckland","GILLIES AVENUE",""," ","I","GILLIES ON NBD N","201412404","24/03/2014","Mon","1531","LB","4N1C","322B 370B ","","R","D","B ","F ","T","T","L","050","0","0","1","","","1758130","5917794",
"Auckland","GILLIES AVENUE","20","N"," ","KIMBERLEY ROAD","201410325","24/01/2014","Fri","1553","FD","CS1C","181A ","","R","D","BF","F "," ","N","X","050","0","0","2","","","1757792","5916185",
"Auckland","GILLIES AVENUE","80","N"," ","KING GEORGE AVENUE","201432984","28/02/2014","Fri","1215","EC","TS1","386A 420A ","X","R","D","B ","F "," "," ","C","050","0","0","0","","","1757764","5916075",
"Auckland","GILLIES AVENUE",""," ","I","MORROW ST","201413726","23/05/2014","Fri","1247","FE","CS1C","181A ","","R","W","OF","L ","T","T","C","050","0","0","1","","","1758198","5918075",
"Auckland","GILLIES AVENUE","100","S"," ","MORTIMER PASS","201438620","27/04/2014","Sun","1930","BA","CS1C","205A ","","R","D","DO","F "," "," ","C","050","0","0","0","","","1758143","5917858",
"Auckland","GILLIES AVENUE",""," ","I","MORTIMER PASS","201412083","07/04/2014","Mon","0820","LB","MN1C","303B 382B ","","R","D","B ","F ","T","N","C","050","0","0","1","","","1758165","5917956",
"Auckland","GILPIN PLACE",""," ","I","RANGATIRA ROAD","201433698","21/04/2014","Mon","0202","DB","CS2","108A 111A 131A ","F","E","W","DO","F ","T","N","C","050","0","0","0","","","1750717","5926491",
"Auckland","GLADSTONE ROAD","25","N"," ","AVON ST","201410350","31/01/2014","Fri","0507","CB","CN1","103A 129A ","T","R","D","DO","F "," ","N","C","050","0","1","0","","","1759258","5919992",
"Auckland","GLADSTONE ROAD","20","W"," ","BALFOUR ROAD","201435972","03/04/2014","Thu","1835","LB","CE1C","303B 314B 377B 929 ","","R","W","OF","L ","D","N","C","050","0","0","0","","","1759080","5920420",
"Auckland","GLADSTONE ROAD",""," ","I","JUDGES BAY ROAD","201413839","26/05/2014","Mon","0812","JA","SS1C","302B 375B ","","R","W","O ","F ","T","G","C","050","0","0","1","","61","","",
"Auckland","GLADSTONE ROAD",""," ","I","ST STEPHENS AVENUE","201433347","21/03/2014","Fri","1020","LB","CS1C","302B 375B ","","E","D","BF","F ","X","G","C","050","0","0","0","","","1759327","5919539",
"Auckland","GLADYS AVENUE S","300","S"," ","EASTON PARK PARADE","201436519","19/05/2014","Mon","2227","EC","CS1","101A 330A ","X","R","D","DO","F "," "," ","C","050","0","0","0","","","1753148","5928560",
"Auckland","GLAMORGAN DRIVE","100","E"," ","DUNRAVEN PLACE","201430975","14/01/2014","Tue","1830","GE","CW1C","160A 333A 929 ","","R","D","BF","F ","D","N","C","050","0","0","0","","","1755648","5936905",
"Auckland","GLAMORGAN DRIVE",""," ","I","EAST COAST ROAD","201411156","06/04/2014","Sun","0850","BC","PS2C","113A 122A 402A ","","E","D","B ","F ","T","G","C","050","0","0","1","","","1754057","5936391",
"Auckland","GLEN ROAD",""," ","I","BAHARI DRIVE","201430911","20/02/2014","Thu","1940","FA","CW1C","181A ","","R","D","OF","F ","X","G","C","050","0","0","0","","","1743201","5919598",
"Auckland","GLEN ROAD",""," ","I","DON BUCK ROAD","201436195","16/05/2014","Fri","2245","BB","4E1C","124A 129A ","","M","D","DO","F ","X","G","C","050","0","0","0","","","1743489","5919588",
"Auckland","GLEN ROAD",""," ","I","DON BUCK ROAD","201437860","31/05/2014","Sat","2132","DA","CE1","111A 402A ","KP","M","D","DO","F ","T","G","C","050","0","0","0","","","1743489","5919588",
"Auckland","GLENBROOK ROAD","210","E"," ","CHARLES ROAD","201411199","25/03/2014","Tue","1110","DA","CN1","129A 131A ","C","E","D","O ","F "," "," ","C","100","0","0","1","","","1766382","5887557",
"Auckland","GLENBROOK ROAD","280","E"," ","CHARLES ROAD","201412790","30/03/2014","Sun","1528","DA","CE1","131A 354A ","F","E","D","BN","F "," ","N","C","100","0","0","1","","","1766447","5887582",
"Auckland","GLENBROOK ROAD",""," ","I","CHARLES ROAD","201411236","05/03/2014","Wed","1100","GD","CW1X","331A ","","E","D","B ","F ","T","S","C","100","0","0","4","","","1766232","5887410",
"Auckland","GLENBROOK ROAD",""," ","I","CHARLES ROAD","201431822","12/02/2014","Wed","1245","GE","CW1C","387A 144B ","","E","D","OF","F ","T","N","C","100","0","0","0","","","1766232","5887410",
"Auckland","GLENBROOK ROAD","200","S"," ","GLENBROOK STATION ROAD","201434942","29/03/2014","Sat","1948","EC","CS1","912 ","W","R","D","DO","F "," ","N","C","080","0","0","0","","","1756150","5882153",
"Auckland","GLENBROOK ROAD","15","E"," ","KLIPSCH ROAD","201437192","29/05/2014","Thu","1611","CB","CW1","137A 333A ","C","R","D","ON","F "," ","N","C","100","0","0","0","","","1758503","5884056",
"Auckland","GLENBROOK ROAD","80","W"," ","SH 22","201436613","11/05/2014","Sun","1255","LB","CS1T","303B 375B 929 ","","R","D","B ","F ","D","N","C","100","0","0","0","","","1767158","5888061",
"Auckland","GLENBROOK ROAD","20","W"," ","SMEATON ROAD","201430111","05/02/2014","Wed","1330","DA","CS1","111A 131A 134A 804 ","C","E","D","ON","F "," ","N","C","100","0","0","0","","","1757471","5882969",
"Auckland","GLENBROOK ROAD",""," ","I","WYMER ROAD","201434226","12/03/2014","Wed","0917","GD","TW1V","197A 331A 363A 902 ","","R","D","B ","F ","T","N","C","100","0","0","0","","","1756773","5882703",
"Auckland","GLENBROOK STATION ROAD","90","W"," ","FARM PARK ROAD","201436151","27/03/2014","Thu","1103","DA","CE1","133A ","FS","S","D","B ","F "," "," ","C","100","0","0","0","","","1758653","5880481",
"Auckland","GLENDALE ROAD",""," ","I","OATES ROAD","201431852","19/02/2014","Wed","1822","JA","CN1C","301B 375B 402B ","","M","W","OF","F ","T","S","C","050","0","0","0","","","1746936","5913718",
"Auckland","GLENDHU ROAD","210","S"," ","GLEN VISTA PLACE","201432483","17/02/2014","Mon","1942","NA","4N1E","194A ","","R","D","OF","F "," ","N","C","050","0","0","0","","","1753060","5929586",
"Auckland","GLENFIELD ROAD","200","S"," ","CORONATION ROAD","201436904","06/05/2014","Tue","2020","FA","CS1C","501A ","","R","D","DO","F "," "," ","P","050","0","0","0","","","1753808","5926546",
"Auckland","GLENFIELD ROAD",""," ","I","CORONATION ROAD","201411619","03/03/2014","Mon","0548","LB","CS1S","302A 382A ","","R","D","DO","F ","R","G","R","050","0","0","1","","42","1753833","5926744",
"Auckland","GLENFIELD ROAD",""," ","I","CORONATION ROAD","201433246","15/03/2014","Sat","1415","HA","CS1C","302A 375A ","","R","W","OF","L ","R","G","R","050","0","0","0","","","1753833","5926744",
"Auckland","GLENFIELD ROAD",""," ","I","ESKDALE ROAD","201412435","16/04/2014","Wed","2139","LB","CN1C","323B 350B 404B 901 ","","M","W","DO","H ","T","T","C","050","0","0","1","","","1753789","5926015",
"Auckland","GLENFIELD ROAD","50","N"," ","HALL ROAD","201430590","05/02/2014","Wed","0900","AA","VS1C","372A ","","R","D","B ","F "," "," ","C","050","0","0","0","","","1753686","5928604",
"Auckland","GLENFIELD ROAD",""," ","I","HOGANS ROAD","201410790","10/04/2014","Thu","1026","HA","CW2T","322B 334B ","","E","D","B ","F ","M","T","R","050","0","0","1","","","1753599","5928808",
"Auckland","GLENFIELD ROAD",""," ","I","KAIPATIKI ROAD","201438326","06/06/2014","Fri","1230","JA","CN1C","322A 334A 402A ","","R","D","O ","F ","T","T","C","050","0","0","0","","","1753559","5927929",
"Auckland","GLENFIELD ROAD",""," ","I","KAIPATIKI ROAD","201437355","11/06/2014","Wed","0758","JA","CN1CC","841 ","","E","D","OF","F ","T","T","P","050","0","0","0","","","1753559","5927929",
"Auckland","GLENFIELD ROAD",""," ","I","MOORE ST","201435528","09/04/2014","Wed","0840","LB","CS1C","314B 377B ","","R","D","B ","F ","T","S","C","050","0","0","0","","","1753862","5925755",
"Auckland","GLENFIELD ROAD","100","N"," ","ROBERTS ROAD","201436903","14/05/2014","Wed","2100","DA","4N1","111A 131A ","C","M","D","DO","F "," "," ","C","050","0","0","0","","","1753549","5927157",
"Auckland","GLENFIELD ROAD","30","N"," ","ST THOMAS MORE LANE","201432580","18/03/2014","Tue","1710","JA","CS1C","308B 375B 926 ","","R","D","O ","F ","D","N","R","050","0","0","0","","","1753672","5929235",
"Auckland","GLENFIELD ROAD",""," ","I","SUNSET ROAD","201434381","17/04/2014","Thu","0754","FB","CN1C","181A 387A ","","E","W","O ","HS","T","G","C","050","0","0","0","","","","",
"Auckland","GLENGARRY ROAD","20","E"," ","AMBLER AVENUE","201435966","24/04/2014","Thu","0620","EA","CE1C","129A ","M","R","W","DO","F "," ","N","C","050","0","0","0","","","1746663","5912755",
"Auckland","GLENGARRY ROAD","120","E"," ","AMBLER AVENUE","201434273","15/03/2014","Sat","0448","DA","CW1","111A 131A 800 801 ","F","E","W","DO","L "," "," ","C","050","0","0","0","","","1746759","5912729",
"Auckland","GLENGARRY ROAD",""," ","I","AMBLER AVENUE","201410566","16/02/2014","Sun","1803","JA","CE1C","102B 302B ","","R","D","BF","F ","T","G","C","050","0","0","2","","","1746644","5912761",
"Auckland","GLENMORE ROAD",""," ","I","MEADWAY","201410926","11/02/2014","Tue","1900","LB","4S14","303B 382B ","","R","D","TF","F ","T","G","L","050","0","0","3","","","1768025","5914096",
"Auckland","GLENMORE ROAD",""," ","I","THE BOULEVARD","201437509","03/06/2014","Tue","1850","KB","VS14","301B ","","R","D","DO","F ","T","S","C","050","0","0","0","","","1768010","5914035",
"Auckland","GLENMORE ROAD",""," ","I","THE BOULEVARD","201411507","07/03/2014","Fri","1305","MC","CN1C","303B 372B ","","R","D","BF","F ","T","S","C","050","0","0","1","","","1768010","5914035",
"Auckland","GLENVAR ROAD",""," ","I","EAST COAST ROAD","201437114","30/05/2014","Fri","1706","DA","CW1","111A 131A 351A ","P","E","D","BF","F ","T","G","C","050","0","0","0","","","1753781","5936736",
"Auckland","GLENVIEW ROAD",""," ","I","GREAT NORTH ROAD","201432022","14/02/2014","Fri","2230","FE","CN1C","420B ","","R","D","DO","F ","X","T","C","050","0","0","0","","","1747481","5914715",
"Auckland","GLENVIEW ROAD","50","N"," ","SARONA AVENUE","201413202","11/05/2014","Sun","0207","EA","CS1C","103A 423A ","M","R","D","DO","F "," ","N","C","050","0","0","1","","","1747406","5914595",
"Auckland","GLENVIEW ROAD","25","S"," ","SARONA AVENUE","201431033","14/02/2014","Fri","0315","CC","CN1","110A 112A ","FP","R","W","DO","F "," ","N","C","050","0","0","0","","","1747372","5914528",
"Auckland","GLENVIEW ROAD","30","N"," ","WAIKUMETE ROAD","201431225","04/03/2014","Tue","1714","FD","CS1CC","181A ","","R","D","BF","F "," ","N","P","050","0","0","0","","","1747175","5913929",
"Auckland","GLENVIEW ROAD","20","N"," ","WEST COAST ROAD","201431678","10/01/2014","Fri","1430","FD","CS1C","181A ","","E","D","B ","F "," "," ","C","050","0","0","0","","","1747185","5913813",
"Auckland","GLOUCESTER PARK ROAD",""," ","I","NEILSON ST","201411025","01/01/2014","Wed","0757","HA","MS1C","322A 370A 322B 370B ","","R","D","O ","F ","X","T","C","050","0","1","0","","","1758766","5911767",
"Auckland","GLYNN ST",""," ","I","MAY ROAD","201438618","12/05/2014","Mon","1800","MA","CW1C","371B ","","E","D","DO","F ","T","G","C","050","0","0","0","","","1754257","5913378",
"Auckland","GODLEY ROAD",""," ","I","CONNAUGHT ST","201430226","06/01/2014","Mon","2215","DA","CS1","131A 402A ","F","M","D","DO","F ","T","N","C","050","0","0","0","","","1750425","5911744",