"TLA NAME","CRASH ROAD","CRASH DIST","CRASH DIRN","INTSN","SIDE ROAD","CRASH ID","CRASH DATE","CRASH DOW","CRASH TIME","MVMT","VEHICLES","CAUSES","OBJECTS STRUCK","ROAD CURVE","ROAD WET","LIGHT","WTHRa","JUNC TYPE","TRAF CTRL","ROAD MARK","SPD LIM","CRASH FATAL CNT","CRASH SEV CNT","CRASH MIN CNT","PERS AGE1","PERS AGE2","EASTING","NORTHING"
"Auckland","GODLEY ROAD","90","E"," ","STOTTHOLM ROAD","201410943","05/03/2014","Wed","0843","GE","ME1C","151A 333A 929 ","","M","D","ON","F ","D","N","P","050","0","1","0","","","1748645","5911289",
"Auckland","GODLEY ROAD","15","E"," ","TAUPO ST","201432805","06/03/2014","Thu","1818","MA","VW1C","373B ","","R","D","B ","F "," "," ","C","050","0","0","0","","","1749619","5911527",
"Auckland","GOLF ROAD","300","E"," ","ASTLEY AVENUE","201430593","31/01/2014","Fri","1600","GA","CE1C","181A 331A 929 ","","R","D","B ","F ","D","N","P","050","0","0","0","","","1750079","5912299",
"Auckland","GOLF ROAD","50","E"," ","TITIRANGI ROAD","201410294","13/02/2014","Thu","1613","NB","CE1E","713B 930 ","","R","D","O ","F ","D","N","C","050","0","0","1","18","","1748139","5912048",
"Auckland","GOLFLAND DRIVE","60","N"," ","SENECA COURT","201431250","26/01/2014","Sun","2230","DA","CS1","131A 410A ","JX","E","W","DO","F "," ","N","C","050","0","0","0","","","1770040","5912300",
"Auckland","GORDON ROAD","100","E"," ","GREAT SOUTH ROAD","201433669","18/04/2014","Fri","0700","EA","CE1C","129A 130A ","M","R","W"," O","L "," "," ","N","050","0","0","0","","","1764075","5910017",
"Auckland","GORE ST","25","N"," ","FORT ST","201435793","06/05/2014","Tue","1815","MO","VN1C","371A 371B ","","R","D","DO","F "," "," ","N","050","0","0","0","","","1757684","5920744",
"Auckland","GOSSAMER DRIVE","30","S"," ","ENNIS AVENUE","201413418","16/06/2014","Mon","0605","NA","CS1E","306A ","","R","D","DO","F "," "," ","X","050","0","0","1","27","","","",
"Auckland","GOSSAMER DRIVE",""," ","I","PORTADOWN AVENUE","201432815","07/03/2014","Fri","0855","GD","VS1C","181A 331A 351A ","","R","D","B ","F ","T","G","C","050","0","0","0","","","1768345","5913721",
"Auckland","GOSSAMER DRIVE","50","N"," ","REEVES ROAD","201436406","09/04/2014","Wed","2230","DB","CS1CC","103A 131A ","M","E","D","DO","F "," ","N","C","050","0","0","0","","","1768288","5912898",
"Auckland","GOSSAMER DRIVE","130","N"," ","RIVERHILLS AVENUE","201434689","26/03/2014","Wed","0410","DB","CN1","131A 402A ","T","E","W","DO","F "," ","N","C","050","0","0","0","","","1768086","5912130",
"Auckland","GRAFTON BRIDGE",""," ","I","SYMONDS ST","201430787","10/01/2014","Fri","1930","FE","CW1C","181A ","","R","D","BF","F ","X","T","C","050","0","0","0","","","1757215","5919382",
"Auckland","GRAND DRIVE","90","W"," ","WEST HOE ROAD","201434398","27/02/2014","Thu","0005","CB","CE1","130A 651A ","F","R","D","DO","F "," "," ","R","050","0","0","0","","","1750733","5949834",
"Auckland","GRANGE ROAD",""," ","I","HENLEY ROAD","201434493","13/04/2014","Sun","1630","JA","CW1C","301B ","","M","D","B ","F ","T","S","C","050","0","0","0","","","1756535","5916758",
"Auckland","GRANGER ROAD",""," ","I","COCKLE BAY ROAD","201412682","15/04/2014","Tue","1230","LB","CS1C","303B 375B ","","E","D","OF","F ","T","G","C","050","0","0","2","","","1773235","5914797",
"Auckland","GRASSMERE ROAD","250","E"," ","OPANUKU ROAD","201410521","23/01/2014","Thu","1609","CC","CE1","129A ","V","R","D","BF","F "," ","N","N","050","0","0","1","","","1740609","5914679",
"Auckland","GRAY AVENUE","200","S"," ","LANDON AVENUE","201436339","29/03/2014","Sat","2000","EA","CN14","101A 129A ","M","R","D","DO","F "," ","N","C","050","0","0","0","","","1763858","5906863",
"Auckland","GRAY AVENUE",""," ","I","LANDON AVENUE","201433944","24/03/2014","Mon","1730","FB","CN1C","181A 133B 191B ","","R","D","B ","F ","T","N","C","050","0","0","0","","","1763879","5907062",
"Auckland","GRAY AVENUE","160","E"," ","MASSEY ROAD","201412701","26/04/2014","Sat","2350","DA","CW1","103A 131A ","P","E","D","DO","F "," ","N","C","050","0","0","1","","","1763135","5907868",
"Auckland","GRAY AVENUE","30","N"," ","ORAKAU ROAD","201430963","24/02/2014","Mon","0750","NA","CE1E","306A 363A 902 ","","R","D","BF","F "," ","N","X","050","0","0","0","","","1763600","5907477",
"Auckland","GREAT NORTH RD","800","E"," ","REAT NORTH ROAD","201437338","05/06/2014","Thu","2156","JA","CW14","103B 308B 929 ","","R","D","DO","F ","D","N","P","050","0","0","0","","","","",
"Auckland","GREAT NORTH ROAD","15","N"," ","ALDERMAN DRIVE","201433693","17/04/2014","Thu","1614","AC","CS1C","372A ","","R","D","OF","F ","X","T","C","050","0","0","0","","","1745334","5917407",
"Auckland","GREAT NORTH ROAD","30","S"," ","ALDERMAN DRIVE","201438613","16/06/2014","Mon","1830","MB","CS1C","303B ","","R","W","DO","H "," "," ","R","050","0","0","0","","","1745359","5917370",
"Auckland","GREAT NORTH ROAD","50","S"," ","ALFORD ST","201431243","21/02/2014","Fri","0845","BE","CS1C","501A ","","R","D","BF","F "," ","N","C","050","0","0","0","","","1751687","5917067",
"Auckland","GREAT NORTH ROAD",""," ","I","ARCHIBALD ROAD","201436337","31/03/2014","Mon","2010","LB","CE1C","303B ","","R","D","DO","F ","T","T","P","050","0","0","0","","","1748153","5914120",
"Auckland","GREAT NORTH ROAD",""," ","I","ARCHIBALD ROAD","201411213","14/01/2014","Tue","0850","LB","CS1C","303B 382B ","","R","D","O ","F ","T","T","R","050","0","0","1","","","1748153","5914120",
"Auckland","GREAT NORTH ROAD",""," ","I","ASH ST","201433225","27/02/2014","Thu","1920","JA","CS14","322B ","","R","D","OF","F ","T","T","C","050","0","0","0","","","1751096","5915767",
"Auckland","GREAT NORTH ROAD","25","W"," ","BLOCKHOUSE BAY ROAD","201436332","17/03/2014","Mon","0700","AO","ME1C","129A 386A ","","R","D","OF","F "," ","N","C","050","0","0","0","","","1751512","5916385",
"Auckland","GREAT NORTH ROAD",""," ","I","BULLOCK TRACK","201433344","13/03/2014","Thu","0650","JA","TE1C","301B 375B ","","R","D","BF","F ","T","S","C","050","0","0","0","","","1754254","5918542",
"Auckland","GREAT NORTH ROAD",""," ","I","BULLOCK TRACK","201430597","20/01/2014","Mon","1800","JA","4E1C","301B ","","R","D","O ","F ","T","S","L","050","0","0","0","","","1754254","5918542",
"Auckland","GREAT NORTH ROAD",""," ","I","BULLOCK TRACK","201431067","11/02/2014","Tue","1433","JA","CN1C","301B 375B ","","R","D","B ","F ","T","S","R","050","0","0","0","","","1754254","5918542",
"Auckland","GREAT NORTH ROAD",""," ","I","BULLOCK TRACK","201434800","21/03/2014","Fri","2004","JA","CE1C","301B 353B 375B ","","R","D","DO","F ","T","S","P","050","0","0","0","","","1754254","5918542",
"Auckland","GREAT NORTH ROAD",""," ","I","BULLOCK TRACK","201437268","30/04/2014","Wed","0750","JA","CE1C","301B 377B ","","R","D","OF","F ","T","S","C","050","0","0","0","","","1754254","5918542",
"Auckland","GREAT NORTH ROAD",""," ","I","BULLOCK TRACK","201436733","08/05/2014","Thu","1113","JA","CE1C","301B 377B 830 ","","M","D","B ","F ","X","S","C","050","0","0","0","","","1754254","5918542",
"Auckland","GREAT NORTH ROAD",""," ","I","CARRINGTON ROAD","201435983","13/04/2014","Sun","2040","HA","CE1C","322A 352A ","","R","W","DO","L ","X","T","C","050","0","0","0","","","1752400","5918091",
"Auckland","GREAT NORTH ROAD",""," ","I","CARRINGTON ROAD","201412852","13/03/2014","Thu","2015","HA","BN24","322B 334B 801 ","","R","W","DO","L ","X","T","C","050","0","0","4","","","1752400","5918091",
"Auckland","GREAT NORTH ROAD",""," ","A","CLARK ST","201431737","25/01/2014","Sat","2143","LB","CW1C","334A 334B ","","R","D","DO","F ","T","T","R","050","0","0","0","","","1749623","5913889",
"Auckland","GREAT NORTH ROAD","50","W"," ","COLERIDGE ST","201437404","01/06/2014","Sun","0100","FA","CW14","103A 110A 426A ","PF","R","D","DO","F "," "," ","C","050","0","0","0","","","1755066","5918471",
"Auckland","GREAT NORTH ROAD","25","S"," ","CRAYFORD ST","201432751","02/03/2014","Sun","1120","KB","CS1C","308B 375B 927 ","","R","D","O ","F ","D"," ","C","050","0","0","0","","","1751218","5915234",
"Auckland","GREAT NORTH ROAD","200","E"," ","EDMONTON ROAD","201437210","13/05/2014","Tue","1655","AC","VE1C","372A 381A ","","R","D","BF","F "," ","N","C","050","0","0","0","","","1745919","5917154",
"Auckland","GREAT NORTH ROAD",""," ","I","EDMONTON ROAD","201436284","08/05/2014","Thu","1533","AO","CW1T","129A ","","R","D","O ","F ","X","T","C","050","0","0","0","","","1745733","5917225",
"Auckland","GREAT NORTH ROAD","50","S"," ","FIR ST","201412400","31/03/2014","Mon","1445","QA","BN1E","370A 520B ","","R","D","B ","F "," "," ","C","050","0","1","0","77","","1751627","5916820",
"Auckland","GREAT NORTH ROAD",""," ","I","FIR ST","201410723","16/03/2014","Sun","0013","NA","CN1E","713B ","","R","W","DO","L ","T","N","C","050","0","1","0","","","1751639","5916869",
"Auckland","GREAT NORTH ROAD",""," ","I","FRUITVALE ROAD","201436744","23/03/2014","Sun","0439","AD","CW1C","103A 150A ","","R","D","DN","F ","T","N","C","050","0","0","0","","","1748652","5913871",
"Auckland","GREAT NORTH ROAD",""," ","I","GLENVIEW ROAD","201434392","10/04/2014","Thu","1010","FE","TW1C","181A 387A ","","R","D","O ","F ","X","T","C","050","0","0","0","","","1747481","5914715",
"Auckland","GREAT NORTH ROAD","30","E"," ","HEPBURN ROAD","201436347","26/02/2014","Wed","1148","AA","CE1C","184A ","","R","D","BF","F "," ","N","L","050","0","0","0","","","1747013","5915115",
"Auckland","GREAT NORTH ROAD",""," ","I","HEPBURN ROAD","201436171","10/05/2014","Sat","2007","FE","CW1C","103A 331A ","","R","D","DO","F ","X","T","C","050","0","0","0","","","1746990","5915134",
"Auckland","GREAT NORTH ROAD","80","S"," ","JAMES LAURIE ST","201433373","29/03/2014","Sat","1736","MG","CN14","371B ","","R","D","BF","F "," ","N","C","050","0","0","0","","","1746534","5916320",
"Auckland","GREAT NORTH ROAD",""," ","I","JAMES LAURIE ST","201437139","29/05/2014","Thu","1455","AO","TS1C","385A 671A ","","R","D","OF","F ","T","T","C","050","0","0","0","","","1746530","5916400",
"Auckland","GREAT NORTH ROAD","5","W"," ","LARCH ST","201433937","05/04/2014","Sat","2130","FA","CE1C","181A 512A ","","R","D","DO","F ","T","N","L","050","0","0","0","","","1750976","5914807",
"Auckland","GREAT NORTH ROAD",""," ","I","MCLEOD ROAD","201413201","06/03/2014","Thu","0845","AA","CN1P","372A 150B ","","R","D","B ","F ","T","S","C","050","0","0","1","","","1746123","5917006",
"Auckland","GREAT NORTH ROAD",""," ","I","MCLEOD ROAD","201436529","14/05/2014","Wed","1300","JA","CE1C","301B 370B 387B 801 ","","R","W","O ","L ","T","S","P","050","0","0","0","","","1746123","5917006",
"Auckland","GREAT NORTH ROAD","60","E"," ","MEMORIAL SQUARE","201435409","07/05/2014","Wed","1150","MC","CS1C","372B ","","R","D","BF","F "," ","N","P","050","0","0","0","","","1750009","5914100",
"Auckland","GREAT NORTH ROAD","40","N"," ","MEMORIAL SQUARE","201412488","15/04/2014","Tue","0945","NG","CN1","351A 372A 715B ","","R","D","B ","F "," "," ","P","050","0","0","1","40","","1749994","5914087",
"Auckland","GREAT NORTH ROAD",""," ","I","MOTAT ON EBD S","201436356","14/03/2014","Fri","0035","LB","CS1C","303B ","","R","D","DO","F ","X","T","C","050","0","0","0","","","1754122","5918441",
"Auckland","GREAT NORTH ROAD",""," ","I","MOTIONS ROAD","201435257","23/03/2014","Sun","1918","FE","CW1C","181A 902 ","","R","D","B ","F ","T","T","C","050","0","0","0","","","1753222","5918394",
"Auckland","GREAT NORTH ROAD","5","W"," ","NEWTON ROAD","201432036","11/02/2014","Tue","1650","FE","CE1C","331A ","","R","D","B ","F ","X","T","C","050","0","0","0","","","1756243","5919254",
"Auckland","GREAT NORTH ROAD",""," ","I","NEWTON ROAD","201435587","26/04/2014","Sat","2150","LB","CN2CC","322A 330A 191B 197B 181C 331C ","","R","D","DO","F ","X","T","C","050","0","0","0","","","1756247","5919258",
"Auckland","GREAT NORTH ROAD",""," ","I","PALMER AVENUE","201411710","18/03/2014","Tue","0750","FD","CS1C","181A 331A ","","R","D","O ","F ","T","G","C","050","0","0","1","","","1747340","5914834",
"Auckland","GREAT NORTH ROAD",""," ","I","PINE ST","201450002","26/04/2014","Sat","1231","LB","CE1C","303B 386B ","","R","D","B ","F ","T","N","C","050","0","0","0","","","1749304","5913915",
"Auckland","GREAT NORTH ROAD",""," ","I","PINE ST","201435002","26/04/2014","Sat","1231","LB","CE1C","303B 386B ","","R","D","B ","F ","T","N","C","050","0","0","0","","","1749304","5913915",
"Auckland","GREAT NORTH ROAD","15","W"," ","POINT CHEVALIER ROAD","201433237","12/03/2014","Wed","1646","FE","CE1C","181A ","","R","D","BF","F ","X","T","C","050","0","0","0","","","1752387","5918083",
"Auckland","GREAT NORTH ROAD",""," ","I","PORTAGE ROAD","201433940","01/04/2014","Tue","1420","GA","CW1C","181A 387A 142B ","","R","D","B ","F ","T","G","C","050","0","0","0","","","1750463","5914502",
"Auckland","GREAT NORTH ROAD",""," ","I","RACECOURSE PARADE","201434288","13/03/2014","Thu","1830","FB","CN1CC","331A 352A 402A ","","R","D","B ","F ","T","G","C","050","0","0","0","","","1751195","5915368",
"Auckland","GREAT NORTH ROAD",""," ","I","RAILSIDE AVENUE","201436390","18/04/2014","Fri","1258","AC","CW1V","372A ","","E","D","BF","F ","X","T","C","050","0","0","0","","","1745439","5917253",
"Auckland","GREAT NORTH ROAD","40","E"," ","RATA ST","201431200","21/02/2014","Fri","1120","AA","CW1B","372A ","","R","D","BF","F "," ","N","C","050","0","0","0","","","1749471","5913913",
"Auckland","GREAT NORTH ROAD","20","W"," ","RATA ST","201431024","11/02/2014","Tue","1330","AA","CW1V","372A 381A ","","R","D","B ","F ","X","T","C","080","0","0","0","","","1749411","5913917",
"Auckland","GREAT NORTH ROAD",""," ","I","RATANUI ST","201412106","04/04/2014","Fri","1635","FE","CN1V","181A 331A 402A ","","E","D","B ","F ","X","T","C","050","0","0","1","","","1745439","5917253",
"Auckland","GREAT NORTH ROAD",""," ","I","ST JUDE ST","201434555","30/03/2014","Sun","0950","HA","CW2C","302A 375A ","","M","D","BF","F ","R","G","R","050","0","0","0","","","1751198","5915037",
"Auckland","GREAT NORTH ROAD",""," ","I","ST JUDE ST","201434559","01/04/2014","Tue","1130","HA","CS1C","302A 375A ","","E","D","BF","F ","R","G","R","050","0","0","0","","","1751177","5915030",
"Auckland","GREAT NORTH ROAD","25","N"," ","SUSSEX ST","201412491","17/03/2014","Mon","2011","NA","CS1E","306A 351A ","","R","D","DO","F ","T","T","X","050","0","1","0","30","","1755880","5918904",
"Auckland","GREAT NORTH ROAD",""," ","I","SUSSEX ST","201435212","30/03/2014","Sun","1415","JA","CN1C","302B ","","R","D","B ","F ","T","G","C","050","0","0","0","","","1755862","5918887",
"Auckland","GREAT NORTH ROAD",""," ","I","SWANSON ROAD","201434725","01/05/2014","Thu","1415","LB","CE2C","323B 353B ","","E","D","BF","F ","M","T","R","050","0","0","0","","","1745063","5917751",
"Auckland","GREAT NORTH ROAD","20","S"," ","TE ATATU ROAD","201413721","08/04/2014","Tue","1925","NA","CS1EE","711B 718B ","","R","D","DO","F "," ","T","X","050","0","2","0","1","","1746529","5916470",
"Auckland","GREAT NORTH ROAD",""," ","I","TE ATATU ROAD","201431995","23/03/2014","Sun","1530","HA","CS2C","308A 925 ","","M","D","BF","F ","D","G","R","050","0","0","0","","","1746539","5916504",
"Auckland","GREAT NORTH ROAD","50","E"," ","TITIRANGI ROAD","201430054","01/01/2014","Wed","0838","AC","CW1V","381A ","","E","D","OF","F "," ","N","C","050","0","0","0","","","1749481","5913912",
"Auckland","GREAT NORTH ROAD",""," ","I","TITIRANGI ROAD","201434267","18/02/2014","Tue","0930","FE","CE1C","331A ","","R","D","B ","F ","X","T","C","050","0","0","0","","","1749431","5913916",
"Auckland","GREAT NORTH ROAD","50","N"," ","TOTARA AVENUE","201437147","22/05/2014","Thu","1923","EA","CS1M","129A ","M","R","D","DO","F "," ","N","C","050","0","0","0","","","1749625","5913889",
"Auckland","GREAT NORTH ROAD","60","W"," ","TOTARA AVENUE","201435290","09/04/2014","Wed","1415","EA","TW1C","371A ","M","R","D","B ","F "," "," ","C","050","0","0","0","","","1749615","5913891",
"Auckland","GREAT NORTH ROAD",""," ","I","TOTARA AVENUE","201437041","28/05/2014","Wed","1145","AA","CE1C","334A ","","R","D","B ","F ","T","T","C","050","0","0","0","","","1749674","5913882",
"Auckland","GREAT NORTH ROAD","50","W"," ","TRADING PLACE","201437873","05/06/2014","Thu","1000","MG","CW14","371B 929 ","","R","D","B ","F ","D","N","C","050","0","0","0","","","1745588","5917222",
"Auckland","GREAT NORTH ROAD","5","W"," ","TURAKINA ST","201431171","03/03/2014","Mon","0815","FD","VE1CC","181A ","","R","W","O ","F ","T","N","C","050","0","0","0","","","1755786","5918813",
"Auckland","GREAT NORTH ROAD","100","W"," ","VERONICA ST","201434186","31/03/2014","Mon","1542","MA","CN1C","373B ","","R","D","O ","F "," "," ","C","050","0","0","0","","","1750134","5914212",
"Auckland","GREAT NORTH ROAD","200","W"," ","VERONICA ST","201433216","02/03/2014","Sun","1645","MA","CW1C","373B ","","R","D","BF","F "," ","N","C","050","0","0","0","","","1750059","5914145",
"Auckland","GREAT NORTH ROAD",""," ","I","VERONICA ST","201430901","23/02/2014","Sun","1416","AA","CW1C","381A ","","R","D","BF","F ","X","T","P","050","0","0","0","","","1750209","5914278",
"Auckland","GREAT NORTH ROAD",""," ","I","VICTOR ST","201430589","27/01/2014","Mon","1805","FE","CN14","331A ","","R","D","B ","F ","T","T","C","050","0","0","0","","","1751159","5915886",
"Auckland","GREAT NORTH ROAD",""," ","I","VICTOR ST","201412397","23/04/2014","Wed","2344","LB","CN1C","197A 303B 375B 402B ","P","R","D","DO","F ","X","T","C","050","0","0","1","","","1751159","5915886",
"Auckland","GREAT NORTH ROAD","15","S"," ","VIEW ROAD","201430977","12/01/2014","Sun","1412","FE","CN1CC","181A ","","R","D","OF","F ","X","T","C","050","0","0","0","","","1746573","5915609",
"Auckland","GREAT NORTH ROAD",""," ","I","VIEW ROAD","201430884","28/01/2014","Tue","1340","JA","CN1C","322A ","","R","D","BF","F ","X","T","C","050","0","0","0","","","1746573","5915624",
"Auckland","GREAT NORTH ROAD",""," ","I","VIEW ROAD","201413778","08/06/2014","Sun","1202","JA","CN1C","322A ","","R","D","OF","F ","X","T","C","050","0","0","2","","","1746573","5915624",
"Auckland","GREAT NORTH ROAD","50","S"," ","WADIER PLACE","201433143","02/04/2014","Wed","","JA","CS1C","308B 929 ","","R","D","B ","F ","D","N","P","050","0","0","0","","","1745209","5917536",
"Auckland","GREAT NORTH ROAD","70","S"," ","WALSALL ST","201433119","21/03/2014","Fri","","MO","CS1C","386A ","M","R","D","B ","F "," "," ","C","050","0","0","0","","","1751146","5915576",
"Auckland","GREAT NORTH ROAD",""," ","I","WALSALL ST","201432229","28/01/2014","Tue","1915","GD","CN1C","333A 350A ","","R","D","B ","F ","T","S","L","050","0","0","0","","","1751130","5915645",
"Auckland","GREAT NORTH ROAD",""," ","I","WEST COAST ROAD","201431556","08/01/2014","Wed","1230","FC","CW1C","181A 331A ","","M","D","O ","F ","T","T","X","050","0","0","0","","","1748236","5914016",
"Auckland","GREAT NORTH ROAD","100","S"," ","WILLIAMSON AVENUE","201436351","16/03/2014","Sun","2250","DA","CN1CC","131A ","M","E","W","DO","L "," ","N","C","050","0","0","0","","","1754894","5918580",
"Auckland","GREAT NORTH ROAD","100","S"," ","WINGATE ST","201411157","29/03/2014","Sat","1600","KA","BN1C","308B 927 ","","R","D","B ","F ","D"," ","C","050","0","0","2","","","1751109","5914957",
"Auckland","GREAT NORTH ROAD",""," ","I","WINGATE ST","201435218","29/03/2014","Sat","0010","HA","CS1C","302A ","","R","D","DO","F ","R","G","R","050","0","0","0","","","1751177","5915030",
"Auckland","GREAT SOUTH ROAD","20","N"," ","ALBION ROAD","201437258","09/06/2014","Mon","0800","AA","VN1V","381A ","","R","W","OF","L ","T","T","C","050","0","0","0","","","1763825","5910204",
"Auckland","GREAT SOUTH ROAD","200","N"," ","ALFRISTON ROAD","201430061","02/01/2014","Thu","0330","MO","CS1C","103A 130A ","M","R","D","DO","F "," ","N","C","050","0","0","0","","","1768768","5900974",
"Auckland","GREAT SOUTH ROAD","40","E"," ","ALLENBY ROAD","201412292","23/01/2014","Thu","1700","MD","SE1V","308B 330B 371B 929 ","","R","D","TF","F ","D","N","C","050","0","1","0","","39","1766743","5905835",
"Auckland","GREAT SOUTH ROAD","150","W"," ","ALLENBY ROAD","201433311","28/03/2014","Fri","1410","FF","CW1C","112A 402A 431A ","","R","D","BF","F "," ","N","C","050","0","0","0","","","1766578","5905930",
"Auckland","GREAT SOUTH ROAD","110","N"," ","ARATONGA AVENUE","201436220","16/04/2014","Wed","1645","FD","CS14","181A 358A ","","R","W","O ","L "," "," ","P","050","0","0","0","","","1759332","5916313",
"Auckland","GREAT SOUTH ROAD",""," ","I","AVENUE ROAD","201438333","10/06/2014","Tue","1100","LB","CW2C","303B 901 ","","R","W","ON","H ","X","T","C","050","0","0","0","","","1764097","5909831",
"Auckland","GREAT SOUTH ROAD","160","S"," ","AVERILL ST","201413160","27/05/2014","Tue","1250","NG","CS1E","371A 714B 730B ","","R","D","B ","F "," "," ","C","050","0","0","1","77","","1772828","5896122",
"Auckland","GREAT SOUTH ROAD","20","W"," ","BIRDWOOD AVENUE","201413725","30/05/2014","Fri","1905","NB","CE1E","341A 715B 724B ","","R","D","DO","F "," ","N","C","050","0","0","1","25","","1766260","5906117",
"Auckland","GREAT SOUTH ROAD","50","W"," ","BIRDWOOD AVENUE","201436412","06/05/2014","Tue","0920","FD","CW14C","181A ","","R","D","BF","F "," ","N","P","050","0","0","0","","","1766234","5906132",
"Auckland","GREAT SOUTH ROAD",""," ","I","BROWNS ROAD","201433314","30/03/2014","Sun","1120","LB","CN1C","303B 325B ","","R","D","BF","F ","X","T","R","050","0","0","0","","","1768189","5902430",
"Auckland","GREAT SOUTH ROAD",""," ","I","BROWNS ROAD","201432041","17/01/2014","Fri","0900","HA","VS1C","322A 334A ","","R","W","OF","F ","X","T","N","050","0","0","0","","","1768189","5902430",
"Auckland","GREAT SOUTH ROAD",""," ","I","BROWNS ROAD","201437177","10/01/2014","Fri","0820","GF","VN1V","172A ","","R","D","OF","F ","X","T","C","050","0","0","0","","","1768189","5902430",
"Auckland","GREAT SOUTH ROAD",""," ","I","BROWNS ROAD","201436285","02/05/2014","Fri","1900","FE","CS1C","331A ","","R","D","DO","F ","X","T","C","050","0","0","0","","","1768189","5902430",
"Auckland","GREAT SOUTH ROAD",""," ","I","BROWNS ROAD","201412255","02/05/2014","Fri","1040","LB","CS1C","303B 375B ","","E","D","B ","F ","X","T","R","050","0","0","1","","","1768189","5902430",
"Auckland","GREAT SOUTH ROAD",""," ","I","BRYNBELA COURT","201430264","10/01/2014","Fri","1345","GD","CW1C","331A ","","R","D","B ","F ","T","N","C","050","0","0","0","","","1772285","5897090",
"Auckland","GREAT SOUTH ROAD",""," ","I","BUTTERWORTH AVENUE","201434554","15/04/2014","Tue","1445","DA","CN1","133A 423A ","PS","R","D","OF","F ","T","G","R","050","0","0","0","","","1772704","5895207",
"Auckland","GREAT SOUTH ROAD","5","N"," ","CAMERON PLACE","201431885","15/02/2014","Sat","","CB","CN1","130A ","F","R","D","BF","F ","T","N","P","050","0","0","0","","","1773418","5892055",
"Auckland","GREAT SOUTH ROAD","100","S"," ","CAMPBELL ROAD","201437722","14/05/2014","Wed","0820","FD","CN1C","331A ","","R","W","O ","L "," "," ","C","050","0","0","0","","","1760349","5915301",
"Auckland","GREAT SOUTH ROAD",""," ","I","CAMPBELL ROAD","201431948","10/03/2014","Mon","1030","GF","CS1C","173A ","","E","D","BF","F ","T","T","C","050","0","0","0","","","1760285","5915378",
"Auckland","GREAT SOUTH ROAD","5","S"," ","CAVENDISH DRIVE","201434369","13/01/2014","Mon","1750","FE","CN1C","331A ","","R","D","B ","F ","X","T","C","070","0","0","0","","","1767440","5904922",
"Auckland","GREAT SOUTH ROAD","5","S"," ","CHALLEN CLOSE","201435788","17/05/2014","Sat","1259","FD","CN1C","181A 331A ","","R","D","B ","F ","X","S","C","050","0","0","0","","","1770211","5899067",
"Auckland","GREAT SOUTH ROAD","50","E"," ","CHARLES ST","201434391","10/04/2014","Thu","1145","MA","CS1V","373B ","","R","D","B ","F "," "," ","C","050","0","0","0","","","1765663","5906836",
"Auckland","GREAT SOUTH ROAD","15","N"," ","CHARLES ST","201431272","21/02/2014","Fri","1515","MC","CN1X","372B ","","R","D","BF","F ","X","T","C","050","0","0","0","","","1765625","5906889",
"Auckland","GREAT SOUTH ROAD",""," ","I","CHARLES ST","201410504","17/01/2014","Fri","1115","LB","CS1C","303B ","","R","D","BF","F ","T","G","C","050","0","0","2","","","1765634","5906877",
"Auckland","GREAT SOUTH ROAD",""," ","I","CHURCH ST","201437244","19/04/2014","Sat","1903","JA","4N1C","322B ","","R","D","DO","F ","T","T","C","050","0","0","0","","","1762676","5912577",
"Auckland","GREAT SOUTH ROAD",""," ","I","CHURCH ST","201437093","29/04/2014","Tue","1847","FE","CN1CC","181A 181B ","","R","D","DO","F ","X","T","R","050","0","0","0","","","1762676","5912577",
"Auckland","GREAT SOUTH ROAD","50","N"," ","COSTAR PLACE","201436562","18/05/2014","Sun","1835","GE","4N14","160A 333A 387A 927 ","","R","D","DO","F ","D"," ","P","050","0","0","0","","","1768140","5902615",
"Auckland","GREAT SOUTH ROAD",""," ","I","EAST TAMAKI ROAD","201432845","04/03/2014","Tue","1928","GE","CW2C","173A ","","E","D","O ","F ","T","T","C","060","0","0","0","","","1765553","5906988",
"Auckland","GREAT SOUTH ROAD",""," ","I","EAST TAMAKI ROAD","201437322","06/06/2014","Fri","1346","FE","CS1C","334A 358A ","","R","D","BF","F ","X","T","C","050","0","0","0","","","1765553","5906988",
"Auckland","GREAT SOUTH ROAD",""," ","I","EAST TAMAKI ROAD","201430396","23/01/2014","Thu","1005","EA","CN1C","386A ","M","R","D","B ","F ","T","N","C","050","0","0","0","","","1765553","5906988",
"Auckland","GREAT SOUTH ROAD",""," ","I","EAST TAMAKI ROAD","201437513","23/05/2014","Fri","0940","GF","VW2C","129B 503B ","","E","D","B ","F ","T","T","N","050","0","0","0","","","1765553","5906988",
"Auckland","GREAT SOUTH ROAD",""," ","I","FAIRBURN ROAD","201430071","15/01/2014","Wed","1207","GD","VN1C","181A ","","R","D","BF","F ","T","G","C","050","0","0","0","","","1764361","5909335",
"Auckland","GREAT SOUTH ROAD","50","N"," ","FORT RICHARD ROAD","201436338","01/04/2014","Tue","1500","FE","CS1C","103A 331A ","","R","D","BF","F "," ","T","X","050","0","0","0","","","1764333","5909453",
"Auckland","GREAT SOUTH ROAD",""," ","I","FORT RICHARD ROAD","201435310","21/04/2014","Mon","1400","JA","CN1C","301B ","","R","D","O ","F ","T","S","C","050","0","0","0","","","1764345","5909404",
"Auckland","GREAT SOUTH ROAD","500","S"," ","GATLAND ROAD","201432187","17/02/2014","Mon","2110","DA","CS1","104A 111A ","C","M","D","DO","F "," ","N","C","070","0","0","0","","","1772801","5893332",
"Auckland","GREAT SOUTH ROAD",""," ","I","GATLAND ROAD","201435113","06/03/2014","Thu","0645","FA","BN1C","181A 191B 357B ","","R","D","O ","F ","T","N","C","070","0","0","0","","","1772630","5893795",
"Auckland","GREAT SOUTH ROAD","100","S"," ","GRAHAM ROAD","201434109","19/04/2014","Sat","1001","FD","CS1CV","181A 331A ","","R","D","O ","F "," "," ","P","050","0","0","0","","","1770889","5898401",