"TLA NAME","CRASH ROAD","CRASH DIST","CRASH DIRN","INTSN","SIDE ROAD","CRASH ID","CRASH DATE","CRASH DOW","CRASH TIME","MVMT","VEHICLES","CAUSES","OBJECTS STRUCK","ROAD CURVE","ROAD WET","LIGHT","WTHRa","JUNC TYPE","TRAF CTRL","ROAD MARK","SPD LIM","CRASH FATAL CNT","CRASH SEV CNT","CRASH MIN CNT","PERS AGE1","PERS AGE2","EASTING","NORTHING"
"Auckland","GREAT SOUTH ROAD",""," ","I","GRAHAM ROAD","201433164","02/04/2014","Wed","1836","JA","VN1C","103B 301B ","","R","D","O ","F ","T","S","P","050","0","0","0","","","1770817","5898470",
"Auckland","GREAT SOUTH ROAD",""," ","I","GRANDE VUE ROAD","201430332","07/01/2014","Tue","1445","KA","BS1C","301B 387B ","","R","D","B ","F ","T","S","C","050","0","0","0","","","1768331","5901956",
"Auckland","GREAT SOUTH ROAD","160","N"," ","GRANGE ROAD","201433378","31/03/2014","Mon","1845","MO","CN14","371A ","M","R","D","BF","F "," ","N","C","050","0","0","0","","","1765056","5907807",
"Auckland","GREAT SOUTH ROAD","20","N"," ","GREEN LANE EAST","201432802","02/02/2014","Sun","1210","AC","CN1V","184A 184B ","","R","D","B ","F "," "," ","C","050","0","0","0","","","1759867","5915777",
"Auckland","GREAT SOUTH ROAD",""," ","I","GREEN LANE EAST","201435589","25/04/2014","Fri","1930","FE","CN1C","181A 331A ","","R","D","DO","F ","X","T","C","050","0","0","0","","","1759882","5915763",
"Auckland","GREAT SOUTH ROAD","140","N"," ","GREENPARK ROAD","201413237","31/05/2014","Sat","0705","CB","CN1","130A 504A ","PT","R","D","O ","F "," ","N","C","080","0","1","0","","","1761197","5914172",
"Auckland","GREAT SOUTH ROAD",""," ","I","GT SOUTH LINK","201435894","13/05/2014","Tue","0945","HA","CS1C","302A 375A ","","M","W","BF","F ","R","G","R","050","0","0","0","","","1761072","5914347",
"Auckland","GREAT SOUTH ROAD",""," ","I","GT SOUTH LINK","201431348","22/02/2014","Sat","0300","DB","CW2","103A 431A ","P","M","D","DO","F ","R","G","R","050","0","0","0","","","1761074","5914348",
"Auckland","GREAT SOUTH ROAD","20","S"," ","HALL AVENUE","201410028","21/02/2014","Fri","1202","NA","CS1E","713B 726B ","","R","D","B ","F "," "," ","X","050","0","0","1","4","","1764204","5909686",
"Auckland","GREAT SOUTH ROAD","200","S"," ","HALSEY ROAD","201410718","26/02/2014","Wed","0700","FA","CN1C","181A 132B 191B ","","R","D","B ","F "," ","N","C","050","0","0","1","","","1768403","5901625",
"Auckland","GREAT SOUTH ROAD","90","N"," ","HALVER ROAD","201434008","01/04/2014","Tue","1445","MG","BN1C","371B ","","R","D","B ","F "," ","N","C","050","0","0","0","","","1768718","5901024",
"Auckland","GREAT SOUTH ROAD",""," ","I","HALVER ROAD","201436555","02/05/2014","Fri","1820","JC","CN1C","322B ","","R","D","DO","F ","T","T","C","050","0","0","0","","","1768781","5900961",
"Auckland","GREAT SOUTH ROAD",""," ","I","HILL ROAD","201430042","10/01/2014","Fri","0950","KB","CN1C","322A ","","R","D","BF","F ","T","T","C","050","0","0","0","","","1768632","5901121",
"Auckland","GREAT SOUTH ROAD","20","N"," ","HOTEO AVENUE","201435059","12/04/2014","Sat","1700","EA","CN1C","386A ","M","R","D","B ","F "," ","N","C","080","0","0","0","","","1765694","5906791",
"Auckland","GREAT SOUTH ROAD",""," ","I","INGRAM ROAD","201413786","10/06/2014","Tue","1249","DB","CN1","111A 131A ","","R","W","OF","L ","T","N","C","100","0","0","1","","","1775507","5884363",
"Auckland","GREAT SOUTH ROAD","200","N"," ","KERRS ROAD","201434803","11/03/2014","Tue","1748","JA","CS1C","308B 314B 377B 923 ","","R","D","BF","F ","D","N","C","060","0","0","0","","","1767969","5903427",
"Auckland","GREAT SOUTH ROAD","20","S"," ","KEVALE PLACE","201436558","16/05/2014","Fri","1746","MC","CN1C","372B ","","R","D","TF","F "," "," ","C","050","0","0","0","","","1769308","5900168",
"Auckland","GREAT SOUTH ROAD",""," ","I","KOLMAR ROAD","201436822","29/04/2014","Tue","1820","FD","CN1C","181A 331A ","","R","D","DO","F ","T","T","C","050","0","0","0","","","1765618","5906899",
"Auckland","GREAT SOUTH ROAD",""," ","I","KOLMAR ROAD","201435284","12/04/2014","Sat","1230","KB","CN1C","303B ","","R","D","B ","F ","T","T","C","050","0","0","0","","","1765618","5906899",
"Auckland","GREAT SOUTH ROAD",""," ","I","LAKEWOOD COURT","201410948","25/01/2014","Sat","2100","LB","CS1C","103A 322A ","","R","D","DO","F ","T","T","R","050","0","0","3","","","1767807","5904083",
"Auckland","GREAT SOUTH ROAD",""," ","I","LAKEWOOD COURT","201434592","16/04/2014","Wed","1230","FE","CN1V","331A 351A ","","R","D","OF","F ","T","T","R","060","0","0","0","","","1767807","5904083",
"Auckland","GREAT SOUTH ROAD","15","S"," ","LONGFORD PARK DRIVE","201437718","23/05/2014","Fri","1405","FD","CN1C","331A ","","E","D","O ","F ","M","G","C","050","0","0","0","","","","",
"Auckland","GREAT SOUTH ROAD","150","N"," ","MAHIA ROAD","201413264","10/06/2014","Tue","0630","MC","CS1C","333B 372B 901 ","","R","W","DO","H "," ","N","C","050","0","0","1","","","1769440","5899923",
"Auckland","GREAT SOUTH ROAD","40","S"," ","MAHIA ROAD","201431342","27/02/2014","Thu","1325","AC","4S1C","372A ","","R","D","OF","F "," ","N","C","050","0","0","0","","","1769529","5899755",
"Auckland","GREAT SOUTH ROAD",""," ","I","MAIN HIGHWAY","201435481","28/04/2014","Mon","1227","AC","CS1C","172A 372A ","","R","D","B ","F ","T","T","R","050","0","0","0","","","1760327","5915331",
"Auckland","GREAT SOUTH ROAD","30","S"," ","MANGERE ROAD","201430232","05/01/2014","Sun","1600","DB","CS1","131A ","F","E","W","O ","L "," "," ","C","050","0","0","0","","","1764288","5908950",
"Auckland","GREAT SOUTH ROAD",""," ","I","MANGERE ROAD","201433788","24/03/2014","Mon","1800","FE","CS1C","181A ","","R","D","B ","F ","T","T","C","050","0","0","0","","","1764279","5908979",
"Auckland","GREAT SOUTH ROAD","10","N"," ","MANUKAU OFF NBD","201431327","06/03/2014","Thu","2040","FE","CS1CC","181A ","","R","D","DO","F ","T","T","P","050","0","0","0","","","1767781","5903874",
"Auckland","GREAT SOUTH ROAD",""," ","I","MANUKAU OFF NBD","201412680","03/03/2014","Mon","1300","JA","MS1C","113A 322A ","","R","W","OF","L ","T","T","P","060","0","0","1","","","1767780","5903864",
"Auckland","GREAT SOUTH ROAD",""," ","I","MANUKAU OFF NBD","201410582","06/02/2014","Thu","0600","JA","CS1C","322A 350A ","","R","D","TO","F ","T","T","R","050","0","0","1","","","1767780","5903864",
"Auckland","GREAT SOUTH ROAD",""," ","I","MANUKAU OFF NBD","201437259","04/06/2014","Wed","1210","FB","4N1C","181A 331A ","","R","D","BF","F ","T","T","P","060","0","0","0","","","1767780","5903864",
"Auckland","GREAT SOUTH ROAD","10","N"," ","MANUKAU ON NBD","201435046","19/04/2014","Sat","1910","FD","CS1C","181A 387A ","","R","W","O ","F ","T","N","C","060","0","0","0","","","1767770","5904304",
"Auckland","GREAT SOUTH ROAD",""," ","I","MANUKAU STATION ROAD","201433379","27/03/2014","Thu","2325","LB","CN1C","303B 323B ","","R","D","DO","F ","X","T","C","060","0","0","0","","","1767776","5904283",
"Auckland","GREAT SOUTH ROAD","30","N"," ","MANUROA ROAD","201411882","13/03/2014","Thu","1650","FD","CS1C","102A 331A ","","E","D","BF","F "," ","N","R","050","0","0","1","","","1770314","5898967",
"Auckland","GREAT SOUTH ROAD",""," ","I","MANUROA ROAD","201410982","11/03/2014","Tue","0645","LB","CS1C","303B 382B ","","R","D","BF","F ","X","T","R","050","0","0","2","","","1770335","5898946",
"Auckland","GREAT SOUTH ROAD",""," ","I","MANUROA ROAD","201437193","21/05/2014","Wed","0745","LB","CS1C","303B ","","R","D","OF","F ","X","T","C","050","0","0","0","","","1770335","5898946",
"Auckland","GREAT SOUTH ROAD",""," ","I","MANUROA ROAD","201435785","15/05/2014","Thu","1205","HA","BS24C","322A 613A ","","M","D","B ","F ","X","T","C","050","0","0","0","","","1770335","5898946",
"Auckland","GREAT SOUTH ROAD",""," ","I","MARKET ROAD","201430905","19/02/2014","Wed","0730","AO","SE2C","381A ","","R","D","OF","F ","X","T","C","050","0","0","0","","","1759075","5916659",
"Auckland","GREAT SOUTH ROAD",""," ","I","MATAI ROAD","201434558","03/04/2014","Thu","0850","JA","CN1C","301B 314B 377B ","","R","D","OF","F ","T","S","R","050","0","0","0","","","1760187","5915472",
"Auckland","GREAT SOUTH ROAD","5","N"," ","MAXWELL AVENUE","201437898","09/05/2014","Fri","0649","CC","CN1","133A 402A ","FS","R","W","B ","L ","T","N","C","050","0","0","0","","","1765407","5907190",
"Auckland","GREAT SOUTH ROAD",""," ","I","MAXWELL AVENUE","201431233","26/02/2014","Wed","0810","LB","CS1C","303B 353B ","","R","D","OF","F ","T","G","C","050","0","0","0","","","1765410","5907186",
"Auckland","GREAT SOUTH ROAD","30","S"," ","MOUNT RICHMOND DRIVE","201430082","18/02/2014","Tue","1315","AC","4S1C","372A ","","R","D","BF","F "," ","N","C","050","0","0","0","","","1763398","5911193",
"Auckland","GREAT SOUTH ROAD",""," ","I","MOUNT RICHMOND DRIVE","201433358","24/03/2014","Mon","1525","CB","CS1CC","130A 353A 817 ","FM","R","D","BF","F ","X","G","C","050","0","0","0","","","1763393","5911223",
"Auckland","GREAT SOUTH ROAD","25","N"," ","NELSON ST","201432040","29/01/2014","Wed","0755","FA","CN1C","181A 331A ","","R","D","B ","F "," "," ","C","050","0","0","0","","","1764495","5908662",
"Auckland","GREAT SOUTH ROAD",""," ","I","NGAIRE AVENUE","201437241","16/04/2014","Wed","0745","JA","PN1C","302B 377B ","","R","W","OF","F ","T","G","C","050","0","0","0","","","1758579","5917285",
"Auckland","GREAT SOUTH ROAD","25","S"," ","NICHOLSON AVENUE","201431776","03/02/2014","Mon","0330","FE","CN1C","181A 331A ","","R"," "," F","  "," ","T","X","050","0","0","0","","","1766490","5905980",
"Auckland","GREAT SOUTH ROAD","20","S"," ","OMAHU ROAD","201430876","28/01/2014","Tue","0509","EA","CS1V","103A 129A ","M","R","D","DO","F "," ","N","P","050","0","0","0","","","1759338","5916306",
"Auckland","GREAT SOUTH ROAD",""," ","I","OPAHEKE ROAD","201431555","18/01/2014","Sat","1730","KB","CN1C","301B ","","R","D","B ","F ","T","S","C","050","0","0","0","","","1772814","5896007",
"Auckland","GREAT SOUTH ROAD",""," ","I","ORAMS ROAD","201430698","10/02/2014","Mon","1720","FB","CS1C","181A ","","E","D","B ","F ","X","G","R","080","0","0","0","","","1768189","5902430",
"Auckland","GREAT SOUTH ROAD","50","N"," ","PATEY ST","201411602","18/02/2014","Tue","0050","CB","CS1","104A 129A 410A ","CPS","R","D","DO","F "," ","N","C","050","0","0","1","","","1759160","5916530",
"Auckland","GREAT SOUTH ROAD","100","W"," ","PITT ROAD","201412405","19/04/2014","Sat","1025","FD","CN1VC","112A 181A 331A 351A 904 ","","R","W","O ","M "," "," ","L","100","0","1","2","","","1772825","5890775",
"Auckland","GREAT SOUTH ROAD",""," ","I","PORTAGE ROAD","201433165","02/04/2014","Wed","0720","LB","CS1C","303B ","","R","D","TO","F ","X","T","P","050","0","0","0","","","1763494","5910652",
"Auckland","GREAT SOUTH ROAD",""," ","I","PORTAGE ROAD","201437214","15/05/2014","Thu","1315","FE","CS1C","181A ","","R","D","BF","F ","X","T","R","050","0","0","0","","","1763494","5910652",
"Auckland","GREAT SOUTH ROAD","50","S"," ","PUHINUI ROAD","201436563","29/04/2014","Tue","1700","JA","CN1C","308B 375B 927 ","","R","D","TF","F ","D"," ","C","050","0","0","0","","","1767135","5905480",
"Auckland","GREAT SOUTH ROAD",""," ","I","PUHINUI ROAD","201411222","26/02/2014","Wed","1450","HA","CS1C","322B 334B 402B ","","R","D","B ","F ","T","T","C","050","0","0","1","","","1767111","5905524",
"Auckland","GREAT SOUTH ROAD","70","S"," ","QUEEN ST","201438316","05/06/2014","Thu","0950","MO","CS1C","371A 386A ","M","R","D","B ","F "," "," ","C","050","0","0","0","","","1772615","5896530",
"Auckland","GREAT SOUTH ROAD",""," ","I","QUEEN ST","201413043","30/05/2014","Fri","1230","FE","CN14C","331A 504A ","","R","D","OF","F ","T","T","C","050","0","0","2","","","1772576","5896587",
"Auckland","GREAT SOUTH ROAD","20","S"," ","REAGAN ROAD","201431814","14/03/2014","Fri","0334","CC","CN1","103A 130A ","FHP","R","D","DO","F "," ","N","C","050","0","0","0","","","1767121","5905507",
"Auckland","GREAT SOUTH ROAD",""," ","I","REAGAN ROAD","201437202","10/05/2014","Sat","1329","FB","CS1C","181A ","","E","D","BF","F ","X","G","C","050","0","0","0","","","1767111","5905524",
"Auckland","GREAT SOUTH ROAD",""," ","I","REDOUBT ROAD","201433668","17/04/2014","Thu","1600","AD","CE1C","150A 350A ","G","E","D","OF","F ","X","T","C","100","0","0","0","","","1767774","5904295",
"Auckland","GREAT SOUTH ROAD",""," ","I","REDOUBT ROAD","201411597","22/03/2014","Sat","0305","HA","VW2V","101A 103B 322B ","","R","D","DO","F ","X","T","R","050","0","0","1","","","1767776","5904283",
"Auckland","GREAT SOUTH ROAD",""," ","I","REGENT ST","201431344","04/03/2014","Tue","0825","FD","CW1C","331A 358A ","","R","D","OF","F ","T","N","P","050","0","0","0","","","1766443","5906007",
"Auckland","GREAT SOUTH ROAD","15","N"," ","REX LANE","201436069","22/05/2014","Thu","2030","MO","CS1C","371A ","M","R","D","DO","F "," ","N","C","050","0","0","0","","","","",
"Auckland","GREAT SOUTH ROAD",""," ","I","RONWOOD AVENUE","201432882","13/03/2014","Thu","1014","FE","4N1C","181A 387A 191B ","","R","D","B ","F ","X","T","R","060","0","0","0","","","1767587","5904632",
"Auckland","GREAT SOUTH ROAD","30","S"," ","ROSEHILL DRIVE","201410946","25/01/2014","Sat","1110","EA","CN1C","103A 129A 354A ","M","R","D","BF","F "," ","N","C","050","0","0","1","","","1772677","5894912",
"Auckland","GREAT SOUTH ROAD","100","S"," ","SHIRLEY ROAD","201412333","02/04/2014","Wed","0920","GA","VN1CE","358A 927 ","JKP","R","D","B ","F ","D"," ","C","050","0","0","1","27","","1765513","5907044",
"Auckland","GREAT SOUTH ROAD",""," ","I","SIMS ROAD","201437136","23/04/2014","Wed","1126","LB","VS1V","303B 314B 377B ","","R","D","OF","F ","T","S","C","050","0","0","0","","","1762418","5912850",
"Auckland","GREAT SOUTH ROAD",""," ","I","SIMS ROAD","201436933","16/05/2014","Fri","1900","FD","CS1V","331A ","","R","D","DO","F ","T","S","C","050","0","0","0","","","1762418","5912850",
"Auckland","GREAT SOUTH ROAD",""," ","I","SOUTH-EASTERN HIGHWAY","201434844","28/03/2014","Fri","0200","DB","CN1","103A 359A ","P","R","D","DO","F ","X","T","R","050","0","0","0","","","1762500","5912764",
"Auckland","GREAT SOUTH ROAD",""," ","I","SOUTH-EASTERN HIGHWAY","201434565","26/04/2014","Sat","","FE","CS1C","181A ","","R","D","BF","F ","X","T","C","050","0","0","0","","","1762491","5912772",
"Auckland","GREAT SOUTH ROAD","20","N"," ","SUTTON CRESCENT","201435295","23/04/2014","Wed","1210","AC","CN14","184A ","","R","D","B ","F "," "," ","R","050","0","0","0","","","1765722","5906752",
"Auckland","GREAT SOUTH ROAD",""," ","I","TAONUI ST","201412086","17/04/2014","Thu","1935","BA","CS1C","129A 129B ","","R","D","DO","F ","T","N","P","050","0","0","1","","","1772656","5894631",
"Auckland","GREAT SOUTH ROAD","10","N"," ","TE IRIRANGI DRIVE","201433280","24/03/2014","Mon","1030","FE","CS1C","181A ","","R","D","BF","F ","X","T","C","050","0","0","0","","","1767424","5904945",
"Auckland","GREAT SOUTH ROAD",""," ","I","TE IRIRANGI DRIVE","201411133","16/02/2014","Sun","2330","LB","CS1C","103A 112A 303B ","","R","D","DO","F ","X","T","R","050","0","2","0","","","1767430","5904936",
"Auckland","GREAT SOUTH ROAD",""," ","I","TE IRIRANGI DRIVE","201434389","11/04/2014","Fri","0147","KC","CS1C","103B 315B ","P","R","W","DO","L ","X","T","R","060","0","0","0","","","1767430","5904936",
"Auckland","GREAT SOUTH ROAD",""," ","I","TE IRIRANGI DRIVE","201412201","06/04/2014","Sun","0330","HA","CW1C","322A 402A ","","R","D","DO","F ","X","T","R","050","0","0","1","","","1767437","5904926",
"Auckland","GREAT SOUTH ROAD","20","N"," ","TRENTHAM ROAD","201411521","10/03/2014","Mon","1636","NA","CN1E","711B 927 ","","R","D","BF","F ","D","N","C","050","0","0","1","","","1771972","5897267",
"Auckland","GREAT SOUTH ROAD","100","N"," ","TUI ROAD","201433367","25/03/2014","Tue","","MO","CS1C","387A 371B 926 ","M","R","D","BF","F ","D","N","P","050","0","0","0","","","1765906","5906495",
"Auckland","GREAT SOUTH ROAD","50","S"," ","WAIOHUA ROAD","201435260","23/04/2014","Wed","0744","NG","CS1E","371A 929 ","","R","D","B ","F "," "," ","C","050","0","0","0","","","1760678","5914863",
"Auckland","GREAT SOUTH ROAD",""," ","I","WALTERS ROAD","201436612","07/05/2014","Wed","0340","HA","CN1C","302A 375A ","","E","D","DO","F ","R","G","R","050","0","0","0","","","1771518","5897816",
"Auckland","GREAT SOUTH ROAD",""," ","I","WOOD ST","201431319","06/03/2014","Thu","1445","FB","CS1C","181A ","","R","D","BF","F ","R","G","R","050","0","0","0","","","1772827","5896111",
"Auckland","GREAT SOUTH ROAD","100","N"," ","WOODBINE AVENUE","201436059","27/05/2014","Tue","0720","AC","CS1M","372A 671A ","","R","D","BF","F "," ","N","C","050","0","0","0","","","","",
"Auckland","GREAT SOUTH ROAD N",""," ","I","CAVENDISH DRIVE","201432535","09/02/2014","Sun","1758","FE","CN1C","181A 334A ","","R","D","B ","F ","X","T","C","060","0","0","0","","","1767430","5904936",
"Auckland","GREEN LANE","120","N"," ","PREMILA DRIVE","201436882","20/05/2014","Tue","0830","EA","TN1CV","129A 330A ","M","R","D","O ","F "," "," ","C","050","0","0","0","","","1767872","5879870",
"Auckland","GREEN LANE EAST","20","E"," ","GREEN LANE WEST","201433846","07/03/2014","Fri","1205","AO","VE1M","129A ","","R","D","B ","F ","R","G","C","050","0","0","0","","","1759898","5915775",
"Auckland","GREEN LANE EAST","25","E"," ","GREENLANE INT","201436064","06/06/2014","Fri","0745","AC","CW1C","372A ","","R","D","OF","F "," ","N","C","050","0","0","0","","","","",
"Auckland","GREEN LANE EAST","25","E"," ","GREENLANE INT","201436058","22/05/2014","Thu","1337","AC","CW1C","372A 381A ","","R","D","BF","F "," ","N","C","050","0","0","0","","","","",
"Auckland","GREEN LANE EAST",""," ","I","OHINERAU ST","201434596","14/04/2014","Mon","1150","JA","CE1T","140A 387B ","","R","D","OF","F ","T","G","R","050","0","0","0","","","1760316","5916066",
"Auckland","GREEN LANE WEST","50","W"," ","GREAT SOUTH ROAD","201437579","07/05/2014","Wed","0750","AA","ME1C","372A ","","R","D","TF","F "," "," ","C","050","0","0","0","","","","",
"Auckland","GREEN LANE WEST","10","W"," ","MANUKAU ROAD","201433738","29/01/2014","Wed","0830","AA","TE1C","372A ","","R","D","O ","F ","X","T","C","070","0","0","0","","","1758101","5915490",
"Auckland","GREEN LANE WEST","100","E"," ","POHUTUKAWA DRIVE","201411218","02/02/2014","Sun","0738","CB","CE1","112A 130A 431A ","C","R","D","B ","F "," "," ","C","050","0","0","1","","","1759306","5915525",
"Auckland","GREEN LANE WEST",""," ","I","POHUTUKAWA DRIVE","201431782","15/02/2014","Sat","1145","GF","CE1C","171A 350A ","","R","D","B ","F ","X","T","C","050","0","0","0","","","1759206","5915523",
"Auckland","GREEN LANE WEST","450","W"," ","PURIRI DRIVE","201431865","04/03/2014","Tue","1200","FD","CW1CCT","331A 350A ","","R","D","BF","F "," ","N","P","050","0","0","0","","","1758756","5915508",
"Auckland","GREEN LANE WEST","15","E"," ","TAWERA ROAD","201433784","20/02/2014","Thu","1430","AO","4E1C","129A ","","R","D","B ","F ","T","T","C","050","0","0","0","","","1759777","5915685",
"Auckland","GREEN LANE WEST","50","E"," ","TAWERA ROAD","201433581","19/02/2014","Wed","1520","AO","CE1T","381A ","","R","D","BF","F "," ","N","C","050","0","0","0","","","1759805","5915705",
"Auckland","GREEN LANE WEST","50","W"," ","TAWERA ROAD","201413231","04/04/2014","Fri","0200","EA","CE1CC","103A 112A 386A ","CFM","R","D","DO","F "," ","N","C","050","0","0","1","","","1759723","5915648",
"Auckland","GREENHITHE ON EBD",""," ","I","GREENHITHE ROAD","201413128","23/05/2014","Fri","2149","DB","CE2","102A 111A 131A 351A 801 ","G","M","W","DO","L ","T","G","R","050","0","0","1","","","1750430","5929150",
"Auckland","GREENLANE INT",""," ","I","GREENLANE OFF NBD","201430799","05/02/2014","Wed","1736","FD","CN24","181A ","","M","D","BF","F ","R","G","R","050","0","0","0","","","1760129","5915912",
"Auckland","GREENLANE INT",""," ","I","GREENLANE OFF SBD","201430094","11/02/2014","Tue","0830","AC","CE1T","381A ","","M","D","BF","F ","R","G","R","050","0","0","0","","","1760153","5915987",
"Auckland","GREENLANE OFF NBD",""," ","I","GREENLANE INT","201412853","05/04/2014","Sat","1210","FB","CN1C","181A 331A 387A ","","R","D","B ","F ","R","G","C","050","0","0","1","","","1760129","5915912",
"Auckland","GREENLANE OFF SBD",""," ","I","GREENLANE INT","201434374","09/04/2014","Wed","1550","FB","CE1C","181A ","","E","D","O ","F ","T","G","N","050","0","0","0","","","1760153","5915987",
"Auckland","GREENLANE OFF SBD","250","S"," ","SH 1N","201411938","10/04/2014","Thu","1900","FD","MS1CV","181A ","","R","W","TO","F "," ","N","N","100","0","0","1","","","1760125","5915992",
"Auckland","GREENMOUNT DRIVE","100","N"," ","POLARIS PLACE","201435424","22/04/2014","Tue","0655","BC","CN1V","121A 410A ","","M","D","OF","F "," ","N","C","050","0","0","0","","","1769349","5910791",
"Auckland","GREENPARK ROAD","250","E"," ","ROCKFIELD ROAD","201437248","16/04/2014","Wed","1402","EO","TW1C","686A ","MP","R","D","OF","F "," ","N","N","050","0","0","0","","","1761004","5914030",
"Auckland","GREENPARK ROAD",""," ","I","ROCKFIELD ROAD","201432052","07/01/2014","Tue","1142","DB","CS2CCC","133A 423A ","IM","S","D","B ","F ","T","S","R","050","0","0","0","","","1760774","5914129",
"Auckland","GREENSLADE CRESCENT","150","W"," ","LAKE ROAD N","201432126","05/03/2014","Wed","1208","MO","VE1C","371A 371B 929 ","","E","W","O ","F ","D","N","N","050","0","0","0","","","1755544","5926128",
"Auckland","GREVILLE ON SBD","150","N"," ","SH 1N","201433245","18/03/2014","Tue","0930","AA","CS1C","372A ","","R","D","BF","F "," ","N","N","050","0","0","0","","","1753452","5932996",
"Auckland","GREVILLE ROAD",""," ","I","ALBANY EXPRESSWAY","201436541","16/05/2014","Fri","1415","GB","CS2C","172B 402B ","","R","D","B ","F ","R","G","C","050","0","0","0","","","1753262","5933079",
"Auckland","GREVILLE ROAD",""," ","I","GREVILLE OFF SBD","201436389","07/05/2014","Wed","0923","GC","CE14","171B ","","E","D","BF","F ","R","G","R","050","0","0","0","","","1753391","5933248",
"Auckland","GREVILLE ROAD",""," ","I","GREVILLE ON NBD","201430038","06/01/2014","Mon","1305","FB","CN1V","181A ","","R","D","BF","F ","R","G","R","050","0","0","0","","","1753289","5933087",
"Auckland","GREVILLE ROAD",""," ","I","GREVILLE ON NBD","201434736","03/05/2014","Sat","1435","AC","4N2C","361A 372A ","","M","D","BF","F ","R","G","C","050","0","0","0","","","1753293","5933058",
"Auckland","GREVILLE ROAD",""," ","I","GREVILLE ON SBD","201431352","04/03/2014","Tue","1528","AC","CS2B","372A ","","E","D","BF","F ","R","G","R","050","0","0","0","","","1753396","5933212",
"Auckland","GREVILLE ROAD",""," ","I","HUGH GREEN DRIVE","201411080","15/01/2014","Wed","1935","KA","CS1C","302B 372B 402B ","","E","D","O ","F ","X","G","R","050","0","0","1","","","1753872","5933600",
"Auckland","GREY ST",""," ","I","ALFRED ST","201435600","29/04/2014","Tue","","HA","TE14","321A ","","R","W","O ","F ","X","S","C","050","0","0","0","","","1759787","5912748",
"Auckland","GREY ST","80","E"," ","HILL ST","201431401","08/03/2014","Sat","0130","EA","CW1C","103A 129A ","M","R","D","DO","F "," ","N","C","050","0","0","0","","","1758661","5912650",
"Auckland","GREY ST","15","E"," ","PUKA ST","201433545","09/03/2014","Sun","0110","EA","CE1C","129A ","M","R","D","DO","F "," ","N","C","050","0","0","0","","","1760010","5912767",
"Auckland","GREY ST","20","E"," ","WADE AVENUE","201435376","15/04/2014","Tue","1000","EA","CE1C","129A ","M","R","D","O ","F "," "," ","C","050","0","0","0","","","1759279","5912704",
"Auckland","GREYS AVENUE","100","S"," ","MAYORAL DRIVE","201435971","06/04/2014","Sun","0950","FD","CS1CC","181A ","","R","D","BF","F "," ","N","C","050","0","0","0","","","1756995","5919843",
"Auckland","GRIFFITHS PLACE","30","E"," ","VODANOVICH ROAD","201410243","14/01/2014","Tue","1730","PO","CE1E","110A 357A 371A 722B 929 ","","R","D","B ","F ","D","N","N","050","0","0","1","9","","1746087","5918469",
"Auckland","GROTTO ST","50","E"," ","ALFRED ST","201410375","21/01/2014","Tue","2121","BA","CE1C","378A 444B 832 ","Q","R","D","DO","F "," ","N","N","050","0","0","1","","","1759864","5912426",
"Auckland","GROVE ROAD","70","N"," ","CLEVEDON ROAD","201434231","28/02/2014","Fri","1550","DB","CN1C","131A 133A 922 ","M","M","D","B ","F ","D"," ","N","050","0","0","0","","","1773671","5896925",
"Auckland","GROVE ROAD",""," ","I","WALTERS ROAD","201430781","08/01/2014","Wed","1140","FB","CN14","181A ","","R","D","OF","F ","T","G","C","070","0","0","0","","","1773117","5898403",
"Auckland","GROVE ROAD US","80","N"," ","OLD WAIROA ROAD","201436080","22/05/2014","Thu","2015","EA","CN1C","129A ","M","R","D","DO","F "," ","N","C","050","0","0","0","","","","",
"Auckland","GT SOUTH LINK",""," ","I","GREAT SOUTH ROAD","201437328","13/06/2014","Fri","1436","FB","TS1C","331A 387A ","","R","D","BF","F ","R","G","C","050","0","0","0","","","1761081","5914349",
"Auckland","HACKETT ST","15","N"," ","PERCIVAL PARADE","201437105","17/03/2014","Mon","1830","EA","CN1C","129A ","M","R","D","BF","F "," ","N","N","050","0","0","0","","","1755482","5921258",
"Auckland","HALE CRESCENT",""," ","I","HOUSTON PLACE","201431613","14/01/2014","Tue","1722","DA","CW2C","122A ","M","E","D","O ","F ","T","N","N","050","0","0","0","","","1751999","5928452",
"Auckland","HALL AVENUE",""," ","I","AGAR PLACE","201431627","19/01/2014","Sun","2015","MO","CW1C","130A 402A ","M","R","D","TO","F ","T","N","N","050","0","0","0","","","1760483","5908363",
"Auckland","HALL AVENUE","15","W"," ","ROBERTSON ROAD","201430076","10/02/2014","Mon","1055","MF","CW1C","371B ","","R","D","BF","F "," ","N","C","050","0","0","0","","","1760602","5908396",
"Auckland","HALL AVENUE","30","W"," ","ROBERTSON ROAD","201437749","04/06/2014","Wed","2000","MO","CW1C","371A 402A 862 ","","R","D","DO","F "," "," ","C","050","0","0","0","","","1760587","5908392",
"Auckland","HALLBERRY ROAD",""," ","I","GRAEME AVENUE","201411159","31/03/2014","Mon","1605","NF","4S2E","370A 711B 727B ","","R","D","B ","F ","T","G","C","050","0","0","1","7","","1763315","5906668",
"Auckland","HALSEY ROAD",""," ","I","MAICH ROAD","201436860","26/05/2014","Mon","1700","HA","TN2C","143A 302B 370B 801 ","","M","W","TO","L ","X","G","C","050","0","0","0","","","1768144","5901773",
"Auckland","HAMILTON DRIVE","50","N"," ","KITCHENER ROAD","201430959","19/02/2014","Wed","1501","DB","CN1C","110A 131A ","FM","M","D","OF","F "," ","N","C","050","0","0","0","","","1754240","5876448",
"Auckland","HAMILTON DRIVE","120","N"," ","KITCHENER ROAD","201436023","10/04/2014","Thu","1700","DB","CS1","131A ","F","M","W","OF","F "," ","N","L","050","0","0","0","","","","",
"Auckland","HAMLIN ROAD","80","E"," ","HARVARD LANE","201412736","13/01/2014","Mon","1410","DA","ME1","111A 131A ","V","M","W","OF","L "," ","N","C","050","0","0","1","","","1775187","5899094",