"TLA NAME","CRASH ROAD","CRASH DIST","CRASH DIRN","INTSN","SIDE ROAD","CRASH ID","CRASH DATE","CRASH DOW","CRASH TIME","MVMT","VEHICLES","CAUSES","OBJECTS STRUCK","ROAD CURVE","ROAD WET","LIGHT","WTHRa","JUNC TYPE","TRAF CTRL","ROAD MARK","SPD LIM","CRASH FATAL CNT","CRASH SEV CNT","CRASH MIN CNT","PERS AGE1","PERS AGE2","EASTING","NORTHING"
"Auckland","HAPE DRIVE","50","S"," ","TOM PEARCE DRIVE","201434276","21/03/2014","Fri","1640","EC","CS1","341A 352A 927 ","X","E","D","O ","F ","D"," ","N","050","0","0","0","","","1760333","5903372",
"Auckland","HARLEY ROAD","120","W"," ","ELDON ST","201430077","14/02/2014","Fri","1730","EA","CE1C","129A ","M","E","D","OF","F "," ","N","N","050","0","0","0","","","1758190","5926183",
"Auckland","HARLSTON ROAD","60","N"," ","HENDON AVENUE","201431866","26/02/2014","Wed","1800","GE","CN1C","160A 333A 929 ","","R","D","BF","F ","D","N","C","050","0","0","0","","","1752313","5915362",
"Auckland","HARMEL ROAD","100","S"," ","CLARION PLACE","201437523","17/05/2014","Sat","0600","DA","CS1C4","131A 402A 410A ","MM","E","D","DO","F "," "," ","N","050","0","0","0","","","1747764","5915517",
"Auckland","HARRINGTON AVENUE",""," ","I","TOBIN ST","201430495","01/02/2014","Sat","1530","KA","CN1C","302B ","","R","D","B ","F ","X","G","C","050","0","0","0","","","1768596","5881285",
"Auckland","HARRIS ROAD",""," ","I","CRYERS ROAD","201433383","02/04/2014","Wed","1400","KA","CN1C","301B ","","R","D","BF","F ","T","S","C","060","0","0","0","","","1768956","5911193",
"Auckland","HARRIS ROAD","20","N"," ","NEALES ROAD","201430594","04/02/2014","Tue","1010","FD","CS1V","181A ","","R","D","O ","F "," "," ","P","050","0","0","0","","","1768808","5910558",
"Auckland","HARRIS ROAD",""," ","I","NEALES ROAD","201412178","09/05/2014","Fri","0820","JA","CN1V","302B ","","R","W","B ","F ","T","G","C","060","0","0","1","","","1768804","5910539",
"Auckland","HARRIS ROAD",""," ","I","SMALES ROAD","201431937","15/03/2014","Sat","1000","BF","4W2C","131A ","","E","W","OF","L ","X","T","C","050","0","0","0","","","1768623","5909749",
"Auckland","HARRIS ROAD","20","S"," ","TI RAKAU DRIVE","201431488","01/02/2014","Sat","1330","FE","CN1C","181A ","","R","D","OF","F ","T","T","C","060","0","0","0","","","1769035","5911511",
"Auckland","HARRIS ST","120","W"," ","EDINBURGH ST","201433214","31/01/2014","Fri","1540","FC","CW1C","331A 353A ","","R","D","BF","F "," ","N","X","050","0","0","0","","","1768775","5880765",
"Auckland","HARRIS ST",""," ","I","MANUKAU ROAD","201430035","07/01/2014","Tue","1200","KA","TN1V","302B 333B ","","R","D","BF","F ","T","G","C","050","0","0","0","","","1769371","5880846",
"Auckland","HARRIS ST","10","E"," ","WELLINGTON ST","201432136","22/03/2014","Sat","1407","EA","CE1CCC","352A 386A ","M","R","D","B ","F ","T","N","C","050","0","0","0","","","1768407","5880796",
"Auckland","HARRISON ROAD","50","S"," ","ELLERSLIE-PANMURE HIGHWAY","201413058","27/05/2014","Tue","1840","CB","MN1","135A 809 ","","R","D","DO","F "," ","N","C","050","0","0","1","","","1762718","5914894",
"Auckland","HARRISVILLE ROAD",""," ","I","PUKEKOHE EAST ROAD","201433709","27/03/2014","Thu","0725","LB","CW2C","303B 377B ","","R","D","O ","L ","T","S","P","100","0","0","0","","","1773839","5881320",
"Auckland","HARWOOD CRESCENT",""," ","I","LYNN PLACE","201436202","27/03/2014","Thu","0016","EA","CN1C","129A ","MP","R","D","DO","F ","T","N","N","050","0","0","0","","","1765879","5908157",
"Auckland","HAURAKI ROAD","200","W"," ","KARAKA ROAD","201412685","24/03/2014","Mon","1507","MD","4E14","308B 387B 929 ","","S","D","BN","F ","D","N","C","050","0","0","1","","","1781322","5927165",
"Auckland","HAURAKI ROAD","15","N"," ","LAKE ROAD","201412896","04/05/2014","Sun","0330","EA","CN1C","103A 110A 330A ","M","R","W","DO","F "," "," ","N","050","0","1","0","","","1758722","5926144",
"Auckland","HAUTU DRIVE",""," ","I","ROSCOMMON ROAD","201432365","03/03/2014","Mon","1711","FB","CE1C","181A 331A ","","R","D","TF","F ","X","G","C","060","0","0","0","","","1765276","5902321",
"Auckland","HAWERA ROAD","200","E"," ","KOHIMARAMA ROAD","201436209","07/05/2014","Wed","2322","CA","CE1","103A 130A ","K","R","W","DO","L "," "," ","C","050","0","0","0","","","1763918","5919336",
"Auckland","HAYMAN PLACE",""," ","I","BEACH HAVEN ROAD","201438009","20/03/2014","Thu","0025","DA","CE2","103A 111A 131A ","","E","D","DO","F ","T","N","C","050","0","0","0","","","1751149","5927129",
"Auckland","HAYMAN ST","20","E"," ","BAIRDS ROAD","201430914","22/02/2014","Sat","0300","MO","CW1C","371A 927 ","M","R","D","DO","F ","D","N","R","050","0","0","0","","","1766906","5907864",
"Auckland","HAYR ROAD",""," ","I","CARR ROAD","201412961","01/05/2014","Thu","0810","HA","CS1M","302A ","","E","D","B ","F ","R","G","N","050","0","0","1","","","1756267","5913178",
"Auckland","HEAPHY ST","100","W"," ","KAY DRIVE","201437985","29/04/2014","Tue","0825","EO","BE1","179A 330A ","P","R","D","O ","F "," ","N","C","050","0","0","0","","","1751081","5912378",
"Auckland","HEAPHY ST",""," ","I","LUCKNOW PLACE","201434673","19/02/2014","Wed","2348","DC","CW1","103A 130A ","G","M","D","DO","F ","T","N","N","050","0","0","0","","","1750890","5912410",
"Auckland","HEIGHTS ROAD",""," ","I","BEATTY ROAD","201410852","16/02/2014","Sun","2232","DC","CN2","112A 130A ","S","R","D","DN","F ","T","S","C","100","0","0","1","","","1767768","5883376",
"Auckland","HEIGHTS ROAD","100","W"," ","SH 22","201434630","20/04/2014","Sun","1819","DA","CW1","111A 131A ","V","M","W","DN","L "," ","N","C","100","0","0","0","","","1768542","5883989",
"Auckland","HEKERUA ROAD","300","N"," ","FRANK ST","201412398","12/04/2014","Sat","1544","DB","CE1","103A 130A 358A 402A ","C","E","D","B ","F "," "," ","N","050","0","0","1","","","1780598","5926982",
"Auckland","HELLABYS ROAD","100","S"," ","HIGHBROOK DRIVE","201431641","20/01/2014","Mon","1520","EA","CS1C","129A ","MK","R","D","O ","F "," "," ","C","050","0","0","0","","","1765626","5908750",
"Auckland","HELVETIA ROAD",""," ","I","PRINCES ST","201436683","17/05/2014","Sat","1025","HA","CN1C","302B 375B ","","R","D","B ","F ","X","G","C","050","0","0","0","","","1767829","5881431",
"Auckland","HELVETIA ROAD","210","N"," ","VICTORIA ST","201435259","10/04/2014","Thu","1715","GB","CS1C","158A 929 ","","R","D","O ","F ","D","N","C","050","0","0","0","","","1767962","5881230",
"Auckland","HELVETIA ROAD","40","S"," ","VICTORIA ST","201435106","03/04/2014","Thu","2348","CB","CS1","103A 410A ","P","R","D","DO","F "," ","N","C","050","0","0","0","","","1768099","5881021",
"Auckland","HELVETIA ROAD",""," ","I","VICTORIA ST","201436881","18/05/2014","Sun","1000","HA","CS1V","301B 351B ","","R","D","B ","F ","X","S","L","050","0","0","0","","","1768077","5881054",
"Auckland","HENDERSON VALLEY ROAD","230","W"," ","CANDIA ROAD","201437071","31/05/2014","Sat","1940","AC","CE1V","159A ","","R","D","DN","F "," "," ","C","050","0","0","0","","","1742028","5915220",
"Auckland","HENDERSON VALLEY ROAD",""," ","I","CORBAN AVENUE","201413033","28/05/2014","Wed","0645","JC","CW2M","302A 375A ","","E","D","DO","F ","T","G","P","050","0","0","1","","","1744620","5915947",
"Auckland","HENDERSON VALLEY ROAD",""," ","I","FOREST HILL ROAD","201433880","02/04/2014","Wed","1730","HA","CN2C","302A ","","R","D","B ","F ","R","G","R","050","0","0","0","","","1744336","5915706",
"Auckland","HENDERSON VALLEY ROAD","60","N"," ","GARELJA ROAD","201412875","13/05/2014","Tue","1244","JA","CN1C","308B 377B 402B 839 930 ","","R","D","B ","F ","D"," ","C","050","0","0","1","","","1744828","5916114",
"Auckland","HENDERSON VALLEY ROAD","100","W"," ","GREAT NORTH ROAD","201430033","06/01/2014","Mon","1145","EC","TW1","686A ","X","E","D","BF","F "," ","N","L","050","0","0","0","","","1745264","5917335",
"Auckland","HENDERSON VALLEY ROAD",""," ","I","GREAT NORTH ROAD","201435505","19/04/2014","Sat","2117","DA","CS1","103A 111A 131A 801 ","C","M","W","DO","L ","X","T","C","050","0","0","0","","","1745342","5917395",
"Auckland","HENDERSON VALLEY ROAD","5","W"," ","PINE AVENUE","201410615","23/02/2014","Sun","0835","LB","SN1C","303B 375B 929 ","","R","D","O ","F ","D","N","C","050","0","0","1","","51","1743713","5915206",
"Auckland","HENDERSON VALLEY ROAD","500","W"," ","PINE AVENUE","201436934","20/05/2014","Tue","1220","EA","TW1C","129A ","M","R","D","B ","F "," "," ","C","050","0","0","0","","","1743317","5915470",
"Auckland","HENDERSON VALLEY ROAD",""," ","I","SMYTHE ROAD E","201432271","29/01/2014","Wed","0719","FE","4S1C","181A 331A ","","R","D","BF","F ","X","T","C","050","0","0","0","","","1745179","5917070",
"Auckland","HENDERSON VALLEY ROAD","40","S"," ","STEVIES LANE","201413818","27/05/2014","Tue","1154","GD","CS14","181A 331A 632A 926 ","","E","D","B ","F ","D"," ","C","050","0","0","2","","","1745267","5917337",
"Auckland","HENDERSON VALLEY ROAD",""," ","I","WOODRUFFE AVENUE","201434290","12/03/2014","Wed","2300","JA","CS1C","101B 124B 131B 357B ","","R","D","DO","F ","T","N","C","050","0","0","0","","","1745088","5916418",
"Auckland","HENLEY ROAD",""," ","I","BALMORAL ROAD","201432038","10/02/2014","Mon","1800","GF","BS1C","158B ","","R","D","O ","F ","T","S","C","050","0","0","0","","","1756395","5916034",
"Auckland","HENWOOD ROAD","60","S"," ","WINTHROP WAY","201437912","13/06/2014","Fri","0905","MG","CS1C","150B 371B ","","R","D","BF","F "," ","N","C","050","0","0","0","","","1762197","5906345",
"Auckland","HEPBURN ROAD",""," ","I","DENARIUS LANE","201431035","14/02/2014","Fri","0506","DB","CN1CC","122A 355A ","M","R","W","DN","F ","T","N","N","050","0","0","0","","","1747674","5916103",
"Auckland","HEPBURN ROAD",""," ","I","FARQUHAR ROAD","201411033","10/01/2014","Fri","1449","GD","TS1CV","331A 350A ","","R","D","B ","F ","T","G","C","050","0","0","3","","","1747079","5915373",
"Auckland","HEPBURN ROAD",""," ","I","GREAT NORTH ROAD","201432485","26/02/2014","Wed","0835","FB","CS1C","331B 353B ","","E","D","BN","F ","T","G","R","050","0","0","0","","","1746990","5915134",
"Auckland","HERD ROAD","25","E"," ","HILLSBOROUGH ROAD","201410724","12/03/2014","Wed","1747","FD","CW1CVC","181A 330A ","","R","D","B ","F ","M","T","C","050","0","0","2","","","1756737","5913063",
"Auckland","HERETAUNGA AVENUE",""," ","I","PUKA ST","201436911","13/03/2014","Thu","1050","DC","CE1","111A 131A 402A ","P","E","D","B ","F ","T","N","N","050","0","0","0","","","1760013","5912612",
"Auckland","HIBISCUS COAST HIGHWAY","500","S"," ","CENTREWAY ROAD","201431847","19/02/2014","Wed","1525","FD","CN1C","181A ","","R","W","OF","F "," ","N","C","050","0","0","0","","","1751764","5948106",
"Auckland","HIBISCUS COAST HIGHWAY","130","S"," ","EMPIRE ROAD","201431602","02/01/2014","Thu","1605","FC","CS1CC","331A 352A 181B ","","R","D","B ","F "," "," ","C","050","0","0","0","","","1751935","5949075",
"Auckland","HIBISCUS COAST HIGHWAY",""," ","I","FLORENCE AVENUE","201434594","18/04/2014","Fri","0040","DB","CN1","103A ","R","R","W","DO","F ","R","G","R","050","0","0","0","","","1751658","5949824",
"Auckland","HIBISCUS COAST HIGHWAY",""," ","I","GREENVIEW LANE","201434715","28/04/2014","Mon","1645","FD","VN1CC","181A 181C ","","E","W","BF","L ","T","N","C","080","0","0","0","","","1750936","5947223",
"Auckland","HIBISCUS COAST HIGHWAY",""," ","I","MOANA AVENUE","201431769","17/01/2014","Fri","1101","DA","CE2","131A 423A 507A ","P","E","D","B ","FS","T","G","C","030","0","0","0","","","1751740","5949695",
"Auckland","HIBISCUS COAST HIGHWAY","200","S"," ","OLD NORTH ROAD","201437017","20/02/2014","Thu","1010","MC","CS1C","372B ","","E","D","O ","F "," "," ","C","050","0","0","0","","","1751289","5950831",
"Auckland","HIBISCUS COAST HIGHWAY","100","W"," ","RIVER ROAD","201435410","03/05/2014","Sat","1645","FD","CW1CV","181A ","","R","D","OF","F "," ","N","C","050","0","0","0","","","1751384","5947778",
"Auckland","HIBISCUS COAST HIGHWAY","20","N"," ","RIVERSIDE ROAD","201431239","05/02/2014","Wed","1930","EE","CN1C","129A ","M","R"," "," F","  "," ","N","N","050","0","0","0","","","1751838","5949403",
"Auckland","HIBISCUS COAST HIGHWAY","50","E"," ","SILVERDALE ON SBD","201430059","03/01/2014","Fri","1917","QG","4E1","130A 429A ","G","R"," "," F","F "," ","N","C","080","0","0","0","","","1748909","5945506",
"Auckland","HIBISCUS COAST HIGHWAY","50","N"," ","SILVERDALE ST","201436594","10/05/2014","Sat","1032","AC","CN1C","372A 402A 671A ","HT","R","D","B ","F "," "," ","C","080","0","0","0","","","1749986","5946121",
"Auckland","HIBISCUS COAST HIGHWAY",""," ","I","SILVERDALE ST","201434397","21/03/2014","Fri","1719","LB","CN1C","303B ","","R","D","B ","F ","X","G","C","080","0","0","0","","","1749948","5946088",
"Auckland","HIBISCUS COAST HIGHWAY","150","N"," ","TITAN PLACE","201434396","19/03/2014","Wed","1654","AA","CN14","184A ","","R","D","B ","F "," "," ","R","080","0","0","0","","","1750489","5946516",
"Auckland","HIBISCUS COAST HIGHWAY","100","W"," ","TITAN PLACE","201435206","20/04/2014","Sun","1424","KA","CW1C","308B 922 ","","R","W","O ","F ","D","N","R","080","0","0","0","","","1750280","5946380",
"Auckland","HIBISCUS COAST HIGHWAY","200","S"," ","WAIWERA ROAD","201435459","09/05/2014","Fri","1312","DB","4N1","111A 514A ","G","M","W","O ","F "," ","N","C","080","0","0","0","","","1752453","5954415",
"Auckland","HIBISCUS COAST HIGHWAY","10","N"," ","WEITI ROAD","201413236","30/05/2014","Fri","1821","FC","MN1E","306A 376A ","","R","D","DO","F ","T","N","R","050","0","1","1","68","","1751950","5949016",
"Auckland","HIBISCUS COAST HIGHWAY","20","S"," ","WEITI ROAD","201435507","18/04/2014","Fri","0854","EA","CN1C","129A 410A ","M","R","D","B ","F "," "," ","P","050","0","0","0","","","1751958","5948987",
"Auckland","HIBISCUS COAST HIGHWAY","750","S"," ","WERANUI ROAD","201436779","29/05/2014","Thu","1640","DB","CN1","110A 404A ","","M","W","TF","F "," ","N","L","080","0","0","0","","","1752661","5953983",
"Auckland","HIBISCUS COAST HIGHWAY",""," ","I","WEST HOE ROAD","201432674","29/03/2014","Sat","0831","LB","CN1C","303B 375B ","","R","D","B ","F ","T","T","C","050","0","0","0","","","1751462","5950303",
"Auckland","HIBISCUS COAST HIGHWAY","30","S"," ","WHANGAPARAOA ROAD","201432117","11/03/2014","Tue","1620","AA","CN1C","372A ","","R","D","B ","F "," ","N","C","050","0","0","0","","","1750687","5946668",
"Auckland","HIBISCUS COAST HIGHWAY",""," ","I","WHANGAPARAOA ROAD","201437838","10/06/2014","Tue","1230","GD","CN1C","181A ","","R","D","B ","F ","X","G"," ","050","0","0","0","","","1750709","5946689",
"Auckland","HIBISCUS COAST HIGHWAY","150","S"," ","WHANGAPAROA ROAD","201411795","17/03/2014","Mon","1635","FD","4N1CV","181A 181B ","","R","D","O ","F "," "," ","C","080","0","0","2","","","1750519","5946538",
"Auckland","HIGHBROOK DRIVE",""," ","I","BUSINESS PARADE NORTH","201436731","25/05/2014","Sun","1550","CB","VE1","129A 358A ","EP","R","D","B ","F ","T","N","C","070","0","0","0","","","1767064","5910534",
"Auckland","HIGHBROOK DRIVE","100","W"," ","BUSINESS PARADE SOUTH","201433262","09/01/2014","Thu","1900","BA","CE1C","205A 330A 197B ","I","R","D","BF","F "," "," ","R","070","0","0","0","","","1766965","5910538",
"Auckland","HIGHBROOK DRIVE","50","W"," ","CRYERS ROAD","201437361","06/06/2014","Fri","1121","AC","4E1C","159A 381A ","","R","D","BF","F "," ","N","P","050","0","0","0","","","1767781","5910356",
"Auckland","HIGHBROOK DRIVE","400","W"," ","EL KOBAR DRIVE","201413087","06/06/2014","Fri","0637","DA","CE14","111A 131A 357A ","P","E","D","DO","F "," ","N","R","070","0","0","1","","","1766229","5910199",
"Auckland","HIGHBROOK DRIVE","350","N"," ","HIGHBROOK OFF SBD","201430149","28/01/2014","Tue","1255","AA","TN1C","372A 671A ","","R","D","BF","F "," ","N","R","070","0","0","0","","","1765594","5909247",
"Auckland","HIGHBROOK DRIVE OBR",""," ","I","HIGHBROOK ON SBD","201434216","28/02/2014","Fri","1943","KA","4E1C","302A 350A ","","S","D","O ","F ","R","G","C","050","0","0","0","","","1765630","5908850",
"Auckland","HIGHBROOK ON SBD",""," ","I","HELLABYS ROAD","201435224","17/04/2014","Thu","1200","AA","CN2T","372A ","","E","D","B ","F ","R","G","C","060","0","0","0","","","1765615","5908850",
"Auckland","HIGHBROOK ON SBD",""," ","I","HIGHBROOK DRIVE","201433398","10/03/2014","Mon","1357","AA","4N1T","350A 372A ","","M","D","BF","F ","R","G","C","050","0","0","0","","","1765596","5908889",
"Auckland","HIGHBURY BYPASS",""," ","I","BIRKENHEAD AVENUE","201433248","16/03/2014","Sun","2045","LB","CE1C","322A ","","R","W","DO","L ","X","T","C","050","0","0","0","","","1753915","5924806",
"Auckland","HIGHBURY BYPASS",""," ","I","MAHARA AVENUE","201433195","01/04/2014","Tue","1715","JC","CS2C","302A 902 ","","R","D","B ","F ","T","G","C","050","0","0","0","","","1753552","5924734",
"Auckland","HIGHLAND PARK DRIVE","10","E"," ","AVIEMORE DRIVE","201433396","26/03/2014","Wed","2230","KA","CE1C","302B 353B 377B ","","E","D","DO","F ","T","G","R","050","0","0","0","","","1769818","5914586",
"Auckland","HIGHLAND PARK DRIVE",""," ","I","CROMDALE AVENUE","201432239","21/02/2014","Fri","0825","HA","CW1C","321B ","","R","D","B ","F ","X","S","R","050","0","0","0","","","1770290","5914345",
"Auckland","HILL ROAD",""," ","I","CLAUDE ROAD","201430306","09/01/2014","Thu","1720","JA","CE1V","302B 377B 830 ","","R","D","B ","F ","T","G","C","050","0","0","0","","","1769182","5901572",
"Auckland","HILL ROAD","80","E"," ","GRANDE VUE ROAD","201435449","03/05/2014","Sat","1241","FD","TW1V","181A 352A ","","R","D","B ","F "," ","N","C","050","0","0","0","","","1769552","5901796",
"Auckland","HILL ROAD",""," ","I","GRANDE VUE ROAD","201410643","20/02/2014","Thu","0630","LB","CE1C","303B 375B ","","R","D","B ","F ","T","G","C","050","0","0","2","","","1769478","5901765",
"Auckland","HILL ROAD","50","W"," ","HILLCREST GROVE","201435227","20/04/2014","Sun","0233","DA","CE1","111A 131A 402A ","P","M","W","DO","L "," "," ","C","050","0","0","0","","","1769381","5901715",
"Auckland","HILL ROAD","10","E"," ","MANUREWA OFF SBD","201437351","09/06/2014","Mon","1755","FE","CW1C","112A 181A ","","R","W","DO","H ","T","T","C","060","0","0","0","","","1769667","5901842",
"Auckland","HILL ROAD",""," ","I","MANUREWA OFF SBD","201434313","11/04/2014","Fri","1245","JA","CE1C","322B ","","R","D","B ","F ","T","T","C","050","0","0","0","","","1769657","5901839",
"Auckland","HILL ROAD","150","E"," ","NEWHOOK LANE","201437360","10/06/2014","Tue","2330","CB","CE1","136A 651A ","S","R","W","DO","L "," ","N","C","050","0","0","0","","","1768830","5901204",
"Auckland","HILL ROAD","260","E"," ","NEWHOOK LANE","201430308","12/01/2014","Sun","1215","DA","CS1","110A 131A ","T","M","D","O ","F "," ","N","C","050","0","0","0","","","1768925","5901255",
"Auckland","HILL ROAD",""," ","I","STEWART GIBSON PLACE","201430496","31/01/2014","Fri","1710","JA","CW1C","302B 375B ","","E","D","O ","F ","T","G","P","050","0","0","0","","","1770263","5902082",
"Auckland","HILL ROAD","20","W"," ","WHITBOURNE HEIGHTS","201431003","05/02/2014","Wed","1715","FD","CE1C","133A 181A ","","R","D","B ","F ","T","N","C","060","0","0","0","","","1769627","5901827",
"Auckland","HILL ST","120","S"," ","PRINCES ST","201434907","20/01/2014","Mon","2100","DA","4S1","129A 927 ","H","R","D","DN","F ","D","N","C","050","0","0","0","","","1758650","5911794",
"Auckland","HILLCREST ROAD","40","W"," ","BEAUFORT PLACE","201436640","10/05/2014","Sat","0815","EA","CE1C","386A ","M","R","D","O ","F "," ","N","C","050","0","0","0","","","1764164","5905507",
"Auckland","HILLCREST ROAD",""," ","I","FERNDOWN AVENUE","201413113","16/05/2014","Fri","2215","EA","CN1C","129A 331A 351A ","M","R","D","DO","F ","T","G","C","050","0","0","2","","","1763673","5905337",
"Auckland","HILLCREST ROAD",""," ","I","SUMNER ST","201431273","26/02/2014","Wed","0810","KB","VN1C","302B 375B ","","R","D","BF","F ","X","G","C","050","0","0","0","","","1764025","5905416",
"Auckland","HILLSBOROUGH OFF EBD","5","W"," ","HILLSBOROUGH ROAD","201435601","19/04/2014","Sat","1225","GA","CE1C","181A 331A ","","E","D","B ","F ","X","G","R","050","0","0","0","","","1756629","5912849",
"Auckland","HILLSBOROUGH OFF WBD","20","E"," ","HILLSBOROUGH ROAD","201430936","15/02/2014","Sat","1734","FE","CW1C","181A 410A ","","E","D","BF","F "," ","T","N","050","0","0","0","","","1756625","5912776",
"Auckland","HILLSBOROUGH ROAD",""," ","I","BELFAST ST","201412256","06/05/2014","Tue","1807","FD","CE1CC","181A 331A ","","E","W","DO","F ","T","N","C","050","0","0","1","","","1756360","5912405",
"Auckland","HILLSBOROUGH ROAD",""," ","I","CARR ROAD","201436200","08/05/2014","Thu","1510","GO","CN1B","386B ","","R","D","B ","F ","X","T","C","050","0","0","0","","","1756713","5913070",
"Auckland","HILLSBOROUGH ROAD",""," ","I","CARR ROAD","201430923","28/01/2014","Tue","1935","FE","CN1C","181A ","","R","D","BF","F ","T","T","C","050","0","0","0","","","1756713","5913070",
"Auckland","HILLSBOROUGH ROAD","5","E"," ","HIBISCUS PLACE","201437876","30/04/2014","Wed","1312","GB","CW1C","157A 158A 929 ","","E","D","O ","F ","D","N","C","080","0","0","0","","","1755004","5911463",
"Auckland","HILLSBOROUGH ROAD","100","N"," ","JAMES TYLER CRESCENT","201412182","05/03/2014","Wed","1137","BE","CN14","130A 130B 801 901 ","","R","W","O ","H "," "," ","C","050","0","0","1","","","1754040","5911588",
"Auckland","HILLSBOROUGH ROAD","20","N"," ","LITTLEJOHN ST","201437167","24/05/2014","Sat","1530","MO","CN1C","371B ","","E","D","BF","F "," ","N","C","050","0","0","0","","","1756582","5912599",
"Auckland","HILLSBOROUGH ROAD",""," ","I","MARIE AVENUE","201435821","23/03/2014","Sun","1500","LB","CN1C","303B 375B 929 ","","R","D","BF","F ","D","N","C","050","0","0","0","","","1756812","5913405",
"Auckland","HILLSBOROUGH ROAD",""," ","I","OLSEN AVENUE","201412268","14/05/2014","Wed","1918","NB","CE1E","711B 719B 724B ","","R","W","DO","L ","T","S","C","050","0","1","0","85","","1756257","5912320",
"Auckland","HILLSBOROUGH ROAD",""," ","I","QUONA AVENUE","201432396","14/02/2014","Fri","1335","MC","CE1C","372B ","","E","D","O ","F ","T","S","C","050","0","0","0","","","1754811","5911419",
"Auckland","HILLSBOROUGH ROAD","100","N"," ","THE AVENUE","201438648","02/06/2014","Mon","2011","CB","CN1","130A ","P","R","D","DO","F "," "," ","C","050","0","0","0","","","1753510","5912064",
"Auckland","HILLSIDE ROAD","180","E"," ","DIANA DRIVE","201435308","05/05/2014","Mon","0654","DA","TE1","111A 131A ","K","M","W","O ","F "," "," ","C","050","0","0","0","","","1754683","5928433",
"Auckland","HILLSIDE ROAD","270","E"," ","DIANA DRIVE","201437859","23/04/2014","Wed","0123","DA","CW1","111A 131A ","FKX","M","W","DO","F "," ","N","C","050","0","0","0","","","1754747","5928383",
"Auckland","HILLSIDE ROAD","15","N"," ","SUMNER ST","201436536","13/05/2014","Tue","0810","EA","CN1V","129A 130A 363A 902 ","M","R","W","B ","F "," "," ","C","050","0","0","0","","","1764104","5905330",
"Auckland","HILLSIDE ROAD","100","E"," ","WALTERS ROAD","201433281","23/03/2014","Sun","0630","EA","CE1C","129A ","M","R","D","DO","F "," ","N","C","050","0","0","0","","","1764655","5911207",
"Auckland","HINAU ROAD","480","S"," ","SCHOOL ROAD","201435203","12/04/2014","Sat","1950","DA","CN1","111A 131A ","","E","D","DN","F "," "," ","N","100","0","0","0","","","1732546","5927335",
"Auckland","HINEMOA ST","80","S"," ","AWANUI ST","201432998","18/03/2014","Tue","1759","DB","CN14C","111A 131A 402A ","M","M","D","B ","F "," "," ","C","050","0","0","0","","","1754945","5923624",
"Auckland","HINEMOA ST","5","E"," ","RAWENE ROAD","201430650","23/01/2014","Thu","1501","EA","BS1C","386A ","M","E","D","B ","F ","T","N","C","050","0","0","0","","","1753995","5924552",
"Auckland","HINGAIA ROAD","100","N"," ","OAKLAND ROAD","201433695","18/03/2014","Tue","0820","FD","CS1CC","181A 331A 402A ","","R","D","BF","F "," ","N","C","070","0","0","0","","","1770029","5894485",
"Auckland","HINGAIA ROAD",""," ","I","PAPAKURA OFF NBD","201411565","09/03/2014","Sun","2040","JA","4W1C","103A 322A ","","R","D","DO","F ","T","T","R","050","0","0","1","","","1771337","5895208",
"Auckland","HINGAIA ROAD","20","W"," ","TOWAI ROAD","201431207","07/02/2014","Fri","0931","QG","TE1","131A ","C","M","D","BF","F "," ","N","L","070","0","0","0","","","1769591","5894186",
"Auckland","HOBBY AVENUE","150","W"," ","ESKDALE ROAD","201430471","26/01/2014","Sun","2200","EA","CN1C","386A ","M","R","D","DO","F "," ","N","N","050","0","0","0","","","1753061","5926053",
"Auckland","HOBSON ON SBD","30","N"," ","SH 1N","201435767","15/05/2014","Thu","1456","AO","CS1C","130A 150A 330A 381B ","G","R","D","B ","F "," "," ","N","080","0","0","0","","","1756641","5919670",
"Auckland","HOBSON ON SBD","40","N"," ","SH 1N","201435895","01/05/2014","Thu","1900","AA","CS1C","372A ","","E","D","DO","F "," ","N","C","080","0","0","0","","","1756645","5919679",
"Auckland","HOBSON ST","20","N"," ","COOK ST","201410355","22/01/2014","Wed","1624","FD","VS1CCC","181A ","","R","D","BF","F "," ","N","N","050","0","0","1","","","1756910","5920156",
"Auckland","HOBSON ST","30","S"," ","COOK ST","201433702","04/03/2014","Tue","1500","AA","CS1C","372A ","","R","D","B ","F "," "," ","N","050","0","0","0","","","1756886","5920112",
"Auckland","HOBSON ST","50","S"," ","COOK ST","201436607","21/03/2014","Fri","2215","GD","CS1C","101A 181A 929 ","","R","D","DO","F ","D","N","C","050","0","0","0","","","1756877","5920094",
"Auckland","HOBSON ST",""," ","I","COOK ST","201434705","22/04/2014","Tue","1840","FE","CS1C","181A ","","R","D","DO","F ","X","T","N","050","0","0","0","","","1756900","5920138",
"Auckland","HOBSON ST",""," ","I","COOK ST","201412104","15/03/2014","Sat","1128","HA","CS1CC","313B 330B ","","R","W","O ","L ","X","T","C","050","0","0","1","","","1756900","5920138",
"Auckland","HOBSON ST",""," ","I","NICHOLAS ST","201433197","30/03/2014","Sun","0010","GC","BS1C","372B ","","R","D","DO","F ","T","N","C","050","0","0","0","","","1756836","5920017",
"Auckland","HOBSON ST",""," ","I","NICHOLAS ST","201431168","04/03/2014","Tue","2125","MG","CS1C","371B ","","R","D","DO","F ","T","N","C","050","0","0","0","","","1756836","5920017",
"Auckland","HOBSON ST","20","S"," ","PACIFIC PLACE","201433582","12/03/2014","Wed","1320","AC","CS1C","372A ","","R","D","BF","F "," ","N","R","050","0","0","0","","","1756965","5920276",
"Auckland","HOBSON ST","15","N"," ","PITT ST","201432851","21/02/2014","Fri","2215","AC","CS1C","372A ","","R","D","DO","F "," "," ","C","060","0","0","0","","","1756766","5919887",
"Auckland","HOBSON ST","15","N"," ","UNION ST","201433706","12/03/2014","Wed","1620","FD","CS1C","181A ","","R","D","B ","F "," "," ","L","050","0","0","0","","","1756766","5919887",