"TLA NAME","CRASH ROAD","CRASH DIST","CRASH DIRN","INTSN","SIDE ROAD","CRASH ID","CRASH DATE","CRASH DOW","CRASH TIME","MVMT","VEHICLES","CAUSES","OBJECTS STRUCK","ROAD CURVE","ROAD WET","LIGHT","WTHRa","JUNC TYPE","TRAF CTRL","ROAD MARK","SPD LIM","CRASH FATAL CNT","CRASH SEV CNT","CRASH MIN CNT","PERS AGE1","PERS AGE2","EASTING","NORTHING"
"Auckland","HOBSON ST","150","N"," ","UNION ST","201411965","21/02/2014","Fri","1645","NB","CS1E","711B 712B ","","R","D","BF","F "," ","N","C","050","0","0","1","9","","1756830","5920006",
"Auckland","HOBSON ST","100","N"," ","VICTORIA ST WEST","201430067","02/01/2014","Thu","","EA","CS1C","129A ","M","R"," "," F","  "," ","N","N","050","0","0","0","","","1757101","5920636",
"Auckland","HOBSON ST",""," ","I","VICTORIA ST WEST","201436642","14/05/2014","Wed","1840","JO","CE1C","512A 517A ","","R","W","DO","F ","T","N","C","050","0","0","0","","","1757065","5920542",
"Auckland","HOBSON ST",""," ","I","WELLESLEY ST WEST","201438642","01/06/2014","Sun","0340","HA","XS1C","322B 355B ","","R","W","DO","L ","X","T","N","050","0","0","0","","","1756989","5920338",
"Auckland","HOBSON ST",""," ","I","WELLESLEY ST WEST","201437170","26/05/2014","Mon","1915","FE","VW2C","181A ","","R","D","DO","F ","X","T","C","050","0","0","0","","","1756989","5920338",
"Auckland","HOBSONVILLE OFF NBD","50","W"," ","16 LINK 18","201436345","03/04/2014","Thu","0757","AC","CW1C","372A ","","R","D","BF","F "," ","N","N","100","0","0","0","","","1744079","5923694",
"Auckland","HOBSONVILLE OFF NBD","10","S"," ","HOBSONVILLE ROAD","201435597","30/04/2014","Wed","1215","FD","CN1C","108A 181A 331A ","","R","D","B ","F ","T","G","N","050","0","0","0","","","1743929","5923995",
"Auckland","HOBSONVILLE ROAD","200","E"," ","HENDRIKA COURT","201412876","14/05/2014","Wed","1012","PC","CS1","371A 929 ","","R","W","O ","L ","D"," ","C","050","0","0","1","87","","1746130","5925546",
"Auckland","HOBSONVILLE ROAD","90","W"," ","TRIG ROAD","201436566","16/05/2014","Fri","0700","EA","CE1T","129A 130A ","M","R","D","TF","F "," "," ","C","050","0","0","0","","","1744882","5924314",
"Auckland","HOGANS ROAD","15","W"," ","NORMANTON ST","201432867","06/03/2014","Thu","1900","MA","CW1C","373B ","","R","D","B ","F "," "," ","C","050","0","0","0","","","1753947","5929088",
"Auckland","HOGANS ROAD",""," ","I","WELDENE AVENUE","201436279","13/05/2014","Tue","0900","BB","CN1C","124A 351A ","","R","D","B ","F ","T","G","C","050","0","0","0","","","1753762","5928889",
"Auckland","HOHIPERE ST",""," ","I","SYMONDS ST","201410684","18/02/2014","Tue","","BC","CW1S","122A ","","R","W","B ","F ","T","N","P","050","0","0","1","","29","1756983","5918842",
"Auckland","HOKONUI ROAD","50","S"," ","HAUITI ROAD","201434550","19/04/2014","Sat","2320","MO","CS1C","371A ","M","R","D","DO","F "," ","N","C","050","0","0","0","","","1763975","5910467",
"Auckland","HOLDENS ROAD","290","E"," ","FOREST HILL ROAD","201410570","19/01/2014","Sun","1030","DB","CE1","103A 111A 131A ","C","M","D","BF","F "," ","N","C","050","0","0","1","","","1743791","5914378",
"Auckland","HOLLY ST","550","S"," ","EASTDALE ROAD","201436876","23/03/2014","Sun","0140","EA","CS1C","102A 129A 412A ","M","R","D","DO","F "," "," ","C","050","0","0","0","","","1750843","5916286",
"Auckland","HOLLYFORD DRIVE","100","S"," ","ASPIRING AVENUE","201437069","29/05/2014","Thu","0845","KB","CS1C","929 ","","E","D","O ","F ","D","N","C","050","0","0","0","","","1768791","5904923",
"Auckland","HOOKS ROAD","190","E"," ","COXHEAD ROAD","201430634","03/02/2014","Mon","2100","GE","CE1V","144B 193B 929 ","","R","D","TO","F ","D","N","C","050","0","0","0","","","1768737","5899361",
"Auckland","HOPETOUN ST","30","W"," ","HOWE ST","201437868","30/04/2014","Wed","1706","MG","PE1C","371B ","","R","D","B ","F "," ","N","N","050","0","0","0","","","1756400","5919482",
"Auckland","HOPETOUN ST","5","W"," ","ST JAMES ST","201434698","04/03/2014","Tue","1610","FD","CS1C","331A 350A ","","R","D","BF","F ","T","S","L","050","0","0","0","","","1756687","5919652",
"Auckland","HOSPITAL ROAD","50","S"," ","MANGERE ROAD","201411114","20/03/2014","Thu","2130","CA","CS1CC","101A 112A 130A ","M","R","D","DO","F "," "," ","C","050","0","0","2","","","1763397","5908395",
"Auckland","HOSPITAL ROAD",""," ","I","MANGERE ROAD","201430758","05/01/2014","Sun","1506","BF","CS2C","135A 801 ","","M","W","OF","L ","T","T","R","050","0","0","0","","","1763378","5908440",
"Auckland","HOTEO AVENUE","150","E"," ","GREAT SOUTH ROAD","201413262","13/05/2014","Tue","0810","PC","CN1E","371A 378A 830 929 ","","R","D","B ","F ","D","N","N","050","0","0","1","","","1765835","5906851",
"Auckland","HOTEO AVENUE",""," ","I","GREAT SOUTH ROAD","201432848","01/03/2014","Sat","1600","FB","CW1C","331A ","","E","D","O ","F ","T","G","C","050","0","0","0","","","1765706","5906775",
"Auckland","HOUPARA ST","100","E"," ","RANGIPAWA ROAD","201410725","28/01/2014","Tue","1211","PD","CE1E","371A 722B 727B ","","R","D","B ","F "," ","N","C","050","0","0","1","2","","1760367","5913803",
"Auckland","HOWE ST","10","N"," ","HAYDEN ST","201431001","14/02/2014","Fri","0815","FD","CN1C","181A ","","R","D","B ","F ","T","N","C","050","0","0","0","","","1756381","5919938",
"Auckland","HOWE ST","30","S"," ","WHITSON TERRACE S","201438635","28/05/2014","Wed","0935","FC","CS1C","331A 358A ","","R","D","B ","F "," ","P","X","050","0","0","0","","","1756419","5919588",
"Auckland","HUIA ROAD",""," ","I","EAST TAMAKI ROAD","201433609","13/03/2014","Thu","1740","GD","VN1C","181A 331A ","","R","D","TO","F ","X","T","C","050","0","0","0","","","1766069","5907295",
"Auckland","HUIA ROAD","25","N"," ","EXHIBITION DRIVE","201433257","01/03/2014","Sat","1400","BF","CS1C","111A 131A ","","M","D","BN","F "," ","N","C","050","0","0","0","","","1744613","5909141",
"Auckland","HUIA ROAD","90","N"," ","EXHIBITION DRIVE","201437195","29/05/2014","Thu","1753","DA","CN1","132A ","T","M","W","DO","L "," ","N","C","050","0","0","0","","","1744636","5909200",
"Auckland","HUIA ROAD",""," ","I","HAMILTON ROAD","201431932","06/03/2014","Thu","0917","GB","CN1V","387A 929 ","","R","D","BF","F ","D","N","C","050","0","0","0","","","1766239","5906837",
"Auckland","HUIA ROAD",""," ","I","HOTEO AVENUE","201431886","19/02/2014","Wed","1639","KB","CS1C","302B 375B ","","R","D","BF","F ","T","G","C","050","0","0","0","","","1766205","5907068",
"Auckland","HUIA ROAD","200","N"," ","HUIA POINT LOOKOUT ROAD","201411796","05/04/2014","Sat","1453","BB","ME1CC","123A 505A 514A ","","M","D","B ","F "," "," ","C","050","0","0","1","","","1740470","5903424",
"Auckland","HUIA ROAD","110","S"," ","KIMPTON ROAD","201431934","13/03/2014","Thu","0907","BF","CS1C","129A 131A 407A ","","S","W","OF","F "," ","N","C","050","0","0","0","","","1766265","5906955",
"Auckland","HUIA ROAD","150","N"," ","LAINGHOLM DRIVE","201430397","21/01/2014","Tue","1020","DB","CN1","111A 134A ","","M","W","O ","F "," ","N","P","050","0","0","0","","","1746358","5909619",
"Auckland","HUIA ROAD","170","N"," ","LAINGHOLM DRIVE","201433255","18/03/2014","Tue","2153","DA","4N1","111A 131A ","ST","M","W","DO","F "," ","N","C","070","0","0","0","","","1746360","5909639",
"Auckland","HUIA ROAD","50","S"," ","LOWER NIHOTUPU DAM ROAD","201433629","23/02/2014","Sun","1837","DA","CS1","111A 131A ","F","M","D","B ","F "," "," ","L","100","0","0","0","","","1743715","5907783",
"Auckland","HUIA ROAD",""," ","I","LOWER NIHOTUPU DAM ROAD","201432090","09/01/2014","Thu","2257","DB","CS1","102A 111A 131A 402A 800 810 ","F","S","W","DN","F ","T","N","C","070","0","0","0","","","1743705","5907831",
"Auckland","HUIA ROAD",""," ","I","MEOLA ROAD","201435236","21/03/2014","Fri","1710","DA","CE2","131A 386A ","K","M","D","TF","F ","T","G","C","050","0","0","0","","","1752093","5918930",
"Auckland","HUIA ROAD","450","S"," ","SYLVAN VALLEY AVENUE","201433585","18/04/2014","Fri","1900","DA","CS1","111A 131A 407A ","T","M","W","DO","L "," ","N","L","050","0","0","0","","","1745519","5909409",
"Auckland","HUIA ROAD","480","S"," ","TITIRANGI ROAD","201411901","09/03/2014","Sun","0018","DA","CN1","103A 111A 131A ","P","M","D","DO","F "," ","N","C","050","0","0","1","","","1747017","5910371",
"Auckland","HUIA ROAD",""," ","I","TITIRANGI ROAD","201413034","21/05/2014","Wed","0711","HA","CN1S","302A 375A ","","E","W","OF","F ","R","G","R","050","0","0","1","","56","1747299","5910682",
"Auckland","HUIA ROAD",""," ","I","WAKATIPU ST","201430779","25/01/2014","Sat","1314","HA","VN1C","321A 375A ","","R","D","BF","F ","X","S","R","050","0","0","0","","","1752227","5918705",
"Auckland","HUIA ROAD","220","W"," ","WOODLANDS PARK ROAD","201437196","29/05/2014","Thu","2237","DA","VN1","111A 131A ","C","M","W","DO","L "," ","N","C","050","0","0","0","","","1744987","5909694",
"Auckland","HUNTINGTON DRIVE",""," ","I","TI RAKAU DRIVE","201436204","16/04/2014","Wed","1420","DA","CN1CC","131A 402A 423A 925 ","M","E","D","O ","F ","D","N","N","050","0","0","0","","","1769690","5911309",
"Auckland","HUNUA ROAD","1000","E"," ","DOMINION ROAD","201436614","30/03/2014","Sun","0910","BC","4E1C","121A 350A ","","M","D","B ","F "," ","N","C","100","0","0","0","","","1776336","5895238",
"Auckland","HUNUA ROAD","960","W"," ","DOMINION ROAD","201410514","16/01/2014","Thu","2358","DB","CE1","111A 131A ","F","E","D","DO","L "," ","N","C","070","0","0","1","","","1774683","5894841",
"Auckland","HUNUA ROAD","1000","W"," ","DOMINION ROAD","201435366","07/05/2014","Wed","1030","AC","CW1C","159A ","","E","D","B ","F "," "," ","C","070","0","0","0","","","1774649","5894861",
"Auckland","HUNUA ROAD","470","E"," ","HAYS CREEK ROAD","201432165","16/02/2014","Sun","","DA","CW1","132A 407A ","T","M","D","B ","F "," ","N","L","100","0","0","0","","","1779093","5894318",
"Auckland","HUNUA ROAD","500","E"," ","HAYS CREEK ROAD","201435125","03/03/2014","Mon","1235","DA","TN1","110A 131A ","V","M","W","O ","H "," ","N","C","080","0","0","0","","","1779121","5894307",
"Auckland","HUNUA ROAD","500","E"," ","PONGA ROAD","201430145","03/01/2014","Fri","1708","DA","CE1","131A 404A 407A 818 ","","M","D","BN","F "," ","N","C","100","0","0","0","","","1781392","5894176",
"Auckland","HURON ST","50","E"," ","AUBURN ST","201431350","08/03/2014","Sat","1242","MO","4E1C","387A ","","R","D","BF","F "," ","N","C","050","0","0","0","","","1757926","5927025",
"Auckland","HURON ST","100","E"," ","AUBURN ST","201437410","30/05/2014","Fri","1421","JA","CE1C","308B 377B 839 927 ","","R","D","B ","F ","D","N","C","050","0","0","0","","","1757969","5927050",
"Auckland","HURON ST","50","W"," ","LAKE ROAD","201435450","16/04/2014","Wed","1350","MF","CS14","371B ","","R","D","O ","F "," ","N","N","050","0","0","0","","","1758044","5927094",
"Auckland","HURON ST","140","W"," ","LAKE ROAD","201436693","17/05/2014","Sat","0935","GE","CE1C","157A 160A 926 ","","E","D","O ","F ","D","N","C","050","0","0","0","","","1757966","5927048",
"Auckland","HURSTMERE ROAD","20","N"," ","BRETT AVENUE","201437209","06/05/2014","Tue","1930","JA","SN1C","308B 375B 929 ","","R","D","DO","F ","D","N","C","050","0","0","0","","","1758321","5927920",
"Auckland","HURSTMERE ROAD","200","N"," ","LAKE ROAD","201435631","02/05/2014","Fri","1112","MO","CS1","130A 427A ","H","R","D","B ","F "," "," ","C","050","0","0","0","","","1758174","5927241",
"Auckland","IAN MCKINNON DRIVE","140","N"," ","NEW NORTH ROAD","201433224","04/03/2014","Tue","0930","DA","CN1","129A 131A ","K","E","W","BF","L "," ","N","N","060","0","0","0","","","1756364","5918534",
"Auckland","IAN MCKINNON DRIVE","130","N"," ","PIWAKAWAKA ST","201412789","27/03/2014","Thu","2100","NB","CS1E","108B 711B 724B ","","E","D","DO","F "," ","N","P","050","0","0","1","62","","1756479","5918937",
"Auckland","IHUMATAO ROAD","20","W"," ","GEORGE BOLT MEMORIAL DRIV","201410224","12/01/2014","Sun","1550","CB","CW1","129A 402A 403A ","P","R","D","B ","F "," ","N","C","100","0","0","1","","","1758916","5904297",
"Auckland","IHUMATAO ROAD","5","W"," ","SH 20A","201432258","16/02/2014","Sun","1430","FB","ME1C","112A 331A ","","R","D","B ","F ","T","S","C","050","0","0","0","","","1758930","5904300",
"Auckland","INGRAM ST","20","E"," ","PORCHESTER ROAD","201434552","28/04/2014","Mon","0345","DB","CE1C","129A 358A ","M","E","W","DO","H "," ","N","C","050","0","0","0","","","1772737","5896775",
"Auckland","INGRAM ST","30","W"," ","PRICTOR ST","201437914","12/06/2014","Thu","1450","EA","CE1C","103A ","M","R","D","OF","F ","Y","N","N","050","0","0","0","","","1772947","5896849",
"Auckland","INGRAM ST",""," ","I","PRICTOR ST","201438336","09/06/2014","Mon","2300","LB","CW1C","302A 335A 801 ","","S","W","DN","L ","T","G","C","050","0","0","0","","","1772976","5896853",
"Auckland","IRELAND ROAD","560","S"," ","CLEARY ROAD","201433310","04/04/2014","Fri","1630","MO","TS1","385A ","J","M","D","BF","F "," ","N","C","050","0","0","0","","","1764383","5914292",
"Auckland","IRIS ST","30","W"," ","MAHURANGI EAST ROAD","201436102","14/05/2014","Wed","0800","EA","CE1C","129A 902 ","M","R","D","B ","F "," "," ","C","050","0","0","0","","","1754858","5967516",
"Auckland","ISRAEL AVENUE",""," ","I","ARIA PLACE","201413005","06/05/2014","Tue","1230","DA","CN1","111A 131A ","FP","E","D","BF","F ","T","N","C","050","0","0","1","","","1767989","5905794",
"Auckland","JADE AVENUE","180","W"," ","BEECHDALE CRESCENT S","201436863","26/05/2014","Mon","1617","EA","CE1C","129A ","M","R","D","B ","F "," "," ","N","050","0","0","0","","","1767959","5913032",
"Auckland","JAMES FLETCHER DRIVE","15","E"," ","BEACH ROAD","201410621","21/02/2014","Fri","0955","NA","TE1E","711B ","","R","D","B ","F ","T","N","P","050","0","0","1","","","1762578","5909299",
"Auckland","JAMES FLETCHER DRIVE","40","E"," ","BEACH ROAD","201413267","11/05/2014","Sun","0643","DA","VE1","130A 410A ","T","E","D","B ","F "," ","N","P","060","0","0","1","","","1762603","5909302",
"Auckland","JAMES FLETCHER DRIVE","50","E"," ","BEACH ROAD","201412734","06/02/2014","Thu","2230","BC","CW1V","410A ","","E","D","DO","L "," ","N","P","050","0","0","2","","","1762613","5909302",
"Auckland","JAMES FLETCHER DRIVE","100","E"," ","BEACH ROAD","201436908","26/05/2014","Mon","0400","DA","CE1","101A 111A 131A ","P","E","W","DO","F "," "," ","R","060","0","0","0","","","1762663","5909296",
"Auckland","JAMES ST",""," ","I","MASSEY ROAD","201430494","31/01/2014","Fri","1400","JC","CE1C","301A 375A ","","R","D","B ","F ","T","S","C","050","0","0","0","","","1762082","5906885",
"Auckland","JEAN BATTEN PLACE","15","S"," ","FORT ST","201430577","12/01/2014","Sun","0335","NA","CN1E","105B ","","R","D","DO","F "," "," ","N","050","0","0","0","","","1757542","5920740",
"Auckland","JEFFERSON ST","50","W"," ","WASHINGTON AVENUE","201433142","12/03/2014","Wed","2215","DA","VE1C","103A 131A ","M","E","D","DO","F "," "," ","N","050","0","0","0","","","1766244","5918142",
"Auckland","JEFFS ROAD","5","W"," ","NORWOOD DRIVE","201435466","13/04/2014","Sun","0130","EA","CE1C","130A 410A ","M","R","D","DO","F "," ","N","C","050","0","0","0","","","1771768","5907692",
"Auckland","JELLICOE ROAD","15","N"," ","DUNLOP LANE","201413729","15/05/2014","Thu","1515","NA","CS1E","306A 352A ","","R","W","BF","F ","T","T","X","050","0","0","1","11","","1764977","5914784",
"Auckland","JELLICOE ROAD","40","S"," ","DUNN ROAD","201437016","25/03/2014","Tue","0800","LB","CS1C","303B 929 ","","R","W","B ","L ","D","N","C","050","0","0","0","","","1765087","5915214",
"Auckland","JELLICOE ROAD","20","N"," ","ELLERSLIE-PANMURE HIGHWAY","201436213","30/03/2014","Sun","0950","LB","CS1C","303B 925 ","","R","D","O ","F ","D","N","C","050","0","0","0","","","1764968","5914762",
"Auckland","JELLICOE ROAD","15","N"," ","GREEN ROAD","201437280","07/04/2014","Mon","0930","MC","VN1C","372B ","","R","D","BF","F "," ","N","C","050","0","0","0","","","1765055","5915089",
"Auckland","JELLICOE ROAD","20","S"," ","GREEN ROAD","201438638","24/05/2014","Sat","1210","FA","CS1CC","151A 205A ","","R","D","O ","F ","T","S","C","050","0","0","0","","","1765047","5915055",
"Auckland","JELLICOE ROAD",""," ","I","GREEN ROAD","201437174","24/05/2014","Sat","1117","LB","CS1C","314B 377B ","","R","D","OF","F ","T","G","C","050","0","0","0","","","1765052","5915074",
"Auckland","JELLICOE ROAD",""," ","I","MOUNTAIN ROAD","201412252","12/05/2014","Mon","0855","HA","XN1C","301B 375B ","","R","D","B ","F ","X","S","C","050","0","0","1","","","1765009","5914901",
"Auckland","JELLICOE ROAD","20","N"," ","PLEASANT VIEW ROAD","201430643","28/01/2014","Tue","1520","KB","CS1C","308B 375B 929 ","","R","D","B ","F ","D","N","C","050","0","0","0","","","1765014","5914920",
"Auckland","JELLICOE ROAD","60","S"," ","PLEASANT VIEW ROAD","201412472","07/03/2014","Fri","1504","LB","PS1V","314B 377B 925 ","","R","D","B ","F ","D"," ","C","050","0","0","1","","","1764994","5914843",
"Auckland","JELLICOE ROAD",""," ","I","PLEASANT VIEW ROAD","201435318","16/04/2014","Wed","1550","HA","VN1C","302A ","","R","D","O ","F ","R","G","R","050","0","0","0","","","1765009","5914901",
"Auckland","JELLICOE ST",""," ","I","DALDY ST","201433220","24/02/2014","Mon","1758","HA","CE1C","302B 363B 375B 902 ","","R","D","BF","F ","X","G","C","050","0","0","0","","","1756574","5921369",
"Auckland","JERVOIS ROAD",""," ","I","MASONS AVENUE","201432228","31/01/2014","Fri","0949","LB","VE1C","303B ","","R","D","B ","F ","T","N","C","050","0","0","0","","","1754177","5920560",
"Auckland","JESMOND TERRACE","40","E"," ","SELCOURT ROAD","201430607","19/01/2014","Sun","2353","EA","CE1C","101A 129A ","M","R","D","DO","F "," ","N","N","050","0","0","0","","","1753764","5917342",
"Auckland","JOHN GLENN AVENUE","15","E"," ","UNITY DRIVE NORTH","201435902","28/04/2014","Mon","1210","EA","TE1C","129A ","M","R","W","OF","L "," ","N","C","050","0","0","0","","","1751505","5931816",
"Auckland","JOHN GOULTER DRIVE",""," ","I","GEORGE BOLT MEMORIAL DRIV","201430651","21/01/2014","Tue","0430","BE","CS1V","110A 125A ","","R","W","DO","L ","R","G","R","050","0","0","0","","","1759079","5903791",
"Auckland","JOHN GOULTER DRIVE",""," ","I","LEONARD ISITT DRIVE","201436048","25/05/2014","Sun","0130","HA","CE1C","103B 112B 602B 925 ","","R","W","DO","L ","D","G","R","050","0","0","0","","","","",
"Auckland","JOHN ST",""," ","I","MASSEY ROAD","201431268","23/02/2014","Sun","1730","DA","CS2","131A ","F","R"," "," F","  ","T","G","C","050","0","0","0","","","1762064","5906868",
"Auckland","JOLSON ROAD","100","E"," ","BERNARD ST","201434735","04/05/2014","Sun","0730","EA","CE1T","352A 363A 902 ","M","R","D","BF","F "," ","N","N","050","0","0","0","","","1765504","5911802",
"Auckland","JOLSON ROAD","100","W"," ","BERNARD ST","201411913","21/03/2014","Fri","2045","PO","BE1E","105B 701B ","","R","D","DO","F "," ","N","C","050","0","0","1","57","","1765308","5911762",
"Auckland","KAHIKATEA FLAT ROAD","620","E"," ","HULL ROAD","201400110","18/05/2014","Sun","1915","DB","ME1","103A 131A 532A ","CV","M","D","DN","F "," "," ","C","100","1","0","0","","","1742062","5943836",
"Auckland","KAHIKATEA FLAT ROAD","250","E"," ","WAITOKI ROAD","201431230","24/02/2014","Mon","1750","CB","CE1","358A ","V","R","D","BN","F "," ","N","C","050","0","0","0","","","1738893","5944404",
"Auckland","KAHIKATEA FLAT ROAD","200","W"," ","WHITEHILLS ROAD","201430627","19/01/2014","Sun","2350","CB","CE1","134A 195A ","F","R","D","DN","F "," ","N","C","100","0","0","0","","","1744195","5944675",
"Auckland","KAIPATIKI ROAD","150","W"," ","EASTON PARK PARADE","201410065","10/02/2014","Mon","1449","MC","MS1C","197A 372B 817 ","","E","D","B ","F "," "," ","C","050","0","1","0","","","1752820","5928143",
"Auckland","KAIPATIKI ROAD","25","E"," ","EMIRAU PLACE","201436342","27/03/2014","Thu","0919","BE","CW1C","129A 358A ","","R","D","OF","F "," ","N","C","050","0","0","0","","","1753301","5928130",
"Auckland","KAIPATIKI ROAD",""," ","I","GLENFIELD ROAD","201430869","22/02/2014","Sat","1900","FB","CE1X","181A ","","E","D","BF","F ","X","G","R","050","0","0","0","","","1753559","5927929",
"Auckland","KARANGAHAPE ROAD","5","W"," ","EAST ST","201435886","04/05/2014","Sun","0325","NA","CW1E","105B ","","R","D","DO","F ","T","G","C","050","0","0","0","","","1756690","5919468",
"Auckland","KARANGAHAPE ROAD",""," ","I","GUNDRY ST","201437291","06/06/2014","Fri","1420","JC","CN2C","301A 350A ","","R","D","BF","F ","T","S","L","050","0","0","0","","","1756319","5919326",
"Auckland","KARANGAHAPE ROAD","10","S"," ","HEREFORD ST","201438126","15/05/2014","Thu","2135","MA","CN1X","373B ","","R","D","DO","F ","T","G","C","050","0","0","0","","","1756325","5919331",
"Auckland","KARANGAHAPE ROAD",""," ","I","HOWE ST","201434697","22/03/2014","Sat","0852","LB","CE1C","303B 334B ","","R","D","BF","F ","T","T","C","050","0","0","0","","","1756442","5919378",
"Auckland","KARANGAHAPE ROAD",""," ","I","MERCURY LANE","201435482","01/05/2014","Thu","0800","GA","BW1C","181A 132B 194B ","","R","D","B ","F ","X","T","C","050","0","0","0","","","1756812","5919468",
"Auckland","KARANGAHAPE ROAD",""," ","I","MERCURY LANE","201410072","12/02/2014","Wed","1330","AC","CW1M","177A 330A 402B ","P","R","D","B ","F ","X","T","C","050","0","1","0","","","1756812","5919468",
"Auckland","KARANGAHAPE ROAD","10","W"," ","PITT ST","201411638","15/02/2014","Sat","0115","NA","CW1E","105B 713B ","","R","D","DO","F ","X","T","C","050","0","0","1","31","","1756802","5919470",
"Auckland","KARANGAHAPE ROAD","10","W"," ","PITT ST","201435404","01/05/2014","Thu","1000","MO","TE1","686A ","H","M","D","BF","F ","X","T","C","050","0","0","0","","","1756802","5919470",
"Auckland","KARANGAHAPE ROAD",""," ","I","PITT ST","201434704","15/04/2014","Tue","1840","AA","SW1C","372A ","","R","D","DO","F ","X","T","C","050","0","0","0","","","1756812","5919468",
"Auckland","KARANGAHAPE ROAD",""," ","I","PITT ST","201410457","17/02/2014","Mon","0730","FE","CS2S","331A 902 ","","R","D","B ","F ","X","T","C","050","0","0","1","","30","1756812","5919468",
"Auckland","KARANGAHAPE ROAD",""," ","I","PITT ST","201433785","08/04/2014","Tue","1415","AO","SE1B","386B ","","R","D","B ","F ","T","T","C","070","0","0","0","","","1756812","5919468",
"Auckland","KARANGAHAPE ROAD","20","E"," ","QUEEN ST","201436429","06/05/2014","Tue","1915","EA","BW1C","129A 385A ","Q","E","D","DO","F "," ","N","C","050","0","0","0","","","1757045","5919441",
"Auckland","KARANGAHAPE ROAD","80","W"," ","QUEEN ST","201432698","15/02/2014","Sat","1945","MA","CE1X","373B 387B ","","R","D","B ","F "," ","N","C","050","0","0","0","","","1756945","5919442",
"Auckland","KARANGAHAPE ROAD","100","W"," ","QUEEN ST","201433230","19/03/2014","Wed","1420","MO","TE1C","371A 671A 387B ","M","R","D","BF","F "," ","N","C","050","0","0","0","","","1756925","5919446",
"Auckland","KARANGAHAPE ROAD",""," ","I","QUEEN ST","201435065","02/04/2014","Wed","0500","LB","CW1C","303B 375B ","","R","D","DO","F ","X","T","C","050","0","0","0","","","1757025","5919442",
"Auckland","KARANGAHAPE ROAD","30","W"," ","SYMONDS ST","201412984","04/06/2014","Wed","1101","MB","MW1C","303B ","","R","D","B ","F "," "," ","C","050","0","0","1","","","1757188","5919395",
"Auckland","KARANGAHAPE ROAD","10","E"," ","UPPER QUEEN ST","201412166","22/04/2014","Tue","1220","AC","VE1S","357A 512A ","K","E","D","B ","F ","X","T","C","050","0","0","1","","49","1757035","5919442",
"Auckland","KARANGAHAPE ROAD",""," ","I","UPPER QUEEN ST","201431832","10/02/2014","Mon","0900","JC","CN24","302A 375A ","","R","D","BF","F ","X","G","R","050","0","0","0","","","1757025","5919442",
"Auckland","KARIOITAHI ROAD","60","E"," ","HONEY ROAD","201436273","18/05/2014","Sun","0530","DA","4E1","111A 129A 131A ","","M","D","DN","M "," "," ","C","100","0","0","0","","","1751143","5874731",
"Auckland","KARIOITAHI ROAD","600","E"," ","KOHEKOHE-KARIOITAHI ROAD","201437257","20/05/2014","Tue","1610","DA","CE1","111A 131A ","F","M","D","OF","F "," ","N","N","100","0","0","0","","","1749320","5873936",
"Auckland","KARIOITAHI ROAD","300","W"," ","KOHEKOHE-KARIOITAHI ROAD","201437188","09/03/2014","Sun","1835","DA","CE1","111A 131A ","F","S","D","BN","F "," ","N","C","100","0","0","0","","","1748631","5873389",
"Auckland","KAURI ROAD","110","W"," ","WAIPA ST","201437356","02/06/2014","Mon","1800","AO","CW1C","150A 381A ","","R","D","DO","F "," ","N","N","050","0","0","0","","","1752199","5924978",
"Auckland","KAURILANDS ROAD","100","W"," ","SUNRAY AVENUE","201430473","22/01/2014","Wed","1100","EE","CS1C","374B ","M","R","D","B ","F "," ","N","C","050","0","0","0","","","1747086","5912154",
"Auckland","KAWAKAWA BAY COAST ROAD","520","N"," ","TE PAPA ROAD","201437365","12/06/2014","Thu","1410","KB","TN1C","308B 375B 929 ","","R","D","ON","F ","D","N","N","100","0","0","0","","","1794655","5910081",
"Auckland","KAWAKAWA-ORERE ROAD","300","W"," ","ORERE-MATINGARAHI ROAD","201413600","08/06/2014","Sun","1130","DA","MW1","135A 801 806 ","","E","W","O ","L "," "," ","C","100","0","1","0","","","1797901","5905010",
"Auckland","KAYES ROAD","50","S"," ","MARGARITA RISE","201413055","18/05/2014","Sun","1805","CC","MN1","135A 809 ","","R","D","DO","F "," ","N","C","050","0","0","1","","","1768301","5882035",
"Auckland","KAYES ROAD","10","W"," ","PRADO DRIVE","201435108","04/04/2014","Fri","2251","MD","CE1C","371B 929 ","","R","D","DO","F ","D","N","C","050","0","0","0","","","1768504","5882239",
"Auckland","KELVIN ROAD",""," ","I","WILLIS ROAD","201412586","07/05/2014","Wed","1755","CB","CE2","112A 130A ","FH","R","D","DO","F ","T","S","C","050","0","1","0","","","1774139","5896570",
"Auckland","KENDERDINE ROAD",""," ","I","BRIDGE ST","201434305","12/04/2014","Sat","1130","LB","4S1C","301A ","","S","D","B ","F ","T","S","C","050","0","0","0","","","1765008","5904790",
"Auckland","KENDERDINE ROAD",""," ","I","BRIDGE ST","201433553","16/04/2014","Wed","0730","JA","CN1C","321B ","","E","D","OF","F ","Y","S","C","050","0","0","0","","","1765008","5904790",
"Auckland","KENDERDINE ROAD","120","S"," ","CHESTNUT ROAD","201437725","06/06/2014","Fri","2120","MD","CN1C","204A 371B 929 ","","R","D","DO","F ","D"," ","C","050","0","0","0","","","1764983","5904891",
"Auckland","KENDERDINE ROAD","180","N"," ","VERDI ST","201431055","18/02/2014","Tue","1451","EO","TN1","330A 370A ","PX","R","D","B ","F "," ","N","C","050","0","0","0","","","1764737","5905504",
"Auckland","KENNETH AVENUE","20","W"," ","SANDRINGHAM ROAD","201412672","13/04/2014","Sun","1600","PB","CE1E","129A ","","R","D","BF","F "," ","N","C","050","0","0","1","18","","1755079","5917107",
"Auckland","KEPA ROAD","100","E"," ","COLENSO PLACE","201438614","12/06/2014","Thu","1448","AA","CW1C","184A 184B ","","E","D","O ","F "," "," ","C","050","0","0","0","","","1762988","5919034",