"TLA NAME","CRASH ROAD","CRASH DIST","CRASH DIRN","INTSN","SIDE ROAD","CRASH ID","CRASH DATE","CRASH DOW","CRASH TIME","MVMT","VEHICLES","CAUSES","OBJECTS STRUCK","ROAD CURVE","ROAD WET","LIGHT","WTHRa","JUNC TYPE","TRAF CTRL","ROAD MARK","SPD LIM","CRASH FATAL CNT","CRASH SEV CNT","CRASH MIN CNT","PERS AGE1","PERS AGE2","EASTING","NORTHING"
"Auckland","KEPA ROAD","10","E"," ","GODDEN CRESCENT","201433430","21/03/2014","Fri","1831","FD","CW1C","181A ","","E","D","BF","F ","T","S","C","050","0","0","0","","","1763652","5919063",
"Auckland","KEPA ROAD","100","W"," ","KOHIMARAMA ROAD","201435255","21/03/2014","Fri","1735","FD","CE1C","181A ","","E","D","B ","F "," "," ","C","050","0","0","0","","","1763688","5919071",
"Auckland","KEPA ROAD","40","W"," ","KUPE ST","201433549","10/04/2014","Thu","1845","DB","CE1C","111A 131A 930 ","","R","D","DO","F ","D","G","C","050","0","0","0","","","1762581","5918948",
"Auckland","KEPA ROAD",""," ","I","KUPE ST","201431253","01/03/2014","Sat","0300","DC","CS2","130A ","X","R","D","DO","F ","T","S","R","050","0","0","0","","","1762615","5918926",
"Auckland","KEPA ROAD","100","E"," ","KURAHAUPO ST","201434486","15/02/2014","Sat","2345","DA","CW1","101A 131A ","FKX","E","D","DO","F "," "," ","P","050","0","0","0","","","1762879","5918937",
"Auckland","KEPA ROAD","100","E"," ","NGAPIPI ROAD","201412431","14/04/2014","Mon","0730","BF","VE1C","131A 503A ","","E","W","O ","F "," "," ","C","050","0","0","2","","","1761698","5918975",
"Auckland","KEPA ROAD","60","E"," ","THATCHER ST","201413279","27/05/2014","Tue","1543","BE","CE1CC","125A 358A ","","R","D","B ","F "," ","N","C","050","0","0","2","","","1763506","5919027",
"Auckland","KERERU ST","150","N"," ","LAVELLE ROAD","201430352","22/01/2014","Wed","0824","CC","CN1","129A 357A ","P","R","D","B ","F "," ","N","N","050","0","0","0","","","1745994","5916620",
"Auckland","KERRS ROAD",""," ","I","DRUCES ROAD","201435974","17/05/2014","Sat","0536","DA","CS2","103A 111A 131A ","F","R","D","DO","M ","X","G","C","060","0","0","0","","","1767318","5902955",
"Auckland","KERRS ROAD","15","W"," ","GREAT SOUTH ROAD","201437319","12/06/2014","Thu","1640","LB","CN1T","385B 922 ","","R","D","OF","F ","D","N","C","050","0","0","0","","","1768093","5903281",
"Auckland","KERVIL AVENUE","60","N"," ","SHAMROCK LANE","201433390","22/03/2014","Sat","0304","DA","CS1","103A 111A 131A ","FT","M","D","DO","F "," ","N","C","050","0","0","0","","","1747024","5921925",
"Auckland","KERWYN AVENUE","40","W"," ","ANDROMEDA CRESCENT E","201437036","31/01/2014","Fri","0921","GB","VE1T","160A 927 ","","E","D","B ","F ","D","N","P","050","0","0","0","","","1768131","5909307",
"Auckland","KHYBER PASS ROAD","60","W"," ","BROADWAY","201433548","11/04/2014","Fri","1145","AO","BE1C","381A 671A ","","R","W","OF","L "," ","N","C","050","0","0","0","","","1758439","5918349",
"Auckland","KHYBER PASS ROAD",""," ","I","BROADWAY","201435827","04/04/2014","Fri","0940","FE","CE14","501A ","","R","D","BF","F ","T","T","C","050","0","0","0","","","1758497","5918334",
"Auckland","KHYBER PASS ROAD","60","W"," ","CROWHURST ST","201430084","17/02/2014","Mon","1325","AO","BE1C","381A 671A ","","R","D","BF","F "," ","N","C","050","0","0","0","","","1758194","5918418",
"Auckland","KHYBER PASS ROAD",""," ","I","CROWHURST ST","201430649","05/02/2014","Wed","1720","FE","BE1C","181A ","","R","D","B ","F ","X","T","C","050","0","0","0","","","1758252","5918402",
"Auckland","KHYBER PASS ROAD",""," ","I","GRAFTON ROAD","201434500","20/03/2014","Thu","2055","LB","CE1C","303B 375B ","","M","D","DO","F ","X","T","C","050","0","0","0","","","1757248","5918686",
"Auckland","KHYBER PASS ROAD",""," ","I","GRAFTON ROAD","201436372","24/03/2014","Mon","0702","GB","CE1B","172B ","","R","D","BF","F ","X","T","C","050","0","0","0","","","1757248","5918686",
"Auckland","KHYBER PASS ROAD",""," ","I","GRAFTON ROAD","201438629","24/05/2014","Sat","1752","LB","CE1X","303B ","","R","D","DO","F ","X","T","C","050","0","0","0","","","1757248","5918686",
"Auckland","KHYBER PASS ROAD",""," ","I","KHYBER PASS ON NBD","201438630","08/06/2014","Sun","2106","LB","CW1C","303B ","","R","D","DO","F ","X","T","C","050","0","0","0","","","","",
"Auckland","KHYBER PASS ROAD","25","E"," ","KINGDON ST","201437184","16/05/2014","Fri","1601","AO","BE1C4B","385A 671A ","","E","D","BF","F "," ","N","C","050","0","0","0","","","1758353","5918373",
"Auckland","KHYBER PASS ROAD","15","W"," ","KINGDON ST","201435387","02/04/2014","Wed","1710","ND","CE1E","376A 929 ","","R","D","O ","F ","D","N","N","050","0","0","0","","","1758314","5918383",
"Auckland","KHYBER PASS ROAD",""," ","I","KINGDON ST","201436387","10/05/2014","Sat","1743","JC","CS2C","301A ","","R","D","BF","F ","T","S","C","050","0","0","0","","","1758329","5918379",
"Auckland","KHYBER PASS ROAD",""," ","I","MCCOLL ST","201412817","27/03/2014","Thu","1820","KA","PE1C","301B 370B ","","R","D","B ","F ","T","S","C","050","0","0","1","","","1758097","5918447",
"Auckland","KHYBER PASS ROAD","10","W"," ","MELROSE ST","201433335","22/02/2014","Sat","1648","EE","BW1C","129A 671A ","M","R","D","OF","F ","T","G","C","050","0","0","0","","","1758165","5918426",
"Auckland","KHYBER PASS ROAD","50","W"," ","MELROSE ST","201435386","07/04/2014","Mon","1610","MC","CW14","181A 372B ","","R","D","B ","F "," "," ","C","050","0","0","0","","","1758127","5918438",
"Auckland","KHYBER PASS ROAD","40","E"," ","NUGENT ST","201435478","11/04/2014","Fri","1725","FA","CW1C","130A 501A ","","R","D","TF","F "," ","N","C","050","0","0","0","","","1757287","5918676",
"Auckland","KHYBER PASS ROAD",""," ","I","PARK ROAD","201411622","14/03/2014","Fri","1005","HA","CE1C","322A 350A ","","R","D","BF","F ","X","T","C","050","0","0","1","","","1757816","5918526",
"Auckland","KHYBER PASS ROAD","50","E"," ","SYMONDS ST","201413836","26/05/2014","Mon","1105","NF","CW1E","370A 714B 724B 927 ","","R","D","O ","F ","D"," ","P","050","0","0","1","58","","","",
"Auckland","KHYBER PASS ROAD",""," ","I","YORK ST","201432972","09/02/2014","Sun","1427","JA","CW1C","302B 375B ","","R","D","B ","F ","T","G","C","050","0","0","0","","","1758357","5918372",
"Auckland","KILLARNEY ST","50","N"," ","ANZAC ST","201431893","20/02/2014","Thu","1836","FD","CS1V","181A ","","E","D","OF","F "," ","N","C","050","0","0","0","","","1757219","5927012",
"Auckland","KILLARNEY ST","5","W"," ","PUPUKE ROAD","201413840","07/06/2014","Sat","1510","FB","4E1C","331A ","","R","D","B ","F ","R","G","P","050","0","0","1","","","","",
"Auckland","KILLINGTON CRESCENT","110","N"," ","ORLY AVENUE","201435118","15/02/2014","Sat","1730","KA","CS14","308B 375B 930 ","","R","D","B ","F ","D","N","C","050","0","0","0","","","1759810","5907024",
"Auckland","KILLYBEGS DRIVE",""," ","I","MALIN PLACE","201431558","12/01/2014","Sun","1740","JA","CW1C","309B ","","E","D","BF","F ","T","N","N","050","0","0","0","","","1754330","5933346",
"Auckland","KIMBER HALL AVENUE","10","W"," ","WHITE SWAN ROAD","201430463","16/01/2014","Thu","1130","MD","CE1C","371B ","","R","D","B ","F ","X","G","C","050","0","0","0","","","1753228","5912743",
"Auckland","KIMPTON ROAD","100","E"," ","OVERTON ROAD","201431887","21/02/2014","Fri","1705","GB","4E1V","158A 387A 929 ","","R","D","BF","F ","D","N","C","050","0","0","0","","","1766541","5906944",
"Auckland","KING EDWARD AVENUE","10","W"," ","MANUKAU ROAD","201430330","01/01/2014","Wed","1508","DA","CS1CCC","103A ","M","E","D","B ","F ","T","N","C","050","0","0","0","","","1758141","5915731",
"Auckland","KING ST","15","W"," ","ATKINSON ROAD","201437723","07/06/2014","Sat","1015","MC","CW1C","372B ","","R","D"," N","F "," "," "," ","050","0","0","0","","","","",
"Auckland","KING ST",""," ","I","MASSEY AVENUE","201435789","06/05/2014","Tue","1530","MO","CN1C","371A 402A ","","R","D","B ","F ","R","G","C","050","0","0","0","","","1769313","5881077",
"Auckland","KINGSEAT ROAD",""," ","I","LINWOOD ROAD","201434632","19/04/2014","Sat","1010","BF","CW2C","111A 131A ","","M","W","ON","L ","X","G","C","100","0","0","0","","","1759981","5889592",
"Auckland","KINGSEAT ROAD","400","N"," ","MAUKU ROAD","201412880","15/05/2014","Thu","0540","FA","VS1V","104A 112A 331A 402A 929 ","","R","W","DO","  ","D"," ","C","050","0","1","1","","","1761865","5882930",
"Auckland","KINGSEAT ROAD","500","E"," ","MCKENZIE ROAD","201438140","12/05/2014","Mon","1600","QG","CW1","665A ","C","R","D","BN","F "," ","N","C","070","0","0","0","","","","",
"Auckland","KINGSEAT ROAD","270","N"," ","WAIAU PA ROAD","201411307","18/04/2014","Fri","1511","LB","CS14","303B 375B 929 ","","R","D","BN","F ","D","N","C","100","0","0","2","","","1759840","5886556",
"Auckland","KINGSWAY AVENUE","150","N"," ","COYLE ST","201432233","15/01/2014","Wed","0640","CC","CN1C","130A 410A ","M","R","D","O ","F "," "," ","C","050","0","0","0","","","1754524","5916094",
"Auckland","KINROSS ST","120","E"," ","ENDEAVOUR ST","201432381","04/03/2014","Tue","0830","EA","CW1C","129A ","M","R","D","B ","F "," "," ","C","050","0","0","0","","","1751166","5912180",
"Auckland","KIRKBRIDE ROAD","50","S"," ","IDLEWILD AVENUE","201430307","10/01/2014","Fri","1005","GB","CS14","181A 929 ","","R","D","B ","F ","D","N","C","060","0","0","0","","","1758946","5907177",
"Auckland","KIRKBRIDE ROAD","20","E"," ","JORDAN ROAD","201434302","11/04/2014","Fri","2123","EA","CW1C","102A 129A ","M","R","D","DO","F "," "," ","C","060","0","0","0","","","1759637","5906331",
"Auckland","KIRKBRIDE ROAD",""," ","I","JORDAN ROAD","201433667","17/04/2014","Thu","0825","JB","CW1C","302A ","","E","W","OF","H ","T","G","C","050","0","0","0","","","1759618","5906338",
"Auckland","KIRKBRIDE ROAD",""," ","I","VISCOUNT ST","201437176","30/05/2014","Fri","0840","LB","CS1C","303B 382B 923 ","","R","W","OF","F ","D","N","C","050","0","0","0","","","1759019","5906807",
"Auckland","KIRKBRIDE ROAD",""," ","I","VISCOUNT ST","201433557","03/04/2014","Thu","0755","JA","SS1C","301B 314B 377B ","","R","D","BF","F ","T","S","C","050","0","0","0","","","1759019","5906807",
"Auckland","KIRKBRIDE ROAD","140","W"," ","WESTNEY ROAD","201434675","28/03/2014","Fri","0320","DB","CE1","111A 131A 402A ","P","E","D","DO","F "," ","N","P","060","0","0","0","","","1759455","5906404",
"Auckland","KITCHENER ROAD","30","E"," ","FENWICK AVENUE","201410594","17/02/2014","Mon","0722","NA","4W1E","713B ","","R","D","BF","F "," ","N","X","050","0","0","1","23","","1757449","5928921",
"Auckland","KITCHENER ROAD","150","E"," ","FENWICK AVENUE","201438023","10/06/2014","Tue","1310","FC","CW1C","331A ","","R","W","O ","L "," "," ","X","050","0","0","0","","","1757563","5928883",
"Auckland","KITCHENER ROAD","100","W"," ","MANUKAU ROAD","201432161","14/02/2014","Fri","1705","BE","OE1C","112A 687A ","K","R","D","O ","F "," ","N","C","050","0","0","0","","","1769498","5879515",
"Auckland","KITCHENER ST","20","S"," ","VICTORIA ST EAST","201432387","06/03/2014","Thu","2330","MO","CN1C","386A ","M","R","D","DO","F "," "," ","C","050","0","0","0","","","1757510","5920352",
"Auckland","KITCHENER ST","80","N"," ","WELLESLEY ST EAST","201438024","29/05/2014","Thu","1425","MG","CN1C","371B ","","R","W","O ","L "," "," ","N","050","0","0","0","","","1757460","5920218",
"Auckland","KITTIWAKE DRIVE","25","S"," ","METEOR PLACE","201431006","15/02/2014","Sat","1400","MO","TN1C","371A ","M","R","D","B ","F "," ","N","N","050","0","0","0","","","1750458","5930540",
"Auckland","KOHIMARAMA ROAD","40","N"," ","SOUTHERN CROSS ROAD","201433328","26/02/2014","Wed","1530","AO","VS1C","381A ","","R"," "," F","  "," ","N","C","050","0","0","0","","","1763903","5918917",
"Auckland","KOHIMARAMA ROAD","20","S"," ","SOUTHERN CROSS ROAD","201412980","20/05/2014","Tue","0815","FD","CN1C","181A ","","R","D","B ","F "," "," ","L","050","0","0","1","","","1763950","5918880",
"Auckland","KOHIMARAMA ROAD",""," ","I","ST JOHNS ROAD","201433674","17/04/2014","Thu","1145","FB","TS1C","181A 331A ","","R","W","OF","H ","T","G","C","050","0","0","0","","","1764489","5918149",
"Auckland","KOHIMARAMA ROAD","10","S"," ","TARANAKI ROAD","201413161","08/05/2014","Thu","1844","DA","CS1","101A 111A 131A ","T","M","W","DO","F ","T","S","C","050","0","0","1","","","1764046","5920058",
"Auckland","KOHIMARAMA ROAD","50","S"," ","WHYTEHEAD CRESCENT S","201411777","28/02/2014","Fri","0829","GB","SN1C","158A 929 ","","E","D","B ","F ","D","N","C","050","0","0","1","","17","1764461","5918298",
"Auckland","KOHIWI ROAD","30","W"," ","TAWA CRESCENT","201431222","01/03/2014","Sat","1547","PC","CE1E","371A 929 ","","R","D","OF","F ","D","N","N","050","0","0","0","","","1768588","5899731",
"Auckland","KOLMAR ROAD",""," ","I","DUNNOTAR ROAD","201437246","14/05/2014","Wed","1557","KB","CS1C","302B 353B 375B ","","R","W","OF","H ","T","G","C","050","0","0","0","","","1765061","5905874",
"Auckland","KONA CRESCENT","20","W"," ","STEPHEN AVENUE S","201431301","06/03/2014","Thu","1930","MO","CE1C","371A ","M","R","D","BF","F "," ","N","C","050","0","0","0","","","1745045","5918924",
"Auckland","KONINI AVENUE","30","N"," ","EAST TAMAKI ROAD","201437191","30/05/2014","Fri","2025","LA","CN14","103A 925 ","","R","D","DO","F ","D","N","C","050","0","0","0","","","1765710","5907117",
"Auckland","KONINI ROAD","200","N"," ","ONEDIN PLACE","201433376","20/02/2014","Thu","1755","GE","CS1C","333A 929 ","","E","D","OF","F ","D","N","C","050","0","0","0","","","1746840","5912216",
"Auckland","KOWHAI ROAD",""," ","I","EAST COAST ROAD","201431251","18/02/2014","Tue","1756","FB","4W1C","331A 353A ","","R","D","BF","F ","T","G","C","050","0","0","0","","","1755905","5931599",
"Auckland","KRIPPNER ROAD","610","E"," ","GRANT RIDGE ROAD","201410902","16/02/2014","Sun","1008","DA","ME1","129A 363A 902 ","EF","S","D","BN","F "," ","N","N","100","0","1","0","","","1746356","5955854",
"Auckland","KUPE ST",""," ","I","KEPA ROAD","201436063","04/06/2014","Wed","1120","FB","CS1C","181A ","","R","D","BF","F ","T","G","C","050","0","0","0","","","","",
"Auckland","LADIES MILE","50","N"," ","ABBOTTS WAY","201431783","14/02/2014","Fri","1100","CB","VN1","130A 195A ","P","R","D","B ","F "," "," ","L","050","0","0","0","","","1761384","5915952",
"Auckland","LADIES MILE",""," ","I","MARUA ROAD","201413822","09/05/2014","Fri","0830","DB","CS1C","135A 806 ","","M","W","B ","F ","T","T","C","050","0","0","1","","","1761555","5915758",
"Auckland","LADIES MILE",""," ","I","PEACH PARADE","201435896","07/05/2014","Wed","0715","LB","CN1C","322A ","","R","W","OF","L ","T","T","C","050","0","0","0","","","1761238","5916184",
"Auckland","LADIES MILE","20","S"," ","REMUERA ROAD","201430468","16/01/2014","Thu","2130","FD","VN1V","181A ","","E","D","DO","F ","T","T","C","050","0","0","0","","","1761230","5916646",
"Auckland","LADY RUBY DRIVE","40","S"," ","BASALT PLACE","201432056","21/01/2014","Tue","0030","DA","CS1","410A 801 ","P","M","W","DO","L "," "," ","C","050","0","0","0","","","1769261","5909337",
"Auckland","LAINGHOLM DRIVE",""," ","I","DOROTHY ROAD","201434187","04/04/2014","Fri","2345","DB","CS1V","108A 131A ","M","S","D","DO","F ","T","G","C","050","0","0","0","","","1746083","5908074",
"Auckland","LAKE DRIVE","10","S"," ","TURUA RISE","201411098","21/01/2014","Tue","1302","EA","CS1C","129A 130A 501A 801 ","M","E","W","O ","L ","T","N","C","050","0","0","1","","","1770968","5894593",
"Auckland","LAKE ROAD","10","S"," ","ANZAC ST","201410694","10/02/2014","Mon","1535","NB","CN1E","713B ","","R","D","B ","F ","T","N","C","050","0","0","1","15","","1757993","5927269",
"Auckland","LAKE ROAD",""," ","I","BAYVIEW ROAD","201430907","31/01/2014","Fri","1730","MG","CE1C","423B ","","R","D","BF","F ","T","T","C","050","0","0","0","","","1758824","5926107",
"Auckland","LAKE ROAD",""," ","I","BYRON AVENUE","201412753","26/03/2014","Wed","0705","GB","SN1C","303B ","","R","D","BF","F ","T","G","C","050","0","0","1","","26","1758196","5926942",
"Auckland","LAKE ROAD","40","N"," ","EGREMONT ST","201434277","20/03/2014","Thu","1700","FA","CS1C","112A 331A ","","R","D","B ","F "," "," ","C","050","0","0","0","","","1759623","5925073",
"Auckland","LAKE ROAD","20","N"," ","ESMONDE ROAD","201437204","10/04/2014","Thu","0850","AO","BN1C","381A 671A ","","R","D","OF","F "," ","T","C","060","0","0","0","","","1758405","5926607",
"Auckland","LAKE ROAD","190","N"," ","EVERSLEIGH ROAD","201433883","07/04/2014","Mon","1540","FD","CN1C","181A ","","R","D","O ","F "," "," ","C","050","0","0","0","","","1759317","5925933",
"Auckland","LAKE ROAD","20","S"," ","EVERSLEIGH ROAD","201437285","26/05/2014","Mon","0850","FA","VS1C","181A ","","R","D","BF","F "," ","N","C","050","0","0","0","","","1759388","5925735",
"Auckland","LAKE ROAD","120","S"," ","EVERSLEIGH ROAD","201410849","29/01/2014","Wed","1832","JA","SS1C","204A 370B 929 ","","R","D","B ","F ","D"," ","N","050","0","0","1","","15","1759421","5925641",
"Auckland","LAKE ROAD",""," ","I","EWEN ST","201412192","03/05/2014","Sat","0700","ND","CN1E","376A 711B ","","R","D","B ","F ","T","G","C","050","0","0","1","65","","1758592","5926304",
"Auckland","LAKE ROAD",""," ","I","EWEN ST","201433840","29/03/2014","Sat","1440","JA","CS14","302B ","","R","D","B ","F ","T","G","P","050","0","0","0","","","1758592","5926304",
"Auckland","LAKE ROAD",""," ","I","EWEN ST","201432267","31/01/2014","Fri","1723","JA","VS1C","173A 370A 302B 314B 370B ","","R","D","B ","F ","T","G","P","050","0","0","0","","","1758592","5926304",
"Auckland","LAKE ROAD","50","S"," ","EXMOUTH ROAD","201436307","17/03/2014","Mon","1538","BF","4S1C","501A ","","E","D","BF","F "," ","N","C","050","0","0","0","","","1755623","5925523",
"Auckland","LAKE ROAD","70","S"," ","FRASER AVENUE","201436197","15/04/2014","Tue","1503","MB","CS1V","372B ","","R","D","O ","F "," "," ","C","050","0","0","0","","","1755676","5926181",
"Auckland","LAKE ROAD",""," ","I","GREENSLADE CRESCENT","201413771","05/06/2014","Thu","1418","GB","SN1C","303B ","","R","D","OF","F ","T","G","C","050","0","0","1","","43","1755611","5925707",
"Auckland","LAKE ROAD","70","S"," ","JUTLAND ROAD","201430902","09/02/2014","Sun","1245","NB","CN1E","713B ","","R","D","OF","F "," ","N","P","050","0","0","0","","","1758781","5926115",
"Auckland","LAKE ROAD","50","N"," ","KORORO ST","201431167","10/03/2014","Mon","0845","AD","BN1C","150A 444A ","","R","D","B ","F "," ","N","C","050","0","0","0","","","1755607","5925306",
"Auckland","LAKE ROAD",""," ","I","NORTHUMBERLAND AVENUE","201433238","14/03/2014","Fri","0840","JA","SW1C","302B 375B ","","R"," "," F","  ","T","G","C","050","0","0","0","","","1759280","5926006",
"Auckland","LAKE ROAD","320","S"," ","ONEWA ROAD","201412796","03/05/2014","Sat","1815","BA","CN1C","103A 129A ","","R","D","DO","F "," ","N","C","050","0","0","1","","","1755542","5924978",
"Auckland","LAKE ROAD","20","N"," ","PARK AVENUE","201412726","24/02/2014","Mon","1241","GD","CS1C","331A 927 ","","R","D","BF","F ","D","N","C","050","0","0","1","","","1758366","5926671",
"Auckland","LAKE ROAD","40","N"," ","RALEIGH ROAD","201413842","08/06/2014","Sun","0623","BE","CS1C","414A ","","R","D","DO","F "," "," ","C","050","0","0","1","","","","",
"Auckland","LAKE ROAD","5","N"," ","SANDERS AVENUE","201412093","08/04/2014","Tue","1042","JA","SN1C","204A 930 ","","R","D","O ","F ","D","N","N","050","0","0","1","","64","1758294","5926784",
"Auckland","LAKE ROAD","50","S"," ","SEABREEZE ROAD","201412820","03/04/2014","Thu","1433","CB","CN1","112A 130A 692A 801 ","T","R","W","O ","L "," "," ","C","050","0","0","1","","","1760091","5923790",
"Auckland","LAKE ROAD",""," ","I","SLIP ROAD","201411137","18/03/2014","Tue","1838","HA","CN1C","314B 375B ","KS","E","D","TF","F ","X","G","C","050","0","0","2","","","1759280","5926006",
"Auckland","LAKE ROAD",""," ","I","WILLIAMSON AVENUE","201435117","26/03/2014","Wed","1630","CB","BS1C","129A 179A ","Q","R","D","B ","F ","X","T","C","050","0","0","0","","","1759686","5924899",
"Auckland","LAKE ROAD","250","N"," ","WINSCOMBE ST","201436386","11/05/2014","Sun","1241","FD","CN1C","331A 350A ","","R","D","BF","F "," ","N","C","050","0","0","0","","","1759475","5925491",
"Auckland","LAKEWOOD COURT",""," ","I","GREAT SOUTH ROAD","201435178","08/04/2014","Tue","0615","KA","CS1C","302B 375B ","","R","D","B ","F ","T","G","C","050","0","0","0","","","1767807","5904083",
"Auckland","LAMBETH ROAD",""," ","I","DOMINION ROAD","201434284","22/02/2014","Sat","1100","FO","VE1C","129A 350A 386A ","","R","D","B ","F ","T","S","C","050","0","0","0","","","1755456","5915299",
"Auckland","LAMBETH ROAD",""," ","I","KIWITEA ST","201411635","04/03/2014","Tue","0827","HA","CN2T","301A 363A 902 ","","R","D","BF","F ","X","S","C","050","0","0","1","","","1755001","5915445",
"Auckland","LAMBIE DRIVE",""," ","I","CAVENDISH DRIVE","201411694","21/03/2014","Fri","1300","FB","CN1C","181A ","","R","D","BF","F ","X","G","C","050","0","0","1","","","1766722","5904676",
"Auckland","LAMBIE DRIVE",""," ","I","LAMBIE OFF EBD","201434303","11/03/2014","Tue","2315","HA","VE2C","322B ","","R","D","DO","F ","X","T","C","050","0","0","0","","","1766780","5904010",
"Auckland","LAMBIE DRIVE",""," ","I","LAMBIE OFF EBD","201432039","09/02/2014","Sun","1930","HA","CE2C","322B 363B 902 ","S","R","D","B ","F ","X","T","C","060","0","0","0","","","1766780","5904010",
"Auckland","LAMBIE DRIVE",""," ","I","LAMBIE OFF WBD","201436534","23/04/2014","Wed","0620","HA","CW24","322B ","","R","D","O ","F ","X","T","R","060","0","0","0","","","1766881","5903851",
"Auckland","LAMBIE DRIVE",""," ","I","LAMBIE OFF WBD","201434727","02/05/2014","Fri","0754","JA","CS1C","322A ","","E","D","BF","F ","T","T","R","050","0","0","0","","","1766881","5903851",
"Auckland","LAMBIE DRIVE","100","S"," ","PUHINUI ROAD","201431608","13/01/2014","Mon","1648","FD","CN1CC","181A 181B ","","R","D","B ","F "," "," ","R","050","0","0","0","","","1766487","5905150",
"Auckland","LAMBIE DRIVE",""," ","I","PUHINUI ROAD","201433366","20/03/2014","Thu","1245","FF","CN1C","181A 330A ","","R","D","BF","F ","X","T","R","050","0","0","0","","","1766437","5905237",
"Auckland","LAMBIE DRIVE",""," ","I","PUHINUI ROAD","201430595","28/01/2014","Tue","1225","HA","CN1C","113B 322B 817 ","","R","D","B ","F ","X","T","C","050","0","0","0","","","1766437","5905237",
"Auckland","LAMBIE DRIVE",""," ","I","RONWOOD AVENUE","201431989","24/03/2014","Mon","1720","AA","4S1C","372A 404A ","","R","D","BF","F ","R","G","R","050","0","0","0","","","1766715","5904425",
"Auckland","LAMBIE DRIVE",""," ","I","RONWOOD AVENUE","201434487","19/03/2014","Wed","1355","GC","CS1C","171B ","","E","D","B ","F ","R","G","C","050","0","0","0","","","1766723","5904442",
"Auckland","LAMBIE DRIVE",""," ","I","RONWOOD AVENUE","201430009","05/01/2014","Sun","1330","FB","CN1M","411A 830 901 ","","R","W","ON","H ","R","G","R","050","0","0","0","","","1766708","5904422",
"Auckland","LAMBIE DRIVE","20","N"," ","WIRI STATION ROAD","201431606","10/01/2014","Fri","1620","FD","CS1C","181A ","","R","D","B ","F "," "," ","C","060","0","0","0","","","1766957","5903732",
"Auckland","LAMBIE DRIVE",""," ","I","WIRI STATION ROAD","201436559","07/05/2014","Wed","1900","KA","CS1T","130A 181A 331A ","","M","D","DO","F ","X","T","C","050","0","0","0","","","1766967","5903715",
"Auckland","LAMBIE ON EBD","90","S"," ","LAMBIE OFF EBD","201411647","21/02/2014","Fri","1911","DB","4S1","111A 131A ","GP","M","D","BF","F "," ","T","N","100","0","0","1","","","1766741","5903913",
"Auckland","LAMBROWN DRIVE","10","W"," ","TARGET ROAD","201430370","20/01/2014","Mon","0225","CB","CW1","103A 112A ","F","R","D","DO","F ","T","N","N","050","0","0","0","","","1754670","5929868",
"Auckland","LANDON AVENUE","100","E"," ","GRAY AVENUE","201431730","24/01/2014","Fri","2020","MC","CW1C","372B ","","E","D","TF","F "," "," ","L","050","0","0","0","","","1763780","5907055",
"Auckland","LANDSBERG WAY","30","E"," ","CENTORIAN DRIVE","201433979","03/04/2014","Thu","2330","CC","CW1C","125A ","M","R","W","DO","F "," ","N","N","050","0","0","0","","","1755143","5932181",
"Auckland","LANDSCAPE ROAD",""," ","I","DOMINION ROAD","201437544","12/05/2014","Mon","1320","GF","TW1C","158B ","","R","D","B ","F ","T","S","C","050","0","0","0","","","1755435","5915227",
"Auckland","LANDSCAPE ROAD","10","N"," ","FAIRVIEW ROAD","201430490","03/02/2014","Mon","1500","EA","CN1C","129A 929 ","M","R","D","B ","F ","D","N","C","050","0","0","0","","","1765476","5905528",
"Auckland","LANDSCAPE ROAD","120","N"," ","FAIRVIEW ROAD","201411139","05/04/2014","Sat","1316","EA","CN1C","103A 129A ","M","E","D","B ","F "," "," ","N","050","0","0","1","","","1765411","5905615",
"Auckland","LANDSCAPE ROAD",""," ","I","MOUNT EDEN ROAD","201435306","13/04/2014","Sun","0451","DB","CS2","111A 133A 517A ","P","S","D","DO","F ","X","S","C","050","0","0","0","","","1756549","5914920",
"Auckland","LANDSCAPE ROAD","100","S"," ","ST GEORGE ST","201412433","01/01/2014","Wed","2200","BE","CN1C","103A 129A 130A 862 ","","R","D","DO","F "," "," ","C","050","0","0","2","","","1765365","5905729",
"Auckland","LARNE AVENUE",""," ","I","UDYS ROAD","201437245","20/05/2014","Tue","1745","LB","CW14","303B 375B ","","R","D","DO","F ","X","G","C","050","0","0","0","","","1767889","5913544",
"Auckland","LASER PLACE","90","S"," ","SPINELLA DRIVE","201434280","18/03/2014","Tue","0754","MO","CS1","130A 420A 929 ","FJ","R","D","O ","F ","D"," "," ","050","0","0","0","","","1752872","5928949",
"Auckland","LAURIE AVENUE","10","N"," ","SETTLEMENT ROAD","201434112","11/04/2014","Fri","1933","MO","CN1C","112B 512B 514B 517B 927 ","","R","D","DN","F ","D"," ","C","050","0","0","0","","","1773815","5895992",
"Auckland","LAVELLE ROAD","50","E"," ","KERERU ST","201431657","04/01/2014","Sat","0029","DA","CE14","103A 131A ","MT","E","D","DO","F "," "," ","R","050","0","0","0","","","1746113","5916509",
"Auckland","LAWRENCE PLACE","30","S"," ","VELVET CRESCENT","201433166","21/03/2014","Fri","1850","MO","VN1C","129A 929 ","","R","D","TF","F ","D","N","N","050","0","0","0","","","1767482","5908060",
"Auckland","LEIGH ROAD","300","N"," ","QUINTAL ROAD","201432819","06/03/2014","Thu","2135","CC","CN1","103A 410A ","V","R","D","DN","F "," "," ","C","100","0","0","0","","","1755435","5978651",
"Auckland","LEIGH ROAD","300","W"," ","TI POINT ROAD","201411709","19/02/2014","Wed","1120","DB","CW1","131A 801 ","T","S","W","O ","L "," "," ","C","100","0","0","1","","","1760786","5980994",
"Auckland","LEIGH TERRACE",""," ","I","BRYERS PLACE","201433354","06/03/2014","Thu","2206","CC","CS1CC","132A 407A ","M","R","D","DO","F ","T","N","N","050","0","0","0","","","1752614","5928568",
"Auckland","LENDENFELD DRIVE","20","N"," ","ALABASTER DRIVE","201437350","10/06/2014","Tue","1330","EA","CS1C","129A ","M","R","W"," F","L "," ","N","N","050","0","0","0","","","1763708","5905670",