"TLA NAME","CRASH ROAD","CRASH DIST","CRASH DIRN","INTSN","SIDE ROAD","CRASH ID","CRASH DATE","CRASH DOW","CRASH TIME","MVMT","VEHICLES","CAUSES","OBJECTS STRUCK","ROAD CURVE","ROAD WET","LIGHT","WTHRa","JUNC TYPE","TRAF CTRL","ROAD MARK","SPD LIM","CRASH FATAL CNT","CRASH SEV CNT","CRASH MIN CNT","PERS AGE1","PERS AGE2","EASTING","NORTHING"
"Auckland","LEX AVENUE","50","N"," ","BARRON DRIVE","201435112","06/04/2014","Sun","1100","MG","CS1C","371B 512B ","","R","D","B ","F "," ","N","C","050","0","0","0","","","1749398","5911367",
"Auckland","LEYBOURNE CIRCLE","40","N"," ","COURTLAND AVENUE","201431333","16/02/2014","Sun","2130","DB","CN1C","103A ","M","E","D","DO","F "," ","N","C","050","0","0","0","","","1766825","5917901",
"Auckland","LEYTON WAY","15","S"," ","RONWOOD AVENUE","201438021","10/06/2014","Tue","1340","HA","CS1C","316B 925 ","","R","W","O ","L ","D","N","C","050","0","0","0","","","1767494","5904594",
"Auckland","LEYTON WAY",""," ","I","RONWOOD AVENUE","201410845","09/01/2014","Thu","1230","FB","CW2C","102A 181A 331A 102B 191B 501B ","","R","D","B ","F ","X","G","R","050","0","0","1","","","1767493","5904609",
"Auckland","LILLINGTON ROAD","5","N"," ","KOANGI ST","201413797","23/05/2014","Fri","1518","NA","CS1EE","712B 713B 712C 713C ","","E","D","ON","F ","T","N","N","050","0","1","1","5","","1759615","5916366",
"Auckland","LINCOLN OFF EBD","30","E"," ","LINCOLN ROAD","201432947","17/03/2014","Mon","1652","FD","CW1C","181A 402A ","","R","D","B ","F "," "," ","P","050","0","0","0","","","1745494","5920824",
"Auckland","LINCOLN ON EBD","50","E"," ","LINCOLN ROAD S","201436408","03/05/2014","Sat","2036","DA","CE1","101A 131A ","G","M","D","DF","F "," ","N","C","070","0","0","0","","","1745513","5920832",
"Auckland","LINCOLN ROAD","50","E"," ","CENTRAL PARK DRIVE","201435229","04/04/2014","Fri","1315","AO","CS1C","372A ","","R","D","B ","F "," "," ","C","050","0","0","0","","","1745405","5920420",
"Auckland","LINCOLN ROAD","90","S"," ","DAYTONA ROAD","201412183","15/05/2014","Thu","1242","FD","CS1CV","331A 351A 181B ","","R","D","B ","L "," "," ","P","050","0","0","2","","","1745317","5920034",
"Auckland","LINCOLN ROAD",""," ","I","DAYTONA ROAD","201412382","28/03/2014","Fri","0946","LB","CN1C","303B 375B ","","R","D","B ","F ","T","G","C","050","0","0","1","","","1745320","5920124",
"Auckland","LINCOLN ROAD",""," ","I","LINCOLN OFF WBD","201431997","20/03/2014","Thu","0957","KA","TS14","322A ","","R","D","BF","F ","T","T","R","050","0","0","0","","","1745478","5920597",
"Auckland","LINCOLN ROAD",""," ","I","LINCOLN OFF WBD N","201433202","18/03/2014","Tue","1930","KB","4N1C","322A 361A ","","R","D","DO","F ","T","T","C","050","0","0","0","","","1745478","5920597",
"Auckland","LINCOLN ROAD","50","N"," ","NORVAL ROAD","201430912","02/01/2014","Thu","1800","MB","CS1V","303B 375B ","","R","D","BF","F "," ","N","P","050","0","0","0","","","1745137","5918368",
"Auckland","LINCOLN ROAD","120","N"," ","NORVAL ROAD","201433694","17/04/2014","Thu","1606","JA","CS1C","197A 197B 308B 377B 927 ","","R","D","BF","F ","D"," ","N","050","0","0","0","","","1745146","5918438",
"Auckland","LINCOLN ROAD","15","S"," ","NORVAL ROAD","201411902","24/03/2014","Mon","0545","MC","VS1C","372B 375B 930 ","","R","D","DO","F ","D","T","C","050","0","0","1","","","1745128","5918304",
"Auckland","LINCOLN ROAD",""," ","I","NORVAL ROAD","201430756","16/01/2014","Thu","1630","FE","CS1C","181A ","","R","D","OF","F ","T","T","C","050","0","0","0","","","1745130","5918319",
"Auckland","LINCOLN ROAD","100","N"," ","PARAMOUNT DRIVE","201435791","13/05/2014","Tue","1415","FD","CS1CV","181A 331A ","","R","D","B ","F "," "," ","P","050","0","0","0","","","1745318","5920082",
"Auckland","LINCOLN ROAD","15","S"," ","PARAMOUNT DRIVE","201430472","20/01/2014","Mon","1630","MC","CS1C","372B ","","R","D","O ","F "," ","N","C","050","0","0","0","","","1745314","5919967",
"Auckland","LINCOLN ROAD","40","S"," ","PARAMOUNT DRIVE","201433686","15/04/2014","Tue","1237","MC","CN1V","353B 372B ","","R","D","OF","F "," ","N","C","050","0","0","0","","","1745313","5919942",
"Auckland","LINCOLN ROAD","150","S"," ","POMARIA ROAD","201411505","15/03/2014","Sat","1351","FD","4N1CCC","181A ","","R","W","OF","L "," ","N","C","050","0","0","3","","","1745222","5919040",
"Auckland","LINCOLN ROAD","15","N"," ","SEL PEACOCK DRIVE","201430913","24/02/2014","Mon","1130","AA","VS1C","372A ","","R","D","BF","F "," ","N","C","050","0","0","0","","","1745084","5917954",
"Auckland","LINCOLN ROAD","15","N"," ","SEL PEACOCK DRIVE","201430078","14/02/2014","Fri","1100","FE","CS1C","181A ","M","R"," "," F","F ","T","T","C","050","0","0","0","","","1745084","5917954",
"Auckland","LINCOLN ROAD",""," ","I","SEL PEACOCK DRIVE","201412741","08/05/2014","Thu","1812","FD","CS1CC","181A ","","R","D","DO","F ","T","T","C","050","0","0","2","","","1745082","5917939",
"Auckland","LINCOLN ROAD",""," ","I","SEL PEACOCK DRIVE","201436295","14/05/2014","Wed","1325","FE","4S1C","181A ","","R","W","O ","H ","T","T","C","050","0","0","0","","","1745082","5917939",
"Auckland","LINCOLN ROAD",""," ","I","SWANSON ROAD","201438073","30/04/2014","Wed","1810","AA","CS14","372A 112B ","","R","D","DO","F ","X","T","C","050","0","0","0","","","1745063","5917751",
"Auckland","LINCOLN ROAD","300","N"," ","TE PAI PLACE","201431589","03/01/2014","Fri","1035","LB","CN1V","314B 377B 922 ","","R","D","B ","F ","D"," ","C","050","0","0","0","","","1745276","5919486",
"Auckland","LINCOLN ROAD","60","S"," ","TE PAI PLACE","201434724","01/05/2014","Thu","1215","KB","CS1C","308B 314B 377B 924 ","","R","D","BF","F ","D","N","P","050","0","0","0","","","1745234","5919129",
"Auckland","LINCOLN ROAD","5","N"," ","UNIVERSAL DRIVE","201430626","24/01/2014","Fri","2047","AC","CS1C","372A 381A ","","R","D","TO","F ","X","T","C","050","0","0","0","","","1745306","5919757",
"Auckland","LINCOLN ROAD","10","N"," ","UNIVERSAL DRIVE","201412060","25/04/2014","Fri","1425","FE","CS14","181A 350A ","","R","D","O ","F ","X","T","C","050","0","0","1","","","1745306","5919762",
"Auckland","LINCOLN ROAD","30","N"," ","UNIVERSAL DRIVE","201430333","22/01/2014","Wed","0838","LB","4N1V","303B 926 ","","R","W","O ","F ","D","N","P","050","0","0","0","","","1745307","5919782",
"Auckland","LINCOLN ROAD","120","S"," ","UNIVERSAL DRIVE","201413082","29/05/2014","Thu","1540","AA","CS1C","108A 372A 925 ","QT","R","D","BF","F ","D","T","C","050","0","0","1","","","1745295","5919633",
"Auckland","LINCOLN ROAD","250","S"," ","UNIVERSAL DRIVE","201434182","10/03/2014","Mon","1715","LB","CN1C","370A 314B 377B 922 ","","R","D","B ","F ","D"," ","C","050","0","0","0","","","1745278","5919504",
"Auckland","LINCOLN ROAD",""," ","I","UNIVERSAL DRIVE","201431590","24/01/2014","Fri","0805","HA","CS1C","322A 334A ","","R","D","O ","F ","X","T","C","050","0","0","0","","","1745306","5919752",
"Auckland","LINCOLN ROAD","150","S"," ","WOODFORD AVENUE","201430081","03/02/2014","Mon","0835","EA","CN1C","129A 929 ","M","R","D","BF","F ","D","N","P","050","0","0","0","","","1745150","5918471",
"Auckland","LINCOLN ROAD",""," ","I","WOODFORD AVENUE","201437524","28/05/2014","Wed","1805","JA","CS1C","302B 387B ","","R","D","DO","F ","T","G","C","050","0","0","0","","","1745169","5918620",
"Auckland","LINCOLN ROAD",""," ","I","WOODFORD AVENUE","201434183","27/03/2014","Thu","1150","JA","CS1C","302B 382B ","","R","D","BF","F ","T","G","C","050","0","0","0","","","1745169","5918620",
"Auckland","LINE ROAD","20","N"," ","TANIWHA ST","201433333","13/03/2014","Thu","1630","MF","CN1C","371B ","","R","D","BF","F "," ","N","C","050","0","0","0","","","1765491","5917093",
"Auckland","LINE ROAD","40","S"," ","TANIWHA ST","201437401","24/05/2014","Sat","0655","ME","CS1C","371B ","","R","D","O ","F "," "," ","R","050","0","0","0","","","1765471","5917016",
"Auckland","LINK CRESCENT",""," ","I","WHANGAPARAOA ROAD","201433362","08/03/2014","Sat","1100","JC","VN1C","302A 375A ","","R","D","BF","F ","T","G","C","050","0","0","0","","","1756028","5944184",
"Auckland","LINK DRIVE",""," ","I","CROFTFIELD LANE","201431347","07/03/2014","Fri","1559","HA","CN2C","302A 375A ","","R","D","BF","F ","R","G","R","050","0","0","0","","","1755213","5929483",
"Auckland","LINK DRIVE","480","S"," ","SUNNYNOOK ROAD","201431032","30/01/2014","Thu","1501","FA","4W1C","181A ","","E","D","O ","F "," ","N","C","050","0","0","0","","","1755162","5929591",
"Auckland","LINK DRIVE","190","E"," ","TARGET ROAD","201430470","26/01/2014","Sun","1215","MO","4E1C","386A ","","R","D","O ","F "," ","N","C","050","0","0","0","","","1755168","5929473",
"Auckland","LINK DRIVE",""," ","I","TARGET ROAD","201433986","13/04/2014","Sun","1243","FB","CW1C","181A 387A ","","M","D","B ","F ","T","G","C","050","0","0","0","","","1755000","5929384",
"Auckland","LINK DRIVE",""," ","I","TARGET ROAD","201433234","22/02/2014","Sat","0930","MG","CW1C","371B ","","R","D","BF","F ","T","G","C","050","0","0","0","","","1755000","5929384",
"Auckland","LINWOOD ROAD","80","E"," ","GLASSONS BR","201412354","19/03/2014","Wed","0600","BF","CW1C","129A 131A 363A ","B","E","D","DN","F "," "," ","L","100","0","0","1","","","1765724","5892344",
"Auckland","LINWOOD ROAD","15","W"," ","WALTERS ROAD","201437158","23/05/2014","Fri","0920","EC","CE1","820 ","D","R","D","BF","F "," ","N","C","100","0","0","0","","","1769206","5893216",
"Auckland","LLOYD ROAD","20","E"," ","BARRETT ROAD","201410523","19/01/2014","Sun","0106","CB","CW1E","103A 129A ","","R","D","DN","F "," ","N","C","080","0","1","0","30","","1743485","5930413",
"Auckland","LONELY TRACK ROAD","350","E"," ","GILLS ROAD","201411009","20/02/2014","Thu","2037","DB","CW1","131A 402A 412A ","CS","M","D","DF","F "," "," ","N","070","0","0","1","","","1751861","5935847",
"Auckland","LONG DRIVE","10","S"," ","MELANESIA ROAD","201435198","11/03/2014","Tue","0800","QD","CN1","428A ","H","R","D","B ","F ","X","G","C","050","0","0","0","","","1765050","5919654",
"Auckland","LONGFORD ST","100","W"," ","MOUNT WELLINGTON HIGHWAY","201436212","26/03/2014","Wed","1730","EA","CE1C","129A 350A ","M","R","D","B ","F "," "," ","N","050","0","0","0","","","1763680","5913134",
"Auckland","LORRAINE AVENUE","50","S"," ","OWAIRAKA AVENUE","201436700","15/05/2014","Thu","0830","EA","TN1C","386A ","M","R","D","B ","F "," ","N","C","050","0","0","0","","","1753565","5915382",
"Auckland","LOVELL COURT","10","W"," ","WILLIAM PICKERING DRIVE","201435529","01/05/2014","Thu","0736","EA","CE1C","129A 363A 902 ","M","R","D","B ","F ","T","G","C","050","0","0","0","","","1751533","5932066",
"Auckland","LOWER ALBERT ST","15","S"," ","QUAY ST","201430906","15/01/2014","Wed","2240","MO","CS1C","371A ","M","R","D","DO","L "," ","N","C","050","0","0","0","","","1757446","5921076",
"Auckland","LOWER ALBERT ST",""," ","I","QUAY ST","201431564","15/01/2014","Wed","","GF","CN1C","129A ","","E","D","BF","F ","T","T","R","050","0","0","0","","","1757450","5921090",
"Auckland","LOWER HOBSON ST E","20","N"," ","CUSTOMS ST WEST","201432753","13/02/2014","Thu","0020","MO","XS1V","371B ","Q","R","D","DN","F "," "," ","N","050","0","0","0","","","1757259","5921018",
"Auckland","LUCKENS ROAD","50","S"," ","BERNLEIGH TERRACE","201412728","18/01/2014","Sat","1248","GD","CS1C","181A 423A 929 ","","R","D","BF","F ","D","N","C","050","0","0","1","","","1745228","5924213",
"Auckland","LUCKENS ROAD","50","S"," ","HOBSONVILLE ROAD","201433393","08/04/2014","Tue","1000","GD","CN1C","333A 354A 921 ","","R","D","OF","F ","D","N","C","050","0","0","0","","","1745145","5924363",
"Auckland","LUNN AVENUE",""," ","I","ABBOTTS WAY","201433250","27/02/2014","Thu","1132","JA","CN14","129A 504A 927 ","","R","D","BF","F ","D","T","C","050","0","0","0","","","1763200","5915987",
"Auckland","LYNDOCK ST","15","E"," ","AIREDALE ST","201435223","21/03/2014","Fri","1230","MO","CE14","371A ","M","R","D","B ","F "," "," ","C","050","0","0","0","","","1757357","5919749",
"Auckland","LYNDOCK ST","15","W"," ","WAKEFIELD ST","201438025","06/06/2014","Fri","1930","EA","CW1C","129A ","M","S","D","DO","F ","X","G","C","050","0","0","0","","","1757390","5919765",
"Auckland","LYNDOCK ST","20","W"," ","WAKEFIELD ST","201436377","30/03/2014","Sun","0000","EA","CE1C","129A ","M","R","D","DO","F "," ","N","C","050","0","0","0","","","1757386","5919762",
"Auckland","LYNN ROAD","100","S"," ","BAYVIEW ROAD","201411995","31/03/2014","Mon","1909","BA","SS1C","129A 375A ","","R","D","TO","F "," ","N","N","050","0","0","1","","10","1752113","5929082",
"Auckland","LYNN ROAD","200","N"," ","HOUSTON PLACE","201413678","05/01/2014","Sun","1525","LB","CN1C","144B 303B 801 929 ","","R","W","O ","L ","D"," ","C","050","0","0","1","","","1752018","5928663",
"Auckland","LYON AVENUE","50","W"," ","ST LUKES ROAD","201432981","06/02/2014","Thu","1600","EA","CS1C","129A 443B ","M","E","D","O ","F "," "," ","C","050","0","0","0","","","1754195","5916877",
"Auckland","LYTTLETON AVENUE","10","E"," ","BECROFT DRIVE","201412203","01/05/2014","Thu","0822","EA","CE1T","129A 363A 902 ","M","E","D","B ","F ","T","G","C","050","0","0","1","","","1755722","5929355",
"Auckland","MACAULAY ST","15","W"," ","DIAMOND ST","201432282","13/01/2014","Mon","1233","AO","CW1C","386A ","","R","D","BF","F ","T","N","N","050","0","0","0","","","1756672","5918800",
"Auckland","MACAULAY ST","20","E"," ","FLEET ST","201433561","12/04/2014","Sat","1730","EA","4W1C","129A ","M","R","D","TF","F "," ","N","N","050","0","0","0","","","1756583","5918827",
"Auckland","MACAULAY ST","30","E"," ","FLEET ST","201437869","08/05/2014","Thu","1400","EA","4E1C","129A 500A ","M","R","D","O ","F ","T","N","N","050","0","0","0","","","1756592","5918824",
"Auckland","MACLEANS ROAD","15","E"," ","OLIVER ROAD","201434378","17/04/2014","Thu","0813","MB","CW14","303B ","","E","W","O ","HS"," "," ","C","050","0","0","0","","","1770393","5916778",
"Auckland","MAGIC WAY","120","S"," ","SKELTON AVENUE","201436906","27/05/2014","Tue","0129","DA","CS1","102A 501A 929 ","J","E","D","DO","F ","D","N","N","050","0","0","0","","","1770277","5901152",
"Auckland","MAHIA ROAD",""," ","I","CHRISTMAS ROAD","201435808","12/04/2014","Sat","2145","JC","CS2C","321A ","","R","D","DO","F ","T","S","C","050","0","0","0","","","1769215","5899683",
"Auckland","MAHIA ROAD","100","W"," ","COXHEAD ROAD","201436298","14/05/2014","Wed","1435","CB","CE1","410A ","P","R","D","B ","F "," "," ","C","050","0","0","0","","","1768408","5899381",
"Auckland","MAHIA ROAD",""," ","I","COXHEAD ROAD","201437229","21/05/2014","Wed","1010","FB","CE1C","181A ","","R","D","OF","F ","R","G","R","050","0","0","0","","","1768496","5899415",
"Auckland","MAHIA ROAD","20","W"," ","GREAT SOUTH ROAD","201437295","04/05/2014","Sun","1330","KB","CW1C","308B 375B 922 ","","R","D","BN","F ","D","N","C","050","0","0","0","","","1769489","5899783",
"Auckland","MAHIA ROAD","50","W"," ","GREAT SOUTH ROAD","201437203","10/05/2014","Sat","1149","FD","CW1C","181A ","","R","D","BF","F "," ","N","C","050","0","0","0","","","1769461","5899773",
"Auckland","MAHUHU CRESCENT","100","E"," ","TAPORA ST","201432818","14/02/2014","Fri","0015","MA","CE1C","373B ","","E","D","DO","F "," "," ","C","050","0","0","0","","","1758331","5920648",
"Auckland","MAHUNGA DRIVE",""," ","I","RIMU OFF SBD","201437910","25/05/2014","Sun","1240","DB","CE1","111A 131A ","T","E","D","BF","F ","T","G","R","050","0","0","0","","","1759534","5910253",
"Auckland","MAHURANGI EAST ROAD",""," ","I","ARABELLA LANE","201412684","21/04/2014","Mon","0825","DB","CW2","133A 402A ","C","E","D","BF","F ","T","S","C","050","0","0","2","","","1754163","5969485",
"Auckland","MAHURANGI EAST ROAD",""," ","I","DAWSON ROAD","201411123","15/03/2014","Sat","0930","BF","4S1C","111A 131A 801 903 ","","M","W","O ","LS","T","G","C","050","0","0","2","","","1754968","5967335",
"Auckland","MAHURANGI EAST ROAD",""," ","I","DAWSON ROAD","201437892","30/04/2014","Wed","1802","DB","VS1","103A 111A ","FT","M","D","DO","F ","T","N","C","050","0","0","0","","","1754968","5967335",
"Auckland","MAHURANGI WEST ROAD","50","E"," ","SH 1N","201433575","30/03/2014","Sun","1825","DB","CE1","133A ","","M","D","ON","F "," ","N","C","100","0","0","0","","","1748681","5960363",
"Auckland","MAHURU ST",""," ","I","BROADWAY","201436858","24/05/2014","Sat","1050","FB","VW1C","181A 331A ","","R","D","O ","F ","T","G","C","050","0","0","0","","","1758387","5917677",
"Auckland","MAICH ROAD","100","N"," ","BEATTY AVENUE","201438153","26/05/2014","Mon","0915","GD","CN14","331A 929 ","","E","D","OF","F ","D","N","C","050","0","0","0","","","1768215","5901445",
"Auckland","MAICH ROAD","150","S"," ","BEATTY AVENUE","201434363","22/04/2014","Tue","1600","MD","CN1C","371B 929 ","","R","D","O ","F ","D","N","C","050","0","0","0","","","1768370","5901251",
"Auckland","MAICH ROAD",""," ","I","BEATTY AVENUE","201437189","25/05/2014","Sun","0232","QD","CS1","428A 514A ","H","R","W","DO","L ","T","G","C","050","0","0","0","","","1768273","5901366",
"Auckland","MAICH ROAD","20","S"," ","BROWNS ROAD","201434887","19/04/2014","Sat","0040","MO","CS1C","428A 514A ","M","R","D","DO","F "," ","N","P","050","0","0","0","","","1768021","5902340",
"Auckland","MAICH ROAD",""," ","I","HALSEY ROAD","201436109","04/04/2014","Fri","1940","HA","CW2C","302A 387A ","","R","D","DO","F ","X","G","C","050","0","0","0","","","1768144","5901773",
"Auckland","MAICH ROAD",""," ","I","HALSEY ROAD","201434494","28/04/2014","Mon","1426","HA","VS1C","302B 375B 503B 801 ","","R","W","O ","L ","X","G","C","050","0","0","0","","","1768144","5901773",
"Auckland","MAICH ROAD",""," ","I","MARTIN ROAD","201437325","15/05/2014","Thu","1600","DB","CE2","133A ","P","R","D","OF","F ","T","G","C","050","0","0","0","","","1768090","5902028",
"Auckland","MAICH ROAD","150","N"," ","NORTHCREST WAY","201437752","21/05/2014","Wed","1559","EA","VS1C","129A 130A 412A ","M","R","D","O ","F "," "," ","C","050","0","0","0","","","1768348","5901277",
"Auckland","MAICH ROAD","15","S"," ","RUTH ST","201410721","04/03/2014","Tue","0840","NA","CN1E","713B 732B ","","E","D","O ","F "," ","N","C","050","0","0","1","","","1768180","5901606",
"Auckland","MAICH ROAD","5","N"," ","STATION ROAD","201435058","11/04/2014","Fri","1541","FB","CS1C","181A ","","R","D","B ","F ","X","G","R","050","0","0","0","","","1768560","5901026",
"Auckland","MAIDSTONE ST","60","N"," ","GREAT NORTH ROAD","201412983","19/05/2014","Mon","1725","MD","SN1C","204A 929 ","","R","D","DO","F ","D","N","N","050","0","1","0","","27","1756110","5919209",
"Auckland","MAIN HIGHWAY","25","S"," ","AMY ST","201436546","15/04/2014","Tue","1721","KB","CS1C","308B 314B 387B 922 ","","R","D","O ","F ","D"," ","C","050","0","0","0","","","1761536","5914776",
"Auckland","MAIN HIGHWAY","10","E"," ","ELLERSLIE-PANMURE HIGHWAY","201432071","08/01/2014","Wed","1415","FB","CE1C","331A 353A ","","E","D","B ","F ","M","G","N","050","0","0","0","","","1761782","5914705",
"Auckland","MAIN HIGHWAY","40","W"," ","ELLERSLIE-PANMURE HIGHWAY","201436215","01/04/2014","Tue","1920","NC","CE1E","376A 930 ","","R","D","TO","F ","D","N","C","050","0","0","0","","","1761795","5914723",
"Auckland","MAIN HIGHWAY",""," ","I","RAMSGATE ST","201437078","06/06/2014","Fri","0845","HA","CS2C","302A ","","E","D","B ","F ","X","G","C","050","0","0","0","","","1761349","5914861",
"Auckland","MAIN HIGHWAY","100","E"," ","WALPOLE ST","201412562","01/04/2014","Tue","1725","FD","CE14","181A 331A 363A ","","R","D","B ","F "," "," ","C","050","0","0","1","","","1760628","5915193",
"Auckland","MAIN LINK",""," ","I","PENROSE ON SBD","201438133","08/05/2014","Thu","0800","FB","CW1C","181A ","","R","D","OF","F ","R","G","C","050","0","0","0","","","1761461","5914299",
"Auckland","MAIN ST S",""," ","I","WHANGAPARAOA ROAD","201431840","21/01/2014","Tue","1700","GF","CE1C","381A ","","R","D","OF","F ","T","T","C","050","0","0","0","","","1756308","5944075",
"Auckland","MAIORO ST",""," ","I","MAIORO OFF WBD","201431331","07/02/2014","Fri","1939","FE","CE1VC","181A ","","R","W","OF","L ","M","T","R","050","0","0","0","","","1753520","5914409",
"Auckland","MAIORO ST",""," ","I","MAIORO OFF WBD","201432995","18/02/2014","Tue","0702","KB","CN1C","322A 334A ","","R","D","B ","F ","T","T","C","050","0","0","0","","","1753520","5914409",
"Auckland","MAIORO ST","60","S"," ","MAIORO ON EBD","201435384","05/05/2014","Mon","1330","FD","CE1C","181A ","","R","D","O ","H "," "," ","C","050","0","0","0","","","1753525","5914414",
"Auckland","MAIORO ST",""," ","I","MAIORO ON EBD","201431829","10/02/2014","Mon","2110","DA","CE1","135A 806 ","G","R","D","DO","F ","M","T","R","060","0","0","0","","","1753569","5914455",
"Auckland","MAIORO ST",""," ","I","MAIORO ON EBD","201430837","18/01/2014","Sat","0938","JC","TE1C","324A ","","R","D","BF","F ","T","T","R","100","0","0","0","","","1753569","5914455",
"Auckland","MAIORO ST",""," ","I","MAIORO ON EBD","201432227","27/01/2014","Mon","1750","LB","CW1C","323B 334B ","","R","D","B ","F ","T","T","R","050","0","0","0","","","1753578","5914447",
"Auckland","MAIORO ST",""," ","I","ROSEVILLE ST","201438644","13/05/2014","Tue","1800","JA","CE1C","302B ","","R","D","DO","F ","T","G","P","050","0","0","0","","","1753120","5914181",
"Auckland","MAKORA ROAD","5","S"," ","CHLOE PLACE","201410848","06/01/2014","Mon","0518","CB","CS1","130A 402A 412A ","P","R","D","TO","F ","T","G","C","050","0","0","1","","","1744306","5922237",
"Auckland","MAKORA ROAD",""," ","I","ROYAL OFF WBD","201437384","19/05/2014","Mon","0746","DA","CW2","103A 111A 131A ","K","E","W","OF","F ","Y","T","R","050","0","0","0","","","1744318","5922429",
"Auckland","MANGAKURA ROAD","1000","S"," ","ROGAN AVENUE","201433771","01/04/2014","Tue","1510","BF","CN1C","111A 129A ","","M","D","B ","F "," "," ","N","100","0","0","0","","","1729468","5937736",
"Auckland","MANGAWHAI ROAD","50","S"," ","BRADDICK ROAD","201437822","21/04/2014","Mon","0620","EC","4N1","912 ","W","E","W","DN","F "," ","N","C","100","0","0","0","","","1742179","5992862",
"Auckland","MANGERE ROAD","50","E"," ","AWA ST","201430990","04/03/2014","Tue","1656","FA","CW1C","331A 352A ","","R","D","BF","F "," ","N","C","050","0","0","0","","","1763810","5908894",
"Auckland","MANGERE ROAD","170","E"," ","AWA ST","201430632","01/02/2014","Sat","1520","BE","4W1T44","125A 402A 410A ","","R","D","B ","F "," ","N","C","050","0","0","0","","","1763930","5908899",
"Auckland","MANGERE ROAD","260","E"," ","AWA ST","201431809","10/02/2014","Mon","1446","MC","4E1C","372B 517B ","","E","D","BN","F "," ","N","C","050","0","0","0","","","1764017","5908921",
"Auckland","MANGERE ROAD",""," ","I","HOSPITAL ROAD","201438338","10/06/2014","Tue","1811","LB","CS1C","303B 334B 901 ","","R","W","DO","H ","Y","T","C","050","0","0","0","","","1763378","5908440",
"Auckland","MANGERE ROAD",""," ","I","HOSPITAL ROAD","201413724","28/05/2014","Wed","0615","FE","CN1CC","331A 645A ","","R","D","OF","F ","T","T","C","050","0","0","1","","","1763378","5908440",
"Auckland","MANGERE ROAD",""," ","I","HOSPITAL ROAD","201410969","01/02/2014","Sat","0857","LB","CS1C","303B 375B ","","R","D","BF","F ","T","T","L","050","0","2","0","","","1763378","5908440",
"Auckland","MANGERE ROAD","5","E"," ","PIKI THOMPSON WAY","201433229","03/03/2014","Mon","0745","FD","TE1C","353A 385A ","","R","D","BF","F ","T","T","C","050","0","0","0","","","1764192","5908968",
"Auckland","MANGERE ROAD","200","W"," ","PIKI THOMPSON WAY","201435226","20/03/2014","Thu","0550","EA","CE1V","129A ","M","R","D","DO","F "," "," ","L","050","0","0","0","","","1763994","5908915",
"Auckland","MANGERE ROAD",""," ","I","WALMSLEY ROAD","201433662","11/04/2014","Fri","1440","GF","CW1T","386A 503A ","","E","D","O ","F ","T","T","C","050","0","0","0","","","1763695","5908892",
"Auckland","MANLY PARK AVENUE",""," ","I","LAURENCE ST","201437372","04/05/2014","Sun","2221","DB","CW2","103A 131A ","","M","D","DO","F ","T","N","C","050","0","0","0","","","1757088","5944854",
"Auckland","MANUKA ROAD","100","S"," ","BAYVIEW ROAD","201432899","16/02/2014","Sun","2359","EA","CS1C","129A ","M","R","D","DO","L "," "," ","C","050","0","0","0","","","1752729","5928588",
"Auckland","MANUKA ROAD",""," ","I","EASTON PARK PARADE","201430016","08/01/2014","Wed","0707","JA","TW1C","322A ","","E","D","BF","F ","T","T","C","050","0","0","0","","","1753157","5928764",
"Auckland","MANUKA ROAD",""," ","I","EASTON PARK PARADE","201433356","29/03/2014","Sat","0755","DA","CW1","136A 350A 620A ","S","E","D","BF","F ","X","T","C","050","0","0","0","","","1753157","5928764",
"Auckland","MANUKAU OFF NBD",""," ","I","GREAT SOUTH ROAD","201435660","01/05/2014","Thu","1718","FE","CW1C","110A 331A ","G","R","D","TO","F ","T","T","C","100","0","0","0","","","1767780","5903864",
"Auckland","MANUKAU ROAD","10","N"," ","ARCADIA ROAD","201437345","08/06/2014","Sun","1300","FD","CN1C","331A 352A ","","R","D","BF","F ","X","G","P","050","0","0","0","","","1758092","5915397",
"Auckland","MANUKAU ROAD",""," ","I","CAMPBELL CRESCENT N","201435912","05/05/2014","Mon","1545","FD","CS1C","181A ","","R","W","OF","F ","T","G","C","050","0","0","0","","","1758210","5916139",
"Auckland","MANUKAU ROAD",""," ","I","CAMPBELL CRESCENT N","201410613","10/02/2014","Mon","1743","BE","CS1C","125A 410A ","","R","D","B ","F ","T","N","P","050","0","0","2","","","1758210","5916139",
"Auckland","MANUKAU ROAD","15","N"," ","CLYDE ST","201410461","14/01/2014","Tue","0800","NA","CN1E","711B 714B ","","R","D","B ","F "," "," ","C","050","0","0","1","16","","1758324","5917155",
"Auckland","MANUKAU ROAD",""," ","I","CORBETT-SCOTT AVENUE","201432843","07/03/2014","Fri","0745","GB","CN1C","172B ","","R","D","TF","F ","T","G","P","050","0","0","0","","","1758193","5915991",
"Auckland","MANUKAU ROAD","5","N"," ","EMPIRE ROAD","201410626","20/01/2014","Mon","1500","FD","VS1CC","181A 350A ","","R","D","O ","F ","T","G","C","050","0","1","0","","","1757988","5914846",
"Auckland","MANUKAU ROAD","50","N"," ","GLASGOW ROAD","201412129","27/04/2014","Sun","1700","NA","CS1E","194A 711B ","","R","D","O ","F "," "," ","C","050","0","0","1","44","","1769435","5880476",
"Auckland","MANUKAU ROAD","30","N"," ","GREEN LANE WEST","201412968","28/04/2014","Mon","0817","NA","CS1E","713B ","","R","D","B ","F ","X","T","P","050","0","1","0","29","","1758115","5915516",
"Auckland","MANUKAU ROAD","20","S"," ","GREEN LANE WEST","201431877","05/03/2014","Wed","1550","AA","CN1C","382A ","","R","D","BF","F "," ","N","C","050","0","0","0","","","1758107","5915466",
"Auckland","MANUKAU ROAD","30","S"," ","GREEN LANE WEST","201434842","26/03/2014","Wed","0905","MB","CS1C","303B 375B ","","R","D","BF","F "," ","N","C","050","0","0","0","","","1758105","5915457",