"TLA NAME","CRASH ROAD","CRASH DIST","CRASH DIRN","INTSN","SIDE ROAD","CRASH ID","CRASH DATE","CRASH DOW","CRASH TIME","MVMT","VEHICLES","CAUSES","OBJECTS STRUCK","ROAD CURVE","ROAD WET","LIGHT","WTHRa","JUNC TYPE","TRAF CTRL","ROAD MARK","SPD LIM","CRASH FATAL CNT","CRASH SEV CNT","CRASH MIN CNT","PERS AGE1","PERS AGE2","EASTING","NORTHING"
"Auckland","MANUKAU ROAD","50","S"," ","GREEN LANE WEST","201412165","01/04/2014","Tue","1745","NA","CN1E","711B 714B ","","R","D","B ","F "," "," ","P","050","0","0","1","34","","1758102","5915437",
"Auckland","MANUKAU ROAD",""," ","I","GREEN LANE WEST","201436539","20/04/2014","Sun","2030","FE","CN1CC","181A 331A 402A ","","R","D","DO","F ","X","T","P","050","0","0","0","","","1758110","5915486",
"Auckland","MANUKAU ROAD",""," ","I","GREEN LANE WEST","201435303","03/05/2014","Sat","1320","AC","CW2C","159A ","","R","D","B ","F ","X","T","R","050","0","0","0","","","1758110","5915486",
"Auckland","MANUKAU ROAD",""," ","I","GREEN LANE WEST","201410179","22/01/2014","Wed","1510","GA","CS1C","181A 331A ","","R","D","B ","F ","X","T","C","050","0","0","1","","","1758110","5915486",
"Auckland","MANUKAU ROAD",""," ","I","KING EDWARD AVENUE","201410919","26/02/2014","Wed","0919","NA","TN1E","711B ","","R","D","BF","F ","T","G","P","050","0","1","0","75","","1758151","5915728",
"Auckland","MANUKAU ROAD","15","N"," ","KING GEORGE AVENUE","201436068","24/04/2014","Thu","1300","FD","CN1C","181A ","","R","D","BF","F ","T","G","C","050","0","0","0","","","","",
"Auckland","MANUKAU ROAD","40","N"," ","KIPLING AVENUE","201436106","31/03/2014","Mon","1715","AO","CS1C","372A ","","R","D","B ","F "," "," ","C","050","0","0","0","","","1758295","5917009",
"Auckland","MANUKAU ROAD",""," ","I","KIPLING AVENUE","201412966","27/05/2014","Tue","1200","FD","CN1CCC","181A 181B 181C ","","R","D","B ","F ","T","G","C","050","0","0","2","","","1758286","5916970",
"Auckland","MANUKAU ROAD",""," ","I","NELSON ST","201434788","17/04/2014","Thu","0525","HA","CE2C","302A 375A ","","R","W","DO","L ","R","G","R","050","0","0","0","","","1769484","5880134",
"Auckland","MANUKAU ROAD","30","S"," ","OWENS ROAD","201433999","11/04/2014","Fri","1615","EA","CN1C","386A ","M","R","D","B ","F "," ","N","C","080","0","0","0","","","1758308","5917072",
"Auckland","MANUKAU ROAD","5","N"," ","PAH ROAD","201431835","08/02/2014","Sat","1249","FD","CS1C","331A 358A ","","R","D","BF","F ","Y","T","C","050","0","0","0","","","1757972","5914791",
"Auckland","MANUKAU ROAD",""," ","I","QUEEN MARY AVENUE","201437541","09/05/2014","Fri","1042","MC","CS1C","372B ","","R","D","B ","F ","T","G","C","050","0","0","0","","","1758128","5915593",
"Auckland","MANUKAU ROAD","90","S"," ","RANFURLY ROAD","201436696","14/05/2014","Wed","1520","FD","CN1C","181A ","","R","W","O ","F "," ","N","C","080","0","0","0","","","1758226","5916306",
"Auckland","MANUKAU ROAD","10","N"," ","TURAMA ROAD","201411128","17/03/2014","Mon","1210","JA","MN1C","308B 375B 925 ","","R","D","B ","F ","D","S","P","050","0","0","1","","","1758193","5913589",
"Auckland","MANUKAU STATION ROAD",""," ","I","GREAT SOUTH ROAD","201436404","06/04/2014","Sun","2224","FB","CE1C","181A ","","R","D","DO","F ","M","G","R","050","0","0","0","","","1767774","5904295",
"Auckland","MANUKAU STATION ROAD","10","E"," ","LAMBIE DRIVE","201436538","16/05/2014","Fri","1716","MO","CS1C","371B 386B ","","R","D","B ","F ","X","T","C","060","0","0","0","","","1766801","5904019",
"Auckland","MANUKAU STATION ROAD",""," ","I","LEYTON WAY","201434693","23/03/2014","Sun","1300","FF","CW1C","191B 357B 510B ","","R","D","BF","F ","X","T","R","050","0","0","0","","","1767644","5904284",
"Auckland","MANUKAU STATION ROAD",""," ","I","OSTERLEY WAY","201410062","21/01/2014","Tue","1305","JA","CS2C","322A 322B 801 ","","E","W","O ","L ","X","T","R","060","0","0","1","","","1767294","5904146",
"Auckland","MANUKAU STATION ROAD",""," ","I","WIRI STATION ROAD","201437278","06/06/2014","Fri","0706","GF","TW1C","381A 671A ","","R","W","BF","F ","T","T","C","060","0","0","0","","","1767120","5904071",
"Auckland","MANUREWA ON NBD",""," ","I","GRANDE VUE ROAD","201437413","31/05/2014","Sat","0705","DA","CN2","501A ","GIS","M","D","B ","F ","T","N","R","050","0","0","0","","","1769438","5901890",
"Auckland","MANUROA ROAD","200","E"," ","GREAT SOUTH ROAD","201431816","14/02/2014","Fri","0130","FF","CE1C","181A 434A ","","R","D","DO","F "," ","N","C","050","0","0","0","","","1770519","5899017",
"Auckland","MANUROA ROAD","30","W"," ","OAKLEIGH AVENUE","201430335","10/01/2014","Fri","0018","AC","CW1C","112A 381A ","SF","R","D","DO","F "," ","N","L","050","0","0","0","","","1770579","5899036",
"Auckland","MANUROA ROAD",""," ","I","OAKLEIGH AVENUE","201436155","12/05/2014","Mon","0705","JA","CE1C","302B ","","R","D","O ","F ","T","G","C","050","0","0","0","","","1770608","5899045",
"Auckland","MANUROA ROAD","30","E"," ","PRINCESS ST","201437326","09/06/2014","Mon","1800","CB","CW1","112A 130A 901 ","IP","R","W","DO","H "," ","N","R","050","0","0","0","","","1770746","5899089",
"Auckland","MANUROA ROAD","10","W"," ","PRINCESS ST","201433307","10/04/2014","Thu","1030","EE","CE1C","374B ","M","R","D","BF","F ","T","T","C","050","0","0","0","","","1770708","5899077",
"Auckland","MANUROA ROAD","100","E"," ","TAKANINI SCHOOL ROAD","201435489","06/05/2014","Tue","1835","GA","CE1C","103A 181A 929 ","","R","D","DO","F ","D","N","C","050","0","0","0","","","1771156","5899218",
"Auckland","MANUROA ROAD",""," ","I","TAKANINI SCHOOL ROAD","201430789","07/01/2014","Tue","2043","HA","CS2V","321A 375A ","","R","W","DO","L ","X","S","C","050","0","0","0","","","1771061","5899188",
"Auckland","MANUROA ROAD",""," ","I","TAKANINI SCHOOL ROAD","201410664","04/02/2014","Tue","1420","HA","CE1C","301B 353B ","","E","D","O ","F ","X","S","R","050","0","0","2","","","1771061","5899188",
"Auckland","MARAETAI COAST ROAD","560","N"," ","NORTH ROAD","201412251","12/05/2014","Mon","1600","DA","CN1","104A 357A 504A ","C","E","D","O ","F "," ","N","C","100","0","1","0","","","1783926","5914076",
"Auckland","MARAETAI COAST ROAD","1000","W"," ","NORTH ROAD","201410899","11/01/2014","Sat","1100","BF","VS1C","121A 129A 404A ","","S","D","B ","F "," "," ","L","100","0","0","2","","","1783792","5914487",
"Auckland","MARGARET ST","25","S"," ","COLLEGE HILL","201435385","02/04/2014","Wed","1517","MO","CN1C","386A ","M","R","D","B ","F "," "," ","C","050","0","0","0","","","1755585","5920604",
"Auckland","MARJORIE JAYNE CRESCENT","20","S"," ","STATION ROAD","201435421","08/04/2014","Tue","","MO","CS1C","103A 371A 929 ","","R","D","BN","F ","D","N","L","050","0","0","0","","","1763448","5909593",
"Auckland","MARKET ROAD","40","E"," ","CAMPBELL CRESCENT","201437281","06/06/2014","Fri","1350","FD","CE1C","181A ","","R","D","BF","F "," ","N","C","050","0","0","0","","","1758351","5916105",
"Auckland","MARKET ROAD","50","E"," ","CORNWALL PARK AVENUE","201410446","30/01/2014","Thu","2134","EA","CE1V","129A 358A ","MT","R","D","DO","F "," "," ","C","050","0","0","1","","","1758746","5916406",
"Auckland","MARKET ROAD",""," ","I","MOUNT HOBSON ROAD","201437137","25/04/2014","Fri","0924","JA","CE1C","322B ","","R","W","BF","F ","T","T","C","050","0","0","0","","","1759221","5916770",
"Auckland","MARKET ROAD",""," ","I","PATEY ST","201437847","11/04/2014","Fri","0910","JA","CW1C","301B 375B ","","R","D","B ","F ","T","S","C","050","0","0","0","","","1759108","5916684",
"Auckland","MARNE ROAD",""," ","I","CLEVEDON ROAD","201410906","07/03/2014","Fri","0945","HA","CN1C","302A 375A ","","R","D","BF","F ","R","G","R","050","0","0","1","","","1773190","5896431",
"Auckland","MARNE ROAD","10","S"," ","ONSLOW ROAD","201434009","17/04/2014","Thu","0914","MA","VS1C","373B ","","R","W","O ","F ","T","N","C","050","0","0","0","","","1773408","5895951",
"Auckland","MARNE ROAD",""," ","I","WILLIS ROAD","201431676","19/02/2014","Wed","0815","HA","CW2CC","302A 181C ","","E","D","O ","F ","R","G","R","050","0","0","0","","","1773196","5896437",
"Auckland","MARR ROAD","20","S"," ","BROWNS ROAD","201436557","29/04/2014","Tue","1745","MC","CS1V","372B 801 ","","E","W","TO","L "," "," ","C","050","0","0","0","","","1767063","5901954",
"Auckland","MARSDEN AVENUE","310","W"," ","MOUNT EDEN ROAD","201433240","15/03/2014","Sat","1205","EA","CW1C","129A ","M","R","W","OF","L "," ","N","C","050","0","0","0","","","1756396","5915501",
"Auckland","MARTIN AVENUE","15","N"," ","BURNSIDE AVENUE","201437293","02/06/2014","Mon","0145","CB","CN1","130A ","F","R"," ","DO","  "," ","N","N","050","0","0","0","","","1753380","5917649",
"Auckland","MARUA ROAD",""," ","I","BURT ROAD","201430877","18/02/2014","Tue","1305","DA","CE1V","111A 131A ","M","E","D","BF","F ","T","G","C","050","0","0","0","","","1763668","5915267",
"Auckland","MARUA ROAD","60","E"," ","HARRIS ROAD","201436617","05/05/2014","Mon","1540","JA","4E1C","308B 375B 927 ","","R","W","O ","L ","D","N","R","050","0","0","0","","","1763483","5915365",
"Auckland","MASCOT AVENUE",""," ","I","CANNING CRESCENT S","201413266","10/06/2014","Tue","0930","LB","CS1CV","135B 303B 375B ","","R","W","O ","F ","T","G","C","050","0","0","2","","","1760464","5906694",
"Auckland","MASCOT AVENUE",""," ","I","FRIESIAN DRIVE","201435182","03/04/2014","Thu","0800","KB","CN1C","301B 375B ","","E","D","B ","F ","T","S","C","050","0","0","0","","","1760573","5906538",
"Auckland","MASCOT AVENUE","30","N"," ","MASSEY ROAD","201436773","01/05/2014","Thu","0830","GA","CN1C","181A 331A 929 ","","R","D","B ","F ","D","N","C","050","0","0","0","","","1760584","5906108",
"Auckland","MASKELL ST","25","E"," ","ST HELIERS BAY ROAD","201436039","19/06/2014","Thu","0835","MO","CE1C","333A ","","R","D","BF","F "," ","N","C","050","0","0","0","","","","",
"Auckland","MASON AVENUE","140","S"," ","STATION ROAD","201434306","13/04/2014","Sun","1700","DA","CW1V","103A 111A 131A ","FJM","S","D","B ","F "," "," ","C","050","0","0","0","","","1763833","5909692",
"Auckland","MASON AVENUE","150","S"," ","STATION ROAD","201433895","05/04/2014","Sat","1950","DA","CW1","111A 131A ","F","S","D","DO","F "," "," ","C","050","0","0","0","","","1763839","5909684",
"Auckland","MASSEY AVENUE","70","E"," ","CAMPBELL ROAD","201432692","04/04/2014","Fri","1730","MO","CE1C","386A ","M","R","D","B ","F "," ","N","C","050","0","0","0","","","1760115","5914981",
"Auckland","MASSEY OFF NBD",""," ","I","MASSEY ROAD","201436418","28/03/2014","Fri","0751","FB","CN1C","181A ","","E","D","BF","F ","T","G","N","050","0","0","0","","","1761708","5906528",
"Auckland","MASSEY ROAD",""," ","I","BUCKLAND ROAD","201412085","04/04/2014","Fri","1400","LB","CS1C","303B 375B ","","R","D","B ","F ","X","T","C","050","0","1","0","","","1762271","5907061",
"Auckland","MASSEY ROAD",""," ","I","BUCKLAND ROAD","201430025","05/01/2014","Sun","1110","LB","CS1C","303B 353B ","","R","D","OF","F ","X","T","C","050","0","0","0","","","1762271","5907061",
"Auckland","MASSEY ROAD","50","S"," ","GRAY AVENUE","201433168","19/03/2014","Wed","0750","GD","4N1C","331A 922 ","","R","D","B ","F ","D","N","C","050","0","0","0","","","1763094","5907979",
"Auckland","MASSEY ROAD",""," ","I","GRAY AVENUE","201411723","16/03/2014","Sun","1030","FE","CN1C","181A ","","R","W","O ","L ","T","T","C","050","0","0","1","","","1763121","5908021",
"Auckland","MASSEY ROAD","10","N"," ","HENWOOD ROAD","201432675","29/03/2014","Sat","1526","MC","CN1C","372A 386A ","","R","D","B ","F ","T","N","C","050","0","0","0","","","1761884","5906696",
"Auckland","MASSEY ROAD",""," ","I","HOSPITAL ROAD","201437911","13/06/2014","Fri","2154","BA","CS14","103A 130A ","","R","D","DO","F ","M","T","C","050","0","0","0","","","1763378","5908440",
"Auckland","MASSEY ROAD","50","W"," ","IMRIE AVENUE","201435071","02/05/2014","Fri","2300","EA","CE1C","103A 129A ","M","R","D","DO","F "," ","N","C","050","0","0","0","","","1761505","5906338",
"Auckland","MASSEY ROAD",""," ","I","MASCOT AVENUE","201438154","25/05/2014","Sun","2320","DC","CS2C","113A ","FM","R","W","DO","L ","T","S","P","050","0","0","0","","","1760569","5906081",
"Auckland","MASSEY ROAD","30","S"," ","MASSEY OBR","201413635","10/02/2014","Mon","1000","LB","CN1C","303A 370A 930 ","","R","D","B ","F ","D"," ","C","050","0","0","1","","","1761705","5906525",
"Auckland","MASSEY ROAD",""," ","I","MASSEY ON NBD","201430482","28/01/2014","Tue","1910","HA","CE1C","323A ","","R","D","TF","F ","X","T","C","050","0","0","0","","","1761708","5906528",
"Auckland","MASSEY ROAD",""," ","I","MASSEY ON SBD","201413681","15/06/2014","Sun","0818","LB","CW1C","322A 412A ","","R","D","B ","F ","X","T","R","050","0","0","1","","","1761749","5906566",
"Auckland","MASSEY ROAD",""," ","I","MASSEY ON SBD","201412677","06/04/2014","Sun","1255","LB","VW1VC","322A ","","R","D","BF","F ","M","T","R","060","0","0","1","","","1761749","5906566",
"Auckland","MASSEY ROAD","15","N"," ","ROBERTSON ROAD","201437724","06/06/2014","Fri","1615","AA","CS1V","372A ","","R","D","O ","F "," "," ","C","050","0","0","0","","","1761887","5906700",
"Auckland","MASSEY ROAD",""," ","I","ROBERTSON ROAD","201431512","25/01/2014","Sat","2105","FE","CN1C","101A 331A 101 331 ","","R","D","DO","F ","X","T","C","050","0","0","0","","","1761877","5906689",
"Auckland","MASSEY ROAD","20","W"," ","SAVILL DRIVE","201436867","23/05/2014","Fri","1230","JA","4E1C","308B 370B 927 ","","R","D","B ","F ","D"," ","C","050","0","0","0","","","1763251","5908230",
"Auckland","MASSEY ROAD",""," ","I","SAVILL DRIVE","201433275","16/03/2014","Sun","0030","BF","CN1C","130A ","","R","W","DO","F ","X","T","C","050","0","0","0","","","1763261","5908247",
"Auckland","MASSEY ROAD",""," ","I","SH 20 OFF SBD","201434307","15/04/2014","Tue","0542","FE","CW1C","103A 331A ","","R","D","DO","F ","X","T","C","050","0","0","0","","","1761708","5906528",
"Auckland","MASSEY ROAD",""," ","I","SH 20 SOUTHWESTERN M/WAY","201430601","31/01/2014","Fri","1645","GE","CE1V","173A 200A ","","R","D","B ","F ","M","T","C","050","0","0","0","","","1761708","5906528",
"Auckland","MASSEY ROAD",""," ","I","TIDAL ROAD","201411087","21/01/2014","Tue","2030","LB","CS1C","322A 334A 404A ","","R","D","TO","F ","T","T","R","050","0","0","2","","","1761615","5906434",
"Auckland","MASSEY ROAD",""," ","I","VINE ST","201433313","27/03/2014","Thu","0900","LB","CN1C","303B 314B 377B ","","R","D","BN","F ","T","G","C","050","0","0","0","","","1763074","5907946",
"Auckland","MASSEY ROAD",""," ","I","VINE ST","201430234","09/01/2014","Thu","1710","AO","BS1C","386A ","","E","D","O ","F ","T","G","C","050","0","0","0","","","1763074","5907946",
"Auckland","MASSEY ROAD",""," ","I","VIOLA AVENUE","201434232","28/02/2014","Fri","1745","FA","CS1C","181A 331A ","","R","D","B ","F ","T","G","C","050","0","0","0","","","1762745","5907515",
"Auckland","MASSEY ROAD","30","N"," ","WALTER ST","201412408","19/03/2014","Wed","1825","BE","CN1T","130A 402A 412A ","","R","D","DF","F "," "," ","C","050","0","0","1","","","1762178","5906975",
"Auckland","MASSEY ROAD","30","E"," ","YATES ROAD","201412191","11/05/2014","Sun","1329","NA","CE1E","726B ","","R","D","B ","F "," "," ","P","050","0","0","1","2","","1762568","5907346",
"Auckland","MASSEY ROAD","15","S"," ","YATES ROAD","201430903","27/02/2014","Thu","1155","MF","CN1C","371B ","","R","D","BF","F "," ","T","X","050","0","0","0","","","1762535","5907315",
"Auckland","MASSEY ROAD","50","S"," ","YATES ROAD","201411160","06/04/2014","Sun","2115","NA","CN1E","713B 718B ","","R","D","DO","F "," ","T","X","050","0","0","1","11","","1762510","5907290",
"Auckland","MASSEY ROAD W","10","E"," ","PLUMLEY CRESCENT","201431173","02/03/2014","Sun","0600","GE","CE1C","157A 160A 922 ","","R","D","B ","F ","D","N","C","050","0","0","0","","","1759888","5906264",
"Auckland","MATAKANA ROAD","630","E"," ","ELIZABETH ST","201435264","06/04/2014","Sun","0117","MO","CW1","103A 371A 929 ","V","R","D","DN","F ","D","N","N","080","0","0","0","","","1748967","5971343",
"Auckland","MATAKANA ROAD","5","N"," ","SANDSPIT ROAD","201433305","06/04/2014","Sun","1105","AC","4S14","181A 333A ","","R","D","BF","F ","T","G","C","050","0","0","0","","","1748978","5970820",
"Auckland","MATAKANA ROAD","300","S"," ","TAMAHUNGA DRIVE","201412752","11/04/2014","Fri","1445","NA","CS1E","713B ","","R","D","BF","F "," ","N","C","050","0","0","1","","","1753496","5974947",
"Auckland","MATAKANA ROAD","100","S"," ","WRIGHT ROAD","201430586","03/02/2014","Mon","1520","CB","4N1","130A 631A ","C","R","D","B ","F "," "," ","C","080","0","0","0","","","1753225","5974265",
"Auckland","MATAKANA VALLEY ROAD","100","N"," ","SMITH ROAD","201432619","19/02/2014","Wed","1517","DA","4N1","111A 131A ","C","E","D","B ","F "," ","N","C","050","0","0","0","","","1752312","5978582",
"Auckland","MATIPO ROAD","100","N"," ","TAIPARI ROAD","201432697","19/03/2014","Wed","1930","CC","VS1C","125A 129A ","M","R","D","O ","F "," ","N","C","050","0","0","0","","","1746191","5921517",
"Auckland","MATIPO ST","50","S"," ","BALMORAL ROAD","201437515","28/05/2014","Wed","0545","MO","CN1C","386A ","M","R","D","DO","F "," "," ","C","050","0","0","0","","","1756087","5916073",
"Auckland","MAUKU ROAD","260","S"," ","DAY ROAD","201430419","20/01/2014","Mon","1715","GE","CS14","181A 929 ","","R","D","O ","F ","D","N","C","080","0","0","0","","","1761570","5882037",
"Auckland","MAY ROAD",""," ","I","GLYNN ST","201435499","16/04/2014","Wed","1900","KB","CN1C","302B ","","R","W","DO","F ","T","G","C","050","0","0","0","","","1754257","5913378",
"Auckland","MAYBURY ST",""," ","I","LINE ROAD","201412137","03/04/2014","Thu","0846","HA","4W1S","204B 330B ","","R","D","O ","F ","T","S","C","050","0","0","1","","15","1765430","5916845",
"Auckland","MAYFAIR PLACE","80","S"," ","TANIWHA ST","201433327","28/02/2014","Fri","1210","MF","CN1C","371B ","","R","D","BF","F "," ","N","N","050","0","0","0","","","1765362","5917019",
"Auckland","MAYORAL DRIVE","25","N"," ","COOK ST","201413835","27/05/2014","Tue","1320","NB","CS1E","711B ","","R","D","B ","F "," "," ","C","050","0","0","1","83","","","",
"Auckland","MAYORAL DRIVE","60","N"," ","COOK ST","201413785","21/05/2014","Wed","0930","NA","MN1E","713B ","","E","D","OF","F "," ","N","R","050","0","0","2","18","","1757030","5920142",
"Auckland","MAYORAL DRIVE",""," ","I","WELLESLEY ST EAST","201412385","08/02/2014","Sat","0535","DB","CN2","103A 111A 131A 634A ","J","E","W","DO","L ","T","T","R","080","0","1","0","","","1757431","5920144",
"Auckland","MAYS ROAD","150","N"," ","CHURCH ST","201436343","21/02/2014","Fri","1228","QG","VS1C","665A ","M","E","D","OF","F "," ","N","C","050","0","0","0","","","1760558","5912489",
"Auckland","MAYS ST","50","S"," ","KERR ST","201438327","21/05/2014","Wed","1508","QD","VS1V","330A 428A ","CM","R","D","O ","F "," "," ","N","050","0","0","0","","","1760573","5922574",
"Auckland","MCCLYMONTS ROAD",""," ","I","MEDALLION DRIVE","201431300","07/03/2014","Fri","0840","HA","CW1C","302A 375A ","","R","D","BF","F ","R","G","R","050","0","0","0","","","1753224","5934326",
"Auckland","MCCRAE WAY",""," ","I","GREAT NORTH ROAD","201437141","27/05/2014","Tue","2300","DB","CS2","103A 131A ","FJ","R","D","DO","F ","T","S","C","050","0","0","0","","","1749845","5913950",
"Auckland","MCENTEE ROAD","60","E"," ","TOWNSHIP ROAD","201432755","14/03/2014","Fri","2249","DA","CS1","103A 111A 131A ","T","E","D","DN","F "," "," ","C","080","0","0","0","","","1737689","5920506",
"Auckland","MCKENZIE ROAD","700","W"," ","KINGSEAT ROAD","201411016","21/02/2014","Fri","0715","BA","CW1C","129A 130A 350A 402A 197B ","","R","D","B ","F "," "," ","C","100","0","1","1","","","1758476","5888443",
"Auckland","MCKENZIE ROAD","700","W"," ","KINGSEAT ROAD","201432077","17/01/2014","Fri","0942","DB","CE1","111A 131A 402A ","T","M","W","O ","L "," "," ","C","100","0","0","0","","","1758474","5888443",
"Auckland","MCKENZIE ROAD","1000","E"," ","SEAGROVE ROAD","201430958","27/02/2014","Thu","1455","DA","4E1","111A 131A 402A ","","S","D","BN","F "," ","N","C","100","0","0","0","","","1756972","5889253",
"Auckland","MCKENZIE ROAD",""," ","I","WALMSLEY ROAD","201412986","04/06/2014","Wed","0620","NE","CE1E","718B 724B ","","R","D","DO","F ","X","T","C","050","0","0","1","22","","1759428","5908632",
"Auckland","MCKENZIE ROAD","900","E"," ","WRIGHT ROAD","201412981","25/03/2014","Tue","0842","DA","CE1","131A 800 ","C","M","W","O ","F "," "," ","C","100","0","0","1","","","1757989","5888998",
"Auckland","MCKENZIE ROAD","1100","E"," ","WRIGHT ROAD","201410356","08/01/2014","Wed","1700","AO","CW1O","153A 197A ","","E","D","ON","F "," ","N","C","100","0","0","1","","","1758101","5888834",
"Auckland","MCLEOD ROAD","80","E"," ","TE ATATU ROAD","201430661","02/02/2014","Sun","1633","BA","CE1C","125A 129A 377A 830 ","","R","D","B ","F "," ","N","N","050","0","0","0","","","1746847","5917593",
"Auckland","MCLEOD ROAD","90","E"," ","TE ATATU ROAD","201431592","03/01/2014","Fri","1520","EA","CE14","129A 386A ","M","R","D","O ","F "," "," ","C","050","0","0","0","","","1746857","5917593",
"Auckland","MCLEOD ROAD",""," ","I","TE ATATU ROAD","201411032","10/01/2014","Fri","1451","DA","CS2","131A 412A ","P","R","D","B ","F ","X","T","C","050","0","0","1","","","1746767","5917591",
"Auckland","MCMANUS PLACE","20","W"," ","CURLEW BAY ROAD","201410455","12/02/2014","Wed","0817","BC","CN1S","121A ","K","E","D","B ","F "," "," ","N","050","0","0","1","","47","1765187","5909688",
"Auckland","MEAD ST","50","E"," ","WATERTON PLACE","201433579","15/04/2014","Tue","2200","EA","CW1C","103A 129A ","M","R","W","DO","L "," ","N","C","050","0","0","0","","","1749772","5916530",
"Auckland","MEADOWBANK ROAD","5","N"," ","BONNIE BRAE ROAD S","201434213","19/02/2014","Wed","0754","FA","CN1C","331A 350A ","","R","D","O ","F ","T","G","C","050","0","0","0","","","1762483","5917833",
"Auckland","MEADWAY","110","N"," ","LUTON AVENUE","201437146","17/05/2014","Sat","1358","GE","CN14","160A 333A 929 ","","R","D","OF","F ","D","N","C","050","0","0","0","","","1768450","5914270",
"Auckland","MEDALLION DRIVE",""," ","I","OTEHA VALLEY ROAD","201430072","03/01/2014","Fri","1315","FA","CN1C","181A ","","E","D","OF","F ","R","G","C","050","0","0","0","","","1753277","5935212",
"Auckland","MEDVALE AVENUE","50","W"," ","CHAPEL ROAD N","201413007","20/05/2014","Tue","0613","MO","CW1","423A 929 ","HX","R","D","TO","F ","D","N","R","050","0","0","1","","","1769459","5906457",
"Auckland","MEGAN AVENUE","110","S"," ","LA TROBE ST","201411528","06/03/2014","Thu","1321","EA","CN1CC","129A 358A ","MM","R","D","BF","F "," ","N","N","050","0","0","1","","","1768486","5912907",
"Auckland","MEIKLEJOHN WAY",""," ","I","ARGO RISE","201400068","29/03/2014","Sat","1032","LB","MN1C","303B 375B ","","R","D","B ","F ","T","N","N","050","1","0","0","","","1759386","5977080",
"Auckland","MELANESIA ROAD","20","E"," ","BADDELEY AVENUE","201437344","31/05/2014","Sat","1810","MO","CW1C","371A ","","R","D","BF","F "," ","N","C","050","0","0","0","","","1764376","5919844",
"Auckland","MELLONS BAY ROAD","60","N"," ","PICTON ST","201433766","26/03/2014","Wed","2030","EA","4N1C","129A ","M","E","D","DO","F "," "," ","C","050","0","0","0","","","1771899","5915430",
"Auckland","MELROSE ROAD",""," ","I","HAYR ROAD","201438640","24/05/2014","Sat","0910","BF","CS24","131A 806 ","","M","W","B ","F ","T","N","C","050","0","0","0","","","1756179","5912930",
"Auckland","MELROSE ROAD","300","E"," ","OLSEN AVENUE","201436355","28/03/2014","Fri","1945","LB","4W1C","303B 375B 929 ","","R","D","DO","F ","D","N","N","050","0","0","0","","","1756422","5912841",
"Auckland","MELTON ROAD","30","N"," ","ARANUI ROAD","201433544","23/04/2014","Wed","1330","MO","CN1C","371A ","M","R","D","BF","F "," ","N","C","050","0","0","0","","","1762683","5913267",
"Auckland","MEOLA ROAD","250","W"," ","MOA ROAD","201437378","28/02/2014","Fri","1536","FF","CW1C","331A 352A ","","R","D","BF","F "," ","N","C","050","0","0","0","","","1752154","5918966",
"Auckland","MEOLA ROAD","50","E"," ","POINT CHEVALIER ROAD","201413901","12/03/2014","Wed","1745","MC","MW1C","150A 372B ","","R","D","BF","F "," ","G","C","050","0","0","1","","","","",
"Auckland","MERCHANT AVENUE",""," ","I","LYNDHURST ROAD","201411104","12/03/2014","Wed","1252","DA","CN2","111A 131A 402A 632A ","P","R","D","B ","F ","T","S","C","050","0","0","1","","","1747076","5918717",
"Auckland","MERCURY LANE","30","N"," ","CANADA ST","201431971","14/03/2014","Fri","1340","GF","CS1C","381A 927 ","","R","D","OF","F ","D","N","N","050","0","0","0","","","1756828","5919316",
"Auckland","MERTON ROAD","150","W"," ","HOWARD HUNTER AVENUE","201412985","12/05/2014","Mon","1600","MB","CW14","303B ","","R","D","O ","F "," "," ","C","050","0","0","1","","","1764599","5916887",
"Auckland","METHUEN ROAD","100","E"," ","BLOCKHOUSE BAY ROAD","201431848","28/02/2014","Fri","2305","CA","CE1C","103A 130A ","M","R","D","DO","F "," ","N","C","050","0","0","0","","","1751671","5914984",
"Auckland","METHUEN ROAD","200","E"," ","BOLLARD AVENUE","201430971","10/01/2014","Fri","1202","MA","CE1T","373B ","","E","D","BF","F "," ","N","N","050","0","0","0","","","1752145","5914889",
"Auckland","METHUEN ROAD","20","N"," ","CONDLIFFE PLACE","201436354","30/03/2014","Sun","1530","FD","CN1C","181A ","","R","D","BF","F "," ","N","C","050","0","0","0","","","1752468","5914708",
"Auckland","MICHAEL JONES DRIVE","10","S"," ","ORMISTON ROAD","201433556","15/04/2014","Tue","1125","FE","CN1C","181A ","","R","D","B ","F ","T","G","C","050","0","0","0","","","1769498","5907408",
"Auckland","MICHAEL JONES DRIVE","25","S"," ","ORMISTON ROAD","201430932","25/02/2014","Tue","1719","KB","4S1C","308B 375B 925 ","","R","D","BF","F ","D","N","C","050","0","0","0","","","1769494","5907394",
"Auckland","MILL ROAD",""," ","I","AIRFIELD ROAD","201410450","31/01/2014","Fri","2145","BF","CN1C","129A 410A ","","R","D","DN","F ","R","G","L","080","0","1","0","","","1773247","5899609",
"Auckland","MILL ROAD",""," ","I","AIRFIELD ROAD","201431321","07/03/2014","Fri","1255","FB","CS1C","181A ","","R","D","BF","F ","R","G","C","050","0","0","0","","","1773249","5899604",
"Auckland","MILL ROAD",""," ","I","ALFRISTON ROAD","201437309","05/06/2014","Thu","0900","HA","CS1C","302A 375A ","","E","D","OF","F ","R","G","R","080","0","0","0","","","1772538","5901520",
"Auckland","MILL ROAD",""," ","I","ALFRISTON ROAD","201434108","14/04/2014","Mon","1640","EC","XS1T","668B ","X","R","D","OF","F ","R","G","R","080","0","0","0","","","1772533","5901536",
"Auckland","MILL ROAD","400","E"," ","HARRISVILLE ROAD","201435623","30/04/2014","Wed","2030","BF","CE1C","111A 130A 804 817 ","","E","D","DN","F "," "," ","C","100","0","0","0","","","1774237","5881362",