"TLA NAME","CRASH ROAD","CRASH DIST","CRASH DIRN","INTSN","SIDE ROAD","CRASH ID","CRASH DATE","CRASH DOW","CRASH TIME","MVMT","VEHICLES","CAUSES","OBJECTS STRUCK","ROAD CURVE","ROAD WET","LIGHT","WTHRa","JUNC TYPE","TRAF CTRL","ROAD MARK","SPD LIM","CRASH FATAL CNT","CRASH SEV CNT","CRASH MIN CNT","PERS AGE1","PERS AGE2","EASTING","NORTHING"
"Auckland","MILL ROAD",""," ","I","HARRISVILLE ROAD","201412341","27/03/2014","Thu","1620","JA","CW1C","301B 377B ","S","R","D","B ","F ","T","S","L","100","0","0","1","","","1773839","5881320",
"Auckland","MILL ROAD",""," ","I","HARRISVILLE ROAD","201410536","26/01/2014","Sun","0840","JA","CW1C","301B 377B ","","E","D","BF","F ","T","S","C","100","0","0","1","","","1773839","5881320",
"Auckland","MILL ROAD",""," ","I","MILL OFF SBD","201433213","13/02/2014","Thu","1700","JA","CE1X","103A 129A 385A ","","R","D","OF","F ","T","S","R","070","0","0","0","","","1775995","5881954",
"Auckland","MILL ROAD","200","N"," ","POLO PRINCE DRIVE","201412567","01/04/2014","Tue","0802","BF","CS14","129A 134A ","","E","D","B ","F "," "," ","L","080","0","0","1","","","1771688","5903088",
"Auckland","MILL ROAD","400","S"," ","REDOUBT ROAD","201431851","28/02/2014","Fri","2134","DA","CN1","111A 131A ","C","E","W","DN","L "," ","N","L","080","0","0","0","","","1771243","5903491",
"Auckland","MILL ROAD",""," ","I","REDOUBT ROAD","201430629","29/01/2014","Wed","1015","JA","CS1C","301B 375B ","","M","D","B ","F ","T","S","P","060","0","0","0","","","1771072","5903851",
"Auckland","MILLAIS ST","40","S"," ","ROSE ROAD","201433560","06/04/2014","Sun","0415","EA","CS1C","129A ","M","R","D","DO","F "," ","N","N","050","0","0","0","","","1755323","5919357",
"Auckland","MILLAIS ST","40","S"," ","ROSE ROAD","201433976","06/04/2014","Sun","0345","EA","CN1C","386A ","M","R","D","DN","F "," ","N","C","050","0","0","0","","","1755323","5919357",
"Auckland","MILLAIS ST","100","S"," ","ROSE ROAD","201433583","11/04/2014","Fri","2150","CB","CS1CCC","103A ","MM","R","D","DO","F "," ","N","N","050","0","0","0","","","1755327","5919297",
"Auckland","MILLHOUSE DRIVE",""," ","I","BOTANY ROAD","201434372","08/04/2014","Tue","1824","MO","BW1C","386A ","","E","D","O ","F ","T","G","N","050","0","0","0","","","1770399","5912328",
"Auckland","MILLHOUSE DRIVE",""," ","I","KILIMANJARO DRIVE","201430026","02/01/2014","Thu","1023","EA","CS1V","129A ","M","E","D","BF","F ","T","G","C","050","0","0","0","","","1770833","5912430",
"Auckland","MILLHOUSE DRIVE",""," ","I","WHITFORD ROAD","201413826","30/04/2014","Wed","2020","DB","CN2","137A 402A ","T","E","D","DO","F ","R","G","R","050","0","0","1","","","1771670","5912982",
"Auckland","MILLS LANE","130","N"," ","OTEHA VALLEY ROAD","201410612","06/02/2014","Thu","2019","MO","4W1","110A 402A 433A ","","R","D","TO","F "," ","N","N","050","0","0","1","","","1752213","5934709",
"Auckland","MIRANDA ST",""," ","I","RUAHINE ST N","201432048","06/02/2014","Thu","1700","HA","CW2C","309A 335A ","F","R","D","B ","F ","X","N","N","050","0","0","0","","","1751245","5913866",
"Auckland","MIRO ST","60","E"," ","HINEKOHU ST","201436108","06/05/2014","Tue","0331","MO","CE1CC","108A 371A 433A ","M","R","W","DO","L "," "," ","N","050","0","0","0","","","1749059","5914490",
"Auckland","MISSION BUSH ROAD","50","N"," ","GLENBROOK-WAIUKU ROAD","201434102","15/04/2014","Tue","0745","JA","CW1C","197A 308B 378B 929 ","","E","D","BF","F ","D"," ","C","100","0","0","0","","","1754863","5879774",
"Auckland","MOANA AVENUE",""," ","I","AMARU ROAD","201436344","13/03/2014","Thu","0844","LB","CN1M","302A 375A ","","E","D","OF","F ","R","G","C","050","0","0","0","","","1759342","5913897",
"Auckland","MOANA AVENUE","100","N"," ","BAYSWATER AVENUE","201436902","24/05/2014","Sat","1520","EA","CN1C","103A 129A ","M","R","D","O ","F "," "," ","C","050","0","0","0","","","1759540","5924931",
"Auckland","MOIRE ROAD",""," ","I","ELIZABETH DRIVE","201411217","13/02/2014","Thu","2143","GB","SS1C","387A 351B 372B 402B 929 ","","R","D","DO","F ","D","N","L","050","0","0","1","","53","1745056","5923706",
"Auckland","MOIRE ROAD","60","S"," ","GRANVILLE DRIVE","201434579","20/03/2014","Thu","0840","JC","4N1C","308A 375A 926 ","","R","D","BF","F ","D","N","C","050","0","0","0","","","1744760","5922964",
"Auckland","MOIRE ROAD",""," ","I","ROYAL ROAD","201435406","30/04/2014","Wed","2013","LB","CE1C","303B 375B ","","R","D","DO","F ","T","T","L","050","0","0","0","","","1744583","5922465",
"Auckland","MOKOIA ROAD","5","W"," ","CHELSEA VIEW DRIVE","201412856","21/05/2014","Wed","0705","FE","4E1V","334A 358A ","","R","D","O ","F ","T","T","C","050","0","0","1","","","1753169","5924717",
"Auckland","MOKOIA ROAD","230","W"," ","ROSEBERRY AVENUE","201411722","20/02/2014","Thu","0801","JA","SW1C","308B 922 ","","R","D","B ","F ","D","N","C","050","0","0","1","","11","1752737","5924746",
"Auckland","MOKOIA ROAD",""," ","I","ROSEBERRY AVENUE","201433353","21/03/2014","Fri","0418","CC","VW1","410A ","FJP","R","D","DO","F ","T","G","P","050","0","0","0","","","1752967","5924752",
"Auckland","MONOWAI ROAD","15","N"," ","WERANUI ROAD","201412882","22/03/2014","Sat","1810","CC","CS1","103A 130A ","ST","R","D","TN","F "," "," ","C","100","0","0","1","","","1742265","5949389",
"Auckland","MONTGOMERIE ROAD","20","S"," ","ASCOT ROAD","201410370","24/01/2014","Fri","1700","DA","CN1","103A ","FT","E","D","BF","F "," ","N","C","070","0","0","1","","","1758034","5906829",
"Auckland","MONTGOMERY AVENUE",""," ","I","GULF VIEW ROAD","201432760","10/03/2014","Mon","1645","HA","CW1C","302B 335B ","","R","D","B ","F ","X","G","C","050","0","0","0","","","1756402","5934086",
"Auckland","MONUMENT ROAD","350","N"," ","MUNROS ROAD","201435209","17/04/2014","Thu","0645","DA","CN1","131A 801 901 ","F","M","W","DN","H "," "," ","C","100","0","0","0","","","1782416","5899306",
"Auckland","MONUMENT ROAD",""," ","I","TOURIST ROAD","201431223","03/03/2014","Mon","1315","HA","VN1T","301B 375B ","","R","W","OF","L ","T","S","C","100","0","0","0","","","1782156","5901515",
"Auckland","MOORE ST","150","E"," ","BANK ST","201412190","14/05/2014","Wed","1630","MC","SE1C","372B ","","R","W","O ","L "," "," ","C","050","0","0","1","","18","1754130","5925836",
"Auckland","MOORE ST",""," ","I","CENTRAL TERRACE","201431603","07/01/2014","Tue","1315","JA","CE1V","302B ","","R","D","B ","F ","T","G","C","050","0","0","0","","","1772175","5914990",
"Auckland","MOORE ST","60","S"," ","EBAN AVENUE","201435889","04/05/2014","Sun","2212","EA","CS1V","103A 129A ","M","R","D","DN","F "," ","N","N","050","0","0","0","","","1754911","5926251",
"Auckland","MOORE ST","150","S"," ","FENCIBLE DRIVE","201413032","31/05/2014","Sat","1110","DB","CS1","129A 385A 929 ","FH","M","D","BF","F ","D","N","N","050","0","0","1","","","1772016","5914848",
"Auckland","MOORE ST",""," ","I","GIBRALTAR ST","201432803","16/03/2014","Sun","1500","HA","CW2C","301A ","","R","D","O ","F ","T","S","C","050","0","0","0","","","1771759","5914295",
"Auckland","MORNING STAR PLACE","30","W"," ","ST LUKES ROAD","201412972","19/05/2014","Mon","0805","PA","CE1E","701B ","","R","D","B ","F "," "," ","P","050","0","0","1","11","","1754298","5916734",
"Auckland","MORNINGSIDE DRIVE","25","S"," ","EXETER ROAD","201435228","26/03/2014","Wed","0817","CC","CS1","130A 517A ","P","R","D","B ","F "," "," ","N","050","0","0","0","","","1754493","5916941",
"Auckland","MORNINGSIDE DRIVE",""," ","I","SAINSBURY ROAD","201436545","15/04/2014","Tue","1630","LB","CN1CC","303B 375B ","","R","D","O ","F ","T","G","C","050","0","0","0","","","1754592","5917097",
"Auckland","MORNINGSIDE DRIVE",""," ","I","SAINSBURY ROAD","201434004","02/04/2014","Wed","1348","JC","CE1C","302A 375A ","","R","D","B ","F ","T","G","C","050","0","0","0","","","1754592","5917097",
"Auckland","MORRIN ROAD",""," ","I","MERTON ROAD","201437092","02/05/2014","Fri","1008","GF","BE2C","129A 386A ","","E","D","B ","F ","R","G","R","050","0","0","0","","","1764985","5916796",
"Auckland","MOTATAU ROAD","100","E"," ","GREAT SOUTH ROAD","201437726","07/06/2014","Sat","1530","LB","CW1C","303B 929 ","","E","D","B ","F ","D"," ","C","050","0","0","0","","","1765243","5907598",
"Auckland","MOTATAU ROAD",""," ","I","GREAT SOUTH ROAD","201412202","03/05/2014","Sat","1215","JA","SS1C","301B 387B ","","R","D","B ","F ","T","S","C","050","0","0","1","","53","1765146","5907607",
"Auckland","MOTUTARA ROAD","300","W"," ","COAST ROAD","201434865","23/03/2014","Sun","0002","EA","CE14","103A 129A ","M","E","D","DN","F "," ","N","C","050","0","0","0","","","1727708","5923378",
"Auckland","MOUNT ALBERT ROAD","100","E"," ","AKARANA AVENUE","201410868","07/01/2014","Tue","1800","EA","CE1C","130A 412A ","M","R","D","O ","F "," "," ","P","050","0","0","1","","","1755576","5914119",
"Auckland","MOUNT ALBERT ROAD",""," ","I","BREMNER AVENUE","201435794","21/04/2014","Mon","0213","DA","CN2","103A 111A 131A 800 ","KSX","E","W","DO","F ","X","S","C","050","0","0","0","","","1755787","5914033",
"Auckland","MOUNT ALBERT ROAD",""," ","I","BUCKLEY ROAD","201436428","04/05/2014","Sun","0935","JA","CE1C","301B ","","R","D","BF","F ","T","S","C","050","0","0","0","","","1757102","5913724",
"Auckland","MOUNT ALBERT ROAD","10","E"," ","CROWN ST","201412965","21/05/2014","Wed","0854","FD","CE1CC","181A 350A 181B ","","R","D","B ","F ","T","S","P","050","0","0","2","","","1757961","5913489",
"Auckland","MOUNT ALBERT ROAD",""," ","I","DORNWELL ROAD","201412782","08/03/2014","Sat","1237","NF","VN2E","341A 715B ","","E","D","BF","F ","T","S","R","050","0","0","1","79","","1756310","5913736",
"Auckland","MOUNT ALBERT ROAD","50","E"," ","FROST ROAD","201437074","30/05/2014","Fri","1530","FD","CW1C","181A ","","R","D","B ","F "," "," ","C","050","0","0","0","","","1756054","5913823",
"Auckland","MOUNT ALBERT ROAD",""," ","I","HILLSBOROUGH ROAD","201433332","24/03/2014","Mon","0850","CA","SE1C","130A ","","R","D","OF","F ","T","T","C","050","0","0","0","","","1757006","5913751",
"Auckland","MOUNT ALBERT ROAD","15","E"," ","MAY ROAD","201434691","02/04/2014","Wed","1325","AC","TE1C","372A 671A ","","R","D","BF","F "," ","N","C","050","0","0","0","","","1755025","5914423",
"Auckland","MOUNT ALBERT ROAD",""," ","I","MAY ROAD","201410727","18/02/2014","Tue","1750","JA","MN14","301B 382B ","","R","D","B ","F ","T","S","C","050","0","1","0","","","1755014","5914433",
"Auckland","MOUNT ALBERT ROAD",""," ","I","MONS AVENUE","201433330","25/03/2014","Tue","2030","BB","CN1C","124A ","","R","D","BF","F ","T","S","C","050","0","0","0","","","1754929","5914509",
"Auckland","MOUNT ALBERT ROAD",""," ","I","MOUNT EDEN ROAD","201433228","17/03/2014","Mon","0744","BA","CE1C","125A ","","R","D","BF","F ","X","T","C","050","0","0","0","","","1756663","5913761",
"Auckland","MOUNT ALBERT ROAD",""," ","I","NEW NORTH ROAD","201435884","06/05/2014","Tue","2121","KB","CS2CC","103B 514B ","","E","W","DO","F ","X","G","C","050","0","0","0","","","1752880","5916612",
"Auckland","MOUNT ALBERT ROAD",""," ","I","NEW NORTH ROAD","201435345","09/04/2014","Wed","1510","FE","CW1C","181A ","","R","D","B ","F ","X","T","C","050","0","0","0","","","1752880","5916612",
"Auckland","MOUNT ALBERT ROAD","10","E"," ","PAH ROAD","201433563","06/04/2014","Sun","1616","EE","CW1C","374B ","M","R"," "," F","  ","X","T","C","050","0","0","0","","","1757650","5913575",
"Auckland","MOUNT ALBERT ROAD","25","E"," ","PAH ROAD","201431838","13/02/2014","Thu","1540","GA","CE1C","181A 929 ","","R","D","BF","F ","D","N","C","050","0","0","0","","","1757665","5913571",
"Auckland","MOUNT ALBERT ROAD","50","W"," ","PAH ROAD","201437920","20/05/2014","Tue","0836","AA","CE1V","372A 357B ","","R","D","BF","F ","X","T","X","050","0","0","0","","","1757592","5913590",
"Auckland","MOUNT ALBERT ROAD",""," ","I","PAH ROAD","201412282","06/05/2014","Tue","2239","HA","4W1C","322A 334A ","","R","D","DO","F ","X","T","C","050","0","0","1","","","1757640","5913577",
"Auckland","MOUNT ALBERT ROAD","10","E"," ","SANDRINGHAM ROAD","201431303","02/02/2014","Sun","1015","GA","CE14","181A 927 ","","R"," "," F","  ","D","T","C","050","0","0","0","","","1754456","5915133",
"Auckland","MOUNT ALBERT ROAD",""," ","I","WARREN AVENUE","201437165","06/05/2014","Tue","1932","FE","CN2C","181A ","","R","W","OF","L ","X","T","C","050","0","0","0","","","1756663","5913761",
"Auckland","MOUNT ALBERT ROAD","50","E"," ","WINSTONE ROAD","201430325","04/01/2014","Sat","0030","CB","CW1","410A ","P","R","D","DO","F "," ","N","C","050","0","0","0","","","1755326","5914186",
"Auckland","MOUNT EDEN ROAD","20","N"," ","BALMORAL ROAD","201412620","14/04/2014","Mon","0745","AC","CN1S","372A ","","R","D","OF","F "," ","N","P","050","0","0","1","","30","1756829","5915921",
"Auckland","MOUNT EDEN ROAD","20","N"," ","BALMORAL ROAD","201413041","18/05/2014","Sun","0035","FD","CS1CXV","103A 331A ","","R","D","DO","F "," ","N","C","050","0","0","2","","","1756829","5915921",
"Auckland","MOUNT EDEN ROAD",""," ","I","DUKE ST","201436415","20/04/2014","Sun","1440","DA","CN1","111A 131A ","H","M","W","OF","L ","X","G","P","050","0","0","0","","","1756527","5914843",
"Auckland","MOUNT EDEN ROAD",""," ","I","DUKE ST","201411625","16/03/2014","Sun","1950","DA","CN1","111A 131A 801 ","","M","W","DO","L ","X","G","C","050","0","0","1","","","1756527","5914843",
"Auckland","MOUNT EDEN ROAD",""," ","I","ELLERTON ROAD","201435380","01/05/2014","Thu","1825","GF","CE2C","386A ","","E","D","DO","F ","T","G","C","050","0","0","0","","","1756730","5915551",
"Auckland","MOUNT EDEN ROAD","30","S"," ","ESSEX ROAD","201435320","26/03/2014","Wed","1520","MO","CN1M","371A ","M","R","D","B ","F ","T","T","C","050","0","0","0","","","1757032","5916783",
"Auckland","MOUNT EDEN ROAD","10","N"," ","FAIRVIEW ROAD","201433329","26/03/2014","Wed","0830","AO","VN1C","381A ","","R","D","BF","F ","T","G","P","050","0","0","0","","","1756943","5916424",
"Auckland","MOUNT EDEN ROAD",""," ","I","FAIRVIEW ROAD","201438142","25/05/2014","Sun","0030","BC","CN1C","101A 129A 359A ","","E","W","DO","L ","T","G","P","050","0","0","0","","","1756945","5916415",
"Auckland","MOUNT EDEN ROAD","60","S"," ","GRANGE ROAD","201411219","28/02/2014","Fri","1247","EA","CN1C4M","129A 130A 517A 181D 197D ","M","E","D","B ","F "," "," ","P","050","0","0","1","","","1756960","5916561",
"Auckland","MOUNT EDEN ROAD","50","N"," ","HILLSIDE CRESCENT S","201411608","06/03/2014","Thu","1315","MC","CN1C","372B 375B ","","R","D","BF","F "," ","N","C","050","0","0","1","","","1757002","5917419",
"Auckland","MOUNT EDEN ROAD",""," ","I","KELLY ST","201436208","08/05/2014","Thu","0145","DB","CS1CC","103A 131A 358A ","JMM","E","W","DO","L ","T","S","P","050","0","0","0","","","1756908","5918080",
"Auckland","MOUNT EDEN ROAD","20","S"," ","LOVELOCK AVENUE","201412894","23/04/2014","Wed","0945","MC","MS1C","372B ","","E","D","O ","F "," "," ","C","050","0","0","1","","","1756971","5917209",
"Auckland","MOUNT EDEN ROAD",""," ","I","MARSDEN AVENUE","201430606","30/01/2014","Thu","1600","KB","CS1V","309B 375B ","","R","D","B ","F ","T","N","C","050","0","0","0","","","1756693","5915410",
"Auckland","MOUNT EDEN ROAD",""," ","I","MOUNT ALBERT ROAD","201434706","28/04/2014","Mon","1955","AA","CS1C","372A ","","R","D","DO","L ","X","T","C","050","0","0","0","","","1756663","5913761",
"Auckland","MOUNT EDEN ROAD","15","N"," ","NIKAU ST","201434600","15/04/2014","Tue","2325","MC","CS1C","372B ","","R","D","DO","F "," ","N","L","050","0","0","0","","","1756972","5918590",
"Auckland","MOUNT EDEN ROAD","50","S"," ","OAKLANDS ROAD","201431854","02/03/2014","Sun","1318","AA","CS1C","377A ","","R","D","BF","F "," ","N","P","050","0","0","0","","","1757026","5916866",
"Auckland","MOUNT EDEN ROAD","20","S"," ","REWA ROAD","201410302","02/01/2014","Thu","2100","DB","CS1","103A 131A ","P","M","D","DO","F "," ","N","P","050","0","0","1","","","1756529","5914823",
"Auckland","MOUNT EDEN ROAD","15","N"," ","ST LEONARDS ROAD","201435831","14/03/2014","Fri","0010","CB","CS1","112A 130A ","P","R","D","DO","F "," ","N","P","050","0","0","0","","","1756639","5915211",
"Auckland","MOUNT EDEN ROAD","10","N"," ","VALLEY ROAD","201431833","08/02/2014","Sat","","FD","CN1C","501A ","","E","D","OF","F ","T","G","C","050","0","0","0","","","1757018","5916925",
"Auckland","MOUNT EDEN ROAD","20","S"," ","WOODSIDE ROAD","201410348","23/01/2014","Thu","1750","FD","CN1C","331A 353A ","","E","D","BF","F "," ","N","C","050","0","0","1","","","1756918","5916257",
"Auckland","MOUNT PLEASANT ROAD","100","E"," ","DOMINION ROAD","201430069","12/01/2014","Sun","2030","EA","CE1C","129A ","M","R","D","DO","F "," ","N","C","050","0","0","0","","","1755900","5916514",
"Auckland","MOUNT SMART ROAD",""," ","I","CAMPBELL ROAD","201435348","07/05/2014","Wed","1723","FB","CW1V","181A ","","R","D","B ","F ","R","G","R","050","0","0","0","","","1758240","5913416",
"Auckland","MOUNT SMART ROAD","80","W"," ","CAPTAIN SPRINGS ROAD","201435465","28/02/2014","Fri","2230","MC","CE1C","330B 372B ","","R","D","DO","F "," ","N","C","050","0","0","0","","","1760193","5913046",
"Auckland","MOUNT SMART ROAD",""," ","I","CURZON ST","201431306","05/03/2014","Wed","2100","HA","CW1C","302A 375A ","","R","D","DO","F ","X","G","C","050","0","0","0","","","1760003","5913033",
"Auckland","MOUNT SMART ROAD","40","W"," ","FELIX ST","201435094","01/03/2014","Sat","0144","EA","CE1C","101A 386A ","M","R","D","DO","F "," ","N","P","050","0","0","0","","","1760644","5913079",
"Auckland","MOUNT SMART ROAD","180","W"," ","INKERMAN ST","201412855","19/04/2014","Sat","1632","JA","CE1C","308B 375B 927 ","","R","D","B ","F ","D"," ","C","050","0","0","2","","","1758349","5913383",
"Auckland","MOUNT SMART ROAD",""," ","I","MAYS ROAD","201435066","27/03/2014","Thu","1954","JA","CE1C","302B 386B ","","E","D","DO","F ","R","G","R","050","0","0","0","","","1759667","5912996",
"Auckland","MOUNT SMART ROAD",""," ","I","MAYS ROAD","201435485","05/04/2014","Sat","0925","KA","CE1C","302B 375B ","","E","D","B ","F ","X","G","C","050","0","0","0","","","1759667","5912996",
"Auckland","MOUNT SMART ROAD","50","E"," ","ONEHUNGA MALL","201438641","28/05/2014","Wed","1616","MC","MW1C","372B ","","R","D","B ","F "," "," ","C","050","0","0","0","","","1758983","5913191",
"Auckland","MOUNT SMART ROAD",""," ","I","ONEHUNGA MALL","201411609","12/03/2014","Wed","1427","LB","CE14","303B 375B ","","R","D","BF","F ","X","T","C","050","0","0","1","","","1758935","5913205",
"Auckland","MOUNT SMART ROAD","20","W"," ","SELWYN ST","201434708","22/04/2014","Tue","2100","EA","CW1C","129A ","M","R","W","DO","L "," ","N","P","050","0","0","0","","","1758708","5913274",
"Auckland","MOUNT SMART ROAD","30","W"," ","SELWYN ST","201438615","01/06/2014","Sun","1317","QD","CE1","428A ","F","R","D","B ","F "," "," ","C","050","0","0","0","","","1758698","5913277",
"Auckland","MOUNT SMART ROAD","15","E"," ","VICTORIA ST","201435883","05/03/2014","Wed","0850","FD","VW1C","181A ","","R","D","OF","F "," ","N","X","050","0","0","0","","","1759573","5913013",
"Auckland","MOUNT ST",""," ","I","WAKEFIELD ST","201432860","24/02/2014","Mon","1350","MG","CW1V","371B ","","R","D","B ","F ","X","G","C","050","0","0","0","","","1757404","5919771",
"Auckland","MOUNT TAYLOR DRIVE","40","W"," ","SIERRA ST","201436060","29/05/2014","Thu","0845","EA","CE1C","129A ","M","R","D","OF","F "," ","N","C","050","0","0","0","","","","",
"Auckland","MOUNT TAYLOR DRIVE",""," ","I","SIERRA ST","201430576","15/01/2014","Wed","1155","KA","CE1C","302B 832 ","","R","D","B ","F ","T","G","N","050","0","0","0","","","1765928","5918428",
"Auckland","MOUNT WELLINGTON HIGHWAY",""," ","I","CLEMOW DRIVE","201430616","07/02/2014","Fri","1325","HA","4S1C","302A 375A ","","E","D","B ","F ","R","G","C","050","0","0","0","","","1763987","5912088",
"Auckland","MOUNT WELLINGTON HIGHWAY","80","N"," ","HAMLIN ROAD","201435204","29/03/2014","Sat","0208","DB","CS1","111A 131A 431A ","P","M","D","DO","F "," "," ","P","050","0","0","0","","","1763726","5913407",
"Auckland","MOUNT WELLINGTON HIGHWAY",""," ","I","HILLSIDE ROAD","201435975","15/05/2014","Thu","1757","GD","VN1CC","331A ","","R","D","DO","F ","T","G","C","050","0","0","0","","","1764166","5911163",
"Auckland","MOUNT WELLINGTON HIGHWAY","10","S"," ","MT WGTN ON NBD","201431248","19/01/2014","Sun","1116","FE","CN1CC","405A 423A ","","R","D","BF","F ","X","T","C","050","0","0","0","","","1763906","5912480",
"Auckland","MOUNT WELLINGTON HIGHWAY",""," ","I","MT WGTN ON NBD N","201430378","10/01/2014","Fri","1315","AA","CN1C","372A ","","R","D","B ","F ","X","T","P","050","0","0","0","","","1763904","5912490",
"Auckland","MOUNT WELLINGTON HIGHWAY","200","N"," ","PENROSE ROAD","201430040","01/01/2014","Wed","2020","MC","4N1C","372B ","","R","D","DO","F "," ","N","C","050","0","0","0","","","1763903","5913876",
"Auckland","MOUNT WELLINGTON HIGHWAY","100","S"," ","PENROSE ROAD","201412702","20/03/2014","Thu","0850","JA","CN1C","308B 314B 377B 925 ","","R","D","BF","F ","D","N","C","050","0","0","1","","","1763764","5913611",
"Auckland","MOUNT WELLINGTON HIGHWAY","400","N"," ","ROWLANDS AVENUE","201434018","05/04/2014","Sat","0350","CB","4N1","103A 129A ","FP","R","D","DO","F "," ","N","C","050","0","0","0","","","1764052","5914167",
"Auckland","MOUNT WELLINGTON HIGHWAY",""," ","I","ROWLANDS AVENUE","201431307","01/03/2014","Sat","1115","JA","CS1C","302B 375B ","","R","D","BF","F ","T","G","C","050","0","0","0","","","1763868","5913811",
"Auckland","MOUNT WELLINGTON HIGHWAY",""," ","I","SILVIA PARK ACCESSWAY","201437183","26/04/2014","Sat","0920","KA","CS1C","302B 375B ","","R","D","OF","F ","X","G","C","050","0","0","0","","","1763811","5912978",
"Auckland","MOUNT WELLINGTON HIGHWAY",""," ","I","SILVIA PARK ACCESSWAY 3","201433677","15/04/2014","Tue","0715","FE","CS1C","181A 331A ","","R","D","BF","F ","R","T","C","050","0","0","0","","","1763844","5912814",
"Auckland","MOUNT WELLINGTON HIGHWAY","50","S"," ","SYLVIA PARK ROAD","201431340","28/02/2014","Fri","0234","CA","4N1","103A 205A 817 ","IR","R","D","DO","F "," ","N","R","050","0","0","0","","","1763966","5912224",
"Auckland","MOUNT WELLINGTON HIGHWAY",""," ","I","SYLVIA PARK ROAD","201410314","03/01/2014","Fri","1537","FE","CN1C","331A 358A ","","R","D","BF","F ","T","T","C","050","0","0","1","","","1763950","5912271",
"Auckland","MOUNT WELLINGTON HIGHWAY","70","N"," ","TRIANGLE ROAD","201437187","01/05/2014","Thu","1145","FE","TS1V","331A 387A ","","R","D","BF","F "," ","T","C","050","0","0","0","","","1764133","5914326",
"Auckland","MOUNT WELLINGTON HIGHWAY",""," ","I","VESTEY DRIVE","201437352","13/06/2014","Fri","1730","GF","CN1C","372A 381A ","","R","D","TO","F ","R","G","R","050","0","0","0","","","","",
"Auckland","MOUNT WELLINGTON HIGHWAY",""," ","I","VESTEY DRIVE","201435051","30/04/2014","Wed","0750","GO","TS1V","179A ","","E","D","B ","F ","R","G","L","050","0","0","0","","","1763987","5912088",
"Auckland","MOUNT WELLINGTON HIGHWAY",""," ","I","VESTEY DRIVE","201433265","21/03/2014","Fri","1615","HA","CN1C","302A 375A ","","R","D","BF","F ","R","G","R","050","0","0","0","","","1763987","5912088",
"Auckland","MOUNT WELLINGTON HIGHWAY","100","N"," ","WILLIAM HARVEY PLACE","201436221","12/04/2014","Sat","1110","KA","CS1C","308B 926 ","","R","D","B ","F ","D","N","C","050","0","0","0","","","1764301","5914654",
"Auckland","MOUNTAIN ROAD",""," ","I","ALBURY AVENUE","201437267","09/03/2014","Sun","0859","KB","CN1C","301B 382B ","","R","W","OF","L ","T","S","C","050","0","0","0","","","1757794","5917395",
"Auckland","MOUNTAIN ROAD",""," ","I","CORONATION ROAD","201431610","16/01/2014","Thu","1730","AC","4E1C","159A ","","R","D","O ","F ","T","G","C","050","0","0","0","","","1759402","5909238",
"Auckland","MOUNTAIN ROAD","30","N"," ","SHARPE ROAD","201438130","09/05/2014","Fri","1705","NA","CN1E","713B ","","R","D","BF","F "," ","N","C","050","0","0","0","","","1757800","5917320",
"Auckland","MOUNTAIN ROAD",""," ","I","WITHIEL DRIVE","201411019","27/02/2014","Thu","1525","GA","SS1C","112A 331A 402A ","","R","D","B ","F ","T","S","C","050","0","0","1","","14","1757787","5917492",
"Auckland","MOUNTAIN ROAD",""," ","I","WITHIEL DRIVE","201413793","16/05/2014","Fri","1520","JA","SS1X","301B 375B ","","E","D","OF","F ","T","S","C","050","0","0","1","","67","1757787","5917492",
"Auckland","MOYRUS CRESCENT",""," ","I","BEJOY RISE","201437254","14/05/2014","Wed","1615","DA","CE1","137A ","CJ","E","W","OF","H ","T","N","N","050","0","0","0","","","1771233","5910091",
"Auckland","MT WGTN ON NBD","160","S"," ","SH 1N","201411208","25/02/2014","Tue","1502","CC","CN1","130A 501A ","G","R","D","B ","F "," "," ","N","100","0","0","1","","","1763777","5912576",
"Auckland","MULGAN ST",""," ","I","MARY DREAVER ST","201432975","18/02/2014","Tue","0917","LB","CW1C","321A ","","M","D","B ","F ","T","S","C","050","0","0","0","","","1752379","5913563",
"Auckland","MULGAN ST","100","S"," ","NEW WINDSOR ROAD","201410867","06/01/2014","Mon","2318","CB","CN1","112A 130A ","PT","R","D","DO","F "," "," ","C","050","0","1","0","","","1752747","5913771",
"Auckland","MULGAN ST",""," ","I","WHITNEY ST","201436704","09/05/2014","Fri","0255","HA","CN2C","302A 375A ","","M","D","DO","F ","R","G","C","050","0","0","0","","","1752199","5913545",
"Auckland","MULLINS ROAD","350","N"," ","PAPAKURA-CLEVEDON ROAD","201436414","07/05/2014","Wed","2215","DA","VS1C","103A 111A 131A ","MS","M","W","DN","L "," ","N","C","100","0","0","0","","","1777060","5899135",
"Auckland","MURDOCH ROAD",""," ","I","MACKELVIE ST","201437379","23/02/2014","Sun","1359","BC","CN2C","103A 122A ","","R","D","BF","F ","T","G","C","050","0","0","0","","","1755731","5919381",
"Auckland","MURIWAI ROAD",""," ","I","SCHOOL ROAD N","201412543","02/05/2014","Fri","0811","BO","TN1C","124A 363A 370A ","","E","D","B ","F ","T","S","C","050","0","0","2","","","1732696","5928971",
"Auckland","MURIWAI ROAD",""," ","I","SCHOOL ROAD S","201432279","26/01/2014","Sun","0818","DC","CW2","103A 335A 357A ","X","R","D","ON","F ","T","N","C","100","0","0","0","","","1731443","5926318",
"Auckland","MURPHYS ROAD","300","S"," ","FLAT BUSH SCHOOL ROAD","201433206","16/03/2014","Sun","1130","CB","CN1","137A 817 ","X","R","W","OF","H "," ","N","C","080","0","0","0","","","1771055","5905871",
"Auckland","MURPHYS ROAD",""," ","I","FLAT BUSH SCHOOL ROAD","201433374","20/03/2014","Thu","0730","HA","CW2V","301A 375A 817 ","","R","D","BF","F ","X","S","C","080","0","0","0","","","1771125","5906162",
"Auckland","MURPHYS ROAD","15","S"," ","JEFFS ROAD","201436866","22/05/2014","Thu","1807","FA","CN1C","357A 512A 357B 515B ","","E","D","DO","F "," "," ","C","060","0","0","0","","","1771446","5907690",