"TLA NAME","CRASH ROAD","CRASH DIST","CRASH DIRN","INTSN","SIDE ROAD","CRASH ID","CRASH DATE","CRASH DOW","CRASH TIME","MVMT","VEHICLES","CAUSES","OBJECTS STRUCK","ROAD CURVE","ROAD WET","LIGHT","WTHRa","JUNC TYPE","TRAF CTRL","ROAD MARK","SPD LIM","CRASH FATAL CNT","CRASH SEV CNT","CRASH MIN CNT","PERS AGE1","PERS AGE2","EASTING","NORTHING"
"Auckland","MURPHYS ROAD",""," ","I","MALAHIDE DRIVE","201434395","03/04/2014","Thu","0830","JA","CN1C","302B ","","R","D","B ","F ","T","G","C","070","0","0","0","","","1771447","5907456",
"Auckland","MURPHYS ROAD","100","N"," ","ORMISTON ROAD","201432270","13/01/2014","Mon","1700","AC","CN1V","177A 184A 181B 184B ","","R","D","BF","F "," ","N","N","060","0","0","0","","","1771361","5907111",
"Auckland","MURPHYS ROAD","90","N"," ","REDOUBT ROAD","201438151","09/05/2014","Fri","2305","DA","CN1","129A ","E","E","W","DN","F "," ","N","C","050","0","0","0","","","1770531","5904615",
"Auckland","MURPHYS ROAD","1000","N"," ","REDOUBT ROAD","201412735","10/02/2014","Mon","1645","CB","CS1","112A 129A 514A 517A ","FP","R","D","BF","F "," ","N","C","050","0","1","3","","","1770907","5905264",
"Auckland","MURPHYS ROAD",""," ","I","REDOUBT ROAD","201431275","28/02/2014","Fri","1700","FB","CS1C","181A ","","E","D","BF","F ","T","G","R","060","0","0","0","","","1770463","5904569",
"Auckland","MURPHYS ROAD","15","S"," ","THOMAS ROAD","201436898","06/05/2014","Tue","1400","FA","TN14","181A 331A ","FP","R","D","B ","F "," "," ","L","050","0","0","0","","","1770823","5904924",
"Auckland","MYERS ROAD","50","W"," ","GREENMEADOWS AVENUE","201435044","20/04/2014","Sun","1830","MO","CN1","926 ","H","R","D","B ","F "," ","N","C","050","0","0","0","","","1769554","5900447",
"Auckland","MYERS ROAD","20","E"," ","LINCOLN ROAD","201430493","31/01/2014","Fri","1500","GB","CW1V","142B 192B 929 ","","R","D","B ","F ","D","N","N","050","0","0","0","","","1769410","5900386",
"Auckland","MYERS ROAD","20","S"," ","SCOTTS ROAD","201434104","19/04/2014","Sat","1640","DA","CS1","103A 111A 131A 402A ","FG","M","W","ON","L "," ","N","C","050","0","0","0","","","1769842","5900566",
"Auckland","NEALES ROAD",""," ","I","CARPENTER ROAD","201437253","13/05/2014","Tue","1740","HA","CE1C","302B 375B ","","R","D","BF","F ","X","G","C","050","0","0","0","","","1768245","5910678",
"Auckland","NEALES ROAD","200","W"," ","HARRIS ROAD","201431821","27/02/2014","Thu","0745","BA","CW1CV","125A 197A 839 ","B","R","D","OF","F "," ","N","C","050","0","0","0","","","1768609","5910587",
"Auckland","NEILPARK DRIVE","200","N"," ","KERWYN AVENUE","201430673","10/02/2014","Mon","0730","EA","CN1C","129A 358A ","M","R","D","B ","F "," ","N","C","050","0","0","0","","","1767732","5909872",
"Auckland","NEILSON ST","150","E"," ","ALFRED ST","201436593","09/05/2014","Fri","1047","FD","TE14T","181A 331A 352A ","","R","D","B ","F "," "," ","C","050","0","0","0","","","1760030","5911772",
"Auckland","NEILSON ST","150","W"," ","CAPTAIN SPRINGS ROAD","201410941","28/01/2014","Tue","1508","FD","CE14","331A 350A ","","R","D","BF","F "," ","N","C","050","0","0","1","","","1760267","5911799",
"Auckland","NEILSON ST","150","S"," ","CHURCH ST","201432837","05/02/2014","Wed","1010","EA","TN1V","129A ","M","R","D","B ","F "," "," ","C","050","0","0","0","","","1761448","5912318",
"Auckland","NEILSON ST","300","S"," ","CHURCH ST","201430922","18/02/2014","Tue","1120","FD","VS1CT","331A 352A ","","R","D","BF","F "," ","N","C","050","0","0","0","","","1761377","5912185",
"Auckland","NEILSON ST","350","S"," ","CHURCH ST","201410360","23/01/2014","Thu","1735","AA","VN1M","372A ","","R","D","BF","F "," ","N","C","050","0","0","1","","","1761354","5912141",
"Auckland","NEILSON ST","450","S"," ","CHURCH ST","201437516","22/05/2014","Thu","1009","KB","CN1T","386B 927 ","","E","D","B ","F ","D","N","P","050","0","0","0","","","1761303","5912055",
"Auckland","NEILSON ST","150","E"," ","EDINBURGH ST","201431175","07/03/2014","Fri","2315","AC","CN1C","150A 386A ","","R","D","DO","F "," ","N","C","050","0","0","0","","","1761192","5911915",
"Auckland","NEILSON ST",""," ","I","GLOUCESTER PARK ROAD","201412049","29/01/2014","Wed","0908","HA","CS1C","322B 334B ","","R","D","O ","F ","M","T","P","050","0","0","1","","","1758766","5911767",
"Auckland","NEILSON ST","10","W"," ","ONEHUNGA ON SBD","201436336","04/03/2014","Tue","0759","FE","TW1CC","181A ","","E","D","BF","F ","X","T","C","050","0","0","0","","","1758776","5911770",
"Auckland","NEILSON ST","10","E"," ","SELWYN ST","201435048","05/04/2014","Sat","1630","AC","CW1C","372A ","","R","D","B ","F ","X","G","C","050","0","0","0","","","1758866","5911780",
"Auckland","NEILSON ST","120","W"," ","VICTORIA ST","201435909","16/04/2014","Wed","1745","FD","4W1C","181A ","","R","D","OF","F "," ","N","C","050","0","0","0","","","1759537","5911786",
"Auckland","NELSON ST","10","N"," ","COOK ST","201431557","09/01/2014","Thu","1022","AO","TN1C","129A ","","R","W","O ","F ","X","T"," ","050","0","0","0","","","1756777","5920194",
"Auckland","NELSON ST",""," ","I","FANSHAWE ST","201431571","17/01/2014","Fri","1705","AO","4N1C","129A ","","M","D","B ","F ","X","T","C","050","0","0","0","","","1757012","5920810",
"Auckland","NELSON ST",""," ","I","GORST LANE","201411053","21/01/2014","Tue","1247","GD","CN1C","112A 333A ","","R","D","B ","F ","T","N","C","050","0","0","1","","","1756977","5920714",
"Auckland","NELSON ST",""," ","I","JOHN ST","201435621","14/04/2014","Mon","1656","HA","TN2V","301A 370A ","","R","D","O ","F ","X","S","R","050","0","0","0","","","1769089","5880074",
"Auckland","NELSON ST","20","E"," ","RIDGE ROAD","201436425","29/04/2014","Tue","0730","MO","CW1C","129A 922 ","","E","D","BF","F ","D","N","C","050","0","0","0","","","1771302","5914952",
"Auckland","NELSON ST","80","N"," ","UNION ST","201436061","01/06/2014","Sun","1400","KB","CN1C","308B 375B 929 ","","R","D","BF","F ","D","N","N","050","0","0","0","","","","",
"Auckland","NELSON ST",""," ","I","UNION ST","201434692","24/03/2014","Mon","1451","GF","4W24","103A 381A ","","R","D","BF","F ","X","T","R","050","0","0","0","","","1756679","5919909",
"Auckland","NELSON ST",""," ","I","UNION ST","201410590","09/02/2014","Sun","2337","HA","CN1C","322B ","","R","D","DO","F ","X","T","C","050","0","0","1","","","1756679","5919909",
"Auckland","NELSON ST","100","S"," ","WELLESLEY ST WEST","201431308","01/03/2014","Sat","1130","EA","CN1B","129A 385A ","Q","R","D","OF","F "," ","N","N","050","0","0","0","","","1756817","5920296",
"Auckland","NELSON ST",""," ","I","WELLESLEY ST WEST","201433196","21/03/2014","Fri","0900","GF","CN1V","129A ","","E","D","O ","F ","X","T","N","050","0","0","0","","","1756853","5920389",
"Auckland","NELSON ST",""," ","I","WELLESLEY ST WEST","201430438","15/01/2014","Wed","0602","HA","CE2V","322A 334A ","","R","D","O ","F ","X","T","C","050","0","0","0","","","1756853","5920389",
"Auckland","NEW NORTH ROAD",""," ","I","ALBERTON AVENUE","201430780","22/01/2014","Wed","1510","JA","CW1C","301B 353B 377B ","","R","D","OF","F ","T","S","P","050","0","0","0","","","1753837","5917071",
"Auckland","NEW NORTH ROAD",""," ","I","ALEXIS AVENUE","201413811","27/05/2014","Tue","0827","NF","4S2E","370A 711B ","","E","D","B ","F ","T","S","P","050","0","0","1","15","","1753271","5916833",
"Auckland","NEW NORTH ROAD",""," ","I","ASQUITH AVENUE","201436153","15/04/2014","Tue","1226","JA","CE1C","301B ","","M","D","O ","F ","T","S","C","050","0","0","0","","","1753062","5916788",
"Auckland","NEW NORTH ROAD",""," ","I","ASQUITH AVENUE","201412587","11/04/2014","Fri","1510","JA","BN1C","301B 370B ","","M","D","B ","F ","T","S","C","050","0","1","0","","","1753062","5916788",
"Auckland","NEW NORTH ROAD","10","W"," ","BASQUE ROAD","201431939","17/03/2014","Mon","1530","FF","CE1S","181A 357A 357B ","","R","D","BF","F ","T","G","C","050","0","0","0","","","1756899","5918616",
"Auckland","NEW NORTH ROAD",""," ","I","BLOCKHOUSE BAY ROAD","201437046","15/05/2014","Thu","2245","HA","CS2C","334A 334B ","","R","D","DO","F ","M","T","C","050","0","0","0","","","1751565","5915247",
"Auckland","NEW NORTH ROAD",""," ","I","BOLLARD AVENUE","201412297","15/04/2014","Tue","1856","JA","PS1C","301B 375B ","","R","D","DO","F ","T","S","C","050","0","0","1","","","1751925","5915485",
"Auckland","NEW NORTH ROAD","80","E"," ","BOND ST","201435216","15/04/2014","Tue","1757","KC","CW1C","315B 922 ","","R","D","B ","F ","D","N","P","050","0","0","0","","","1755777","5917994",
"Auckland","NEW NORTH ROAD",""," ","I","BURCH ST","201413244","12/05/2014","Mon","1807","LB","SE1C","303B 375B ","","R","D","DN","F ","T","S","C","050","0","0","1","","25","1753606","5916959",
"Auckland","NEW NORTH ROAD","50","W"," ","CARRINGTON ROAD","201412238","26/04/2014","Sat","1538","AC","CE1M","372A 386A ","","R","D","O ","F "," ","N","C","050","0","0","1","","","1752847","5916574",
"Auckland","NEW NORTH ROAD","50","W"," ","CENTRAL ROAD","201435795","10/05/2014","Sat","0920","FE","CE1C","331A ","","R","D","B ","F "," ","T","X","050","0","0","0","","","1755497","5917899",
"Auckland","NEW NORTH ROAD",""," ","I","EXMOUTH ST","201434285","23/02/2014","Sun","1424","JA","CE1C","322A 334A ","","E","D","B ","F ","T","T","C","050","0","0","0","","","1756741","5918553",
"Auckland","NEW NORTH ROAD","30","W"," ","GEORGE ST","201433226","06/03/2014","Thu","0821","CB","CW1","129A 363A ","X","R","D","BF","F "," ","N","P","050","0","0","0","","","1755997","5918220",
"Auckland","NEW NORTH ROAD","20","E"," ","HENDON AVENUE","201437340","28/05/2014","Wed","0728","BA","CS1C","125A 410A ","","R","D","OF","M "," ","N","C","050","0","0","0","","","1752021","5915595",
"Auckland","NEW NORTH ROAD",""," ","I","KORARI ST","201430934","17/02/2014","Mon","1650","AC","CW1CB","381A ","","R"," "," F","  ","T","G","C","050","0","0","0","","","1756761","5918553",
"Auckland","NEW NORTH ROAD",""," ","I","MORNINGSIDE DRIVE","201435225","17/01/2014","Fri","0910","FE","CE1C","181A ","","M","W","O ","L ","T","T","C","100","0","0","0","","","1754776","5917720",
"Auckland","NEW NORTH ROAD","15","N"," ","MOUNT ALBERT ROAD","201410501","10/01/2014","Fri","0910","BO","CN1C","197A ","","E","D","BF","F ","X","T","C","050","0","0","2","","","1752892","5916621",
"Auckland","NEW NORTH ROAD","180","S"," ","MOUNT ALBERT ROAD","201430465","19/01/2014","Sun","1300","KA","TS1C","308B 375B 930 ","","R","D","B ","F ","D","N","C","050","0","0","0","","","1752763","5916475",
"Auckland","NEW NORTH ROAD","30","W"," ","MOUNT ALBERT ROAD","201431936","15/03/2014","Sat","1140","JA","CE1C","308B 375B 926 ","","R","W","OF","L ","D","N","P","050","0","0","0","","","1752860","5916589",
"Auckland","NEW NORTH ROAD","50","N"," ","ROCKY NOOK AVENUE","201437217","03/05/2014","Sat","0502","DA","CN1C","111A 131A ","M","E","W","DO","L "," ","N","P","050","0","0","0","","","1754414","5917531",
"Auckland","NEW NORTH ROAD",""," ","I","SANDRINGHAM ROAD","201410981","11/03/2014","Tue","2200","AO","CW1S","183A ","","E","D","DO","F ","X","T","C","050","0","1","0","","","1755717","5917946",
"Auckland","NEW NORTH ROAD",""," ","I","SOLJAK PLACE","201436055","14/05/2014","Wed","1745","JC","VW1C","308A 371A 929 ","","R","D","DO","F ","D","G","C","050","0","0","0","","","","",
"Auckland","NEW NORTH ROAD",""," ","I","ST JUDE ST","201410606","16/02/2014","Sun","0959","LB","CW1C","101B 303B ","","R","D","B ","F ","M","T","C","050","0","0","1","","","1751565","5915247",
"Auckland","NEW NORTH ROAD",""," ","I","ST LUKES ROAD","201412933","17/05/2014","Sat","2330","FE","CE1C","331A ","","R","D","DO","F ","X","T","C","070","0","0","1","","","1754009","5917211",
"Auckland","NEW NORTH ROAD",""," ","I","ST LUKES ROAD","201413105","21/04/2014","Mon","2355","CA","CN2","103A 130A 423A 801 ","P","R","W","DO","L ","X","T","P","050","0","0","1","","","1754009","5917211",
"Auckland","NEW NORTH ROAD","60","N"," ","STORMONT PLACE","201435064","25/02/2014","Tue","1609","JA","CS1V","308B 375B 922 ","","R","D","B ","F ","D","N","C","050","0","0","0","","","1755813","5918046",
"Auckland","NEW NORTH ROAD",""," ","I","STORMONT PLACE","201433796","12/03/2014","Wed","1335","JA","CS1C","301B 387B ","","R","D","B ","F ","T","S","C","050","0","0","0","","","1755779","5917996",
"Auckland","NEW NORTH ROAD","40","W"," ","WAIRERE AVENUE","201437540","05/06/2014","Thu","0840","AA","CW1C","372A ","","R","D","B ","F "," "," ","N","050","0","0","0","","","1753727","5917007",
"Auckland","NEW NORTH ROAD","80","S"," ","WOODWARD ROAD","201437870","29/04/2014","Tue","1910","FD","CN1CC","181A 330A ","","R","D","DO","F "," ","N","C","050","0","0","0","","","1752352","5915990",
"Auckland","NEW NORTH ROAD",""," ","I","WOODWARD ROAD","201435208","20/04/2014","Sun","0009","HA","CS2C","103B 322B ","","R","W","DO","L ","X","T","P","050","0","0","0","","","1752402","5916052",
"Auckland","NEW WINDSOR ROAD","20","S"," ","BATKIN ROAD","201436432","23/04/2014","Wed","0830","EA","CN1C","129A ","M","R","D","BF","F "," ","N","C","050","0","0","0","","","1752379","5914433",
"Auckland","NEW WINDSOR ROAD",""," ","I","BOUNDARY ROAD","201433584","16/03/2014","Sun","2110","DB","CN1","103A 111A 131A ","K","M","W","DO","L ","M","N","C","050","0","0","0","","","1752966","5913584",
"Auckland","NEW WINDSOR ROAD",""," ","I","BRYDON PLACE","201434801","19/03/2014","Wed","0004","DA","CS1","103A 131A ","F","M","D","DO","F ","T","G","C","050","0","0","0","","","1752228","5914641",
"Auckland","NEW WINDSOR ROAD",""," ","I","BRYDON PLACE","201435343","06/05/2014","Tue","0101","DB","CN1","410A ","P","M","W","DO","L ","T","N","C","050","0","0","0","","","1752228","5914641",
"Auckland","NEW WINDSOR ROAD","20","S"," ","DICKEY ST","201433212","19/02/2014","Wed","0308","CA","CN1","103A 929 ","V","R","D","DO","F ","D","N","C","050","0","0","0","","","1752556","5914189",
"Auckland","NEWTON ROAD",""," ","I","DIAMOND ST","201413765","06/06/2014","Fri","1640","JA","CW1C","302B 314B 377B ","","R","D","OF","F ","T","G","C","050","0","0","2","","","1756703","5918869",
"Auckland","NEWTON ROAD",""," ","I","DUNDONALD ST","201431834","03/02/2014","Mon","1618","JA","CW1C","301B 377B ","","R","D","BF","F ","T","S","C","050","0","0","0","","","1756895","5918811",
"Auckland","NEWTON ROAD",""," ","I","EXMOUTH ST","201435405","12/04/2014","Sat","1220","JA","MW1C","302B 375B ","","R","D","BF","F ","T","G","C","050","0","0","0","","","1756821","5918835",
"Auckland","NEWTON ROAD",""," ","I","GREAT NORTH ROAD","201436560","17/05/2014","Sat","0845","JA","CN1C","322B ","","E","D","O ","F ","X","T","C","050","0","0","0","","","1756247","5919258",
"Auckland","NEWTON ROAD",""," ","I","NEWTON OFF EBD","201436214","16/04/2014","Wed","1930","JA","CN1CC","322A ","","R","D","DO","F ","T","T","C","050","0","0","0","","","1756343","5919069",
"Auckland","NEWTON ROAD",""," ","I","NEWTON OFF EBD","201431987","15/03/2014","Sat","0920","JA","CN1C","322A ","","R","W","OF","HS","T","T","C","050","0","0","0","","","1756343","5919069",
"Auckland","NEWTON ROAD",""," ","I","NEWTON OFF EBD S","201435235","28/04/2014","Mon","1720","FE","VS1C","181A ","","R","D","B ","F ","T","T","C","050","0","0","0","","","1756343","5919069",
"Auckland","NEWTON ROAD","15","W"," ","PIWAKAWAKA ST","201438026","31/05/2014","Sat","1845","AA","CE14","372A ","","R","D","DO","F "," "," ","R","070","0","0","0","","","1756512","5918905",
"Auckland","NEWTON ROAD",""," ","I","PIWAKAWAKA ST","201437297","05/05/2014","Mon","1408","KB","CE1C","322B ","","E"," "," F","  ","T","T","C","050","0","0","0","","","1756527","5918905",
"Auckland","NEWTON ROAD",""," ","I","PIWAKAWAKA ST","201437522","31/05/2014","Sat","1840","AC","CE14","159A ","","E","D","TO","F ","T","T","R","050","0","0","0","","","1756527","5918905",
"Auckland","NEWTON ROAD",""," ","I","PIWAKAWAKA ST","201410945","05/03/2014","Wed","1240","NA","VE1E","306A 359A ","","E","D","BN","F ","T","T","X","050","0","1","0","21","","1756527","5918905",
"Auckland","NEWTON ROAD",""," ","I","STABLE LANE","201437076","30/04/2014","Wed","1220","FE","CE1C","181A ","","R","D","B ","F ","T","T","C","050","0","0","0","","","1756930","5918801",
"Auckland","NEWTON ROAD",""," ","I","SYMONDS ST","201412059","17/04/2014","Thu","0830","AA","CE1C","330A 372A ","","R","W","O ","F ","X","G","C","050","0","0","1","","","1756969","5918790",
"Auckland","NEWTON ROAD",""," ","I","UPPER QUEEN ST","201411833","01/03/2014","Sat","0711","JA","VE1C","322A ","","R","D","BF","F ","T","T","C","050","0","1","1","","","1756762","5918852",
"Auckland","NGAKE ST","100","S"," ","HAWAIKI ST","201438146","17/05/2014","Sat","2120","DA","CS1CC","103A 111A 131A ","MM","E","W","DO","F "," ","N","N","050","0","0","0","","","1762490","5919319",
"Auckland","NGAOHO PLACE","70","N"," ","SH 16","201413832","27/05/2014","Tue","0755","DA","CW1","131A 363A 902 ","C","E","D","B ","F "," "," ","N","050","0","0","1","","","","",
"Auckland","NGAPIPI ROAD",""," ","I","KEPA ROAD","201436547","16/05/2014","Fri","0415","LB","CN2C","103A 302A 330A ","","M","D","DO","F ","R","G","P","050","0","0","0","","","1761605","5919011",
"Auckland","NGAPIPI ROAD",""," ","I","NGAIWI ST","201431837","27/01/2014","Mon","1800","LB","CS14","303B 382B ","","R","D","BF","F ","T","G","C","050","0","0","0","","","1761340","5919330",
"Auckland","NGAPIPI ROAD","140","S"," ","TAMAKI DRIVE","201413056","23/05/2014","Fri","0400","DA","CN1","111A 131A ","Z","E","D","DO","F "," ","N","C","050","0","0","1","","","1760985","5919823",
"Auckland","NGAURUHOE ST","20","W"," ","MOUNT EDEN ROAD","201436620","30/04/2014","Wed","1300","MO","CE1C","371A ","M","R","D","B ","F "," ","N","C","050","0","0","0","","","1757017","5916718",
"Auckland","NICHOLAS GIBBONS DRIVE",""," ","I","PALMERS ROAD","201432850","27/02/2014","Thu","1640","GF","CW1C","129A ","","R","D","TF","F ","X","G","C","050","0","0","0","","","1765253","5899323",
"Auckland","NIKAU ST","90","N"," ","MIRO ST","201437307","07/06/2014","Sat","0145","DA","CS1","103A 131A ","F","M","D","DO","F "," ","N","C","050","0","0","0","","","1749376","5914450",
"Auckland","NILE ROAD","100","S"," ","MARGARET PLACE","201412283","17/05/2014","Sat","1554","MA","CS1C","373B ","","R","D","O ","F "," ","N","C","050","0","0","1","","","1756341","5928300",
"Auckland","NILE ROAD","50","W"," ","SEINE ROAD","201435451","08/05/2014","Thu","2143","DA","CE1C","111A ","M","E","W","DO","F "," ","N","C","050","0","0","0","","","1756309","5929133",
"Auckland","NILE ROAD","90","W"," ","VANGUARD ROAD","201412485","20/04/2014","Sun","1720","EA","CW1C","129A 130A 363A 902 ","M","R","W","B ","F "," "," ","C","050","0","0","1","","","1748276","5915299",
"Auckland","NILE ROAD S","50","E"," ","FORREST HILL ROAD","201433261","17/03/2014","Mon","1735","EA","CE1C","129A ","M","M","D","BF","F "," ","N","C","050","0","0","0","","","1756219","5928194",
"Auckland","NOLA CRESCENT","20","S"," ","COBHAM CRESCENT E","201436419","10/05/2014","Sat","0104","EA","CS1C","129A 517A ","M","E","D","DO","F "," ","N","N","050","0","0","0","","","1767190","5907493",
"Auckland","NOLAN ROAD","50","N"," ","DERRY ST","201438345","06/06/2014","Fri","0420","EA","CS1C","103A 129A ","M","R","W","DO","F "," "," ","C","050","0","0","0","","","1760044","5915760",
"Auckland","NORMAN ROAD","100","S"," ","ATKINSON ROAD","201435049","09/04/2014","Wed","1430","AO","CS1C","112A 150A ","","R","D","B ","F "," ","N","C","050","0","0","0","","","1747817","5912438",
"Auckland","NORMANBY ROAD","30","N"," ","ENFIELD ST","201413191","08/04/2014","Tue","1459","EA","TS1CCC","130A 412A ","M","E","D","B ","F "," "," ","C","050","0","0","1","","","1757268","5918194",
"Auckland","NORMANBY ROAD","20","S"," ","LAUDER ROAD","201436871","29/04/2014","Tue","1900","DA","VS1CCC","131A 358A 407A ","M","E","D","DO","F "," "," ","C","050","0","0","0","","","1757215","5918318",
"Auckland","NORTH CANDIA ROAD",""," ","I","POOKS ROAD","201412162","14/05/2014","Wed","1400","HA","CW1S","302A 534B ","","R","W","O ","L ","R","G","R","050","0","0","1","","33","1741657","5918580",
"Auckland","NORTHCOTE ROAD",""," ","I","AKORANGA DRIVE","201438125","13/05/2014","Tue","0700","FB","CS1C","181A ","","E","D","BF","F ","X","G","C","050","0","0","0","","","1755962","5926779",
"Auckland","NORTHCOTE ROAD",""," ","I","NORTHCOTE OFF NBD W","201438149","16/05/2014","Fri","1452","JA","SE14","204A 302B 353B ","","R","D","BF","F ","T","G","R","050","0","0","0","","","1756331","5927124",
"Auckland","NORTHCOTE ROAD","15","W"," ","NORTHCOTE OFF SBD","201431227","03/03/2014","Mon","1055","AC","TE1C","372A 671A ","","R","D","BF","F "," ","N","R","050","0","0","0","","","1756431","5927217",
"Auckland","NORTHCOTE ROAD","10","E"," ","NORTHCOTE ON SBD","201431329","10/02/2014","Mon","1035","FE","4W1C","133A 423A ","","R","D","BF","F ","X","T","R","050","0","0","0","","","1756449","5927234",
"Auckland","NORTHCOTE ROAD","15","W"," ","SMALES FARM BUSINESS PARK","201434719","03/05/2014","Sat","1538","FD","CW1C","331A 361A ","","R","D","BF","F "," ","N","C","050","0","0","0","","","1756584","5927362",
"Auckland","NORTHCOTE ROAD",""," ","I","SMALES FARM BUSINESS PARK","201412095","01/05/2014","Thu","1500","JA","CE1C","302B 375B 830 ","","R","D","B ","F ","T","G","R","050","0","0","2","","","1756595","5927372",
"Auckland","NORTHCOTE ROAD",""," ","I","SUNNYBRAE ROAD","201433247","17/03/2014","Mon","0800","FF","CE1T","428B ","","R","D","OF","F ","X","T","C","050","0","0","0","","","1755962","5926779",
"Auckland","NORTHLAND ST","15","N"," ","CRUMMER ROAD","201437403","27/05/2014","Tue","0705","CA","CN1CC","103A 129A 130A ","M","R","D","DO","F "," "," ","C","050","0","0","0","","","1755122","5918672",
"Auckland","NORTHPARK AVENUE","20","S"," ","MILLHOUSE DRIVE","201433933","07/03/2014","Fri","2100","EA","CS1C","386A ","M","R","D","B ","F "," ","N","C","050","0","0","0","","","1771516","5912897",
"Auckland","NORWICH ST",""," ","I","DIAMOND ST","201435498","06/05/2014","Tue","2000","EA","CW1C","386A ","M","R","D","B ","F ","T","N","C","050","0","0","0","","","1756675","5918756",
"Auckland","NUFFIELD ST","20","N"," ","BALM ST","201437879","06/03/2014","Thu","1000","PO","VS1E","440A 720B ","","E","D","B ","F "," ","N","C","050","0","0","0","","","1758463","5917897",
"Auckland","OAKDALE ROAD","5","S"," ","KATHRYN AVENUE","201411517","22/02/2014","Sat","1301","GB","MN1C","372B ","","E","W","OF","L ","T","G","C","050","0","0","1","","","1755766","5912237",
"Auckland","OAKWAY DRIVE",""," ","I","PIN OAK DRIVE","201431894","21/02/2014","Fri","2125","DB","CN1","103A 111A ","KS","E","D","DO","  ","R","G","C","050","0","0","0","","","1750948","5931095",
"Auckland","OATES ROAD","20","E"," ","CAPTAIN SCOTT ROAD","201431039","15/02/2014","Sat","1843","FD","CE1C4C","103A 371A ","","R","D","B ","F "," ","N","C","050","0","0","0","","","1747200","5913617",
"Auckland","OATES ROAD",""," ","I","GLENDALE ROAD","201434580","17/03/2014","Mon","0715","LB","MN2C","303B 375B ","","E","D","OF","F ","T","S","C","050","0","0","0","","","1746936","5913718",
"Auckland","OCEAN VIEW ROAD","140","E"," ","GOODWIN AVENUE","201430596","22/01/2014","Wed","1530","EA","CW14","129A ","M","R","D","O ","F "," "," ","C","050","0","0","0","","","1780252","5926950",
"Auckland","OCEAN VIEW ROAD","15","S"," ","HILLCREST AVENUE","201437015","18/05/2014","Sun","1200","FC","MN1C","181A ","","R","D","B ","F "," "," ","X","050","0","0","0","","","1755625","5926459",
"Auckland","OCEAN VIEW ROAD",""," ","I","LAKE ROAD","201437149","25/05/2014","Sun","1758","HA","CS1C","302A 375A ","","E","D","BF","F ","R","G","R","050","0","0","0","","","1755717","5926538",
"Auckland","OCEAN VIEW ROAD","40","S"," ","POTTER AVENUE","201412052","13/03/2014","Thu","0819","NB","CS1E","713B ","","R","D","B ","F "," ","N","C","050","0","1","0","12","","1755316","5926171",
"Auckland","OCEAN VIEW ROAD",""," ","I","RALEIGH ROAD","201435784","05/05/2014","Mon","0943","FB","CS14","130A 386A ","","R","D","O ","F ","T","G","P","050","0","0","0","","","1754923","5925787",
"Auckland","OCEAN VIEW ROAD",""," ","I","TUI ST","201432394","09/03/2014","Sun","1345","DC","CW1","335A ","IS","E","D","B ","F ","R","G","R","050","0","0","0","","","1779438","5927267",
"Auckland","OCEAN VIEW ROAD",""," ","I","WAIKARE ROAD","201411621","17/02/2014","Mon","1554","DA","CE1X","136A 613A ","M","M","D","BF","F ","T","G","C","050","0","0","2","","","1779258","5927467",
"Auckland","ODONNELL AVENUE",""," ","I","SANDRINGHAM ROAD","201436702","14/05/2014","Wed","1300","MG","CW1C","372B ","","E","D","O ","F ","T","T","C","050","0","0","0","","","1754223","5914744",
"Auckland","OKURA RIVER ROAD","300","N"," ","EAST COAST ROAD","201411767","22/03/2014","Sat","1720","DB","MN1","103A 111A 131A ","X","M","D","B ","F "," "," ","C","050","0","1","0","","","1753440","5937508",
"Auckland","OLD NORTH ROAD","150","N"," ","BROADWOOD RISE","201435230","16/04/2014","Wed","0055","DB","VS1","111A 131A 801 901 ","","M","W","DN","H "," "," ","C","080","0","0","0","","","1739978","5929769",
"Auckland","OLD NORTH ROAD","150","N"," ","BROADWOOD RISE","201431841","04/03/2014","Tue","1200","DB","TN1","135A 404A 801 ","V","M","W","BN","L "," ","N","C","080","0","0","0","","","1739978","5929769",
"Auckland","OLD NORTH ROAD",""," ","I","BROADWOOD RISE","201434728","04/05/2014","Sun","0100","DB","CS1","111A 131A 357A ","FT","E","D","DN","F ","T","N","C","080","0","0","0","","","1740102","5929692",
"Auckland","OLD NORTH ROAD","80","N"," ","HIBISCUS COAST HIGHWAY","201412001","09/04/2014","Wed","1658","DA","CS1","111A 131A 402A ","","S","D","TO","F "," ","N","N","050","0","0","2","","","1751205","5951079",
"Auckland","OLD NORTH ROAD","400","E"," ","INLAND ROAD","201432501","20/01/2014","Mon","1530","DB","CS1","131A 804 ","V","M","D","O ","F "," ","N","C","100","0","0","0","","","1732152","5937290",
"Auckland","OLD NORTH ROAD","700","S"," ","ORAHA ROAD","201411757","28/03/2014","Fri","2135","DA","CS1","103A 111A 131A ","F","M","D","DN","F "," "," ","C","080","0","0","1","","","1740011","5929756",
"Auckland","OLD NORTH ROAD","890","N"," ","TAYLOR ROAD","201412176","13/05/2014","Tue","0920","AD","4S1","110A 800 ","","E","W","B ","F "," "," ","C","100","0","0","1","","","1733398","5935199",
"Auckland","OLD NORTH ROAD","700","W"," ","TAYLOR ROAD","201410937","03/03/2014","Mon","0750","DA","CE1C","111A 131A ","D","M","W","ON","L "," ","N","C","080","0","0","1","","","1733480","5935027",
"Auckland","OLD NORTH ROAD","1300","N"," ","WAIKOUKOU VALLEY ROAD","201410092","18/02/2014","Tue","0900","BF","SS1V","111A 131A 197B ","","M","D","B ","F "," "," ","L","100","0","0","1","","","1734064","5933755",
"Auckland","OLD WAIROA ROAD",""," ","I","BUNNYTHORPE ROAD","201430992","04/03/2014","Tue","2158","DA","CN2","111A 131A ","F","R","D","DO","F ","T","G","C","050","0","0","0","","","1773751","5897436",