"TLA NAME","CRASH ROAD","CRASH DIST","CRASH DIRN","INTSN","SIDE ROAD","CRASH ID","CRASH DATE","CRASH DOW","CRASH TIME","MVMT","VEHICLES","CAUSES","OBJECTS STRUCK","ROAD CURVE","ROAD WET","LIGHT","WTHRa","JUNC TYPE","TRAF CTRL","ROAD MARK","SPD LIM","CRASH FATAL CNT","CRASH SEV CNT","CRASH MIN CNT","PERS AGE1","PERS AGE2","EASTING","NORTHING"
"Auckland","OLD WAIROA ROAD",""," ","I","SHIRLEY AVENUE","201430950","18/02/2014","Tue","0945","DB","CW1","111A 131A ","P","R","D","BF","F ","T","G","N","050","0","0","0","","","1773281","5897263",
"Auckland","OLD WAIROA ROAD",""," ","I","SHIRLEY AVENUE","201412407","09/04/2014","Wed","1755","BF","CN2C","111A 131A 402A ","F","E","D","DO","F ","T","N","C","050","0","1","1","","","1773281","5897263",
"Auckland","OLSEN AVENUE","100","N"," ","EATON ROAD","201437514","20/04/2014","Sun","1300","DA","CN1","108A 131A 358A ","FJX","E","W","O ","L "," "," ","C","050","0","0","0","","","1756026","5912563",
"Auckland","OMAHA FLATS ROAD","15","S"," ","POINT WELLS ROAD","201436522","22/05/2014","Thu","0720","CB","VN1","135A 191A 800 ","V","R","W","B ","F "," "," ","R","080","0","0","0","","","1757002","5977478",
"Auckland","OMAHU ROAD",""," ","I","DROMORNE ROAD","201411014","06/02/2014","Thu","0020","KB","CS1C","302B 375B ","I","R","D","DO","F ","X","G","R","050","0","0","2","","","1759676","5916847",
"Auckland","OMANA ROAD",""," ","I","IHUMATA ROAD","201431162","21/02/2014","Fri","1934","FB","CS1C","102A 112A 514A ","","R","D","B ","F ","R","G","R","050","0","0","0","","","1757618","5929112",
"Auckland","ONDINE PLACE",""," ","I","WELDENE AVENUE","201412969","05/05/2014","Mon","0736","JA","SW2C","303B ","","R","D","O ","F ","T","N","N","050","0","1","0","","57","1753967","5928713",
"Auckland","ONEHUNGA HARBOUR ROAD",""," ","I","ORPHEUS DRIVE","201412092","26/04/2014","Sat","1712","JA","CN1C","302B 375B ","","R","D","TO","F ","T","G","R","050","0","0","2","","","1758723","5911432",
"Auckland","ONEHUNGA MALL",""," ","I","MOUNT SMART ROAD","201435256","24/03/2014","Mon","1019","FE","CN1C","181A ","","R","D","B ","F ","X","T","P","050","0","0","0","","","1758935","5913205",
"Auckland","ONEHUNGA MALL",""," ","I","MOUNT SMART ROAD","201433227","06/03/2014","Thu","0619","LB","CW2C","303B 375B ","","R","D","DO","F ","X","T","C","050","0","0","0","","","1758935","5913205",
"Auckland","ONEHUNGA MALL",""," ","I","NEILSON ST","201437038","17/01/2014","Fri","0945","AO","TW2V","386A ","","R","D","O ","F ","X","T","C","050","0","0","0","","","1759058","5911795",
"Auckland","ONEHUNGA MALL",""," ","I","NEILSON ST","201435903","24/02/2014","Mon","1040","AO","CN1C","381A ","","R","D","BF","F ","X","T","C","050","0","0","0","","","1759058","5911795",
"Auckland","ONEHUNGA ON NBD","100","S"," ","SH 20","201412673","18/04/2014","Fri","1413","BF","CS1C","205A 514A 517A ","","E","D","BF","F "," ","N","N","100","0","0","1","","","1758638","5911589",
"Auckland","ONEWA ROAD","30","E"," ","BIRKENHEAD AVENUE","201430946","08/02/2014","Sat","1302","FE","CW1CC","181A ","","R","D","OF","F "," ","T","C","050","0","0","0","","","1753945","5924807",
"Auckland","ONEWA ROAD",""," ","I","BIRKENHEAD AVENUE","201432385","07/03/2014","Fri","1130","FE","CS1C","181A ","","E","W","B ","F ","X","T","C","050","0","0","0","","","1753915","5924806",
"Auckland","ONEWA ROAD",""," ","I","BRUCE ST","201433881","14/04/2014","Mon","1348","LB","MW1C","303B ","","R","D","O ","F ","T","G","C","050","0","0","0","","","1755754","5924582",
"Auckland","ONEWA ROAD","50","W"," ","GLADSTONE ROAD","201434375","17/03/2014","Mon","1630","FD","CW1CC","181A 181B ","","R","D","B ","F "," "," ","C","050","0","0","0","","","1754901","5924751",
"Auckland","ONEWA ROAD",""," ","I","GLADSTONE ROAD","201438121","06/05/2014","Tue","0625","LB","CE1C","303B 375B ","","E","W","TF","L ","T","S","C","050","0","0","0","","","1754951","5924747",
"Auckland","ONEWA ROAD",""," ","I","GLADSTONE ROAD","201436901","06/05/2014","Tue","0625","LB","CE1V","303B ","","R","W","O ","L ","T","S","C","050","0","0","0","","","1754951","5924747",
"Auckland","ONEWA ROAD",""," ","I","KAURI GLEN ROAD","201430637","07/02/2014","Fri","0854","NB","CE1E","713B ","","R","D","O ","F ","T","S","C","050","0","0","0","","","1754629","5924776",
"Auckland","ONEWA ROAD","25","E"," ","LAKE ROAD","201431567","25/01/2014","Sat","1030","KB","VW1C","308B 922 ","","R","D","B ","F ","D"," ","C","050","0","0","0","","","1755552","5924662",
"Auckland","ONEWA ROAD",""," ","I","NUTSEY AVENUE","201430132","24/01/2014","Fri","0830","LB","VE1C","303B 375B ","","R","D","BF","F ","T","N","C","050","0","0","0","","","1755345","5924713",
"Auckland","ONEWA ROAD","70","W"," ","PARK AVENUE","201413163","14/05/2014","Wed","1847","FD","CW1C","112A 181A 331A 358A 801 817 ","","R","W","DO","L "," "," ","C","050","0","0","1","","","1754445","5924791",
"Auckland","ONEWA ROAD",""," ","I","QUEEN ST","201431247","05/01/2014","Sun","0800","JA","CW14","322A 334A ","","R","D","BF","F ","T","T","C","050","0","0","0","","","1755614","5924637",
"Auckland","ONEWA ROAD",""," ","I","SYLVAN AVENUE","201431897","19/02/2014","Wed","1714","MG","VE1C","371B ","","R","D","BF","F ","M","T","C","050","0","0","0","","","1756137","5924527",
"Auckland","ONEWA ROAD","50","E"," ","VALLEY ROAD","201434204","16/03/2014","Sun","1100","FD","VE1C","181A 331A 801 ","","R","W","O ","L "," "," ","C","050","0","0","0","","","1754827","5924757",
"Auckland","ONEWA ROAD",""," ","I","WERNHAM PLACE","201430639","07/02/2014","Fri","1608","JA","CW1V","301B 375B ","","R","D","O ","F ","T","S","C","050","0","0","0","","","1754596","5924779",
"Auckland","ONSLOW AVENUE","100","W"," ","ST ANDREWS ROAD","201434730","20/04/2014","Sun","1931","EA","CW1C","103A 129A ","M","R","W","DO","L "," ","N","C","050","0","0","0","","","1757358","5915313",
"Auckland","ONSLOW ROAD","15","E"," ","OPAHEKE ROAD","201435891","22/05/2014","Thu","0810","EA","CE1V","129A ","Q","R","D","BF","F "," ","N","C","050","0","0","0","","","1772992","5895736",
"Auckland","ORAHA ROAD","120","N"," ","BURNS LANE","201435792","14/05/2014","Wed","1840","DB","CW1","111A 132A 404A 901 ","FT","S","W","DN","H "," "," ","C","070","0","0","0","","","1738953","5930110",
"Auckland","ORAKEI ROAD",""," ","I","UPLAND ROAD","201437243","15/04/2014","Tue","2025","GF","TS1C","381A 671A ","","E","D","DO","F ","R","G","R","050","0","0","0","","","1761073","5918364",
"Auckland","ORAMS ROAD",""," ","I","DAVID AVENUE","201436831","30/04/2014","Wed","0430","KB","CE1C","321B 330B ","","R","D","DO","F ","T","S","C","050","0","0","0","","","1768777","5902665",
"Auckland","ORANGEWOOD DRIVE","40","E"," ","NORTHPARK AVENUE","201411096","08/03/2014","Sat","0015","EA","4W14","129A 358A ","MT","E","D","DN","F "," "," ","C","050","0","0","1","","","1771596","5912475",
"Auckland","ORERE-MATINGARAHI ROAD","1200","E"," ","DEERYS ROAD","201437908","22/05/2014","Thu","1546","DA","TN1","129A 407A ","G","M","D","BN","F "," ","N","C","100","0","0","0","","","1800961","5904102",
"Auckland","ORLY AVENUE",""," ","I","SERVICE LANE","201438124","14/05/2014","Wed","1900","HA","CN2C","302B ","","E","D","DO","F ","R","G","C","050","0","0","0","","","1760031","5906996",
"Auckland","ORMISTON ROAD",""," ","I","BISHOP LENIHAN PLACE","201435527","28/04/2014","Mon","1720","LB","CE1C","151A 303B 375B ","","R","D","TF","F ","T","G","P","060","0","0","0","","","1769148","5907504",
"Auckland","ORMISTON ROAD",""," ","I","CALDWELLS ROAD","201430032","06/01/2014","Mon","1405","DB","CN1","131A 402A ","F","E","D","BF","F ","T","N","C","080","0","0","0","","","1773497","5908069",
"Auckland","ORMISTON ROAD",""," ","I","CHAPEL ROAD","201437037","26/02/2014","Wed","0800","FE","TE1C","331A ","","R","D","B ","F ","X","T","C","050","0","0","0","","","1769733","5907358",
"Auckland","ORMISTON ROAD",""," ","I","MICHAEL JONES DRIVE","201432484","24/02/2014","Mon","0820","AC","CE1C","350A 372A ","","R","D","BF","F ","T","N","P","060","0","0","0","","","1769500","5907418",
"Auckland","ORMISTON ROAD","400","E"," ","MURPHYS ROAD","201413119","20/05/2014","Tue","0840","KA","CS1V","308B 370B 929 ","","R","D","B ","F ","D"," ","C","060","0","0","1","","","1771728","5906958",
"Auckland","ORMISTON ROAD",""," ","I","PRESTON ROAD","201411617","18/03/2014","Tue","1630","NA","CE1E","711B ","","R","D","OF","F ","T","G","C","050","0","0","1","33","","1768148","5907749",
"Auckland","ORMISTON ROAD","60","W"," ","TE ARA KAHIKATEA","201437990","08/05/2014","Thu","1745","JA","CE1C","602A 308B 375B 922 ","","R","W","TF","F ","D","N","C","060","0","0","0","","","1770753","5907089",
"Auckland","ORMISTON ROAD","40","E"," ","TE IRIRANGI DRIVE","201433770","21/03/2014","Fri","1650","FA","CE1C","181A 350A ","","R","D","O ","F "," "," ","C","050","0","0","0","","","1769366","5907450",
"Auckland","ORMISTON ROAD","10","W"," ","TE IRIRANGI DRIVE","201431339","07/03/2014","Fri","1100","FE","CE14","331A 387A ","","R","D","BF","F ","X","T","R","060","0","0","0","","","1769305","5907465",
"Auckland","ORMISTON ROAD","15","W"," ","TE IRIRANGI DRIVE","201437125","07/05/2014","Wed","1615","AA","CE14","372A ","","R","D","BF","F "," ","T","R","060","0","0","0","","","1769301","5907466",
"Auckland","ORMISTON ROAD",""," ","I","TE IRIRANGI DRIVE","201430915","17/02/2014","Mon","1645","AA","BW1C","372A 671A ","","R","D","BF","F ","X","T","C","050","0","0","0","","","1769327","5907459",
"Auckland","ORMISTON ROAD",""," ","I","TE IRIRANGI DRIVE","201411306","19/03/2014","Wed","2135","HA","CN2C","322A ","","R","D","DO","F ","X","T","R","080","0","0","1","","","1769315","5907462",
"Auckland","ORMISTON ROAD",""," ","I","VALDERAMA DRIVE","201410870","09/01/2014","Thu","0750","JA","VE1C","302B 382B 901 ","","R","W","O ","H ","T","G","P","060","0","0","1","","","1771801","5906933",
"Auckland","ORORKE ROAD","15","S"," ","STATION ROAD","201437298","05/05/2014","Mon","1430","AA","VN1T","372A ","","R","D","BF","F ","T","T","C","050","0","0","0","","","1761588","5913290",
"Auckland","ORUARANGI ROAD","300","N"," ","IHUMATAO ROAD","201412872","11/04/2014","Fri","0925","CC","CS1","130A ","C","R","D","B ","F "," "," ","C","100","0","0","1","","","1756604","5904809",
"Auckland","OSTEND ROAD",""," ","I","TAHI ROAD","201436592","15/05/2014","Thu","0546","DB","CS2","103A 111A 131A 801 ","ET","R","W","DO","L ","T","G","C","050","0","0","0","","","1783369","5925653",
"Auckland","OSTERLEY WAY",""," ","I","AMERSHAM WAY","201436567","13/03/2014","Thu","1150","LB","CW2C","330B 386B ","","E","D","B ","F ","X","G","X","050","0","0","0","","","1767217","5904432",
"Auckland","OSTRICH ROAD","690","S"," ","GLENBROOK ROAD","201411678","25/03/2014","Tue","0845","DA","CN1","111A 131A ","FPX","M","W","ON","F "," ","N","C","100","0","1","0","","","1765114","5886546",
"Auckland","OSTRICH ROAD","700","S"," ","GLENBROOK ROAD","201413697","14/06/2014","Sat","0011","DA","CN1","104A 111A 131A 410A ","F","M","D","DN","F "," "," ","C","100","0","0","1","","","1765111","5886536",
"Auckland","OSTRICH ROAD","600","N"," ","OSTRICH FARM ROAD","201430188","20/01/2014","Mon","2246","DA","CS1","129A 131A 363A ","F","M","W","DN","F "," ","N","C","100","0","0","0","","","1765002","5885866",
"Auckland","OTARA ROAD","100","S"," ","FRANICH ST","201411502","09/02/2014","Sun","1525","JA","MN14","204A 308B 375B 930 ","","R","D","BF","F ","D","N","C","050","0","0","1","","","1766659","5908551",
"Auckland","OTEHA VALLEY ON NBD","100","S"," ","OTEHA VALLEY ROAD","201431753","14/02/2014","Fri","1720","FD","CS1C","181A 331A 350A ","","R","D","BF","F "," "," ","N","050","0","0","0","","","1752875","5935062",
"Auckland","OTEHA VALLEY ROAD","20","W"," ","EAST COAST ROAD","201411049","19/01/2014","Sun","1325","AA","CE1C","372A 402A 671A ","","R","D","B ","F "," "," ","C","060","0","0","1","","","1754305","5935984",
"Auckland","OTEHA VALLEY ROAD",""," ","I","EAST COAST ROAD","201412189","05/05/2014","Mon","1755","LB","CW2C","112A 322A ","","R","D","TO","F ","X","T","R","050","0","0","1","","","1754323","5935992",
"Auckland","OTEHA VALLEY ROAD",""," ","I","OTEHA VALLEY OFF NBD","201411108","10/03/2014","Mon","1605","JA","VS1C","322A 350A 322B 350B ","","R","D","B ","F ","X","T","C","060","0","0","1","","","1752914","5934957",
"Auckland","OTEHA VALLEY ROAD",""," ","I","OTEHA VALLEY OFF NBD","201431855","10/03/2014","Mon","2035","JA","CW14","322A 351A ","","R","D","DO","F ","M","T","R","060","0","0","0","","","1752914","5934957",
"Auckland","OTEHA VALLEY ROAD",""," ","I","OTEHA VALLEY OFF SBD","201432395","04/02/2014","Tue","1832","BF","CE2C","103A 113A 514A ","I","E","D","B ","F ","T","G","R","100","0","0","0","","","1753012","5935041",
"Auckland","OTEHA VALLEY ROAD","200","S"," ","OTEHA VALLEY ON SBD","201437199","29/05/2014","Thu","1515","AO","VS14","372A ","","R","D","OF","F "," ","N","R","100","0","0","0","","","1752855","5934914",
"Auckland","OTHELLO DRIVE",""," ","I","DAWSON ROAD","201412102","27/04/2014","Sun","1759","DA","CS2T","131A 514A ","M","R","D","B ","F ","T","S","C","050","0","0","1","","","1768633","5906082",
"Auckland","PAGET ST","20","N"," ","PICTON ST","201430867","08/02/2014","Sat","2300","EA","VS1C","129A ","M","R","D","DN","F ","T","N","N","050","0","0","0","","","1755794","5919688",
"Auckland","PAH ROAD",""," ","I","ACORN ST","201431879","19/02/2014","Wed","1530","JA","4S1VCX","301B 314B 377B ","","R","D","OF","F ","T","S","C","050","0","0","0","","","1757667","5913675",
"Auckland","PAH ROAD",""," ","I","MANUKAU ROAD","201436633","08/05/2014","Thu","1130","AO","TN1C","150A 381A ","","R","D","B ","F ","T","T","C","050","0","0","0","","","1757971","5914786",
"Auckland","PAH ROAD","15","N"," ","MOUNT ALBERT ROAD","201434000","12/04/2014","Sat","0520","FD","CS1C","181A ","","R","D","TO","F ","X","T","L","050","0","0","0","","","1757644","5913592",
"Auckland","PAH ROAD","100","S"," ","MOUNT ALBERT ROAD","201437109","30/04/2014","Wed","2140","AC","CS1C","372A ","","R","D","DO","F "," ","N","C","050","0","0","0","","","1757622","5913479",
"Auckland","PAH ROAD",""," ","I","SELWYN ROAD","201412963","12/05/2014","Mon","1449","JA","CS1C","301B 377B ","","R","D","O ","F ","T","S","C","050","0","0","1","","","1757878","5914453",
"Auckland","PAH ROAD","20","N"," ","TRAFALGAR ST","201433995","14/04/2014","Mon","1400","FD","CS1C","181A 330A ","","E","D","B ","F ","T","T","C","050","0","0","0","","","1757549","5913067",
"Auckland","PAKIRI ROAD","460","E"," ","RAHUIKIRI ROAD","201411526","08/03/2014","Sat","1324","BB","CS1C","129A 404A ","","M","D","BN","F "," ","N","C","100","0","0","1","","","1753523","5985476",
"Auckland","PAKURANGA HIGHWAY","10","W"," ","TI RAKAU DRIVE","201435196","04/04/2014","Fri","1315","FD","CE1V","181A ","","R","D","B ","F ","X","G","C","050","0","0","0","","","1766642","5912919",
"Auckland","PAKURANGA HIGHWAY","110","W"," ","TI RAKAU DRIVE","201436754","25/05/2014","Sun","2352","DB","CW1","111A 131A ","P","E","W","DO","F "," ","N","C","060","0","0","0","","","1766572","5912848",
"Auckland","PAKURANGA HIGHWAY","200","E"," ","WAIPUNA ROAD","201432813","06/03/2014","Thu","0745","AO","CW1CC","331A ","","E","D","B ","F "," "," ","C","080","0","0","0","","","1765355","5913339",
"Auckland","PAKURANGA ROAD","100","W"," ","BUCKLANDS BEACH ROAD","201431224","20/02/2014","Thu","1800","LB","CW1C","303B 375B 925 ","","R","D","BF","F ","D","N","C","060","0","0","0","","","1769763","5914777",
"Auckland","PAKURANGA ROAD",""," ","I","CASCADES ROAD","201437255","05/06/2014","Thu","2008","JC","CW1C","102A 302A 352A ","","R","D","DO","F ","T","G","R","060","0","0","0","","","1768783","5914121",
"Auckland","PAKURANGA ROAD","50","E"," ","CROMDALE AVENUE","201436775","26/05/2014","Mon","1750","EA","VW1CC","330A 386A ","M","R","D","DO","F "," ","N","C","060","0","0","0","","","1770451","5914641",
"Auckland","PAKURANGA ROAD",""," ","I","DUNROBIN PLACE","201435461","24/03/2014","Mon","1420","BC","CW1C","111A 122A 403A ","","E","D","BF","F ","T","T","P","060","0","0","0","","","1769671","5914742",
"Auckland","PAKURANGA ROAD","80","E"," ","FORTUNES ROAD","201437996","22/05/2014","Thu","1806","LB","CW1C","303B 375B 924 ","","R","D","DO","F ","D","N","C","060","0","0","0","","","1769292","5914507",
"Auckland","PAKURANGA ROAD","200","W"," ","FORTUNES ROAD","201433350","09/01/2014","Thu","0920","AC","CE1T","372A ","","R","D","BF","F "," ","N","P","060","0","0","0","","","1769063","5914346",
"Auckland","PAKURANGA ROAD",""," ","I","FORTUNES ROAD","201435314","22/04/2014","Tue","1645","FE","CE1C","331A ","","R","D","B ","F ","T","T","C","050","0","0","0","","","1769225","5914464",
"Auckland","PAKURANGA ROAD","20","S"," ","GOSSAMER DRIVE","201430231","05/01/2014","Sun","1645","FD","4N1C","181A ","","R","W","O ","L "," "," ","N","050","0","0","0","","","1768288","5913869",
"Auckland","PAKURANGA ROAD",""," ","I","GOSSAMER DRIVE","201433768","23/02/2014","Sun","1115","FE","4N2C","181A ","","R","D","B ","F ","T","T","C","050","0","0","0","","","1768311","5913868",
"Auckland","PAKURANGA ROAD","25","E"," ","JOHNS LANE","201430045","07/01/2014","Tue","0700","AA","CW1T","381A ","","R","D","BF","F "," ","N","C","060","0","0","0","","","1767790","5913600",
"Auckland","PAKURANGA ROAD",""," ","I","LEWIS ROAD","201432816","07/03/2014","Fri","2130","GA","CW1C","103A 181A 331A ","","R","D","DO","F ","T","G","R","060","0","0","0","","","1767298","5913426",
"Auckland","PAKURANGA ROAD","100","E"," ","MILLEN AVENUE","201435487","03/05/2014","Sat","1736","FD","VW1CC","181A 330A ","","R","D","TO","F "," ","N","R","060","0","0","0","","","1765964","5913330",
"Auckland","PAKURANGA ROAD",""," ","I","MILLEN AVENUE","201411838","19/03/2014","Wed","0205","EC","CW1","103A 129A ","GP","E","D","DO","F ","T","T","C","050","0","1","0","","","1765877","5913375",
"Auckland","PAKURANGA ROAD",""," ","I","MILLEN AVENUE","201436066","30/04/2014","Wed","1730","AA","VW1C","372A ","","R","D","BF","F ","T","T","C","050","0","0","0","","","","",
"Auckland","PAKURANGA ROAD",""," ","I","PIGEON MOUNTAIN ROAD","201430024","06/01/2014","Mon","1352","JA","CE1C","322A ","","R","D","BF","F ","T","T","C","060","0","0","0","","","1769496","5914637",
"Auckland","PAKURANGA ROAD","10","E"," ","STANNILAND ST","201430610","31/01/2014","Fri","0820","FD","VW1CC","181A 330A ","","R","D","B ","F ","T","N","C","060","0","0","0","","","1768628","5914044",
"Auckland","PAKURANGA ROAD","50","E"," ","STANNILAND ST","201433221","24/03/2014","Mon","0820","FD","CE1CCC","331A 410A ","","E","D","BF","F "," ","N","P","060","0","0","0","","","1768663","5914063",
"Auckland","PAKURANGA ROAD","130","W"," ","TI RAKAU DRIVE","201433360","22/02/2014","Sat","0009","DB","CE1","103A 131A ","G","M","D","DO","F "," ","N","C","080","0","0","0","","","1766656","5913310",
"Auckland","PALOMA COURT","70","W"," ","ALICANTE AVENUE","201436825","15/04/2014","Tue","0730","MO","CW1C","330A 371A ","","E","D","O ","F "," "," ","N","050","0","0","0","","","1768431","5902632",
"Auckland","PALOMINO DRIVE","250","S"," ","SAN BERNADINO DRIVE","201432927","25/02/2014","Tue","1025","EA","CS1V","129A ","M","R","D","O ","F "," "," ","C","050","0","0","0","","","1743933","5916207",
"Auckland","PALOMINO DRIVE",""," ","I","SAN BERNADINO DRIVE","201411021","23/02/2014","Sun","1031","JA","CN1M","302B 353B ","","M","D","B ","F ","T","G","R","050","0","1","2","","","1743778","5916399",
"Auckland","PANAMA ROAD","120","W"," ","CARBINE ROAD","201411167","22/03/2014","Sat","0005","BE","CE1V","101A 112A 130A ","","R","D","DO","F "," "," ","C","050","0","2","1","","","1764878","5911718",
"Auckland","PANAMA ROAD",""," ","I","HILLSIDE ROAD","201410093","18/02/2014","Tue","1950","JA","CW1C","103B 111B 124B 202B ","","R","D","O ","F ","T","G","C","050","0","0","1","","","1764617","5911665",
"Auckland","PANAMA ROAD","20","W"," ","RYBURN ROAD","201410236","21/01/2014","Tue","1648","MC","CW1C","372B ","","R","D","O ","LS"," ","N","C","050","0","0","1","","","1764305","5911604",
"Auckland","PANAMA ROAD","60","W"," ","RYBURN ROAD","201433339","20/03/2014","Thu","1800","MD","CW1C","371B 929 ","","R","D","BF","F ","D","N","C","050","0","0","0","","","1764266","5911596",
"Auckland","PANDORA PLACE","100","N"," ","TIRAUMEA DRIVE","201432091","26/01/2014","Sun","1115","EA","CS1C","129A 130A 350A ","M","R","D","OF","F "," ","N","N","050","0","0","0","","","1766212","5912665",
"Auckland","PANNILL PLACE","100","W"," ","FERNHILL WAY","201432021","22/02/2014","Sat","0730","MA","CW1T","373B 904 ","","R","W","O ","M "," "," ","N","050","0","0","0","","","1753679","5934444",
"Auckland","PAPAKURA-CLEVEDON ROAD","100","W"," ","ARDMORE QUARRY ROAD","201438339","11/06/2014","Wed","1627","DB","CE1","111A 131A ","T","M","D","B ","F "," "," ","N","100","0","0","0","","","1777123","5898923",
"Auckland","PAPAKURA-CLEVEDON ROAD","300","E"," ","PARISH LINE ROAD","201434739","11/04/2014","Fri","1930","MC","CW1C","112B 512B 514B ","","R","D","DN","F "," ","N","C","100","0","0","0","","","1779098","5900126",
"Auckland","PAPAKURA-CLEVEDON ROAD","160","E"," ","PETERSONS ROAD","201433372","23/03/2014","Sun","0130","DA","CW1","103A 111A ","","E","D","DO","F "," ","N","C","100","0","0","0","","","1777080","5898902",
"Auckland","PAPARATA ROAD","400","E"," ","TOTARA ROAD","201436385","06/05/2014","Tue","0615","DB","VW1","111A 131A ","FT","E","W","DN","M "," ","N","C","100","0","0","0","","","1781112","5884340",
"Auckland","PAPARIMU ROAD","1280","E"," ","PAPARATA ROAD","201411168","07/02/2014","Fri","1930","DA","4S1","102A 131A 801 ","V","M","W","TN","L "," "," ","C","100","0","1","0","","","1788407","5883133",
"Auckland","PAPKURA-CLEVEDON ROAD",""," ","A","ARDMORE SCHOOL","201438318","04/06/2014","Wed","0820","JA","CN1C","308A 370A 930 ","","R","D","B ","F ","D"," ","C","080","0","0","0","","","","",
"Auckland","PARAMOUNT DRIVE","90","E"," ","LINCOLN ROAD","201433991","14/04/2014","Mon","1600","EA","CE1C","386A ","M","R","D","O ","F "," ","N","C","050","0","0","0","","","1745404","5919982",
"Auckland","PARAMOUNT DRIVE","20","W"," ","SOLJAN DRIVE","201412754","09/05/2014","Fri","1640","NA","CE1E","713B ","","R","D","BF","F "," ","N","C","050","0","0","1","26","","1745541","5919971",
"Auckland","PARAU ST","150","N"," ","MOUNT ALBERT ROAD","201412686","13/04/2014","Sun","2055","CC","CN14C","103A 129A ","MM","R","D","DO","F "," ","N","C","050","0","0","1","","","1755748","5914228",
"Auckland","PAREMOREMO ROAD","50","N"," ","HARDENS LANE","201410223","20/01/2014","Mon","2136","CB","CN1","110A 125A 801 ","T","R","W","DN","L "," ","N","P","080","0","0","1","","","1748357","5930896",
"Auckland","PARIS PLACE","80","N"," ","CATRINA AVENUE","201433148","15/03/2014","Sat","","EA","CN1C","129A ","M","R","W","DO","H "," "," ","N","050","0","0","0","","","1752932","5925197",
"Auckland","PARITAI DRIVE","80","N"," ","REWITI ST","201413259","04/05/2014","Sun","0155","DB","MN14","104A 111A ","M","E","W","DO","L "," ","N","C","050","0","1","0","","","1761489","5919659",
"Auckland","PARK AVENUE",""," ","I","CLAUDE AVENUE","201410959","07/01/2014","Tue","1730","DA","CS2C","111A 131A ","FHM","M","D","BF","F ","T","S","C","050","0","0","1","","","1763353","5905724",
"Auckland","PARK AVENUE","10","N"," ","QUEEN ST","201435687","07/05/2014","Wed","1123","MO","CN1C","386A 402A ","M","R","D","B ","F ","X","S","N","050","0","0","0","","","1764216","5909555",
"Auckland","PARK ROAD","10","S"," ","CARLTON GORE ROAD","201435057","04/04/2014","Fri","1750","FA","CS1C","181A ","","R","D","B ","F ","X","G","C","050","0","0","0","","","1757870","5918731",
"Auckland","PARK ROAD","30","S"," ","CARLTON GORE ROAD","201435242","28/03/2014","Fri","1620","FD","TW1C","181A ","","R","D","B ","F "," "," ","C","050","0","0","0","","","1757865","5918711",
"Auckland","PARK ROAD",""," ","I","CARLTON GORE ROAD","201412697","15/03/2014","Sat","1432","LB","VS14","303B ","","E","D","OF","F ","X","T","C","050","0","0","1","","","1757873","5918740",
"Auckland","PARK ROAD","40","E"," ","GRAFTON ROAD","201435797","20/04/2014","Sun","1139","FD","CE1X","181A 901 ","","R","W","O ","H "," "," ","C","050","0","0","0","","","1757539","5919137",
"Auckland","PARKHURST ROAD","500","S"," ","FORDYCE ROAD","201430969","09/01/2014","Thu","0815","GE","4N1O","160A 333A 929 ","","R","W","ON","L ","D","N","C","080","0","0","0","","","1728466","5941031",
"Auckland","PARKWAY DRIVE","100","W"," ","CONSTELLATION DRIVE","201410717","13/03/2014","Thu","1545","NB","CE1E","306A 376A ","","E","D","B ","F "," ","N","X","020","0","0","1","","","1754408","5931399",
"Auckland","PARKWAY DRIVE W",""," ","I","CONSTELLATION DRIVE","201433342","27/03/2014","Thu","1130","MG","CN1C","371B ","","R","D","BF","F ","X","T","C","050","0","0","0","","","1754343","5931475",
"Auckland","PARNELL RISE","10","S"," ","CHURCHILL ST","201438340","06/06/2014","Fri","0120","DA","CN1CCC","103A 131A 801 ","FX","M","W","DO","L ","Y"," ","P","050","0","0","0","","","1758205","5920236",
"Auckland","PARNELL RISE","15","S"," ","CHURCHILL ST","201438337","14/04/2014","Mon","1528","AO","TS1C","671A ","","M","D","B ","F "," "," ","R","050","0","0","0","","","1758209","5920232",
"Auckland","PARNELL RISE","15","S"," ","CHURCHILL ST","201434548","22/04/2014","Tue","1725","AO","CS1C","381A ","","M","D","OF","F "," ","N","C","050","0","0","0","","","1758209","5920232",
"Auckland","PARNELL RISE","30","W"," ","SH 16","201431817","31/01/2014","Fri","1315","AC","TE1C","197A ","","E","D","BF","F ","X","T","R","050","0","0","0","","","1758237","5920218",
"Auckland","PARNELL RISE","70","W"," ","SH 16","201438141","28/05/2014","Wed","0915","AO","BE1C","372A ","","M","D","BF","F "," ","N","R","050","0","0","0","","","1758203","5920238",
"Auckland","PARNELL ROAD","160","S"," ","DENBY ST","201437019","23/05/2014","Fri","1430","EA","CS1C","129A ","M","R","D","O ","F "," "," ","C","050","0","0","0","","","1758771","5919589",
"Auckland","PARNELL ROAD","20","N"," ","WINDSOR ST","201411837","08/02/2014","Sat","0615","FA","CS1S","101A 181A ","","R","W","TN","L "," ","N","C","050","0","0","1","","61","1758612","5919922",
"Auckland","PARRS CROSS ROAD","15","S"," ","SEYMOUR ROAD","201432924","28/02/2014","Fri","0950","FD","CN1C","331A ","","R","D","O ","F "," "," ","C","050","0","0","0","","","1744921","5914371",
"Auckland","PARRS CROSS ROAD","10","N"," ","WEST COAST ROAD","201430313","14/01/2014","Tue","1730","AC","CN1C","372A ","","R","D","B ","F ","R","G","C","050","0","0","0","","","1745036","5914108",
"Auckland","PARRS CROSS ROAD","70","W"," ","WEST COAST ROAD","201434098","26/04/2014","Sat","1050","AC","CW1C","150A 381A ","","R","D","B ","F "," ","N","C","050","0","0","0","","","1745011","5914163",
"Auckland","PATON ROAD","70","E"," ","VIDA PLACE","201437103","04/03/2014","Tue","0630","EA","CW1C","129A ","M","R","D","DO","  "," ","N","N","050","0","0","0","","","1770983","5915171",