"TLA NAME","CRASH ROAD","CRASH DIST","CRASH DIRN","INTSN","SIDE ROAD","CRASH ID","CRASH DATE","CRASH DOW","CRASH TIME","MVMT","VEHICLES","CAUSES","OBJECTS STRUCK","ROAD CURVE","ROAD WET","LIGHT","WTHRa","JUNC TYPE","TRAF CTRL","ROAD MARK","SPD LIM","CRASH FATAL CNT","CRASH SEV CNT","CRASH MIN CNT","PERS AGE1","PERS AGE2","EASTING","NORTHING"
"Auckland","PATTESON AVENUE",""," ","I","GODDEN CRESCENT","201435967","09/05/2014","Fri","0738","HA","CS14","301B 375B ","","R","W","OF","F ","X","S","C","050","0","0","0","","","1763113","5919207",
"Auckland","PATTESON AVENUE","10","S"," ","TAMAKI DRIVE","201432643","21/03/2014","Fri","1600","MO","CW1C","386A ","M","R","D","B ","F ","T","N","C","050","0","0","0","","","1763317","5920380",
"Auckland","PATUMAHOE ROAD","25","S"," ","HUNTER ROAD","201411510","11/03/2014","Tue","2040","QC","CN1O","326A ","FN","R","D","DN","F "," ","T","C","070","0","0","2","","","1763109","5882327",
"Auckland","PATUMAHOE ROAD",""," ","I","WAIUKU ROAD","201432371","02/03/2014","Sun","1830","HA","CS1V","321A ","","R","D","B ","F ","X","S","C","050","0","0","0","","","1765886","5878541",
"Auckland","PAUL MATTHEWS ROAD","30","E"," ","OMEGA ST","201436900","21/05/2014","Wed","0835","FD","CW1CC","181A 181B ","","R","D","B ","F "," "," ","C","050","0","0","0","","","1752648","5931400",
"Auckland","PAVILION DRIVE","60","S"," ","MONTGOMERIE ROAD","201437104","27/05/2014","Tue","1140","EA","CS1C","129A ","M","R","D","BF","F "," ","N","N","050","0","0","0","","","1758098","5905868",
"Auckland","PAYNES LANE","10","E"," ","ONEHUNGA MALL","201430475","12/01/2014","Sun","1700","EA","CE1C","386A ","M","R","D","B ","F ","T","N","C","050","0","0","0","","","1759021","5912313",
"Auckland","PEACH PARADE","100","S"," ","GREEN LANE EAST","201437034","20/04/2014","Sun","1300","EA","CN1C","111A 131A ","M","E","W","O ","L "," "," ","C","050","0","0","0","","","1760735","5916240",
"Auckland","PEACH ROAD","90","W"," ","POWRIE ST E","201412130","04/05/2014","Sun","1030","GC","CW1C","150A 330A 387A 386B 929 ","","R","D","B ","F ","D","N","L","050","0","0","1","","","1753382","5927794",
"Auckland","PEAK ROAD","1880","N"," ","OLD NORTH ROAD","201411100","21/02/2014","Fri","1655","DB","CS1","103A 111A 131A 402A ","T","M","D","B ","F "," "," ","C","080","0","1","0","","","1734472","5936041",
"Auckland","PEAK ROAD","2400","N"," ","OLD NORTH ROAD","201435221","23/03/2014","Sun","0105","CB","CN1","101A 410A ","P","R","D","DN","F "," "," ","C","100","0","0","0","","","1734574","5936537",
"Auckland","PENNELL PLACE","20","E"," ","AYLESBURY ST","201431000","08/02/2014","Sat","1430","MO","4E1C","386A ","M","R","D","B ","F "," ","N","C","050","0","0","0","","","1766824","5913187",
"Auckland","PENROSE INT",""," ","I","MAIN LINK","201433661","03/02/2014","Mon","","FB","CS1C","331A 353A ","","E","D","DO","F ","R","G","C","050","0","0","0","","","1761461","5914299",
"Auckland","PENROSE INT",""," ","I","PENROSE OFF NBD","201430751","11/02/2014","Tue","0900","GF","CN2V","381A ","","R","D","BF","F ","R","S","R","050","0","0","0","","","1761382","5914217",
"Auckland","PENROSE INT",""," ","I","PENROSE ON NBD","201431896","18/02/2014","Tue","0015","CA","CE1","350A 817 ","C","R","D","DO","F ","R","G","R","050","0","0","0","","","1761367","5914267",
"Auckland","PENROSE ROAD","150","E"," ","LEONARD ROAD","201431597","09/01/2014","Thu","0858","GD","CW1C","181A 333A 927 ","","R","D","O ","F ","D"," ","C","050","0","0","0","","","1762556","5913817",
"Auckland","PENROSE ROAD","20","W"," ","MOUNT WELLINGTON HIGHWAY","201437900","05/05/2014","Mon","1935","KA","CN1C","308B 375B ","","E","W","DO","F ","T","G","C","050","0","0","0","","","1763795","5913707",
"Auckland","PENROSE ROAD","20","W"," ","MOUNT WELLINGTON HIGHWAY","201437406","30/04/2014","Wed","1605","KA","CE1C","308B 927 ","","E","D","O ","F ","D","N","C","050","0","0","0","","","1763795","5913707",
"Auckland","PENROSE ROAD","50","W"," ","MOUNT WELLINGTON HIGHWAY","201436913","10/05/2014","Sat","1200","LB","CE1C","303B 925 ","","R","D","B ","F ","D","N","C","050","0","0","0","","","1763768","5913721",
"Auckland","PENROSE ROAD",""," ","I","PORTMAN ROAD","201433772","30/01/2014","Thu","1643","KA","CW1C","301B ","","R","D","B ","F ","T","S","C","070","0","0","0","","","1762264","5913751",
"Auckland","PERCY ST","50","S"," ","BAXTER ST","201432075","30/01/2014","Thu","1312","MO","CS1C","371A ","","R","D","BF","F "," ","N","C","050","0","0","0","","","1749452","5970560",
"Auckland","PERIDOT PLACE","50","S"," ","WALTER STREVENS DRIVE","201435031","27/04/2014","Sun","","EA","CS1C","386A ","M","E","D","B ","F "," ","N","N","050","0","0","0","","","1769720","5898001",
"Auckland","PERSHORE PLACE","70","N"," ","MASSEY ROAD","201412871","20/04/2014","Sun","1330","DA","MN1","131A 901 930 ","","E","W","O ","H ","D"," ","N","050","0","0","1","","","1760404","5906254",
"Auckland","PETER TERRACE","100","W"," ","BEACH ROAD","201430388","17/01/2014","Fri","1950","DB","CE1C","103A 334A 433A ","M","E","D","B ","F "," ","N","N","050","0","0","0","","","1757423","5930767",
"Auckland","PETERSONS ROAD","820","S"," ","PAPAKURA-CLEVEDON ROAD","201433425","30/03/2014","Sun","0100","DA","CN1","131A ","C","E","D","DN","F "," ","N","N","100","0","0","0","","","1777170","5898081",
"Auckland","PICTON ST","20","S"," ","MELLONS BAY ROAD","201437102","29/05/2014","Thu","0830","EA","CN1C","129A ","M","R","D","OF","F "," ","N","L","050","0","0","0","","","1771863","5915376",
"Auckland","PIGEON MOUNTAIN ROAD",""," ","I","CASURINA ROAD","201438156","22/05/2014","Thu","0845","LB","CW2C","303B ","","R","D","BF","F ","X","T","C","050","0","0","0","","","","",
"Auckland","PIGEON MOUNTAIN ROAD","15","S"," ","HIMALAYA DRIVE","201411798","28/03/2014","Fri","2005","CA","MN1","101A 112A 132A ","","R","D","TO","F ","R","G","R","050","0","1","0","","","1769322","5915852",
"Auckland","PIGEON MOUNTAIN ROAD","10","N"," ","PENRUDDOCKE ROAD","201413090","09/06/2014","Mon","1600","MC","4N1C","372B ","","R","W","OF","L ","T","G","C","050","0","0","2","","","1769405","5914781",
"Auckland","PIGGOT WAY","5","N"," ","DON MCKINNON DRIVE","201432025","14/02/2014","Fri","1411","FB","4S1C","331A 358A ","","R","D","B ","F ","R","G","C","050","0","0","0","","","1752571","5933625",
"Auckland","PIHA ROAD","1500","E"," ","ANAWHATA ROAD","201437080","03/06/2014","Tue","2300","DA","CE1","111A 131A 800 ","CV","E","W","DN","F "," "," ","C","100","0","0","0","","","1737366","5910158",
"Auckland","PIHA ROAD","850","W"," ","ANAWHATA ROAD","201430925","07/02/2014","Fri","1755","DA","CW1","110A 135A 801 ","T","M","W","OF","M "," ","N","C","100","0","0","0","","","1735390","5909615",
"Auckland","PIHA ROAD","1000","W"," ","ANAWHATA ROAD","201412209","21/04/2014","Mon","1914","DB","CW1","101A 111A 431A ","C","M","W","DN","F "," ","N","C","100","0","0","1","","","1735271","5909533",
"Auckland","PIHA ROAD","1850","W"," ","ANAWHATA ROAD","201411506","15/03/2014","Sat","1414","DA","CS1","111A 131A ","CT","M","W","ON","L "," ","N","C","100","0","0","1","","","1735334","5908880",
"Auckland","PIHA ROAD","2000","W"," ","ANAWHATA ROAD","201435882","15/04/2014","Tue","1630","DA","CS1","135A 806 ","","M","W","ON","L "," ","N","C","100","0","0","0","","","1735230","5908785",
"Auckland","PIHA ROAD","800","E"," ","LONE KAURI ROAD","201430926","08/02/2014","Sat","1720","DA","CS1","135A 801 ","","M","W","OF","M "," ","N","C","100","0","0","0","","","1734957","5907826",
"Auckland","PIHA ROAD","400","W"," ","LONE KAURI ROAD","201435881","15/04/2014","Tue","1929","DA","CW1","131A 632A ","CT","M","W","DN","M "," ","N","C","100","0","0","0","","","1734083","5907514",
"Auckland","PIHA ROAD","1000","W"," ","LONE KAURI ROAD","201433256","15/03/2014","Sat","2000","BF","CW1V","135A ","","S","W","TN","HS"," ","N","C","100","0","0","0","","","1733573","5907653",
"Auckland","PIHA ROAD",""," ","I","SCENIC DRIVE","201431892","21/02/2014","Fri","0942","FB","CN1C","181A ","","R","D","BF","F ","T","S","C","070","0","0","0","","","1740133","5911374",
"Auckland","PILKINGTON ROAD","10","S"," ","GREEN ROAD","201434863","03/04/2014","Thu","1705","EA","CN1C","129A 505A ","M","R","D","OF","L ","T","S","C","050","0","0","0","","","1765271","5915009",
"Auckland","PILKINGTON ROAD","60","S"," ","JELLICOE ROAD","201437043","27/05/2014","Tue","1235","EA","CN1C","129A ","M","R","D","B ","F "," "," ","C","050","0","0","0","","","1765368","5915389",
"Auckland","PILKINGTON ROAD",""," ","I","QUEENS ROAD","201431949","10/03/2014","Mon","1255","JA","VE2C","322A 351A ","","E","D","BF","F ","T","T","C","050","0","0","0","","","1765180","5914661",
"Auckland","PINE ST",""," ","I","BALMORAL ROAD","201432414","28/01/2014","Tue","1139","HA","CE2C","301B 375B ","","R","D","B ","F ","X","S","C","050","0","0","0","","","1755368","5916333",
"Auckland","PINE ST",""," ","I","GREAT NORTH ROAD","201411813","26/03/2014","Wed","1730","NC","CE2E","711B ","I","S","D","BF","F ","T","S","R","050","0","0","1","66","","1749304","5913915",
"Auckland","PINE VALLEY ROAD","30","W"," ","KAHIKATEA FLAT ROAD","201431642","09/01/2014","Thu","0715","DA","CE1","131A 800 902 ","F","E","W","B ","F "," "," ","C","080","0","0","0","","","1744441","5944611",
"Auckland","PINE VALLEY ROAD",""," ","I","KAHIKATEA FLAT ROAD","201430237","13/01/2014","Mon","1600","BF","VS2C","122A 131A ","","R","D","O ","F ","T","N","C","080","0","0","0","","","1744413","5944601",
"Auckland","PINE VALLEY ROAD",""," ","I","KAHIKATEA FLAT ROAD","201433364","15/03/2014","Sat","1440","DB","CS1","111A 135A 801 ","","R","W","OF","LS","T","S","C","080","0","0","0","","","1744413","5944601",
"Auckland","PINE VALLEY ROAD",""," ","I","KAHIKATEA FLAT ROAD","201430956","21/01/2014","Tue","0940","DB","CS2","135A 801 815 ","E","R","W","OF","L ","T","S","C","080","0","0","0","","","1744413","5944601",
"Auckland","PINOT LANE","25","N"," ","CABERNET CRESCENT","201431153","09/02/2014","Sun","0945","JA","CN1C","308B 375B 926 ","","R","D","B ","F ","D","N","C","050","0","0","0","","","1743510","5923640",
"Auckland","PITT ST","15","W"," ","HOBSON ST","201432363","18/02/2014","Tue","1705","AA","VW1C","184A ","","R","D","B ","F "," "," ","C","080","0","0","0","","","1756768","5919862",
"Auckland","PITT ST",""," ","I","KARANGAHAPE ROAD","201432976","16/02/2014","Sun","1140","FE","CS1C","331A 350A ","","R","D","BF","F ","X","T","C","050","0","0","0","","","1756812","5919468",
"Auckland","PIWAKAWAKA ST","15","S"," ","NEWTON ROAD","201432455","14/01/2014","Tue","0900","FA","CN1C","196A ","","E","D","B ","F "," "," ","C","050","0","0","0","","","1756526","5918890",
"Auckland","PIXIE PLACE","80","W"," ","MARVON DOWNS AVENUE","201435893","03/05/2014","Sat","1130","MO","XE1C","371A ","M","R","D","OF","F "," ","N","N","050","0","0","0","","","1768725","5913279",
"Auckland","PLANE ST",""," ","I","VICTOR ST","201431211","22/02/2014","Sat","1250","HA","CS1S","204B 300B ","","R","D","OF","F ","T","G","N","050","0","0","0","","","1751121","5915887",
"Auckland","PLEASANT ROAD",""," ","I","ATKINSON ROAD","201434293","09/03/2014","Sun","0431","DB","CW1","111A 129A 131A ","F","M","D","DO","F ","R","G","R","050","0","0","0","","","1747924","5912529",
"Auckland","PLEASANT ROAD",""," ","I","ATKINSON ROAD","201437342","21/05/2014","Wed","0840","AO","4S1C","372A ","","E","D","BF","  ","R","G","C","050","0","0","0","","","","",
"Auckland","PLEASANT ROAD","150","S"," ","WEST COAST ROAD","201433215","11/03/2014","Tue","1455","FF","CS14","191B 357B ","","R","D","BF","F "," ","N","C","050","0","0","0","","","1747707","5913334",
"Auckland","POINT CHEVALIER ROAD",""," ","I","GREAT NORTH ROAD","201432263","23/01/2014","Thu","1830","MO","CS1C","350A 371A ","","R","D","B ","F ","X","T","C","050","0","0","0","","","1752400","5918091",
"Auckland","POINT CHEVALIER ROAD","15","S"," ","MONTROSE ST","201436219","06/05/2014","Tue","0640","AO","CN1C","129A ","","R","W","B ","L "," "," ","C","050","0","0","0","","","1752372","5918253",
"Auckland","POINT CHEVALIER ROAD","70","N"," ","OLIVER ST","201412678","12/04/2014","Sat","1730","MC","SN1C","372B ","","R","D","BF","F "," ","N","C","050","0","0","1","","17","1751862","5919702",
"Auckland","POINT ENGLAND","20","W"," ","TAURIMA ROAD","201436054","12/05/2014","Mon","1300","MA","CW1C","373B ","","R","D","BF","F "," ","N","C","050","0","0","0","","","","",
"Auckland","POINT ENGLAND ROAD",""," ","I","ELSTREE AVENUE","201411912","22/03/2014","Sat","1005","HA","CW1S","302A 375A ","","E","D","BN","F ","R","G","R","050","0","1","0","","57","1766211","5916510",
"Auckland","POINT ENGLAND ROAD",""," ","I","PILKINGTON ROAD","201413116","16/05/2014","Fri","0825","HA","CW1C","321B 358B 402B ","","R","D","B ","F ","T","S","C","050","0","0","1","","","1765680","5916633",
"Auckland","POINT VIEW DRIVE","300","W"," ","CALDWELLS ROAD","201412160","15/05/2014","Thu","0916","DA","VW1","111A 129A 131A ","FS","E","W","O ","L "," "," ","L","050","0","0","1","","","1771155","5909215",
"Auckland","POINT VIEW DRIVE","300","W"," ","CALDWELLS ROAD","201431895","22/02/2014","Sat","1015","DA","CW1","131A 632A ","V","S","W","OF","L "," ","N","C","050","0","0","0","","","1771155","5909215",
"Auckland","POINT VIEW DRIVE","570","S"," ","WHITFORD ROAD","201434635","07/02/2014","Fri","2025","DA","VN1","103A 131A ","CF","M","W","DN","L "," ","N","C","050","0","0","0","","","1771934","5911563",
"Auckland","POINT VIEW DRIVE","1500","S"," ","WHITFORD ROAD","201410448","04/01/2014","Sat","2158","DA","CN1","111A 131A 402A ","C","M","D","DO","F "," "," ","C","050","0","0","2","","","1771769","5910672",
"Auckland","POMPALLIER TERRACE",""," ","I","CLARENCE ST","201437376","21/04/2014","Mon","1408","CA","CE1C","109A 410A ","IM","R","D","OF","F ","X","G","R","050","0","0","0","","","1755104","5920486",
"Auckland","POMPALLIER TERRACE",""," ","I","JOHN ST","201430028","08/01/2014","Wed","0710","HA","CE14","302B 375B ","","R","D","BF","F ","X","G","C","050","0","0","0","","","1754961","5920496",
"Auckland","PONGA ROAD","460","W"," ","JACK PATERSON ROAD","201430369","17/01/2014","Fri","1520","FD","CE14","181A 330A ","","R","D","B ","F "," ","N","C","100","0","0","0","","","1775112","5893597",
"Auckland","PONSONBY ROAD","20","S"," ","ANGLESEA ST","201437018","11/05/2014","Sun","0355","MB","CS1C","303B ","","R","D","DO","F "," "," ","P","050","0","0","0","","","1755671","5919773",
"Auckland","PONSONBY ROAD","100","N"," ","BROWN ST","201430868","23/02/2014","Sun","0250","MB","CS1C","303B ","","R","D","DO","F "," ","N","P","050","0","0","0","","","1755666","5919790",
"Auckland","PONSONBY ROAD","15","S"," ","BROWN ST","201411721","03/03/2014","Mon","0820","AC","CN1P","159A ","","R","D","B ","F "," "," ","C","040","0","0","1","","","1755703","5919681",
"Auckland","PONSONBY ROAD","15","S"," ","DOUGLAS ST","201434203","15/02/2014","Sat","2220","EE","CN1X","525B ","Q","R","D","DO","F "," "," ","P","050","0","0","0","","","1755683","5919740",
"Auckland","PONSONBY ROAD",""," ","I","FRANKLIN ROAD","201410503","21/01/2014","Tue","0555","LB","CS1C","322A ","","R","W","TO","M ","T","T","C","050","0","0","1","","","1755608","5919957",
"Auckland","PONSONBY ROAD",""," ","I","FRANKLIN ROAD","201430580","26/01/2014","Sun","1100","BB","CN1C","123A 927 ","","R","D","O ","F ","D","N","C","050","0","0","0","","","1755608","5919957",
"Auckland","PONSONBY ROAD","50","N"," ","KARANGAHAPE ROAD","201434707","29/04/2014","Tue","0845","MC","CN1C","372B ","","R","W","OF","L "," ","N","C","050","0","0","0","","","1756206","5919286",
"Auckland","PONSONBY ROAD","15","N"," ","POLLEN ST","201437148","24/05/2014","Sat","0050","MB","CS1C","303B 375B ","","R","D","DO","F "," ","N","C","050","0","0","0","","","1755839","5919542",
"Auckland","PONSONBY ROAD","5","N"," ","PONSONBY TERRACE","201436067","30/04/2014","Wed","0910","EA","CS1C","129A ","M","R","D","BF","F ","T","S","C","050","0","0","0","","","","",
"Auckland","PONSONBY ROAD",""," ","I","RICHMOND ROAD","201435309","03/05/2014","Sat","1800","FE","CS1M","101A 181A ","","R","D","B ","F ","X","T","C","050","0","0","0","","","1755719","5919636",
"Auckland","PONSONBY ROAD","50","N"," ","VERMONT ST","201411567","24/02/2014","Mon","2054","AC","CS1P","372A 375A ","","R","D","DO","F "," ","N","P","050","0","0","1","","","1755581","5920063",
"Auckland","PONSONBY ROAD","50","S"," ","WILLIAMSON AVENUE","201413810","26/05/2014","Mon","1159","NB","CN1E","714B 715B ","","E","D","B ","F "," "," ","P","050","0","1","0","66","","1755977","5919445",
"Auckland","PORANA ROAD","100","S"," ","SILVERFIELD","201435632","20/04/2014","Sun","1202","FD","CN1CC","112A 331A 801 927 ","","R","W","O ","L ","D"," ","C","050","0","0","0","","","1755482","5927913",
"Auckland","PORANA ROAD",""," ","I","WAIRAU ROAD","201437151","22/05/2014","Thu","1345","JA","4N2C","322A 334A ","","R","D","OF","F ","T","T","P","050","0","0","0","","","1755786","5928200",
"Auckland","PORCHESTER ROAD","200","N"," ","OLD WAIROA ROAD","201410458","21/02/2014","Fri","2226","EA","VN1V","410A ","M","R","D","TO","F "," "," ","C","050","0","0","1","","","1772444","5897161",
"Auckland","PORCHESTER ROAD","20","S"," ","POPES ROAD","201438335","10/06/2014","Tue","1715","FD","CS14","331A 353A 901 ","","R","W","DN","H "," "," ","C","080","0","0","0","","","1771352","5900019",
"Auckland","PORCHESTER ROAD","280","S"," ","POPES ROAD","201410272","19/02/2014","Wed","0905","CB","CS1","130A 410A ","P","R","D","O ","F "," ","N","C","080","0","0","1","","","1771443","5899775",
"Auckland","PORCHESTER ROAD",""," ","I","POPES ROAD","201434495","07/04/2014","Mon","1720","HA","CE2C","301A ","","R","D","O ","F ","X","S","C","080","0","0","0","","","1771345","5900037",
"Auckland","PORCHESTER ROAD",""," ","I","SUBWAY ROAD","201433696","05/04/2014","Sat","1831","FE","CS1C","358A 402A 423A ","","R","D","DO","F ","T","T","C","050","0","0","0","","","1772616","5896914",
"Auckland","PORCHESTER ROAD",""," ","I","WALTERS ROAD","201431802","08/02/2014","Sat","1308","NA","TS1E","671A 711B ","","R","D","OF","F ","R","G","R","050","0","0","0","","","1772093","5898036",
"Auckland","PORT ALBERT ROAD","300","W"," ","CHURCH HILL ROAD","201437382","24/03/2014","Mon","1312","CB","CW1","112A 130A ","F","R","D","BF","F "," ","N","C","100","0","0","0","","","1729447","5983642",
"Auckland","PORTAGE ROAD","130","W"," ","ATKINSON AVENUE","201400133","12/06/2014","Thu","1355","DB","CW1","101A 111A 131A 532A 660A ","T","M","D","O ","F "," "," ","L","050","1","0","0","","","","",
"Auckland","PORTAGE ROAD","400","N"," ","CLARK ST","201412216","07/05/2014","Wed","0955","LB","PN1C","303B 375B 926 ","","R","D","BF","F ","D","N","L","050","0","0","1","","","1750581","5913334",
"Auckland","PORTAGE ROAD",""," ","I","GRAY AVENUE","201430223","11/01/2014","Sat","2300","KA","CE1C","302B ","","M","D","DO","F ","T","G","R","050","0","0","0","","","1763833","5906571",
"Auckland","PORTAGE ROAD","5","W"," ","GRAY AVENUE S","201430619","31/01/2014","Fri","2040","MF","CE1C","371B ","","R","D","DO","F ","T","N","P","050","0","0","0","","","1763828","5906570",
"Auckland","PORTAGE ROAD",""," ","I","GREAT NORTH ROAD","201430623","19/01/2014","Sun","1800","FE","CN14","350A 387A ","","R","D","B ","F ","T","T","C","050","0","0","0","","","1750463","5914502",
"Auckland","PORTAGE ROAD","15","E"," ","GREAT SOUTH ROAD","201434549","20/04/2014","Sun","1925","AC","CE1C","159A 372A ","","R","D","DO","F "," ","T","C","050","0","0","0","","","1763507","5910657",
"Auckland","PORTAGE ROAD",""," ","I","GREAT SOUTH ROAD","201433819","08/04/2014","Tue","1500","LB","TW1C","303B 324B ","","R","D","O ","F ","X","T","P","050","0","0","0","","","1763494","5910652",
"Auckland","PORTAGE ROAD",""," ","I","GREAT SOUTH ROAD","201431349","21/02/2014","Fri","1310","LB","CW1C","303B 334B ","","R","D","BF","F ","X","T","C","050","0","0","0","","","1763494","5910652",
"Auckland","PORTAGE ROAD",""," ","I","GREAT SOUTH ROAD","201430133","04/02/2014","Tue","1030","LB","TS2C","303B 386B ","","R","D","BF","F ","T","T","C","050","0","0","0","","","1763494","5910652",
"Auckland","PORTAGE ROAD",""," ","I","KINROSS ST","201413004","21/03/2014","Fri","0747","BF","CN1C","111A 131A ","","E","D","BF","F ","T","G","C","050","0","0","2","","","1750457","5911888",
"Auckland","PORTAGE ROAD","15","N"," ","MCWHIRTER PLACE","201436065","07/06/2014","Sat","1205","EA","VN1V","129A ","M","R","D","BF","F "," ","N","C","050","0","0","0","","","","",
"Auckland","PORTAGE ROAD","80","S"," ","NEVILLE ST","201412035","13/01/2014","Mon","1142","CB","MN1","112A 330A 653A 927 ","H","R","D","B ","F ","D","N","C","050","0","0","1","","","1750551","5913448",
"Auckland","PORTAGE ROAD",""," ","I","NEVILLE ST","201411146","04/04/2014","Fri","1330","LB","VN1C","303B 334B ","","R","D","B ","F ","T","T","C","050","0","0","2","","","1750535","5913526",
"Auckland","PORTAGE ROAD",""," ","I","PURIRI ST","201436196","13/05/2014","Tue","1530","JA","CN1C","302B ","","R","D","O ","F ","T","G","C","050","0","0","0","","","1750532","5913852",
"Auckland","PORTAGE ROAD",""," ","I","TREAGON PLACE","201410964","08/01/2014","Wed","2216","EA","CN1V","103A 129A ","M","R","D","DO","F ","T","G","C","050","0","0","1","","","1763268","5906080",
"Auckland","PORTAGE ROAD",""," ","I","WOBURN ST","201437273","02/06/2014","Mon","1543","DB","VN1","102A 111A 131A 357A ","FT","R","D","BF","F ","T","G","C","050","0","0","0","","","1763227","5906031",
"Auckland","PORTLAND ROAD",""," ","I","SHORE ROAD","201431862","28/02/2014","Fri","0840","JA","CW1C","301B 314B 377B ","","R","D","BF","F ","T","S","C","050","0","0","0","","","1760110","5918673",
"Auckland","POSTMAN ROAD","500","N"," ","DAIRY STREAM ROAD","201433842","09/04/2014","Wed","1657","LB","VS1V","303B 902 929 ","","R","D","B ","F ","D","N","C","080","0","0","0","","","1747425","5941055",
"Auckland","POTTER AVENUE",""," ","I","KO ST","201412053","07/04/2014","Mon","2018","CB","4N1","103A 112A ","","R","D","DO","F ","T","N","R","050","0","1","1","","","1755402","5925937",
"Auckland","PRESTON ROAD","110","N"," ","AWATERE ST","201433957","04/01/2014","Sat","1804","GA","CS1C","181A 358A 929 ","","R","D","B ","F ","D","N","C","050","0","0","0","","","1767704","5905963",
"Auckland","PRESTON ROAD",""," ","I","BOUNDARY ROAD","201433267","21/03/2014","Fri","1505","HA","CE1C","301A 375A ","","R","D","BF","F ","R","S","R","050","0","0","0","","","1767652","5905759",
"Auckland","PRESTON ROAD","50","S"," ","DAWSON ROAD","201435645","24/04/2014","Thu","0110","EA","CN1C","103A 129A 130A ","M","R","D","DO","F "," "," ","P","050","0","0","0","","","1767918","5906825",
"Auckland","PRESTON ROAD",""," ","I","FLAT BUSH ROAD","201435008","15/04/2014","Tue","1500","FE","CS1C","181A 330A ","","R","D","B ","F ","X","T","C","050","0","0","0","","","1767753","5906159",
"Auckland","PRESTON ROAD",""," ","I","FLAT BUSH ROAD","201450008","15/04/2014","Tue","1500","FE","CS1C","181A 330A ","","R","D","B ","F ","X","T","C","050","0","0","0","","","1767753","5906159",
"Auckland","PRESTON ROAD","80","N"," ","KUDU ROAD","201411920","15/03/2014","Sat","0630","EA","CN1C","129A 359A ","Q","R","W","OF","H "," ","N","P","050","0","0","1","","","1767910","5906790",
"Auckland","PRESTON ROAD",""," ","I","ORMISTON ROAD","201437249","08/05/2014","Thu","1655","LB","VS1C","303B 375B ","","R","D","DO","F ","T","T","C","050","0","0","0","","","1768148","5907749",
"Auckland","PRESTON ROAD",""," ","I","ORMISTON ROAD","201413760","10/06/2014","Tue","2030","LB","CS1C","101A 303B 375B ","","R","W","DO","L ","T","T","N","050","0","0","1","","","1768148","5907749",
"Auckland","PRICTOR ST",""," ","I","INGRAM ST","201433587","07/03/2014","Fri","1220","BB","TE1C","123A ","","S","D","BF","F ","T","N","C","050","0","0","0","","","1772976","5896853",
"Auckland","PRICTOR ST","10","N"," ","VERNON ST","201437872","02/06/2014","Mon","1830","MO","CN1C","371A 929 ","","R","D","TO","F ","D","N","C","050","0","0","0","","","1773030","5896719",
"Auckland","PRINCES ST","100","N"," ","ALFRED ST","201437333","26/05/2014","Mon","0829","FC","CN1C","181A ","","R","D","BF","F "," ","N","X","050","0","0","0","","","1757705","5920256",
"Auckland","PRINCES ST","40","E"," ","CHURCH ST","201410385","17/01/2014","Fri","2206","AA","CE1T","184A 381A ","","R","D","DO","F "," ","N","C","050","0","0","1","","","1764390","5910179",
"Auckland","PRINCES ST",""," ","I","CHURCH ST","201430023","07/01/2014","Tue","1115","HA","CN2C","322A ","","R","D","BF","F ","X","T","C","050","0","0","0","","","1764351","5910170",
"Auckland","PRINCES ST","180","E"," ","HELVETIA ROAD","201410925","27/02/2014","Thu","1825","FD","VE1C","181A ","","R","D","BF","F "," ","N","C","050","0","0","2","","","1767978","5881532",
"Auckland","PRINCES ST",""," ","I","HUTTON ST","201432540","25/01/2014","Sat","0550","CC","CE1","410A ","CFH","R","D","O ","F ","X","S","C","050","0","0","0","","","1764528","5910211",
"Auckland","PRINCES ST",""," ","I","WATERLOO QUADRANT","201412168","14/04/2014","Mon","2329","DA","PN1","131A 132A 817 ","","R","D","DO","F ","M","T","C","050","0","0","1","","","1757798","5920490",
"Auckland","PUHINUI ON SBD",""," ","I","PUHINUI ROAD","201433663","19/04/2014","Sat","0150","AA","CS1V","157A 159A 818 ","","R"," "," F","F ","X","T","N","050","0","0","0","","","1764133","5904315",
"Auckland","PUHINUI ROAD",""," ","I","CAMBRIDGE TERRACE","201437190","29/05/2014","Thu","0750","JC","CE1V","308A 375A 927 ","","R","D","OF","F ","D","G","C","050","0","0","0","","","1765221","5904766",
"Auckland","PUHINUI ROAD",""," ","I","CARRUTH ROAD","201437082","19/05/2014","Mon","2240","BC","CS2C","122A ","","R","D","DO","F ","X","T","C","050","0","0","0","","","1766423","5905254",
"Auckland","PUHINUI ROAD",""," ","I","CLENDON AVENUE","201430052","12/01/2014","Sun","2302","DA","CW1","103A 131A 410A ","G","M","D","DO","F ","T","N","C","050","0","0","0","","","1765233","5904764",
"Auckland","PUHINUI ROAD","10","W"," ","EDORVALE AVENUE","201431176","05/03/2014","Wed","0815","KB","CE1C","308B 375B 930 ","","R","D","B ","F ","D","N","C","050","0","0","0","","","1766776","5905389",
"Auckland","PUHINUI ROAD","10","W"," ","GREAT SOUTH ROAD","201434301","14/04/2014","Mon","1820","KB","CW1C","308B 924 ","","R","D","DO","F ","D","N","C","050","0","0","0","","","1767102","5905521",
"Auckland","PUHINUI ROAD","20","W"," ","GREAT SOUTH ROAD","201411698","23/03/2014","Sun","1842","MC","MW1C","372B ","","R","D","BF","F "," ","N","C","050","0","0","1","","","1767093","5905517",
"Auckland","PUHINUI ROAD","300","W"," ","GREAT SOUTH ROAD","201432390","04/03/2014","Tue","0815","FD","CW1C","181A 352A ","","R","W","O ","L "," "," ","C","050","0","0","0","","","1766833","5905412",