"TLA NAME","CRASH ROAD","CRASH DIST","CRASH DIRN","INTSN","SIDE ROAD","CRASH ID","CRASH DATE","CRASH DOW","CRASH TIME","MVMT","VEHICLES","CAUSES","OBJECTS STRUCK","ROAD CURVE","ROAD WET","LIGHT","WTHRa","JUNC TYPE","TRAF CTRL","ROAD MARK","SPD LIM","CRASH FATAL CNT","CRASH SEV CNT","CRASH MIN CNT","PERS AGE1","PERS AGE2","EASTING","NORTHING"
"Auckland","PUHINUI ROAD",""," ","I","LAMBIE DRIVE","201411227","18/02/2014","Tue","0937","FB","CW1C","181A 331A ","","E","D","O ","F ","R","G","R","050","0","0","1","","","1766418","5905241",
"Auckland","PUHINUI ROAD",""," ","I","NOEL BURNSIDE ROAD","201410525","23/01/2014","Thu","0730","GF","CN2T","158A ","","R","D","BF","F ","T","G","C","050","0","0","1","","","1764507","5904467",
"Auckland","PUHINUI ROAD",""," ","I","NOEL BURNSIDE ROAD","201430688","13/02/2014","Thu","1800","BB","TE1C","124A 102B ","","R","D","O ","F ","T","G","C","050","0","0","0","","","1764507","5904467",
"Auckland","PUHINUI ROAD","150","W"," ","NORMAN SPENCER DRIVE","201437720","09/06/2014","Mon","1715","JA","CW1C","308B 375B 801 930 ","","R","W","TO","L ","D"," ","C","050","0","0","0","","","1766045","5905091",
"Auckland","PUHINUI ROAD",""," ","I","NORMAN SPENCER DRIVE","201437222","24/05/2014","Sat","1718","KB","VE1B","301B 382B ","","R","D","BF","F ","T","S","C","050","0","0","0","","","1766183","5905148",
"Auckland","PUHINUI ROAD",""," ","I","NORMAN SPENCER DRIVE","201430600","28/01/2014","Tue","1730","FA","CE1C","181A 359A ","","R","D","B ","F ","T","N","C","050","0","0","0","","","1766183","5905148",
"Auckland","PUHINUI ROAD","60","W"," ","RAYMOND ROAD","201412281","24/05/2014","Sat","1810","FO","CE1C","110A 133A 351A 181B ","T","R","W","DF","L "," ","N","C","050","0","0","1","","","1764733","5904560",
"Auckland","PUHINUI ROAD","300","E"," ","SH 20","201432868","24/03/2014","Mon","1410","FD","VE1T","181A 191B ","","R","D","B ","F "," "," ","P","050","0","0","0","","","1764363","5904408",
"Auckland","PUHINUI ROAD","550","E"," ","TOM PEARCE DRIVE","201412857","19/05/2014","Mon","0710","BE","CW1T","410A ","","R","D","B ","F "," "," ","C","060","0","1","0","","","1760881","5903436",
"Auckland","PUHINUI ROAD",""," ","I","WYLLIE ROAD","201413120","12/05/2014","Mon","1700","NB","CW1E","713B ","","R","D","O ","F ","T","T","C","050","0","0","1","16","","1764422","5904432",
"Auckland","PUHINUI ROAD",""," ","I","YORK ROAD","201433271","17/03/2014","Mon","0645","JA","CE1C","302B 375B ","","R","D","DF","F ","T","G","C","050","0","0","0","","","1765884","5905026",
"Auckland","PUKA ST","15","E"," ","ESPLANADE ROAD","201436553","14/05/2014","Wed","2145","LB","PW1C","303B 330B 801 929 ","","R","W","DO","L ","D"," ","C","050","0","0","0","","","1756902","5917833",
"Auckland","PUKAKI ROAD","600","S"," ","CYCLAMEN ROAD","201411512","11/03/2014","Tue","0350","CB","MN1","103A 129A ","V","R","D","DO","F "," ","N","N","070","0","1","0","","","1760746","5905208",
"Auckland","PUKEKOHE EAST ROAD","350","E"," ","VALLEY ROYAL WAY","201410369","09/01/2014","Thu","1948","DA","VE1","101A 129A 359A ","T","E","D","TN","F "," ","N","C","100","0","0","1","","","1771987","5881629",
"Auckland","PUKEORA ROAD","130","E"," ","CHURCH ST","201436753","22/05/2014","Thu","0905","MO","CE1O","371A 386A ","M","R","D","B ","F "," ","N","N","050","0","0","0","","","1764700","5909248",
"Auckland","PUPUKE ROAD",""," ","I","BIRKENHEAD AVENUE","201412415","14/04/2014","Mon","1110","CB","CW1","130A 501A ","CS","R","D","O ","F ","T","T","C","050","0","2","0","","","1753910","5925528",
"Auckland","PURIRI AVENUE","20","S"," ","GREAT SOUTH ROAD","201410588","28/01/2014","Tue","1052","MO","CW1C","371A 371B ","","R","D","BF","F "," ","N","C","050","0","0","1","","","1759970","5915651",
"Auckland","PURIRI ROAD","40","W"," ","CHRISTMAS ROAD","201411564","27/02/2014","Thu","2115","CC","CE1C","103A 129A ","M","R","D","DO","F "," ","N","N","050","0","0","1","","","1768934","5900162",
"Auckland","PUTNEY WAY",""," ","I","MANUKAU STATION ROAD","201436861","21/05/2014","Wed","1545","MO","CS1C","371B ","","R","D","O ","F ","X","T","C","050","0","0","0","","","1767554","5904248",
"Auckland","QUAY ST",""," ","I","COMMERCE ST","201430497","06/02/2014","Thu","1705","FE","CW1C","181A ","","R","D","O ","F ","T","T","C","050","0","0","0","","","1757693","5921011",
"Auckland","QUAY ST","10","W"," ","LOWER ALBERT ST","201437317","09/06/2014","Mon","1850","AA","CW1C","372A ","","E","W","DO","H ","T","G","R","050","0","0","0","","","1757441","5921093",
"Auckland","QUAY ST",""," ","I","LOWER ALBERT ST","201433242","20/03/2014","Thu","0050","LB","CW1C","303B ","","R","D","DO","F ","T","T","R","050","0","0","0","","","1757450","5921090",
"Auckland","QUAY ST",""," ","I","LOWER HOBSON ST","201435897","09/05/2014","Fri","1525","MG","CW1C","371B ","","E","D","BF","F ","X","T","R","050","0","0","0","","","1757301","5921135",
"Auckland","QUAY ST",""," ","I","QUEEN ST","201432124","23/02/2014","Sun","1016","MA","XW1X","373B ","","R","D","B ","F ","X","T","C","050","0","0","0","","","1757572","5921053",
"Auckland","QUAY ST",""," ","I","QUEEN ST","201431255","02/03/2014","Sun","0159","FE","CE1X","103A 331A ","","R","D","DO","F ","T","T","R","050","0","0","0","","","1757572","5921053",
"Auckland","QUAY ST","180","W"," ","SH 16","201413694","29/05/2014","Thu","0815","LB","PW1C","209A 314B 375B 927 ","","R","D","O ","F ","D"," ","R","050","0","1","0","","","1758840","5920543",
"Auckland","QUAY ST","430","W"," ","SH 16","201411832","28/03/2014","Fri","0900","LB","CW1C","129A 303B 377B 922 ","","R","D","BF","F ","D","N","R","050","0","0","1","","","1758604","5920626",
"Auckland","QUAY ST",""," ","I","TANGIHUA ST","201431878","05/03/2014","Wed","2208","LB","CW1C","102B 303B 361B ","","R","D","DO","F ","X","T","R","050","0","0","0","","","1758140","5920853",
"Auckland","QUEEN MARY AVENUE",""," ","I","MANUKAU ROAD","201432072","18/01/2014","Sat","1550","MO","CN2","130A 423A ","H","R","D","BF","F ","T","G","N","050","0","0","0","","","1758128","5915593",
"Auckland","QUEEN ST","50","S"," ","BARTLEY ST","201411142","22/02/2014","Sat","0916","DB","CS1C","111A 131A 801 ","M","M","W","O ","L "," "," ","C","050","0","0","1","","","1755674","5923865",
"Auckland","QUEEN ST",""," ","I","CUSTOMS ST WEST","201434287","18/03/2014","Tue","0950","BO","BE2B","124A 129A 402A ","","R","D","B ","F ","X","T","C","050","0","0","0","","","1757514","5920902",
"Auckland","QUEEN ST",""," ","I","CUSTOMS ST WEST","201410927","20/02/2014","Thu","0130","NB","CE2E","306A ","","R","D","DO","F ","X","T","C","050","0","0","1","19","","1757514","5920902",
"Auckland","QUEEN ST",""," ","I","CUSTOMS ST WEST","201435905","30/04/2014","Wed","1640","AO","BN1C","381A 671A ","","R","D","OF","F ","X","T","C","050","0","0","0","","","1757514","5920902",
"Auckland","QUEEN ST","40","N"," ","HARRIS ST","201410193","10/01/2014","Fri","1214","PC","4S1","308A 376A 929 ","","R","D","B ","F ","D","N","N","050","0","0","1","84","","1768685","5880825",
"Auckland","QUEEN ST","15","N"," ","KARANGAHAPE ROAD","201433268","17/03/2014","Mon","1730","AC","CS1C","372A ","","R","D","BF","F "," ","N","R","050","0","0","0","","","1757030","5919456",
"Auckland","QUEEN ST","20","N"," ","KARANGAHAPE ROAD","201411568","14/02/2014","Fri","1610","NA","4N1E","712B 713B ","","R","D","OF","F "," ","N","R","050","0","0","1","13","","1757032","5919461",
"Auckland","QUEEN ST","50","N"," ","KARANGAHAPE ROAD","201435477","09/04/2014","Wed","2225","QG","TN1","665A ","P","R","D","DO","F "," ","N","R","050","0","0","0","","","1757042","5919489",
"Auckland","QUEEN ST",""," ","I","KARANGAHAPE ROAD","201432119","28/02/2014","Fri","1500","FE","CS1C","181A 330A ","","M","D","O ","F ","X","T","C","050","0","0","0","","","1757025","5919442",
"Auckland","QUEEN ST",""," ","I","MAYORAL DRIVE","201432029","01/02/2014","Sat","1335","FE","CS1V","331A ","","R","D","B ","F ","X","T","C","050","0","0","0","","","1757180","5919858",
"Auckland","QUEEN ST",""," ","I","TURNER ST","201413730","19/05/2014","Mon","1745","NF","CW2E","341A 724B ","","R","W","DO","F ","T","S","P","050","0","0","1","24","","1757129","5919723",
"Auckland","QUEEN ST","15","S"," ","VICTORIA ST WEST","201433118","27/03/2014","Thu","1820","EA","BN1C","129A ","M","R","D","B ","F "," "," ","C","050","0","0","0","","","1757384","5920406",
"Auckland","QUEEN ST","20","S"," ","WAKEFIELD ST","201433934","04/04/2014","Fri","1330","MO","TS1C","371A ","M","R","D","B ","F "," ","N","C","050","0","0","0","","","1757251","5920053",
"Auckland","QUEEN ST",""," ","I","WAKEFIELD ST","201437277","03/06/2014","Tue","2155","MG","CS1C","371B ","","R","D","DO","F ","Y","T","C","050","0","0","0","","","1757258","5920071",
"Auckland","QUEEN ST",""," ","I","WAVERLEY ST","201413066","25/05/2014","Sun","0239","EC","CS1E","103A 129A ","IS","R","W","DO","L ","T","G","R","050","0","0","1","28","","1757152","5919784",
"Auckland","QUEEN ST","40","S"," ","WELLESLEY ST EAST","201430466","22/01/2014","Wed","1100","EA","CS1C","386A ","M","R","D","O ","F "," ","N","C","050","0","0","0","","","1757297","5920180",
"Auckland","QUEENS ROAD",""," ","I","CHURCH CRESCENT","201433676","02/04/2014","Wed","0815","FD","CS1C","181A 331A ","","R","D","BF","F ","R","G","R","050","0","0","0","","","1765438","5914497",
"Auckland","QUEENS ROAD",""," ","I","KINGS ROAD","201434845","22/03/2014","Sat","1836","MG","CN14","103B 371B ","","E","D","BF","F ","R","G","R","050","0","0","0","","","1765463","5914467",
"Auckland","QUEENS ROAD",""," ","I","LAGOON DRIVE","201412174","27/03/2014","Thu","2101","HA","CW1C","302A ","","E","D","DO","F ","R","G","R","050","0","0","1","","","","",
"Auckland","QUEENS ROAD",""," ","I","LAGOON DRIVE","201437181","28/04/2014","Mon","1225","HA","CW1C","302A 353A ","","R","D","BF","F ","M","G","R","050","0","0","0","","","","",
"Auckland","QUEENS ROAD","10","E"," ","PILKINGTON ROAD","201437101","27/05/2014","Tue","1130","AA","4E1C","372A ","","R","D","OF","F ","X","T","R","050","0","0","0","","","1765189","5914658",
"Auckland","QUEENS ROAD","40","E"," ","PILKINGTON ROAD","201434214","21/02/2014","Fri","0924","FC","MW1C","181A 331A 191B ","","E","D","O ","F "," "," ","X","050","0","0","0","","","1765218","5914649",
"Auckland","QUEENS ROAD","80","W"," ","PILKINGTON ROAD","201434292","13/02/2014","Thu","0330","CB","CE1","101A 130A 412A ","KST","R","D","DO","F "," "," ","R","050","0","0","0","","","1765104","5914685",
"Auckland","QUEENSTOWN OFF NBD","25","W"," ","SH 20","201434020","07/04/2014","Mon","0751","FE","TW1M","322A 334A ","","R","D","B ","F ","T","T","C","050","0","0","0","","","1757814","5912138",
"Auckland","QUEENSTOWN ROAD",""," ","I","BEACHCROFT AVENUE","201431485","07/02/2014","Fri","0900","FB","TS1C","181A ","","R","D","OF","F ","R","G","R","050","0","0","0","","","1757442","5912458",
"Auckland","QUEENSTOWN ROAD","100","N"," ","BEL AIR DRIVE","201431283","01/01/2014","Wed","0251","CA","CS1","130A 351A ","I","R","D","DO","F "," ","N","R","050","0","0","0","","","1757464","5912550",
"Auckland","QUEENSTOWN ROAD",""," ","I","BEL AIR DRIVE","201433244","25/03/2014","Tue","0845","HA","CE2C","302A 375A ","","E","D","BF","F ","R","G","R","050","0","0","0","","","1757426","5912438",
"Auckland","QUEENSTOWN ROAD",""," ","I","BEL AIR DRIVE","201410953","03/03/2014","Mon","0701","DA","CN1","111A 131A ","P","M","W","OF","L ","R","G","C","050","0","0","1","","","1757430","5912429",
"Auckland","QUEENSTOWN ROAD",""," ","I","HERD ROAD","201436564","30/04/2014","Wed","1700","GD","CS1C","181A 331A ","","M","D","TO","F ","T","T","C","050","0","0","0","","","1757531","5912953",
"Auckland","RAGLAN ST","70","N"," ","TIARI PLACE","201436521","14/05/2014","Wed","0537","MO","CN1C","371A 801 929 ","M","R","W","DO","L ","D"," ","P","050","0","0","0","","","1762568","5906717",
"Auckland","RAILSIDE AVENUE",""," ","I","STEVIES LANE","201431038","14/02/2014","Fri","0830","CB","VN1","130A 350A ","T","R","D","O ","F ","T","N","C","050","0","0","0","","","1745371","5917157",
"Auckland","RAILSIDE AVENUE","100","S"," ","VIEW ROAD","201436935","26/05/2014","Mon","1610","JA","CS1CCC","929 ","MM","R","D","O ","L ","D","N","L","050","0","0","0","","","1745388","5916478",
"Auckland","RAILSIDE AVENUE",""," ","I","VIEW ROAD","201437347","13/06/2014","Fri","0815","HA","VW2C","302A 375A ","","R","D","BF","F ","R","G","R","050","0","0","0","","","1745389","5916579",
"Auckland","RAILWAY ST WEST",""," ","I","AVERILL ST","201433800","26/03/2014","Wed","1730","LB","CN1C","158A 303B 314B ","","R","D","B ","F ","T","G","C","050","0","0","0","","","1772896","5896342",
"Auckland","RAILWAY ST WEST","40","N"," ","WOOD ST","201438143","22/05/2014","Thu","1220","MA","CN1C","373B ","","E","D","BF","F "," ","N","C","050","0","0","0","","","1772985","5896179",
"Auckland","RAILWAY ST WEST","5","S"," ","WOOD ST","201413696","17/06/2014","Tue","1550","PO","BS1E","105B 722B ","","R","D","O ","F ","T","G","N","050","0","0","1","54","","1773006","5896139",
"Auckland","RAINES AVENUE","200","E"," ","TRISTRAM AVENUE","201435322","21/04/2014","Mon","1530","MB","CN14","372A 372B ","","R","D","B ","F "," "," ","N","050","0","0","0","","","1755934","5929361",
"Auckland","RALEIGH ROAD","20","W"," ","FOWLER ST","201438325","08/06/2014","Sun","1006","CB","CE1","130A 197A ","X","R","D","O ","F "," "," ","C","050","0","0","0","","","1755479","5925619",
"Auckland","RALEIGH ROAD",""," ","I","OCEAN VIEW ROAD S","201433697","19/04/2014","Sat","1220","JC","CS24","302A 387A ","","E","D","OF","F ","T","G","C","050","0","0","0","","","1754923","5925787",
"Auckland","RAMP ROAD",""," ","I","SUNSET ROAD","201430755","17/01/2014","Fri","1624","FB","4S1C","181A ","","R","D","BF","F ","T","G","C","050","0","0","0","","","1754745","5931304",
"Auckland","RANGATIRA ROAD","70","S"," ","ROSECAMP ROAD","201438324","24/05/2014","Sat","0515","AD","CN1C","111A 131A 150A 801 ","FM","M","W","DO","L "," "," ","C","050","0","0","0","","","1750892","5925715",
"Auckland","RANKIN AVENUE","10","N"," ","AMBRICO PLACE","201412299","23/05/2014","Fri","0625","NA","CN1E","711B 724B ","","R","D","DO","F ","T","N","C","050","0","0","1","31","","1749874","5913617",
"Auckland","RANKIN AVENUE","50","S"," ","CLARK ST","201432114","11/03/2014","Tue","1815","MC","CN1C","372B ","","R","D","B ","F "," ","N","C","050","0","0","0","","","1749939","5913763",
"Auckland","RANKIN AVENUE",""," ","I","TOTARA AVENUE","201436602","01/05/2014","Thu","1435","LB","CN1B","303B 375B ","","R","D","O ","F ","X","T","C","050","0","0","0","","","1749953","5913810",
"Auckland","RANSOM SMYTH DRIVE","15","E"," ","EVERGLADE DRIVE S","201434490","30/04/2014","Wed","2040","MO","TW1C","371A ","M","R","D","DO","F "," "," ","C","050","0","0","0","","","1768757","5903958",
"Auckland","RANUI STATION ROAD","20","S"," ","SWANSON ROAD","201431267","22/02/2014","Sat","0530","EA","CN1C","129A ","M","R","D","BF","F "," ","N","C","050","0","0","0","","","1742837","5919008",
"Auckland","RATA ST",""," ","I","RIMU ST","201410502","14/01/2014","Tue","1211","GB","MN1C","372B ","","R","D","BF","F ","T","S","R","050","0","1","0","","","1749544","5914152",
"Auckland","RATHGAR ROAD","15","N"," ","HARRINGTON ROAD","201411163","21/03/2014","Fri","0010","CC","CN1","103A 112A 130A ","P","R","D","DO","F "," "," ","C","050","0","0","1","","","1744596","5919466",
"Auckland","RATHGAR ROAD","30","S"," ","LARNOCH ROAD","201430073","07/01/2014","Tue","1515","MO","CN1C","371A ","M","R","D","BF","F "," ","N","C","050","0","0","0","","","1744550","5919090",
"Auckland","RATHGAR ROAD",""," ","I","LARNOCH ROAD","201431037","14/02/2014","Fri","1520","LB","CN1V","303B 375B ","","R","D","O ","F ","T","G","C","050","0","0","0","","","1744554","5919119",
"Auckland","RATHGAR ROAD","50","S"," ","POMARIA ROAD","201434688","26/02/2014","Wed","1055","MO","CN1C","371A ","","R","D","O ","F "," ","N","P","050","0","0","0","","","1744567","5919221",
"Auckland","RATHGAR ROAD","50","S"," ","UNIVERSAL DRIVE","201437346","15/06/2014","Sun","0050","CA","CS1C","103A 112A 130A 514A ","M","R","D","DO","F "," ","N","P","050","0","0","0","","","1744633","5919754",
"Auckland","RAY EMERY DRIVE","300","S"," ","TOM PEARCE DRIVE W","201411922","22/03/2014","Sat","0650","QD","XW1EX","428A ","Q","R","D","TO","F "," ","N","C","020","0","0","1","31","","1758801","5903115",
"Auckland","RED BEACH ROAD","10","W"," ","WHANGAPARAOA ROAD","201436774","16/05/2014","Fri","1830","AO","CN1B","150A 381A ","","E","D","DO","F ","T","N","P","050","0","0","0","","","1752195","5946940",
"Auckland","RED HILLS ROAD","150","E"," ","BIRDWOOD ROAD","201433992","06/04/2014","Sun","1955","DB","CE1","101A 111A ","P","M","D","DO","F "," ","N","C","050","0","0","0","","","1742510","5921973",
"Auckland","RED HILLS ROAD",""," ","I","BIRDWOOD ROAD","201437194","29/05/2014","Thu","1710","DA","CN2","133A ","V","M","W","DO","L ","Y","N","C","050","0","0","0","","","1742398","5922073",
"Auckland","REDCREST AVENUE","80","W"," ","BALMERINO AVENUE","201438637","19/06/2014","Thu","0218","DA","CW1","103A 111A 514A ","T","E","W","DO","F "," "," ","C","050","0","0","0","","","1775273","5895673",
"Auckland","REDOUBT ROAD",""," ","I","DIORELLA DRIVE","201430794","18/02/2014","Tue","0830","JA","CE1C","302B 382B ","","R","D","BF","F ","T","G","C","050","0","0","0","","","1768371","5904445",
"Auckland","REDOUBT ROAD","20","E"," ","EVERGLADE DRIVE","201438356","29/05/2014","Thu","0840","AD","CW1C","129A 386A ","","E","D","O ","L "," "," ","C","050","0","0","0","","","1768769","5904551",
"Auckland","REDOUBT ROAD",""," ","I","EVERGLADE DRIVE","201433801","07/04/2014","Mon","0833","FE","CW1C","181A 387A ","","R","D","B ","F ","X","T","C","050","0","0","0","","","1768750","5904546",
"Auckland","REDOUBT ROAD",""," ","I","GREAT SOUTH ROAD","201433384","01/04/2014","Tue","1320","FB","CW1C","181A ","","E","D","BF","F ","X","G","R","050","0","0","0","","","1767776","5904283",
"Auckland","REDOUBT ROAD",""," ","I","HOLLYFORD DRIVE","201430872","22/02/2014","Sat","1430","MO","CW1C","381A ","","R","D","OF","F ","X","T","C","050","0","0","0","","","1768750","5904546",
"Auckland","REDOUBT ROAD",""," ","I","HOLLYFORD DRIVE","201430882","22/02/2014","Sat","1630","FE","CS2C","181A ","","R","D","BF","F ","X","T","C","050","0","0","0","","","1768750","5904546",
"Auckland","REDOUBT ROAD","100","W"," ","MILL ROAD","201410066","05/01/2014","Sun","1600","BF","CE1C","111A 131A 402A 501A 191B 801 ","C","M","W","O ","L "," "," ","C","080","0","0","2","","","1770981","5903872",
"Auckland","REDOUBT ROAD",""," ","I","MURPHYS ROAD","201432053","17/02/2014","Mon","0810","JA","CE1C","302B ","F","E","D","B ","F ","T","G","C","060","0","0","0","","","1770463","5904569",
"Auckland","REDOUBT ROAD","10","E"," ","WILISA RISE","201430499","25/01/2014","Sat","2245","BE","CE1C","112A 125A ","","R","D","DO","F ","T","T","C","050","0","0","0","","","1768298","5904423",
"Auckland","REEVES ROAD","50","W"," ","ALTON TERRACE","201412153","10/05/2014","Sat","2315","EA","CE1CC","103A 129A ","MM","R","D","DO","F "," "," ","P","050","0","0","1","","","1767980","5912833",
"Auckland","REEVES ROAD",""," ","I","GLENSIDE AVENUE","201432278","27/01/2014","Mon","1729","GA","CE1C","102A 181A 102B ","","R","D","B ","F ","T","S","C","050","0","0","0","","","1767472","5912991",
"Auckland","REEVES ROAD","50","E"," ","LEWIS ROAD","201433264","22/03/2014","Sat","1700","EA","CE1C","129A ","M","R","D","BF","F "," ","N","C","050","0","0","0","","","1767284","5913035",
"Auckland","REEVES ROAD","50","E"," ","TI RAKAU DRIVE","201410273","20/02/2014","Thu","0815","JA","CN1C","308B 375B 926 ","","R","D","B ","F ","D","N","N","050","0","0","1","","","1766700","5912962",
"Auckland","REEVES ROAD",""," ","I","WILLIAM ROBERTS ROAD","201432812","09/03/2014","Sun","1215","LB","CN2C","303B ","","R","D","B ","F ","X","G","N","050","0","0","0","","","1766930","5913119",
"Auckland","REEVES ROAD",""," ","I","WILLIAM ROBERTS ROAD","201436909","24/05/2014","Sat","2159","HA","CE1C","302B ","","E","W","DO","L ","T","G","C","050","0","0","0","","","1766930","5913119",
"Auckland","REGENCY PLACE","60","S"," ","LAVERY PLACE","201435458","09/05/2014","Fri","1807","BC","CN1C","103A 121A ","","M","W","DN","F "," ","N","C","050","0","0","0","","","1755423","5931420",
"Auckland","REIMERS AVENUE","10","W"," ","CRICKET AVENUE","201433370","27/02/2014","Thu","1005","DA","CW1C","111A 131A 517A ","M","S","D","BF","F ","T","N","N","050","0","0","0","","","1755591","5917394",
"Auckland","REMUERA ROAD","30","E"," ","ARMADALE ROAD","201430578","21/01/2014","Tue","1505","MA","CE1C","373B ","","R","D","O ","F "," "," ","C","050","0","0","0","","","1759987","5916884",
"Auckland","REMUERA ROAD","60","E"," ","ARMADALE ROAD","201410997","14/01/2014","Tue","1358","BA","CE1C4","129A ","","R","D","BF","F "," ","N","C","050","0","0","1","","","1760017","5916880",
"Auckland","REMUERA ROAD","10","N"," ","BASSETT ROAD","201413601","03/05/2014","Sat","1108","MC","MN1C","197A 330B 372B ","","R","D","B ","F ","T","T","P","050","0","1","0","","","1759070","5917506",
"Auckland","REMUERA ROAD","10","E"," ","BROADWAY","201431305","27/02/2014","Thu","1800","MA","CE1C","373B ","","R","D","OF","F ","T","T","C","050","0","0","0","","","1758444","5918085",
"Auckland","REMUERA ROAD","10","N"," ","DILWORTH AVENUE","201432027","15/01/2014","Wed","0954","FD","VN1CCV","331A ","","R","D","B ","F ","T","N","C","050","0","0","0","","","1759056","5917517",
"Auckland","REMUERA ROAD",""," ","I","LUCERNE ROAD","201438128","10/05/2014","Sat","1015","LB","SE1C","303B 375B ","","R","D","BF","F ","T","G","C","050","0","0","0","","","1761582","5916878",
"Auckland","REMUERA ROAD","20","W"," ","MARKET ROAD","201413773","24/04/2014","Thu","0525","DA","CW1","111A 131A ","CP","E","W","DO","H "," ","N","C","050","0","0","1","","","1759551","5917055",
"Auckland","REMUERA ROAD","50","W"," ","MEADOWBANK ROAD","201432382","04/03/2014","Tue","0740","FD","CW1C","181A ","","R","W","B ","L "," "," ","C","050","0","0","0","","","1762677","5917227",
"Auckland","REMUERA ROAD","10","N"," ","MIDDLETON ROAD","201433146","31/03/2014","Mon","1705","FE","VW1S","181A ","","R","D","B ","F ","T","T","C","050","0","0","0","","","1758562","5917953",
"Auckland","REMUERA ROAD","10","S"," ","MIDDLETON ROAD","201413680","14/05/2014","Wed","0744","EE","SN1C","158A 374B 525B ","Q","R","W","B ","F ","T","T","C","050","0","0","1","","33","1758575","5917938",
"Auckland","REMUERA ROAD","40","S"," ","MIDDLETON ROAD","201436830","24/04/2014","Thu","1126","FD","CN1CV","181A 331A ","","R","D","B ","F "," "," ","C","050","0","0","0","","","1758595","5917916",
"Auckland","REMUERA ROAD","100","S"," ","MIDDLETON ROAD","201413699","12/05/2014","Mon","0821","GB","MS1C","175B 929 ","","R","D","O ","F ","D"," ","C","050","0","0","1","","","1758635","5917871",
"Auckland","REMUERA ROAD",""," ","I","ORAKEI ROAD","201412235","01/04/2014","Tue","1700","LB","SE1C","303B 375B ","","R","D","B ","F ","X","T","C","050","0","0","1","","29","1760643","5916791",
"Auckland","REMUERA ROAD","50","E"," ","PUKEORA AVENUE","201412490","16/04/2014","Wed","0818","MO","SE1C","204A 330A 370B 378B 929 ","","R","D","B ","F ","D"," ","N","050","0","0","1","","9","1761974","5916931",
"Auckland","REMUERA ROAD",""," ","I","UPLAND ROAD","201431951","06/02/2014","Thu","1723","FE","CE1C4C","423A ","","R","D","BF","F ","X","T","C","050","0","0","0","","","1761472","5916865",
"Auckland","REMUERA ROAD",""," ","I","UPLAND ROAD","201434003","28/03/2014","Fri","0815","FE","CE1C","181A ","","R","D","B ","F ","X","T","C","050","0","0","0","","","1761472","5916865",
"Auckland","REMUERA ROAD","70","E"," ","VICTORIA AVENUE","201412489","07/04/2014","Mon","0800","EE","TE14","374B ","M","R","D","B ","F "," "," ","C","050","0","0","1","","","1760322","5916838",
"Auckland","REMUERA ROAD","20","E"," ","WAIRUA ROAD","201411623","08/03/2014","Sat","1845","FE","CW1C","331A 363A 902 ","","R","D","BF","F "," ","T","R","050","0","0","2","","","1760894","5916740",
"Auckland","RENOWN AVENUE","110","S"," ","WHETURANGI ROAD","201413683","07/05/2014","Wed","0845","PC","CN1E","311A 371A 378A 835 929 ","","R","D","O ","F ","D"," ","N","050","0","0","1","5","","1759305","5915697",
"Auckland","RICE CRESCENT",""," ","I","PEMBROOK ST","201432714","26/02/2014","Wed","2331","DB","CE2","101A 130A 402A 524A ","F","M","D","DO","F ","T","N","C","050","0","0","0","","","1774432","5896929",
"Auckland","RICHARDS AVENUE",""," ","I","KELDALE PLACE","201430005","05/01/2014","Sun","0015","DA","CE1","103A 110A ","T","R","D","DO","F ","T","G","C","050","0","0","0","","","1756318","5929973",
"Auckland","RICHARDS ROAD","1480","W"," ","DAIRY FLAT HIGHWAY","201436598","19/05/2014","Mon","2030","DA","CS1","138A ","F","E","D","DN","F "," "," ","N","100","0","0","0","","","1745128","5940783",
"Auckland","RICHARDSON ROAD",""," ","I","ALLENDALE ROAD","201433223","23/02/2014","Sun","1423","AC","CN1C","381A ","","R","D","BF","F ","T","T","L","050","0","0","0","","","1752538","5915876",
"Auckland","RICHARDSON ROAD","20","E"," ","DOMINION ROAD","201410929","05/02/2014","Wed","2108","JA","PE1C","308B 927 ","","R","D","DO","F ","D","N","C","050","0","0","1","","","1754676","5912513",
"Auckland","RICHARDSON ROAD","30","E"," ","DOMINION ROAD","201431213","24/01/2014","Fri","1700","MC","CE1C","372B ","","R","D","BF","F "," ","N","C","050","0","0","0","","","1754683","5912506",
"Auckland","RICHARDSON ROAD","50","E"," ","HENDON AVENUE","201431609","12/01/2014","Sun","0330","BO","VE1V","357A 512A ","","R","D","DO","F "," "," ","C","050","0","0","0","","","1753131","5915048",
"Auckland","RICHARDSON ROAD","20","S"," ","HENDON AVENUE","201412359","20/02/2014","Thu","2219","FD","CS1CC","331A 800 ","","R","W","DO","F "," "," ","C","050","0","0","2","","","1753115","5915074",
"Auckland","RICHARDSON ROAD",""," ","I","HENDON AVENUE","201435599","03/05/2014","Sat","1040","FE","4S1C","181A 331A ","","R","D","B ","F ","X","T","C","050","0","0","0","","","1753104","5915091",
"Auckland","RICHARDSON ROAD","30","S"," ","NEW NORTH ROAD","201431570","09/01/2014","Thu","0936","BA","CS1C","358A 801 ","","R","W","O ","L "," "," ","C","050","0","0","0","","","1752418","5916027",
"Auckland","RICHARDSON ROAD","20","N"," ","ODONNELL AVENUE","201410376","10/01/2014","Fri","2232","NA","CS1E","105B 711B ","","R","D","DO","F "," ","N","C","050","0","0","1","38","","1753187","5914956",
"Auckland","RICHARDSON ROAD",""," ","I","PENNEY AVENUE","201437405","01/05/2014","Thu","1739","JA","CN1C","151A 314B ","","R","D","TO","F ","T","S","P","050","0","0","0","","","1754186","5913067",
"Auckland","RICHARDSON ROAD",""," ","I","RANGE VIEW ROAD","201411844","11/01/2014","Sat","0015","JA","MW1C","101A 302B ","","R","D","DO","F ","T","G","P","050","0","0","1","","","1752794","5915552",