"TLA NAME","CRASH ROAD","CRASH DIST","CRASH DIRN","INTSN","SIDE ROAD","CRASH ID","CRASH DATE","CRASH DOW","CRASH TIME","MVMT","VEHICLES","CAUSES","OBJECTS STRUCK","ROAD CURVE","ROAD WET","LIGHT","WTHRa","JUNC TYPE","TRAF CTRL","ROAD MARK","SPD LIM","CRASH FATAL CNT","CRASH SEV CNT","CRASH MIN CNT","PERS AGE1","PERS AGE2","EASTING","NORTHING"
"Auckland","RICHARDSON ROAD","50","N"," ","WELSH ST","201433203","19/02/2014","Wed","1445","FD","VS1C","181A ","","R","D","BF","F "," ","N","N","050","0","0","0","","","1753390","5914182",
"Auckland","RICHMOND ROAD","20","N"," ","KINGSLEY ST","201433348","28/02/2014","Fri","1443","FD","CS1C","181A ","","R","D","BF","F "," ","N","C","050","0","0","0","","","1754237","5919775",
"Auckland","RICHMOND ROAD",""," ","I","LEIGHTON ST","201436201","26/04/2014","Sat","2256","HA","CW1C","103B 302B ","","R","D","DO","F ","X","G","C","050","0","0","0","","","1755409","5919566",
"Auckland","RICHMOND ROAD","50","N"," ","LINCOLN ST","201410359","16/01/2014","Thu","2105","DA","VE14","101A 129A 358A ","M","E","D","DO","F "," ","N","P","050","0","0","1","","","1754977","5919844",
"Auckland","RICHMOND ROAD","50","E"," ","REGINA ST","201435911","09/05/2014","Fri","1015","MD","CE14","371B 929 ","","R","W","OF","L ","D","N","C","050","0","0","0","","","1754398","5919863",
"Auckland","RICHMOND ROAD","40","E"," ","WESTMORELAND ST EAST","201433704","17/03/2014","Mon","1754","MO","CW1C","372B 929 ","","R","D","B ","F ","D","N","P","050","0","0","0","","","1754717","5919914",
"Auckland","RICHMOND ROAD","40","W"," ","WESTMORELAND ST WEST","201410918","16/02/2014","Sun","1027","PC","TN1E","730B 927 ","","R","D","BF","F ","D","N","C","050","0","1","0","37","","1754417","5919873",
"Auckland","RIDDELL ROAD","200","E"," ","GRANTHAM ROAD","201413690","27/05/2014","Tue","0815","PC","CN1K","311A 376A 929 ","","R","D","B ","F ","D"," ","C","050","0","0","1","12","","1766961","5918892",
"Auckland","RIDDELL ROAD","90","N"," ","PEACOCK ST","201435486","21/04/2014","Mon","1645","DB","CN1","110A 134A ","F","M","W","O ","F "," ","N","C","050","0","0","0","","","1767212","5919964",
"Auckland","RIDDELL ROAD",""," ","I","WAITARA ROAD","201412298","18/05/2014","Sun","1620","HA","CN1S","302A 375A ","","M","D","O ","F ","X","G","C","050","0","0","1","","27","1766722","5920304",
"Auckland","RIDDELL ROAD",""," ","I","WHITEHAVEN ROAD","201412219","19/02/2014","Wed","0755","NF","CS1E","376A 711B 726B ","","M","D","O ","F ","T","G","C","050","0","1","1","5","","1767647","5919045",
"Auckland","RIDGE ROAD","10","E"," ","BLEAKHOUSE ROAD","201433371","19/03/2014","Wed","1740","FD","CE1VC","331A 350A ","","E","D","BF","F ","Y","T","C","050","0","0","0","","","1771484","5915275",
"Auckland","RIDGE ROAD",""," ","I","BROOKDALE ROAD","201435207","16/04/2014","Wed","2053","DA","CW1","131A 801 ","P","E","W","DN","H ","T","G","C","080","0","0","0","","","1746377","5932050",
"Auckland","RIDGE ROAD","10","W"," ","HOWE ST","201435491","28/04/2014","Mon","1245","AA","CW1C","372A 671A ","","E","D","B ","F ","T","N","C","050","0","0","0","","","1771590","5915310",
"Auckland","RIDGE ROAD",""," ","I","MELLONS BAY ROAD","201433266","20/03/2014","Thu","1635","KB","CW1C","302B 375B ","","R","D","BF","F ","T","G","C","050","0","0","0","","","1771626","5915313",
"Auckland","RIDGE ROAD","800","W"," ","WAKE ROAD","201435900","05/05/2014","Mon","0845","GA","SW1T","331A 929 ","","R","W","OF","F ","D","N","N","100","0","0","0","","","1745178","5931512",
"Auckland","RIDINGS ROAD","20","N"," ","REMUERA ROAD","201434017","06/03/2014","Thu","1030","EA","CS1C","386A 443B ","M","R","D","B ","F ","T","N","C","050","0","0","0","","","1759432","5917296",
"Auckland","RIMU ROAD",""," ","I","CORONATION ROAD","201412484","12/02/2014","Wed","1035","NB","CW1E","710B ","","R","D","B ","F ","R","G","R","050","0","0","1","91","","1759131","5910170",
"Auckland","RIMU ROAD","20","W"," ","CRAWFORD AVENUE","201411759","12/03/2014","Wed","1620","GD","VE1C","331A 929 ","","R","D","B ","F ","D","N","C","050","0","0","1","","","1759340","5910210",
"Auckland","RIMU ROAD",""," ","I","RIMU ON NBD","201434308","11/04/2014","Fri","0010","LB","CW1C","303B ","","R","D","DO","L ","T","G","R","050","0","0","0","","","1759425","5910228",
"Auckland","RISING PARADE","20","S"," ","SPRINGVALE DRIVE","201410539","30/01/2014","Thu","1821","EA","CS14","129A ","M","E","D","BF","F "," ","N","L","050","0","0","1","","","1753613","5935808",
"Auckland","RIVERHEAD ROAD","200","E"," ","OLD NORTH ROAD","201431845","16/02/2014","Sun","1134","LB","CS1CC","137A 303B 382B 929 ","M","R","D","BN","F ","D","N","C","080","0","0","0","","","1740560","5929546",
"Auckland","RIVERSDALE ROAD",""," ","I","WAIRAU AVENUE","201435885","21/04/2014","Mon","1113","BC","CN2C","103A 122A ","","R","D","BF","F ","T","G","C","050","0","0","0","","","1750145","5915741",
"Auckland","ROBB ST","30","S"," ","CLEVEDON ROAD","201435585","29/04/2014","Tue","1300","ME","CS1C","386A ","","R","D","B ","F "," "," ","C","050","0","0","0","","","1774678","5897352",
"Auckland","ROBERT ST","20","N"," ","TECOMA ST","201413124","11/02/2014","Tue","1715","JA","SN1S","308B 370B 929 ","","R","D","B ","F ","D"," ","C","050","0","1","1","","57","1761181","5915221",
"Auckland","ROBERTS AVENUE","25","W"," ","LAKE ROAD","201435627","29/04/2014","Tue","2105","EA","CS1C","129A 404A ","M","R","D","DO","F "," "," ","C","050","0","0","0","","","1759721","5924731",
"Auckland","ROBERTS AVENUE","30","E"," ","PLYMOUTH CRESCENT E","201436340","22/03/2014","Sat","2258","CB","CW1","410A ","F","R","D","DO","F "," ","N","C","050","0","0","0","","","1759363","5924533",
"Auckland","ROBERTS ROAD","200","W"," ","GLENFIELD ROAD","201410462","12/02/2014","Wed","0937","EA","CS1CC","129A 350A ","MM","R","W","O ","L "," "," ","R","050","0","0","1","","","1753352","5927010",
"Auckland","ROBERTS ROAD","200","S"," ","GLYNNBROOKE ST","201436824","24/05/2014","Sat","1400","EA","CN1V","129A ","M","R","D","O ","F "," "," ","C","050","0","0","0","","","1746825","5917887",
"Auckland","ROBERTSON ROAD",""," ","I","ASHLEY AVENUE","201412641","06/04/2014","Sun","1220","KB","CW1C","103A 301B 382B ","","E","D","BF","F ","T","S","C","050","0","0","2","","","1761366","5907048",
"Auckland","ROBERTSON ROAD","40","S"," ","BINGARA PLACE","201435288","10/04/2014","Thu","0740","EA","TS1C","386A ","M","R","D","B ","F "," "," ","N","050","0","0","0","","","1760584","5908510",
"Auckland","ROBERTSON ROAD","100","S"," ","BUCKLAND ROAD","201431202","22/02/2014","Sat","0828","CB","CS1","103A ","FT","R","D","OF","F "," ","N","X","050","0","0","0","","","1761085","5907243",
"Auckland","ROBERTSON ROAD",""," ","I","BUCKLAND ROAD","201431853","15/02/2014","Sat","0615","FA","CS1T","181A 517A ","","R","D","BF","F ","R","G","C","050","0","0","0","","","1760984","5907337",
"Auckland","ROBERTSON ROAD","150","S"," ","CALTHORP CLOSE","201434492","27/04/2014","Sun","0450","CC","CS1","103A 410A ","KX","R","D","DO","F "," "," ","C","050","0","0","0","","","1760728","5908019",
"Auckland","ROBERTSON ROAD",""," ","I","ROBERTSON ROAD","201436859","29/05/2014","Thu","1500","GB","CN2C","172B 801 ","","E","W","O ","L ","R","G","R","050","0","0","0","","","1760984","5907337",
"Auckland","ROBERTSON ROAD",""," ","I","WAKEFIELD ROAD","201430991","05/03/2014","Wed","1215","JC","CW2X","302A 375A ","","R","D","OF","F ","T","G","C","050","0","0","0","","","1760599","5908456",
"Auckland","ROCKRIDGE AVENUE","15","W"," ","ORORKE ROAD","201433199","04/04/2014","Fri","0830","MA","CW1C","373B ","","R","D","B ","F "," "," ","R","050","0","0","0","","","1761762","5913045",
"Auckland","RODNEY ST","40","N"," ","FAIRBURN ROAD","201437083","02/04/2014","Wed","2356","CC","CS1C","103A 130A ","","R","D","DO","F "," "," ","C","050","0","0","0","","","1764837","5909486",
"Auckland","RODNEY ST","200","N"," ","FAIRBURN ROAD","201430943","18/02/2014","Tue","2320","MO","CS1C","371A 929 ","M","E","D","DO","F ","D","N","N","050","0","0","0","","","1764902","5909598",
"Auckland","RODNEY ST",""," ","I","MOORE ST","201412401","04/04/2014","Fri","0650","KA","MS2C","302B 375B ","","E","D","O ","F ","R","G","P","050","0","0","1","","","1771681","5914141",
"Auckland","ROGERS ROAD","120","W"," ","CHRISTMAS ROAD","201435333","11/04/2014","Fri","0637","BF","CE1C","111A 131A ","","M","W","DO","F "," "," ","C","050","0","0","0","","","1768799","5900264",
"Auckland","ROMA ROAD","50","W"," ","MAY ROAD","201432121","12/02/2014","Wed","1420","MC","CW1V","372B ","","R","D","B ","F "," ","N","C","050","0","0","0","","","1754396","5913660",
"Auckland","RONWOOD AVENUE",""," ","I","DAVIES AVENUE","201432804","14/03/2014","Fri","1700","KB","CW1C","303B 929 ","","R","D","O ","F ","D","N","R","050","0","0","0","","","1767048","5904496",
"Auckland","RONWOOD AVENUE","100","W"," ","GREAT SOUTH ROAD","201412278","27/02/2014","Thu","1250","GA","CS1C","181A 926 ","","R","D","O ","F ","D","N","C","050","0","0","2","","","1767490","5904609",
"Auckland","RONWOOD AVENUE",""," ","I","GREAT SOUTH ROAD","201437252","23/05/2014","Fri","1330","AA","CE1C","372A ","","R","D","OF","F ","T","T","R","050","0","0","0","","","1767587","5904632",
"Auckland","RONWOOD AVENUE",""," ","I","LAMBIE DRIVE","201435447","19/03/2014","Wed","1105","GA","OW1C","181A ","","E","D","B ","F ","R","G","R","050","0","0","0","","","1766723","5904428",
"Auckland","ROSCOMMON ROAD",""," ","I","BROWNS ROAD","201436823","22/05/2014","Thu","1740","FD","CN1C","181A 330A ","","R","D","DO","F ","T","T","C","050","0","0","0","","","1765650","5901402",
"Auckland","ROSCOMMON ROAD",""," ","I","BROWNS ROAD","201433543","24/04/2014","Thu","0900","LB","CS1C","303B ","","R","D","BF","F ","T","T","R","060","0","0","0","","","1765662","5901407",
"Auckland","ROSCOMMON ROAD","10","S"," ","KIWI TAMAKI ROAD","201433395","29/03/2014","Sat","2045","AO","CN14","381A ","","R","D","DO","F ","T","T","C","060","0","0","0","","","1765407","5901997",
"Auckland","ROSCOMMON ROAD",""," ","I","KIWI TAMAKI ROAD","201434757","02/03/2014","Sun","1335","DA","VE2","501A ","F","R","D","BF","F ","T","T","R","060","0","0","0","","","1765403","5902007",
"Auckland","ROSCOMMON ROAD","30","N"," ","PALMERS ROAD","201433671","14/04/2014","Mon","1645","MO","CS1C","371A ","M","R","D","BF","F "," ","N","C","050","0","0","0","","","1766301","5899858",
"Auckland","ROSCOMMON ROAD","20","S"," ","PUSHON PLACE","201433269","15/03/2014","Sat","2055","EA","CS1C","129A 331A ","M","R","W","DO","L "," ","N","C","050","0","0","0","","","1765910","5900806",
"Auckland","ROSCOMMON ROAD","50","S"," ","ROBERT ROSS PLACE","201410720","14/02/2014","Fri","1815","JA","CS1S","102A 308B 377B 839 929 ","","R","D","B ","F ","D","N","N","050","0","0","1","","13","1766239","5899994",
"Auckland","ROSCOMMON ROAD","100","N"," ","SHARLAND AVENUE","201436146","01/02/2014","Sat","0529","CB","CN1T","130A ","M","R","D","O ","F "," "," ","C","080","0","0","0","","","1766094","5900319",
"Auckland","ROSCOMMON ROAD","100","N"," ","WEYMOUTH ROAD","201434679","31/03/2014","Mon","0820","LB","CS1CC","303B 387B 925 ","","R","D","BF","F ","D","N","R","050","0","0","0","","","1766275","5899904",
"Auckland","ROSCOMMON ROAD","15","N"," ","WIRI STATION ROAD","201432884","10/03/2014","Mon","0735","FA","TN1C","331A ","","R","D","B ","F "," "," ","R","050","0","0","0","","","1765049","5902871",
"Auckland","ROSCOMMON ROAD","100","N"," ","WIRI STATION ROAD","201410584","29/01/2014","Wed","0807","FD","CN1CT","181A ","","R","D","BF","F "," ","N","R","080","0","0","2","","","1765017","5902950",
"Auckland","ROSCOMMON ROAD",""," ","I","WIRI STATION ROAD","201431516","25/01/2014","Sat","0002","FE","CS1C","103A 331A ","","R","D","DO","F ","T","T","R","050","0","0","0","","","1765066","5902862",
"Auckland","ROSCOMMON ROAD",""," ","I","WIRI STATION ROAD","201435890","25/04/2014","Fri","1930","FE","CN1C","181A ","","R","D","DO","F ","X","T","C","050","0","0","0","","","1765059","5902846",
"Auckland","ROSCOMMON ROAD",""," ","I","WORDSWORTH ROAD","201432980","04/03/2014","Tue","1332","JA","CS1X","302B 377B 839 ","","R","D","B ","F ","T","G","R","060","0","0","0","","","1766000","5900581",
"Auckland","ROSEBANK ROAD","10","W"," ","ASH ST","201438343","18/05/2014","Sun","1500","FE","CE1C","331A ","","R","D","B ","F ","X","T","C","050","0","0","0","","","1750827","5915593",
"Auckland","ROSEBANK ROAD",""," ","I","ASH ST","201433994","09/04/2014","Wed","1830","GD","CS1C","112A 181A ","","R","D","DO","F ","X","T","C","050","0","0","0","","","1750837","5915590",
"Auckland","ROSEBANK ROAD",""," ","I","ASPEN ST","201433243","14/03/2014","Fri","1530","LB","CE1C","303B 375B ","","R","D","BF","F ","T","G","P","050","0","0","0","","","1750743","5915618",
"Auckland","ROSEBANK ROAD","50","N"," ","CHARANN PLACE","201437140","12/05/2014","Mon","0200","DA","CN1C","103A 431A 103B 431B ","K","E","D","DO","F "," ","N","C","050","0","0","0","","","1749196","5917097",
"Auckland","ROSEBANK ROAD",""," ","I","FREMLIN PLACE","201434557","02/04/2014","Wed","1706","JO","CW1C","314B 377B ","","R","D","OF","F ","T","G","P","050","0","0","0","","","1749531","5916891",
"Auckland","ROSEBANK ROAD","10","E"," ","MEAD ST","201410922","07/01/2014","Tue","1729","DA","CE1","101A 111A 131A ","F","M","D","BF","F ","T","S","P","050","0","2","0","","","1749965","5916623",
"Auckland","ROSEBANK ROAD","60","S"," ","MEAD ST","201432254","05/01/2014","Sun","1530","CB","VN1","130A 801 ","C","R","W","B ","L "," "," ","P","050","0","0","0","","","1749993","5916582",
"Auckland","ROSEBANK ROAD","100","S"," ","TIMOTHY PLACE","201410049","12/02/2014","Wed","1801","BF","4S14","131A 412A 197B ","P","E","D","B ","F "," "," ","C","050","0","0","1","","","1748830","5917491",
"Auckland","ROSEDALE ROAD","50","E"," ","ALBANY HIGHWAY","201436905","23/05/2014","Fri","1505","EA","CW1CC","103A 129A 130A ","M","R","D","O ","F "," "," ","C","050","0","0","0","","","1751196","5932315",
"Auckland","ROSEDALE ROAD",""," ","I","BUSH ROAD","201412063","24/04/2014","Thu","1450","DA","CN1","111A 631A ","T","R","W","O ","  ","X","T","C","050","0","0","1","","","1752152","5932472",
"Auckland","ROSEDALE ROAD",""," ","I","COWLEY PLACE","201411028","16/01/2014","Thu","1616","HA","CE1M","302A 375A ","","R","D","O ","F ","R","G","C","050","0","0","1","","","1753354","5932477",
"Auckland","ROSEDALE ROAD",""," ","I","EAST COAST ROAD","201437835","02/06/2014","Mon","1200","FE","CE1V","181A ","","R","D","B ","F ","T","T","C","050","0","0","0","","","1754857","5933182",
"Auckland","ROSEDALE ROAD",""," ","I","EAST COAST ROAD","201430754","20/01/2014","Mon","1236","DA","CE1","135A 801 ","FKS","M","W","OF","L ","T","T","C","050","0","0","0","","","1754857","5933182",
"Auckland","ROSEDALE ROAD",""," ","I","HENRY ROSE PLACE","201411515","07/03/2014","Fri","1035","BF","CE1C","131A 501A ","HQ","M","D","BF","F ","T","G","P","050","0","0","1","","","1753158","5932392",
"Auckland","ROSEDALE ROAD",""," ","I","HENRY ROSE PLACE","201411835","02/04/2014","Wed","1053","KB","VW1B","302B 375B ","","E","D","BF","F ","T","G","C","050","0","0","1","","","1753158","5932392",
"Auckland","ROSEDALE ROAD","5","E"," ","JACK HINTON DRIVE","201433942","01/04/2014","Tue","1630","KA","CE1V","308B 375B 929 ","","R","D","B ","F ","D","N","C","050","0","0","0","","","1752853","5932406",
"Auckland","ROSEDALE ROAD","50","E"," ","MANA LANE","201410913","04/03/2014","Tue","0825","FD","CW1CCC","181A ","","R","D","OF","F "," ","N","C","050","0","0","2","","","1754544","5933139",
"Auckland","ROSEDALE ROAD",""," ","I","TAWA DRIVE","201412436","21/04/2014","Mon","1925","HA","4S2C","302A 375A 412A 817 ","I","E","D","DO","F ","R","G","R","050","0","0","1","","","1753361","5932495",
"Auckland","ROSEHILL DRIVE","300","E"," ","EDINBURGH AVENUE","201436537","15/05/2014","Thu","1300","CC","CE1C","130A 501A ","M","R","D","B ","F "," "," ","C","050","0","0","0","","","1772465","5894959",
"Auckland","ROSEHILL DRIVE","200","W"," ","EDINBURGH AVENUE","201432519","07/02/2014","Fri","1530","EA","VE1C","386A ","M","E","D","B ","F "," ","N","C","050","0","0","0","","","1772018","5895035",
"Auckland","ROSEMUND AVENUE","60","E"," ","HILLVIEW AVENUE","201438617","04/05/2014","Sun","0019","DA","CW1","111A 131A ","PT","M","W","DO","M "," "," ","N","050","0","0","0","","","","",
"Auckland","ROSSCOMMON ROAD",""," ","I","BROWNS ROAD","201438651","01/07/2014","Tue","1440","FB","CW1C","181A ","","E","D","B ","F ","X","G","N","050","0","0","0","","","","",
"Auckland","ROSSGROVE TERRACE",""," ","I","LINWOOD AVENUE","201434021","04/04/2014","Fri","0010","DC","VS1","103A 112A ","C","R","D","DO","F ","T","N","C","050","0","0","0","","","1753350","5917453",
"Auckland","ROTHESAY BAY ROAD",""," ","I","MONTGOMERY AVENUE","201434690","27/03/2014","Thu","1809","HA","CW2C","302B 361B 375B ","","R","D","OF","F ","X","G","C","050","0","0","0","","","1756402","5934086",
"Auckland","ROWANDALE AVENUE",""," ","I","BURBANK AVENUE","201435887","06/05/2014","Tue","0139","DA","CS1","111A 131A 514A ","F","E","W","DO","L ","T","G","P","050","0","0","0","","","1766501","5901239",
"Auckland","ROWANDALE AVENUE","20","N"," ","SUNLANDS DRIVE","201411176","09/02/2014","Sun","0615","CB","CS1T","410A ","M","R","D","O ","F "," "," ","C","050","0","1","0","","","1766622","5901018",
"Auckland","ROWANDALE AVENUE","80","N"," ","SUNLANDS DRIVE","201434275","19/03/2014","Wed","2025","FA","CN1CC","331A 358A 197C 929 ","","R","D","DO","F ","D"," ","C","050","0","0","0","","","1766589","5901068",
"Auckland","ROWANDALE AVENUE",""," ","I","WORDSWORTH ROAD","201430229","04/01/2014","Sat","0840","HA","CW2C","302A ","","M","D","B ","F ","R","G","C","050","0","0","0","","","1766730","5900874",
"Auckland","ROYAL OFF WBD N",""," ","I","MAKORA ROAD","201432003","04/02/2014","Tue","1632","FD","CN1CC","181A 331A 414A ","","M","D","BF","F ","T","T","R","100","0","0","0","","","1744318","5922429",
"Auckland","ROYAL ON EBD","80","W"," ","ROYAL ROAD E","201412699","18/04/2014","Fri","1903","DB","CS1","111A 131A ","PS","E","W","DO","L "," ","N","N","050","0","0","2","","","1744487","5922489",
"Auckland","ROYAL ROAD","50","E"," ","DON BUCK ROAD","201432635","27/03/2014","Thu","2145","FA","CE1C","181A 330A ","","R","D","B ","F "," ","N","C","050","0","0","0","","","1743253","5922658",
"Auckland","ROYAL ROAD",""," ","I","DON BUCK ROAD","201437385","03/05/2014","Sat","1618","DA","CN2","103A 131A ","CK","E","D","OF","F ","R","G","P","050","0","0","0","","","1743192","5922656",
"Auckland","ROYAL ROAD",""," ","I","WIDMORE DRIVE","201411899","26/03/2014","Wed","0803","JA","CE1M","302B 375B ","","R","D","OF","F ","T","G","C","050","0","1","0","","","1745114","5922458",
"Auckland","ROYAL ROAD N",""," ","I","ROYAL ON EBD","201430676","19/01/2014","Sun","2130","LB","CW1C","111A 303B 386B ","","E","D","DN","F ","T","G","C","050","0","0","0","","","1744504","5922538",
"Auckland","RUAHINE ST N","100","E"," ","MIRANDA ST","201438643","15/06/2014","Sun","0212","DB","CW1C","111A 131A ","M","E","D","DO","F "," "," ","C","050","0","0","0","","","1751335","5913899",
"Auckland","RUNCIMAN ROAD","90","S"," ","NGAKOROA ROAD","201434114","11/04/2014","Fri","2158","DA","CN1","103A 111A 131A ","FX","E","W","DN","L "," ","N","C","100","0","0","0","","","1772914","5888989",
"Auckland","RUNCIMAN ROAD","100","N"," ","PUKEKOHE EAST ROAD","201432078","26/01/2014","Sun","1915","DB","4S1","131A 407A 800 901 ","T","E","W"," N","H "," ","N","C","100","0","0","0","","","1772885","5881733",
"Auckland","RUNCIMAN ROAD","250","S"," ","RUTHERFORD ROAD","201431628","19/01/2014","Sun","0950","CA","CS1","129A 197A 407A ","FPX","R","D","B ","F "," "," ","C","100","0","0","0","","","1772928","5882229",
"Auckland","RUSSELL ROAD","15","E"," ","KENT ROAD","201432841","15/03/2014","Sat","1130","FD","CW1C","191B ","","R","W","O ","H "," "," ","C","050","0","0","0","","","1767332","5901238",
"Auckland","RUSSELL ROAD","20","N"," ","WEYMOUTH ROAD","201413086","05/06/2014","Thu","1800","CC","CS1","104A 108A 112A ","P","R","D","DO","F "," ","N","L","050","0","0","1","","","1768415","5900650",
"Auckland","SACKVILLE ST","15","S"," ","RICHMOND ROAD N","201430150","01/02/2014","Sat","2350","EA","VS1C","103A 386A ","M","R","D","DF","F ","M","N","C","050","0","0","0","","","1754769","5919874",
"Auckland","SALEYARDS ROAD",""," ","I","PORTAGE ROAD","201436100","05/05/2014","Mon","1715","JA","CW1C","321A ","","E","W","O ","L ","T","S","C","050","0","0","0","","","1763438","5910622",
"Auckland","SAM WRIGLEY ST E","20","W"," ","COOK ST","201430222","12/01/2014","Sun","0935","FO","CW1C","331A ","","R","W","B ","F "," "," ","C","050","0","0","0","","","1756600","5920247",
"Auckland","SAM WRIGLEY ST W",""," ","I","COOK ST","201433576","20/04/2014","Sun","2120","DB","CE2","111A 131A 404A ","HI","M","W","DO","F ","Y","N","R","050","0","0","0","","","1756532","5920278",
"Auckland","SANDRINGHAM ROAD","15","N"," ","AROHA AVENUE","201431940","07/03/2014","Fri","1800","FD","CS1CCC","331A 359A ","","R","D","OF","F "," ","N","C","050","0","0","0","","","1754993","5916728",
"Auckland","SANDRINGHAM ROAD","40","S"," ","BALMORAL ROAD","201433235","12/03/2014","Wed","0950","GB","BN1C","333A 387B 927 ","","R","D","BF","F ","D","N","C","050","0","0","0","","","1754907","5916417",
"Auckland","SANDRINGHAM ROAD","10","S"," ","BEGBIE PLACE","201413843","15/06/2014","Sun","1445","EA","CN1V","129A 350A ","MF","R","D","B ","F ","X","S","C","050","0","0","1","","","","",
"Auckland","SANDRINGHAM ROAD","40","S"," ","COYLE ST","201435377","01/05/2014","Thu","1545","KA","CN1C","308B 929 ","","E","D","B ","F ","D","N","C","050","0","0","0","","","1754746","5915836",
"Auckland","SANDRINGHAM ROAD","15","E"," ","EDENDALE ROAD","201432063","15/02/2014","Sat","0728","EC","CE1C","363A 645A 902 ","M","E","D","B ","F "," "," ","C","050","0","0","0","","","1755492","5917826",
"Auckland","SANDRINGHAM ROAD","5","S"," ","ETHEL ST","201437316","07/06/2014","Sat","2218","MO","BN1C","385A ","M","R","D","DO","F ","X","T","C","050","0","0","0","","","1755151","5917289",
"Auckland","SANDRINGHAM ROAD","20","S"," ","KITCHENER ROAD","201412473","07/01/2014","Tue","1230","NB","CN1E","306A 376A ","","R","D","O ","F "," "," ","X","050","0","0","1","68","","1754715","5915675",
"Auckland","SANDRINGHAM ROAD",""," ","I","LESLIE AVENUE","201412402","29/03/2014","Sat","1120","LB","MN1C","303B 314B 375B ","","R","D","B ","F ","X","S","C","050","0","0","1","","","1755125","5917198",
"Auckland","SANDRINGHAM ROAD",""," ","I","ONSLOW ROAD","201433337","20/03/2014","Thu","1740","JA","CS1C","302B 375B ","","R","D","BF","F ","T","G","C","050","0","0","0","","","1755698","5917864",
"Auckland","SANDRINGHAM ROAD",""," ","I","PAICE AVENUE","201410349","14/01/2014","Tue","1155","HA","CS14","301B 387B ","","R","D","BN","F ","X","S","C","050","0","0","1","","","1755100","5917107",
"Auckland","SANDRINGHAM ROAD",""," ","I","SHORWELL ST","201411633","15/02/2014","Sat","1126","CB","CN1","101A 129A ","P","R","D","BF","F ","T","S","P","050","0","0","1","","","1754793","5916006",
"Auckland","SANDRINGHAM ROAD","40","N"," ","SKEATES AVENUE","201412671","14/04/2014","Mon","1513","PO","CN1E","512A ","","R","D","OF","F "," ","N","C","050","0","0","1","44","","1754190","5914675",
"Auckland","SANDRINGHAM ROAD","40","N"," ","SKEATES AVENUE","201437542","13/05/2014","Tue","2318","CC","CS1","130A ","FI","R","W","DO","L "," "," ","R","050","0","0","0","","","1754190","5914675",
"Auckland","SANDRINGHAM ROAD","20","N"," ","ST LUKES ROAD","201432037","02/02/2014","Sun","1900","AA","CS1C","372A ","","R","D","TO","F "," "," ","C","050","0","0","0","","","1754923","5916475",
"Auckland","SANDRINGHAM ROAD",""," ","I","ST LUKES ROAD","201410372","28/01/2014","Tue","0715","NB","CN1E","712B 713B 718B ","","R","D","BF","F ","X","T","C","050","0","1","0","38","","1754917","5916456",
"Auckland","SANDRINGHAM ROAD",""," ","I","STODDARD ROAD","201431818","05/03/2014","Wed","1800","FF","CN1C","197B ","","R","D","BF","F ","X","T","C","050","0","0","0","","","1753966","5914354",
"Auckland","SANDSPIT ROAD","1400","W"," ","HAMILTON ROAD","201437237","24/05/2014","Sat","1835","DB","CW1","135A 402A 804 817 ","X","M","D","DN","F "," ","N","N","100","0","0","0","","","1750746","5970696",
"Auckland","SANDSPIT ROAD",""," ","I","MEADOWLAND DRIVE","201437321","10/06/2014","Tue","1640","HA","CE2T","302A 375A ","","R","W","OF","H ","X","G","C","050","0","0","0","","","1772981","5913518",
"Auckland","SANDSTONE ROAD","100","W"," ","WHITFORD PARK ROAD","201436407","30/04/2014","Wed","1900","EC","CW1","341A 363A 601A 912 ","W","R","D","DN","F "," ","N","C","100","0","0","0","","","1774987","5908788",
"Auckland","SARAWIA ST",""," ","I","PARNELL ROAD","201436641","06/05/2014","Tue","1820","MG","CW1C","372B 512B ","","R","D","B ","F ","T","N","C","050","0","0","0","","","1758660","5918740",
"Auckland","SARSFIELD ST",""," ","I","CURRAN ST","201434286","13/03/2014","Thu","1901","HA","4E1C","112A 301A 370A ","","R","D","B ","F ","X","S","C","050","0","0","0","","","1755106","5921368",
"Auckland","SAVILL DRIVE","50","N"," ","MASSEY ROAD","201435580","01/05/2014","Thu","1915","GD","CN1C","331A 386A 925 ","","R","D","DO","F ","D"," ","C","050","0","0","0","","","1763219","5908274",
"Auckland","SAVOY ROAD","50","W"," ","PLEASANT ROAD","201430951","26/02/2014","Wed","1835","GB","CW1C","387A 929 ","","R","D","BF","F ","D","N","N","050","0","0","0","","","1747633","5913160",
"Auckland","SCANLAN ST","30","N"," ","CRUMMER ROAD","201435595","14/04/2014","Mon","1030","BO","TN1C","386A ","M","R","D","O ","F "," "," ","N","050","0","0","0","","","1755758","5919166",
"Auckland","SCENIC DRIVE","140","N"," ","SHAW ROAD","201437122","27/04/2014","Sun","1230","FD","CS1C","181A ","","R","D","BF","F "," ","N","C","050","0","0","0","","","1744808","5910505",
"Auckland","SCENIC DRIVE","660","N"," ","SHAW ROAD","201435122","11/01/2014","Sat","0052","DA","CN1C","103A 111A ","M","E","D","TF","F "," ","N","C","050","0","0","0","","","1745170","5910771",
"Auckland","SCENIC DRIVE","910","S"," ","WEST COAST ROAD","201410963","09/01/2014","Thu","1813","BB","CS14","129A 404A ","","M","D","OF","F "," ","N","C","080","0","1","2","","","1740939","5910507",
"Auckland","SCENIC DRIVE","2000","S"," ","WEST COAST ROAD","201437143","30/05/2014","Fri","1006","BF","CN1C","129A 134A ","","M","W","OF","M "," ","N","C","100","0","0","0","","","1741628","5910332",
"Auckland","SCENIC DRIVE",""," ","I","WEST COAST ROAD","201438647","14/06/2014","Sat","0959","JA","4S1C","302B ","","M","D","B ","F ","T","G","N","070","0","0","0","","","1740581","5911291",
"Auckland","SCENIC DRIVE","740","S"," ","WOODLANDS PARK ROAD","201411900","19/03/2014","Wed","1450","BC","ME14","111A 129A 402A ","","M","D","BN","F "," ","N","L","050","0","0","1","","","1747059","5910511",