"TLA NAME","CRASH ROAD","CRASH DIST","CRASH DIRN","INTSN","SIDE ROAD","CRASH ID","CRASH DATE","CRASH DOW","CRASH TIME","MVMT","VEHICLES","CAUSES","OBJECTS STRUCK","ROAD CURVE","ROAD WET","LIGHT","WTHRa","JUNC TYPE","TRAF CTRL","ROAD MARK","SPD LIM","CRASH FATAL CNT","CRASH SEV CNT","CRASH MIN CNT","PERS AGE1","PERS AGE2","EASTING","NORTHING"
"Auckland","SCHNAPPER ROCK ROAD","170","S"," ","ALBANY HIGHWAY W","201435633","25/02/2014","Tue","1254","EA","4S1T","129A 130A ","M","E","D","B ","F "," "," ","C","050","0","0","0","","","1751371","5931108",
"Auckland","SCHOOL ROAD","1200","W"," ","HINAU ROAD","201413261","13/06/2014","Fri","2228","DA","CS1","121A 131A 860 ","C","M","D","DN","F "," ","N","C","080","0","0","1","","","1731758","5927193",
"Auckland","SCHOOL ROAD",""," ","I","VODANOVICH ROAD","201410041","21/02/2014","Fri","0735","HA","CE1C","301B 375B ","","R","D","B ","F ","X","S","C","050","0","0","3","","","1746025","5918713",
"Auckland","SEA VIEW ROAD","380","S"," ","SEVENTH AVENUE","201413692","13/06/2014","Fri","1410","DA","TS1","129A 131A 816 ","","S","D","B ","F "," "," ","C","050","0","0","1","","","1785138","5926287",
"Auckland","SEABROOK AVENUE","100","E"," ","PARKER AVENUE","201431891","17/02/2014","Mon","0051","CC","CE1","103A 359A ","T","R","D","DO","F "," ","N","C","050","0","0","0","","","1748804","5912763",
"Auckland","SEAFIELD VIEW ROAD","20","N"," ","CARLTON GORE ROAD","201432389","06/03/2014","Thu","1600","MD","CS1C","308B 371B 929 ","","R","D","B ","F ","D","N","C","050","0","0","0","","","1757514","5918865",
"Auckland","SEAFORTH AVENUE","90","S"," ","NADINE PLACE","201437913","15/06/2014","Sun","1550","AO","CS1C","103A 150A ","","R","D","BF","F "," ","N","C","050","0","0","0","","","1757701","5910058",
"Auckland","SEASCAPE ROAD","20","W"," ","WAIATARUA ROAD","201437072","15/05/2014","Thu","","KB","CW1C","308B 929 ","","R","D","B ","F ","D","N","N","050","0","0","0","","","1762330","5917316",
"Auckland","SEAVIEW ROAD","15","E"," ","GARDEN ROAD","201432018","02/01/2014","Thu","1800","MO","4E1C","370A 371B 927 ","","R","D","B ","F ","D"," ","N","050","0","0","0","","","1731040","5909268",
"Auckland","SEAVIEW ROAD","40","W"," ","VALLEY VIEW ROAD","201434802","13/02/2014","Thu","2154","EA","4W1C","103A 112A 129A ","M","R","D","DO","F "," ","N","C","050","0","0","0","","","1752870","5927092",
"Auckland","SEDDON ST",""," ","I","VICTORIA ST","201431626","21/01/2014","Tue","1750","KB","CS1C","302B 402B ","","R","W","O ","L ","T","G","C","050","0","0","0","","","1768750","5881497",
"Auckland","SEL PEACOCK DRIVE","30","N"," ","ALDERMAN DRIVE","201432068","28/01/2014","Tue","1110","MD","CS1C","308B 371B 927 ","","R","D","B ","F ","D"," ","C","050","0","0","0","","","1745543","5917573",
"Auckland","SEL PEACOCK DRIVE",""," ","I","LINCOLN ROAD","201437374","24/05/2014","Sat","1919","FE","4W1C","103A 331A ","","E","D","DO","F ","T","T","R","050","0","0","0","","","1745082","5917939",
"Auckland","SEL PEACOCK DRIVE","40","N"," ","WADIER PLACE","201434097","15/01/2014","Wed","1624","MO","CS1C","386A 407A 922 ","M","R","D","B ","F ","D","N","C","050","0","0","0","","","1745324","5917758",
"Auckland","SELWYN ROAD","60","W"," ","BUCKLEY ROAD","201437218","19/05/2014","Mon","2346","CC","CE1C","112A 130A 517A ","M","R","D","DO","F "," ","N","C","050","0","0","0","","","1757352","5914600",
"Auckland","SELWYN ROAD","20","W"," ","SALE ST","201433365","23/03/2014","Sun","0540","CB","CE1","130A 517A ","F","R","D","DO","F "," ","N","C","050","0","0","0","","","1772749","5915092",
"Auckland","SELWYN ROAD","25","S"," ","STATION ROAD","201437179","18/03/2014","Tue","1500","MO","CS1C","371A ","M","R","D","BF","F "," ","N","C","050","0","0","0","","","1768522","5900898",
"Auckland","SELWYN ROAD","20","E"," ","THE GLEBE","201413089","02/06/2014","Mon","1440","JA","CE1C","308B 375B 929 ","","R","D","BF","F ","D","N","C","050","0","0","2","","","1772403","5915000",
"Auckland","SELWYN ST",""," ","I","CHURCH ST","201412101","22/04/2014","Tue","1056","HA","CW24V4","322A 350A 322B 350B ","","R","D","B ","F ","X","T","C","050","0","0","1","","","1758822","5912172",
"Auckland","SETTLEMENT ROAD","80","E"," ","KING EDWARD AVENUE","201413723","16/05/2014","Fri","1655","FD","VW1VC","331A 363A 902 ","","R","W","TO","L "," ","N","C","050","0","0","2","","","1773196","5895710",
"Auckland","SETTLEMENT ROAD",""," ","I","KING EDWARD AVENUE","201434103","17/04/2014","Thu","1550","KB","CN1C","303B 314B 402B ","","R","D","BF","F ","X","S","C","050","0","0","0","","","1773126","5895671",
"Auckland","SETTLEMENT ROAD","40","W"," ","MARNE ROAD","201413787","05/06/2014","Thu","0755","FD","CE1CC","331A 363A 378A 902 ","","R","D","BF","F "," ","N","C","050","0","0","1","","","","",
"Auckland","SETTLEMENT ROAD","10","E"," ","OPAHEKE ROAD","201437916","14/06/2014","Sat","1054","FD","CW1CC","181A 330A ","","R","D","B ","F ","X","T","C","050","0","0","0","","","1773042","5895626",
"Auckland","SETTLEMENT ROAD","50","W"," ","OPAHEKE ROAD","201433588","08/04/2014","Tue","1017","FD","TE1C","181A ","","R","D","BF","F "," ","N","C","050","0","0","0","","","1772990","5895597",
"Auckland","SETTLEMENT ROAD",""," ","I","SMITHS AVENUE","201412816","10/05/2014","Sat","1100","LB","CS1C","104B 303B ","","E","D","B ","F ","T","S","C","050","0","0","1","","","1773629","5895946",
"Auckland","SEYMOUR AVENUE","5","S"," ","KAUTAMI AVENUE","201435453","30/04/2014","Wed","0300","CB","CN1","130A 410A ","P","R","D","DO","F ","M","N","C","050","0","0","0","","","1765357","5907488",
"Auckland","SEYMOUR ROAD","20","S"," ","BENITA PLACE","201411111","10/03/2014","Mon","1330","PO","CS1E","129A 357A ","","R","D","B ","F "," "," ","P","050","0","0","1","28","","1745331","5914992",
"Auckland","SEYMOUR ROAD","30","N"," ","BORICH ROAD","201412067","26/04/2014","Sat","2305","EA","CS1C","103A 129A ","M","R","D","DO","F "," ","N","C","050","0","0","1","","","1745009","5914517",
"Auckland","SEYMOUR ROAD","80","S"," ","SOLEA ROAD","201430628","04/01/2014","Sat","2240","EA","CN1C","103A 386A ","M","R","D","DO","F "," ","N","C","050","0","0","0","","","1745152","5914706",
"Auckland","SH 16","300","E"," ","ROSEBANK OBR","201438619","09/06/2014","Mon","1617","AA","CW1M","372A ","","R","W","DO","F "," "," ","C","080","0","0","0","","","","",
"Auckland","SH 17",""," ","I","UNIVERSITY AVENUE","201438634","08/06/2014","Sun","1726","FE","CW1CC","181A 181B ","","R","D","TO","F ","T","T","C","080","0","0","0","","","","",
"Auckland","SH 1N","200","N"," ","ARARIMU OBR","201438646","18/06/2014","Wed","0905","AA","TN1C","372A ","","R","W","O ","F "," "," ","C","100","0","0","0","","","","",
"Auckland","SH 1N","100","S"," ","NORTHCOTE OBR","201438633","17/06/2014","Tue","0917","FD","CS14","181A 331A ","","R","W","O ","F "," "," ","C","100","0","0","0","","","","",
"Auckland","SH 1N","500","S"," ","PARKER ESTATE OBR","201434710","26/04/2014","Sat","1833","FD","CS1CC","331A 351A ","","R","D","DO","F "," ","N","C","100","0","0","0","","","","",
"Auckland","SH 20","30","W"," ","LAMBIE OBR","201413790","12/06/2014","Thu","1756","FD","CS1CCC","101A 181A ","","R","D","DO","L "," ","N","N","100","0","0","1","","","","",
"Auckland","SH 20A",""," ","I","JOHN GOULTER DRIVE","201437276","03/06/2014","Tue","1730","HA","CW2C","302A 375A ","","R","D","DO","F ","R","G","R","050","0","0","0","","","1759079","5903816",
"Auckland","SH 20A",""," ","I","JOHN GOULTER DRIVE","201435304","19/04/2014","Sat","1615","AA","CS1C","372A ","","R","W","B ","F ","R","G","R","050","0","0","0","","","1759070","5903825",
"Auckland","SH 20A",""," ","I","JOHN GOULTER DRIVE","201433207","05/03/2014","Wed","1245","HA","CW2C","302A 387A ","","R","D","BF","F ","R","G","C","050","0","0","0","","","1759079","5903816",
"Auckland","SHACKLETON ROAD",""," ","I","MOUNT EDEN ROAD","201410050","18/02/2014","Tue","0759","LB","SN1V","197A 303B 314B 375B ","","R","D","B ","F ","T","S","R","050","0","1","0","","31","1756615","5915130",
"Auckland","SHAKESPEARE ROAD","130","S"," ","KITCHENER ROAD","201410384","08/01/2014","Wed","2134","EA","SS1C","331A 361A ","M","R","D","DO","F "," ","N","C","050","0","0","1","","55","1757314","5928839",
"Auckland","SHAKESPEARE ROAD",""," ","I","WAIRAU ROAD","201412131","03/05/2014","Sat","1311","LB","CS2C","303B 375B ","","E","D","B ","F ","X","T","R","050","0","0","1","","","1756431","5927790",
"Auckland","SHAKESPEARE ROAD","100","S"," ","WATERLOO ROAD","201436327","19/03/2014","Wed","0744","MA","CN1C","373B ","","R","D","BF","F "," ","N","C","050","0","0","0","","","1756757","5928216",
"Auckland","SHAKESPEARE ROAD","10","S"," ","WOODBRIDGE LANE","201411048","06/01/2014","Mon","1723","PO","4S1E","308A 370A 927 ","","R","D","B ","F ","D"," ","C","050","0","1","0","7","","1757074","5928569",
"Auckland","SHARKEY ST",""," ","I","CAVENDISH DRIVE","201432839","28/02/2014","Fri","1643","MG","CW1C","371B ","","R","D","B ","F ","T","G","N","050","0","0","0","","","1767113","5904755",
"Auckland","SHARKEY ST","20","N"," ","RONWOOD AVENUE","201433554","04/04/2014","Fri","1732","FD","CS1C","181A ","","R","D","BF","F ","R","G","C","050","0","0","0","","","1767181","5904582",
"Auckland","SHARKEY ST S",""," ","I","CAVENDISH DRIVE","201410662","01/03/2014","Sat","2041","LB","CW1C","322A 334A ","","R","D","DO","F ","T","T","P","060","0","1","1","","","1767113","5904755",
"Auckland","SHARLAND AVENUE","20","E"," ","KERN PLACE","201431720","25/01/2014","Sat","0400","CB","CW1","112A 130A ","S","R","D","DO","F "," "," ","N","050","0","0","0","","","1766332","5900306",
"Auckland","SHARLAND AVENUE",""," ","I","MON DESIR PLACE","201437201","10/05/2014","Sat","1145","MG","CW1C","371B ","","R","D","BF","F ","X","G","C","050","0","0","0","","","1766662","5900389",
"Auckland","SHARP ROAD","510","S"," ","MONARCH DOWNS WAY","201412751","17/04/2014","Thu","1622","DA","CS1","111A 131A ","V","S","D","ON","F "," ","N","C","080","0","0","1","","","1752635","5971631",
"Auckland","SHAW ROAD",""," ","I","CARTER ROAD","201413054","26/02/2014","Wed","1100","CB","MN1","137A 197A ","","R","D","BF","F ","T","S","C","070","0","0","1","","","1744696","5910885",
"Auckland","SHEA TERRACE","20","E"," ","TAHAROTO ROAD","201437070","01/06/2014","Sun","1200","MO","CE1C","386A ","M","R","D","B ","F "," "," ","N","050","0","0","0","","","1756649","5927586",
"Auckland","SHERWOOD AVENUE","50","W"," ","FLANSHAW ROAD N","201436625","11/05/2014","Sun","0800","EA","CE14","386A ","M","R","D","DO","F "," ","N","N","050","0","0","0","","","1746394","5919695",
"Auckland","SHIFNAL DRIVE",""," ","I","HYPERION DRIVE","201437580","03/05/2014","Sat","1815","DC","CW1","103A 335A ","F","R","D","DO","F ","T","S","R","050","0","0","0","","","1770090","5900148",
"Auckland","SHIRLEY ROAD","260","N"," ","CORONATION ROAD","201430631","26/01/2014","Sun","1942","DA","CN1","110A 131A ","F","M","W","TO","F "," ","N","C","050","0","0","0","","","1764579","5906120",
"Auckland","SHOAL BAY ROAD",""," ","I","HASTINGS PARADE","201431377","11/02/2014","Tue","1252","EC","TN1","686A ","P","R","D","BF","F ","T","G","R","050","0","0","0","","","1759845","5922763",
"Auckland","SHORE ROAD",""," ","I","BASSETT ROAD","201437366","29/04/2014","Tue","1850","HA","CN2C","302A 375A ","","R","D","DO","F ","R","G","R","050","0","0","0","","","1759320","5918683",
"Auckland","SHORE ROAD",""," ","I","BRIGHTON ROAD","201433349","09/03/2014","Sun","0857","AO","BW1C","381A 671A ","","E","D","BF","F ","X","G","R","050","0","0","0","","","1759343","5918685",
"Auckland","SHORT ST","30","W"," ","GREENHAVEN AVENUE","201435296","22/01/2014","Wed","2130","EA","CW1C","129A 330A ","M","R","D","DO","F "," "," ","N","050","0","0","0","","","1773370","5895357",
"Auckland","SHORTLAND ST","20","W"," ","FIELDS LANE","201410998","20/02/2014","Thu","0718","MC","ME1C","372B 375B ","","R","D","BF","F "," ","N","C","050","0","0","1","","","1757623","5920654",
"Auckland","SILVERDALE OFF NBD",""," ","I","DAIRY FLAT HIGHWAY","201434703","28/04/2014","Mon","1830","AC","CN1C","381A ","","E","D"," F","F ","R","G","R","080","0","0","0","","","1748572","5945368",
"Auckland","SILVERDALE ON NBD",""," ","I","SILVERDALE ON NBD","201433233","14/03/2014","Fri","1220","FF","CE2T","191B ","","E","D","OF","F ","R","G","R","050","0","0","0","","","1748585","5945414",
"Auckland","SILVERDALE ON SBD","60","S"," ","HIBISCUS COAST HIGHWAY","201433580","22/04/2014","Tue","1126","DB","TS1","136A 631A ","G","E","D","OF","F "," ","N","C","050","0","0","0","","","1748819","5945443",
"Auckland","SILVERDALE PARKWAY","20","W"," ","HIBISCUS COAST HIGHWAY","201433340","07/03/2014","Fri","1100","AC","VW1C","372A 381A ","","R"," "," F","  "," ","N","C","050","0","0","0","","","1750693","5946699",
"Auckland","SILVERDALE ST",""," ","I","HIBISCUS COAST HIGHWAY","201437871","17/04/2014","Thu","1430","FB","CS1C","181A 331A ","","R","D","B ","F ","T","S","C","050","0","0","0","","","1749948","5946088",
"Auckland","SIMPSON ROAD","250","E"," ","CANDIA ROAD","201412432","17/04/2014","Thu","1242","DA","CW1","130A 354A 402A 818 ","P","E","D","B ","F "," "," ","C","070","0","0","1","","","1742273","5916766",
"Auckland","SIMS ROAD","15","E"," ","GREAT SOUTH ROAD","201435904","26/03/2014","Wed","0830","EA","TW1C","129A ","M","R","D","BF","F "," ","N","C","050","0","0","0","","","1762431","5912858",
"Auckland","SIR PETER BLAKE PARADE","250","S"," ","BAYSWATER AVENUE","201438165","26/05/2014","Mon","1517","EC","CS1","129A 358A ","G","R","D","BN","F "," ","N","R","050","0","0","0","","","1757718","5923818",
"Auckland","SKELTON AVENUE","20","W"," ","MAGIC WAY","201432711","16/02/2014","Sun","2220","MO","CW1","103A 112A 130A ","T","R","D","DO","F "," "," ","C","050","0","0","0","","","1770172","5901241",
"Auckland","SLIP","100","N"," ","GILLS ROAD","201436752","26/05/2014","Mon","1535","FA","CS1C","181A 351A ","","R","D","B ","F "," ","N","C","050","0","0","0","","","1770097","5915727",
"Auckland","SLIP ROAD","100","W"," ","MASCOT AVENUE","201431005","08/02/2014","Sat","1505","FA","CE1C","112A 181A ","","R","D","B ","F "," ","N","C","050","0","0","0","","","1760289","5907067",
"Auckland","SMALES ROAD",""," ","I","SIR WILLIAM AVENUE","201436501","03/03/2014","Mon","0845","LB","CW1CC","303B ","","R","D","B ","F ","T","G","C","050","0","0","0","","","1768913","5909733",
"Auckland","SMALES ROAD","10","E"," ","TE IRIRANGI DRIVE","201433361","18/03/2014","Tue","1528","AO","CW1C","120A 120B ","","R","D","BF","F ","T","T","C","060","0","0","0","","","1769953","5909842",
"Auckland","SMEDLEY ST",""," ","I","PALLANT ST","201437511","05/06/2014","Thu","0442","DC","CE2","111A 131A ","F","E","D","DO","F ","T","G","C","050","0","0","0","","","1766216","5900825",
"Auckland","SOLAR ROAD","40","W"," ","SUNVUE ROAD","201432073","25/01/2014","Sat","2311","EA","CW1C","129A 130A ","M","R","D","DO","F "," ","N","P","050","0","0","0","","","1745264","5913277",
"Auckland","SORREL CRESCENT","20","S"," ","SEA SPRAY DRIVE S","201436544","20/05/2014","Tue","2345","DA","CS1","104A 403A 423A 929 ","H","E","D","DO","F ","D"," ","N","050","0","0","0","","","1769802","5916828",
"Auckland","SORREL CRESCENT","120","S"," ","SEA SPRAY DRIVE W","201435316","03/04/2014","Thu","1325","MO","CS1C","371A 929 ","M","R","D","O ","F ","D","N","N","050","0","0","0","","","1769864","5916758",
"Auckland","SOUTH HEAD ROAD","210","N"," ","EVANS ROAD","201431030","06/02/2014","Thu","0300","DA","CS1","111A 410A ","FT","E","D","DN","F "," ","N","C","100","0","0","0","","","1724587","5943889",
"Auckland","SOUTH HEAD ROAD","20","E"," ","HARANUI ROAD","201438155","23/05/2014","Fri","0800","GE","4E1V","144B 929 ","","E","D","OF","F ","D","N","C","100","0","0","0","","","1723421","5944708",
"Auckland","SOUTH HEAD ROAD","3140","N"," ","SHELLY BEACH ROAD","201410511","03/01/2014","Fri","0832","DA","TN1","129A 131A ","V","M","D","BN","F "," ","N","C","100","0","0","1","","","1717801","5952919",
"Auckland","SOUTH HEAD ROAD","900","S"," ","SLATER ROAD","201412818","09/05/2014","Fri","1815","BF","CN1C","101A 111A 131A 801 ","","S","W","DN","L "," "," ","C","100","0","1","3","","","1720847","5945890",
"Auckland","SOUTH HEAD ROAD","550","S"," ","TRIG ROAD","201413246","01/06/2014","Sun","1359","DB","MN1","110A 131A ","V","M","D","B ","F "," ","N","C","100","0","1","0","","","1711801","5960894",
"Auckland","SOUTH-EASTERN HIGHWAY","300","W"," ","CARBINE ROAD","201430944","24/02/2014","Mon","0721","FA","CW1C","330A 358A ","","R","D","BN","F "," ","N","C","080","0","0","0","","","1764185","5912944",
"Auckland","SOUTH-EASTERN HIGHWAY",""," ","I","CARBINE ROAD","201435973","10/04/2014","Thu","2242","LB","CE1C","200B 303B 375B ","","R","W","DO","L ","X","T","C","080","0","0","0","","","1764475","5912951",
"Auckland","SOUTH-EASTERN HIGHWAY","200","W"," ","GREAT SOUTH ROAD","201434676","01/04/2014","Tue","1300","FD","CE1V","181A ","","E","D","BF","F "," ","N","C","080","0","0","0","","","1762346","5912635",
"Auckland","SOUTH-EASTERN HIGHWAY","540","W"," ","GREAT SOUTH ROAD","201431206","04/03/2014","Tue","1645","FD","CW1C","181A ","","R","D","BF","F "," ","N","C","080","0","0","0","","","1762154","5912528",
"Auckland","SOUTH-EASTERN HIGHWAY","180","S"," ","SLIP ROAD","201433936","03/04/2014","Thu","0830","AD","CN1M","110A 150A ","","R","D","B ","F "," ","N","C","050","0","0","0","","","1765001","5913182",
"Auckland","SOUTH-EASTERN HIGHWAY","40","W"," ","WAIPUNA ROAD","201432074","27/01/2014","Mon","1627","AO","CN1C","158A 381A 372B ","","E","D","BF","F "," "," ","C","080","0","0","0","","","1765104","5913360",
"Auckland","SOUTH-EASTERN HIGHWAY",""," ","I","WAIPUNA ROAD","201411624","16/03/2014","Sun","0844","DB","CS2","131A 801 ","P","E","W","OF","L ","T","T","R","050","0","0","1","","","1765161","5913389",
"Auckland","SPARTAN ROAD",""," ","I","OAKLEIGH AVENUE","201431812","01/02/2014","Sat","1504","LB","CW1C","303B 375B ","","R","D","OF","F ","T","G","P","070","0","0","0","","","1770314","5899480",
"Auckland","SPEEDY CRESCENT","90","E"," ","GLENFIELD ROAD","201411138","04/04/2014","Fri","0826","BF","CE1C","131A 363A 902 ","","M","D","B ","F "," "," ","N","050","0","0","1","","","1753866","5926322",
"Auckland","SPEIGHT ROAD","100","E"," ","SAGE ROAD","201437266","06/05/2014","Tue","1015","EO","TW1","686A ","P","R","W","BF","F "," ","N","C","050","0","0","0","","","1764668","5919895",
"Auckland","SPINELLA DRIVE",""," ","I","CANTINA AVENUE","201437373","22/05/2014","Thu","1537","DB","CN2","131A ","FH","R","D","BF","F ","T","G","C","050","0","0","0","","","1752634","5929115",
"Auckland","SPINELLA DRIVE","80","S"," ","FERNWOOD GROVE","201412064","25/04/2014","Fri","1900","JO","MS1C","130A 653A 929 ","","E","D","DO","F ","D","N","N","050","0","0","1","","","1753241","5929165",
"Auckland","SPINELLA DRIVE",""," ","I","LASER PLACE","201431745","07/02/2014","Fri","0915","EA","CS1C","130A 423A ","M","E","D","OF","F ","T","N","C","050","0","0","0","","","1752904","5929026",
"Auckland","SPINELLA DRIVE","5","W"," ","SAPPHIRE PLACE","201432925","19/02/2014","Wed","1654","ME","CW1X","371B ","","E","D","O ","F ","T","N","C","050","0","0","0","","","1753376","5929311",
"Auckland","SPRINGFIELD ROAD","100","S"," ","WESTERN SPRINGS ROAD","201410143","26/01/2014","Sun","0128","CA","MS1","112A 130A 514A ","","R","D","DO","F "," "," ","N","050","0","0","1","","","1754011","5918082",
"Auckland","SPRINGS ROAD",""," ","I","ALLENS ROAD","201412218","21/04/2014","Mon","1540","FE","CN1C","181A 402A ","","R","D","TF","F ","X","T","P","060","0","0","1","","","1768623","5909749",
"Auckland","SPRINGS ROAD","40","N"," ","KERWYN AVENUE","201431343","26/02/2014","Wed","1648","JA","CN1C","308B 314B 377B 929 ","","R","D","BF","F ","D","N","C","060","0","0","0","","","1768498","5909181",
"Auckland","SPRINGS ROAD",""," ","I","KERWYN AVENUE","201436535","01/05/2014","Thu","1238","JA","TN1C","308B 314B 353B 927 ","","R","D","B ","F ","D","T","C","050","0","0","0","","","1768488","5909142",
"Auckland","SPRINGS ROAD",""," ","I","KERWYN AVENUE","201410869","08/01/2014","Wed","1135","HA","4N1CCV","112A 130A 322A ","","R","D","O ","F ","X","T","C","060","0","1","1","","","1768488","5909142",
"Auckland","SPRINGS ROAD",""," ","I","KERWYN AVENUE","201410377","24/01/2014","Fri","0849","HA","CN1CS4","322A ","Q","R","D","BF","F ","X","T","C","050","0","0","1","","35","1768488","5909142",
"Auckland","SPRINGS ROAD","100","S"," ","LADY RUBY DRIVE","201410916","26/02/2014","Wed","1559","FD","CN1CCC","331A 353A ","","R","D","BF","F "," ","N","C","050","0","0","1","","","1768465","5909045",
"Auckland","SPRINGS ROAD",""," ","I","PEARL BAKER DRIVE","201430070","16/01/2014","Thu","0930","MB","VS1V","303B 375B ","","R","D","OF","F ","T","T","P","050","0","0","0","","","1768412","5908828",
"Auckland","SPRINGS ROAD","150","S"," ","SMALES ROAD","201430657","22/01/2014","Wed","1500","GF","CN1C","381B 927 ","","R","D","O ","F ","D","N","P","060","0","0","0","","","1768599","5909601",
"Auckland","SPUR ROAD","290","N"," ","NEWMAN ROAD","201434593","14/04/2014","Mon","0500","DB","CN1","111A 135A 801 ","F","S","W","DN","F "," ","N","C","080","0","0","0","","","1750759","5944323",
"Auckland","ST ALBANS AVENUE","30","W"," ","DOMINION ROAD","201433346","24/03/2014","Mon","1920","MO","CW1","363A 371A 902 ","P","R","D","TF","F "," ","N","C","050","0","0","0","","","1755816","5916701",
"Auckland","ST ANDREWS ROAD",""," ","I","BALMORAL ROAD","201434129","12/04/2014","Sat","1405","DA","CS1CC","131A 193A 355A ","","R","D","O ","F ","X","T","C","050","0","0","0","","","1757372","5915748",
"Auckland","ST ANDREWS ROAD","100","N"," ","WATLING ST","201412973","13/05/2014","Tue","0849","FD","MS1C","331A 350A ","","R","D","B ","F "," "," ","C","050","0","0","1","","","1757288","5915436",
"Auckland","ST GEORGE ST",""," ","I","CARRUTH ROAD","201436370","29/03/2014","Sat","2021","GF","CW1C","129A ","","E","D","DO","F ","R","G","R","050","0","0","0","","","1765586","5905875",
"Auckland","ST GEORGE ST","180","W"," ","GREAT SOUTH ROAD","201412334","09/03/2014","Sun","2330","CB","CS1","103A 130A 359A ","PT","R","D","DO","F "," "," ","P","050","0","0","1","","","1765860","5906266",
"Auckland","ST GEORGE ST",""," ","I","KINGSWOOD ROAD","201411113","01/04/2014","Tue","1221","LB","CN14","303B ","","R","D","B ","F ","T","G","C","050","0","0","1","","","1765815","5906203",
"Auckland","ST GEORGE ST",""," ","I","LANDSCAPE ROAD","201437521","30/05/2014","Fri","1025","FD","CE1V","410A 414A ","","R","D","O ","F ","T","G","C","050","0","0","0","","","1765347","5905827",
"Auckland","ST GEORGE ST",""," ","I","MAHON PLACE","201431875","13/02/2014","Thu","0930","BE","CW1C","130A 501A ","HS","R","D","BF","F ","T","G","C","050","0","0","0","","","1765492","5905852",
"Auckland","ST GEORGE ST","10","E"," ","RANGITOTO ROAD","201431054","18/02/2014","Tue","1748","FD","CW1CC","112A 181A 191B 191C ","","R","D","B ","F ","T","N","C","050","0","0","0","","","1764848","5905777",
"Auckland","ST GEORGE ST","50","E"," ","RANGITOTO ROAD","201432268","20/01/2014","Mon","2010","MO","CN1M","512A 514A ","","R","D","TO","F "," ","N","C","050","0","0","0","","","1764888","5905780",
"Auckland","ST GEORGE ST",""," ","I","WILMAY AVENUE","201432849","27/02/2014","Thu","1720","JA","CN1C","302B ","","R","D","O ","F ","T","G","C","050","0","0","0","","","1765691","5906028",
"Auckland","ST GEORGES BAY ROAD",""," ","I","FARNHAM ST","201411105","06/03/2014","Thu","1736","GE","CS1P","157A 160A 333A ","","R","D","B ","F ","T","N","N","050","0","0","1","","","1758920","5920120",
"Auckland","ST GEORGES BAY ROAD","50","N"," ","PARNELL ROAD","201432752","19/02/2014","Wed","1845","QD","CN1C","428A ","M","E","D","TO","F "," "," ","N","050","0","0","0","","","1758913","5919396",
"Auckland","ST GEORGES ROAD","50","S"," ","GREAT NORTH ROAD","201432364","02/03/2014","Sun","1030","EE","CS1C","374B ","M","R","D","B ","F "," "," ","C","050","0","0","0","","","1751196","5914979",
"Auckland","ST GEORGES ROAD",""," ","I","GREAT NORTH ROAD","201436826","27/04/2014","Sun","1900","KA","SS2C","302B 370B ","","S","D","DO","F ","R","G","R","050","0","0","0","","","1751177","5915045",
"Auckland","ST HELIERS BAY ROAD","20","S"," ","ASHBY AVENUE","201410477","04/02/2014","Tue","1045","FA","4N1C","181A 331A 350A ","","R","D","B ","F "," "," ","C","050","0","0","1","","","1765464","5918732",
"Auckland","ST HELIERS BAY ROAD",""," ","I","BENBOW ST","201412164","11/04/2014","Fri","1655","HA","MN1C","301B ","","R","D","O ","F ","X","S","C","050","0","0","2","","","1765696","5919874",
"Auckland","ST HELIERS BAY ROAD","50","N"," ","BRILLIANT ST","201436479","23/03/2014","Sun","2130","EA","CN1C","101A 129A ","M","R","D","DO","F "," ","N","C","050","0","0","0","","","1765834","5919581",
"Auckland","ST HELIERS BAY ROAD","50","N"," ","GRAMPIAN ROAD","201411140","01/03/2014","Sat","0740","CC","CN1","130A ","CT","R","D","TF","F "," "," ","C","050","0","0","1","","","1765107","5918438",
"Auckland","ST HELIERS BAY ROAD",""," ","I","KOHIMARAMA ROAD","201410449","27/01/2014","Mon","1305","GE","CW1M","129A 334A ","","M","D","O ","F ","T","T","C","050","0","0","1","","","1764489","5918149",
"Auckland","ST HELIERS BAY ROAD",""," ","I","LONG DRIVE","201437180","01/05/2014","Thu","0754","LB","CE1C","303B 324B ","","E","D","BF","F ","X","T","C","050","0","0","0","","","1765480","5918745",
"Auckland","ST HELIERS BAY ROAD","25","N"," ","MAXINE PLACE","201436156","06/05/2014","Tue","0835","GB","CS1C","158B 929 ","","R","D","B ","F ","D","N","C","050","0","0","0","","","1765315","5918610",
"Auckland","ST HELIERS BAY ROAD",""," ","I","ST JOHNS ROAD","201433562","11/04/2014","Fri","1800","GF","CW1C","381A ","","E"," "," F","  ","T","G","C","050","0","0","0","","","1764489","5918149",
"Auckland","ST HELIERS BAY ROAD",""," ","I","WEST TAMAKI ROAD","201435646","04/04/2014","Fri","0016","DB","CW2C","101A 111A 131A 801 ","M","E","W","DO","L ","T","G","C","050","0","0","0","","","1765037","5918379",
"Auckland","ST JOHNS ROAD",""," ","I","BLACKETT CRESCENT","201432534","08/02/2014","Sat","1258","DA","CE1","101A 111A 402A ","K","E","W","B ","F ","T","N","C","050","0","0","0","","","1763035","5917594",
"Auckland","ST JOHNS ROAD","100","W"," ","COLLEGE ROAD","201430808","10/02/2014","Mon","2006","JA","CE1C","308B 375B 929 ","","R","W","BF","F ","D","N","L","050","0","0","0","","","1764105","5917474",
"Auckland","ST JOHNS ROAD",""," ","I","FELTON MATTHEW AVENUE","201438639","31/05/2014","Sat","0835","DA","MW2","131A ","","E","D","O ","F ","T","G","C","050","0","0","0","","","1764455","5917836",
"Auckland","ST JOHNS ROAD",""," ","I","GERARD WAY","201413042","25/05/2014","Sun","1315","LB","SS1C","303B ","","R","D","BF","F ","T","T","C","050","0","0","1","","26","1762932","5917441",
"Auckland","ST JOHNS ROAD",""," ","I","GERARD WAY","201431598","07/01/2014","Tue","1250","LB","VS1C","322A ","","R","D","B ","F ","T","T","C","050","0","0","0","","","1762932","5917441",