"TLA NAME","CRASH ROAD","CRASH DIST","CRASH DIRN","INTSN","SIDE ROAD","CRASH ID","CRASH DATE","CRASH DOW","CRASH TIME","MVMT","VEHICLES","CAUSES","OBJECTS STRUCK","ROAD CURVE","ROAD WET","LIGHT","WTHRa","JUNC TYPE","TRAF CTRL","ROAD MARK","SPD LIM","CRASH FATAL CNT","CRASH SEV CNT","CRASH MIN CNT","PERS AGE1","PERS AGE2","EASTING","NORTHING"
"Auckland","ST JUDE ST",""," ","I","BLOCKHOUSE BAY ROAD","201412487","13/04/2014","Sun","0720","BE","XW1C","130A 358A ","","R","D","B ","F ","M","T","P","050","0","0","1","","","1751565","5915247",
"Auckland","ST JUDE ST","15","W"," ","LAYARD ST","201431599","18/01/2014","Sat","1630","FD","CE1C","331A ","","R","D","B ","F "," "," ","C","050","0","0","0","","","1751370","5915032",
"Auckland","ST LEONARDS ROAD","20","W"," ","ARCHIBALD ROAD","201412733","23/01/2014","Thu","1915","PO","CE1E","722B 732B ","","R","D","BF","F "," ","N","C","050","0","0","1","54","","1748445","5914853",
"Auckland","ST LEONARDS ROAD",""," ","I","BARBARY AVENUE","201431576","22/01/2014","Wed","1810","GE","4E1C","160A 333A 387A ","","R","D","TF","F ","T","S","C","050","0","0","0","","","1748124","5914991",
"Auckland","ST LUKES ROAD","15","E"," ","FOWLDS AVENUE","201433338","25/03/2014","Tue","0830","FD","CW1C","181A ","","R"," "," F","  "," ","N","C","050","0","0","0","","","1754515","5916566",
"Auckland","ST LUKES ROAD","10","S"," ","GREAT NORTH ROAD","201431625","17/01/2014","Fri","2342","FC","CN1C","181A ","","E","D","DO","F ","T","G","X","050","0","0","0","","","1753837","5918347",
"Auckland","ST LUKES ROAD","40","N"," ","LINWOOD AVENUE","201430436","20/01/2014","Mon","0014","EA","CN1C","102A 129A 402A ","M","R","D","DO","F "," ","N","R","050","0","0","0","","","1753788","5917917",
"Auckland","ST LUKES ROAD","15","N"," ","LYON AVENUE","201433762","14/03/2014","Fri","1500","FD","CS1C","181A ","","R","D","O ","F "," "," ","C","050","0","0","0","","","1754219","5916924",
"Auckland","ST LUKES ROAD","20","N"," ","MORNING STAR PLACE","201432859","24/02/2014","Mon","1525","KA","CN1C","308B 922 ","","R","D","B ","F ","D","N","C","050","0","0","0","","","1754315","5916764",
"Auckland","ST LUKES ROAD",""," ","I","MORNINGSIDE DRIVE","201432610","26/02/2014","Wed","1515","FE","CS1C","181A 334A ","","R","D","B ","F ","M","T","C","050","0","0","0","","","1754325","5916746",
"Auckland","ST LUKES ROAD",""," ","I","MORNINGSIDE DRIVE","201430221","05/01/2014","Sun","1600","FE","CN1C","181A ","","E","W","O ","H ","M","T","C","050","0","0","0","","","1754325","5916746",
"Auckland","ST LUKES ROAD","10","N"," ","NEW NORTH ROAD","201434567","19/04/2014","Sat","2000","FE","CS1CC","181A ","","R","D","DO","F ","X","T","C","050","0","0","0","","","1754002","5917219",
"Auckland","ST LUKES ROAD",""," ","I","NEW NORTH ROAD","201433239","16/03/2014","Sun","1445","AO","CN1C","381A ","","E","D","OF","F ","X","T","C","050","0","0","0","","","1754009","5917211",
"Auckland","ST LUKES ROAD","20","W"," ","SANDRINGHAM ROAD","201433380","03/04/2014","Thu","0800","AA","CW1T","372A ","","R","D","BF","F "," ","N","C","050","0","0","0","","","1754898","5916461",
"Auckland","ST LUKES ROAD","30","W"," ","SANDRINGHAM ROAD","201431063","14/02/2014","Fri","1313","FD","4E1CC","181A 350A ","","R","D","O ","F "," ","N","C","050","0","0","0","","","1754888","5916464",
"Auckland","ST LUKES ROAD",""," ","I","SANDRINGHAM ROAD","201433765","21/01/2014","Tue","0940","AO","BE1V","129A 386A ","","R","D","B ","F ","X","T","C","050","0","0","0","","","1754917","5916456",
"Auckland","ST LUKES ROAD",""," ","I","SANDRINGHAM ROAD","201436701","13/05/2014","Tue","1515","MG","CE1C","371B ","","E","D","B ","F ","X","T","C","050","0","0","0","","","1754917","5916456",
"Auckland","ST LUKES ROAD",""," ","I","ST LUKES OFF WBD","201431843","06/03/2014","Thu","1847","DA","CW2","103A 111A 131A ","G","M","D","BF","F ","M","T","P","050","0","0","0","","","1753826","5918247",
"Auckland","ST LUKES ROAD",""," ","I","ST LUKES OFF WBD N","201412740","12/04/2014","Sat","0810","JA","4S1C","322A ","","R","D","BF","F ","X","T","C","050","0","0","1","","","1753826","5918247",
"Auckland","ST LUKES ROAD",""," ","I","ST LUKES OFF WBD N","201434380","19/04/2014","Sat","0538","HA","CW2C","322B 350B ","","R","D","DO","F ","X","T","C","050","0","0","0","","","1753826","5918247",
"Auckland","ST LUKES ROAD",""," ","I","ST LUKES ON WBD N","201410907","05/03/2014","Wed","1441","FE","CN1CC","331A 353A ","","R","D","BF","F ","X","T","R","050","0","0","1","","","1753826","5918247",
"Auckland","ST LUKES ROAD",""," ","I","TAYLORS ROAD","201411509","03/03/2014","Mon","1230","CA","PW14C","137A 191A 181C ","","R","D","BF","F ","X","S","C","050","0","0","1","","","1754197","5916958",
"Auckland","ST LUKES ROAD",""," ","I","TAYLORS ROAD","201433795","18/03/2014","Tue","0858","JA","CN1C","301B ","","R","D","B ","F ","T","S","C","050","0","0","0","","","1754197","5916958",
"Auckland","ST PAUL ST",""," ","I","GOVERNOR FITZROY PLACE","201435970","14/05/2014","Wed","0022","DA","VE1C","103A ","","E","W","DO","L ","T","N","N","050","0","0","0","","","1757422","5919892",
"Auckland","ST VINCENT AVENUE","20","S"," ","REMUERA ROAD","201436217","07/04/2014","Mon","0945","MA","CN1C","373B ","","R","D","B ","F "," "," ","C","050","0","0","0","","","1760391","5916809",
"Auckland","STADIUM DRIVE",""," ","I","EAST ST","201435210","10/04/2014","Thu","1655","GF","TE1C","158B ","","S","W","O ","L ","T","S","R","050","0","0","0","","","1769392","5881145",
"Auckland","STANCOMBE ROAD",""," ","I","BAVERSTOCK ROAD","201432361","18/02/2014","Tue","2245","KA","CE1C","302B ","","E","D","DO","F ","T","G","R","050","0","0","0","","","1771010","5907878",
"Auckland","STANCOMBE ROAD","5","E"," ","LORENZO WAY","201431235","21/02/2014","Fri","0750","FD","CW1CC","181A ","","R","D","BF","F ","T","G","C","060","0","0","0","","","1770535","5907993",
"Auckland","STANCOMBE ROAD",""," ","I","TOPLAND DRIVE","201400081","11/04/2014","Fri","1900","CA","MW1C4","112A 197A 302B ","","R","D","DO","F ","T","G","P","060","1","0","0","","","1771250","5907820",
"Auckland","STANLEY ROAD",""," ","I","PAVOLA GROVE","201435287","04/04/2014","Fri","1630","JA","CN1T","303B ","","M","D","B ","F ","T","N","C","050","0","0","0","","","1752987","5927511",
"Auckland","STANLEY ROAD",""," ","I","ROBERTS ROAD","201432380","07/02/2014","Fri","1934","DA","CW2CCC","111A 131A ","MM","E","D","O ","F ","T","S","C","050","0","0","0","","","1753282","5927004",
"Auckland","STANLEY ROAD","100","N"," ","SEAVIEW ROAD","201438031","03/06/2014","Tue","1630","MO","CS1C","371A 929 ","M","E","D","O ","  ","D","N","C","050","0","0","0","","","1753184","5927221",
"Auckland","STANMORE BAY ROAD","50","W"," ","BONITA AVENUE","201412681","07/04/2014","Mon","0710","NA","CW1E","505B 506B ","","R","D","BF","F "," ","N","C","050","0","0","1","20","","1756253","5945101",
"Auckland","STANMORE BAY ROAD",""," ","I","POLKINGHORNE DRIVE","201412799","09/05/2014","Fri","1640","JA","MS1C","301B 382B ","","E","W","DO","L ","T","S","C","050","0","0","1","","","1756275","5944252",
"Auckland","STAPLEFORD CRESCENT","60","S"," ","NEWSTEAD AVENUE","201412289","16/03/2014","Sun","0304","DB","CW1C","103A 110A ","M","M","W","DO","LS"," ","N","C","050","0","0","1","","","1754901","5935662",
"Auckland","STATION ROAD","15","S"," ","ASHLYNNE AVENUE","201434386","09/03/2014","Sun","2110","EA","VS1CC","103A 129A ","MM","R","D","DO","F "," "," ","P","050","0","0","0","","","1763930","5906490",
"Auckland","STATION ROAD","50","S"," ","ASHLYNNE AVENUE","201412159","08/04/2014","Tue","1100","BF","CN1V","130A 410A ","","R","D","B ","F "," "," ","P","050","0","0","1","","","1763956","5906467",
"Auckland","STATION ROAD","50","E"," ","MAICH ROAD","201433386","25/03/2014","Tue","0730","MO","TE1","385A ","S","R","D","BF","F "," ","N","C","050","0","0","0","","","1768611","5901058",
"Auckland","STATION ROAD","50","E"," ","NIKAU ROAD","201430633","29/01/2014","Wed","1155","MG","CE1C","330B 423B ","","R","D","B ","F "," ","N","C","050","0","0","0","","","1763708","5909779",
"Auckland","STATION ROAD","60","E"," ","PRINCESS ST","201433399","28/03/2014","Fri","0153","CC","CE1","130A 433A 517A ","F","R","D","DO","F "," ","N","C","050","0","0","0","","","1770836","5898907",
"Auckland","STATION ROAD","15","N"," ","ROSEMARY LANE","201437715","12/06/2014","Thu","0900","FC","CN1C","331A ","","R","D","B ","F "," "," ","X","050","0","0","0","","","1768512","5900928",
"Auckland","STEWART ROAD","30","N"," ","GLENTUI ROAD","201433211","18/03/2014","Tue","1309","CC","CS1","130A 433A 517A ","T","R","D","BF","F "," ","N","C","050","0","0","0","","","1752542","5915450",
"Auckland","STEWART ROAD","200","E"," ","HENDON AVENUE","201437238","30/04/2014","Wed","1130","MG","CE14","371B ","","R","D","BF","F "," ","N","C","050","0","0","0","","","1752491","5915392",
"Auckland","STEWART ST","20","E"," ","VALENTINE ST","201436384","01/05/2014","Thu","0806","EA","CE1C","129A 363A 902 ","M","R","D","BF","F "," ","N","N","050","0","0","0","","","1774526","5896986",
"Auckland","STODDARD ROAD","30","W"," ","DENNY AVENUE","201434699","19/03/2014","Wed","1720","FD","CW1C","181A ","","R","D","BF","F "," ","N","C","050","0","0","0","","","1754203","5914193",
"Auckland","STODDARD ROAD","15","W"," ","MAY ROAD","201433368","26/03/2014","Wed","1115","MB","CW1C","303B 375B ","","R","D","BF","F "," ","N","C","050","0","0","0","","","1754609","5913916",
"Auckland","STODDARD ROAD",""," ","I","MAY ROAD","201435213","30/03/2014","Sun","1035","MO","CE1C","690A ","","R","D","B ","F ","X","T","C","050","0","0","0","","","1754622","5913907",
"Auckland","STODDARD ROAD",""," ","I","MAY ROAD","201412750","07/04/2014","Mon","1600","HA","CS2C","324B ","","R","D","BF","F ","X","T","C","050","0","0","1","","","1754625","5913894",
"Auckland","STODDARD ROAD","90","E"," ","RICHARDSON ROAD","201432983","17/02/2014","Mon","1630","CB","CW1CC","410A ","M","R","D","B ","F "," "," ","C","050","0","0","0","","","1753304","5914821",
"Auckland","STODDARD ROAD",""," ","I","RICHARDSON ROAD","201432840","07/03/2014","Fri","2050","FE","CW1C","181A ","","R","D","DO","F ","T","T","C","050","0","0","0","","","1753231","5914873",
"Auckland","STODDARD ROAD","40","W"," ","SANDRINGHAM ROAD","201432281","16/01/2014","Thu","2254","MC","CW1C","313A 372B ","","R","D","DO","F "," "," ","P","050","0","0","0","","","1753933","5914377",
"Auckland","STODDARD ROAD",""," ","I","SANDRINGHAM ROAD","201432986","23/02/2014","Sun","0810","JA","CE1C","102A 322A 334A ","","R","D","B ","F ","X","T","C","050","0","0","0","","","1753966","5914354",
"Auckland","STODDARD ROAD",""," ","I","SANDRINGHAM ROAD","201437116","13/05/2014","Tue","1020","FE","CN14","181A ","","R","D","BF","F ","X","T","P","050","0","0","0","","","1753966","5914354",
"Auckland","STODDARD ROAD",""," ","I","SANDRINGHAM ROAD","201411099","15/02/2014","Sat","1837","JA","CN14","322A 334A ","","R","D","B ","F ","X","T","C","050","0","0","1","","","1753966","5914354",
"Auckland","STOKES ROAD","10","E"," ","MOUNT EDEN ROAD","201411610","05/03/2014","Wed","0626","PC","TN1E","308A 341A 927 ","","R","D","TO","F ","D","N","C","050","0","0","1","53","","1757040","5916814",
"Auckland","STRID ROAD","20","E"," ","EDMONTON ROAD","201410347","31/01/2014","Fri","0710","EA","CE14","129A 363A ","M","R","D","BF","F "," ","N","C","050","0","0","1","","","1746244","5918462",
"Auckland","STUD WAY",""," ","I","SILVIA PARK ACCESSWAY","201436742","29/05/2014","Thu","0759","AC","CS1C","372A ","","M","D","B ","F ","R","G","C","030","0","0","0","","","1764012","5913250",
"Auckland","STURDEE ST",""," ","I","MARKET LANE W","201410957","07/01/2014","Tue","1730","CC","4E14CC","129A ","MMM","R","D","OF","F ","T","N","C","050","0","0","1","","","1757096","5920899",
"Auckland","STURGES ROAD","150","W"," ","PALOMINO DRIVE","201412380","02/04/2014","Wed","2310","EA","CW1C","410A ","M","R","D","DO","F "," "," ","C","050","0","0","1","","","1743731","5916838",
"Auckland","STURGES ROAD","25","W"," ","SPRING GROVE","201433586","08/04/2014","Tue","1920","EA","CE14","331A 352A ","M","R","D","DO","F "," ","N","C","050","0","0","0","","","1744433","5917675",
"Auckland","STURGES ROAD",""," ","I","SUMMERLAND DRIVE","201434272","10/03/2014","Mon","2108","HA","CE1C","302A 375A ","","E","D","DO","F ","R","G","C","050","0","0","0","","","1743870","5916893",
"Auckland","STURGES ROAD","100","S"," ","SWANSON ROAD","201437525","27/05/2014","Tue","1916","FD","CS1C","181A 358A ","","R","D","DO","F "," "," ","C","050","0","0","0","","","1744689","5917890",
"Auckland","SUBWAY ROAD","70","E"," ","GREAT SOUTH ROAD","201437922","13/06/2014","Fri","1700","AO","CW1V","150A 381A ","","R","D","TF","F "," ","N","C","050","0","0","0","","","1772567","5896861",
"Auckland","SUBWAY ROAD","15","E"," ","MANUKAU ROAD","201432020","15/02/2014","Sat","0930","MO","CW1C","371B 922 ","","R","D","B ","F ","D"," ","C","050","0","0","0","","","1769463","5880404",
"Auckland","SUNHILL ROAD","50","S"," ","SUNGROVE RISE","201413200","19/03/2014","Wed","1735","EA","CN14","101A 386A ","M","R","D","B ","F "," ","N","C","050","0","0","1","","","1746337","5914971",
"Auckland","SUNNYBRAE ROAD",""," ","I","CORONATION ROAD","201412439","01/04/2014","Tue","1356","LB","CN14","322A 334A ","","R","D","B ","F ","T","T","C","050","0","0","1","","","1755432","5927366",
"Auckland","SUNNYBRAE ROAD","30","N"," ","EVELYN PLACE","201410633","17/02/2014","Mon","0530","NA","4N1E","356A 712B 724B ","","R","D","DO","F "," ","N","C","050","0","1","0","84","","1755858","5926876",
"Auckland","SUNNYBRAE ROAD","100","S"," ","PORANA ROAD","201437411","26/05/2014","Mon","1726","MO","PS1C","370A 370B 801 927 ","","R","W","TO","L ","D","N","P","050","0","0","0","","","1755250","5927562",
"Auckland","SUNNYHAVEN AVENUE","10","W"," ","RANGATIRA ROAD","201431028","14/02/2014","Fri","1456","MF","CW1T","371B ","","R","D","B ","F ","T","N","C","050","0","0","0","","","1750563","5926836",
"Auckland","SUNNYNOOK ROAD","100","S"," ","EAST COAST ROAD","201412525","23/04/2014","Wed","1635","MA","CS1C","373B ","M","R","D","B ","F "," "," ","C","050","0","0","1","","","1755914","5931248",
"Auckland","SUNNYNOOK ROAD",""," ","I","LINK DRIVE","201437197","30/05/2014","Fri","2100","HA","CW1C","302A 375A ","","R","D","DO","F ","R","G","C","050","0","0","0","","","1755051","5930062",
"Auckland","SUNNYNOOK ROAD",""," ","I","SYCAMORE DRIVE","201431208","05/03/2014","Wed","2019","JC","CE2C","300A ","","R","D","DO","F ","T","T","P","050","0","0","0","","","1755414","5930442",
"Auckland","SUNNYSIDE ROAD","80","S"," ","AWAROA ROAD","201412066","26/04/2014","Sat","0810","EA","CN1C","129A 386A ","M","R","D","O ","F "," ","N","C","050","0","0","1","","","1745695","5915489",
"Auckland","SUNNYSIDE ROAD","1000","W"," ","GREEN ROAD","201435411","10/05/2014","Sat","0112","DA","CW1","102A 111A ","T","M","W","DN","M "," ","N","C","080","0","0","0","","","1746597","5937229",
"Auckland","SUNNYVALE ROAD","550","S"," ","HASZARD ROAD","201411000","12/01/2014","Sun","0807","DA","CN1","111A 131A 402A 801 ","ET","M","W","O ","L "," "," ","C","080","0","0","1","","","1740715","5921279",
"Auckland","SUNNYVALE ROAD","20","S"," ","RED HILLS ROAD","201433426","26/03/2014","Wed","1111","MC","CS1C","372B ","","R","D","OF","F "," ","N","C","070","0","0","0","","","1741122","5921944",
"Auckland","SUNNYVALE ROAD E","220","N"," ","CROWS ROAD","201436643","16/05/2014","Fri","1015","DB","CN1","111A 134A ","","E","D","B ","F "," ","N","C","080","0","0","0","","","1740284","5920409",
"Auckland","SUNSET ROAD",""," ","I","JUNIPER ROAD","201411523","11/03/2014","Tue","0819","JC","CN2V","302A ","","R","D","BF","F ","T","G","C","050","0","0","1","","","1755069","5931484",
"Auckland","SUNWARD RISE","170","S"," ","POWRIE ST","201436750","27/05/2014","Tue","0859","DB","CN1T","129A 363A 902 ","M","E","D","B ","F "," ","N","N","050","0","0","0","","","1753417","5927491",
"Auckland","SURREY CRESCENT",""," ","I","FIRTH ROAD","201412795","19/04/2014","Sat","1450","JA","TS1C","302B 375B ","","E","D","BF","F ","X","G","C","050","0","0","1","","","1754682","5918989",
"Auckland","SUTTON CRESCENT","140","S"," ","KOLMAR ROAD","201436565","27/04/2014","Sun","1115","MO","CN1C","372A 386A ","","R","D","B ","F "," "," ","C","050","0","0","0","","","1765479","5906637",
"Auckland","SUTTON ROAD","500","S"," ","PONGA ROAD","201431705","22/01/2014","Wed","1718","DA","CN1","104A 116A 131A 817 ","","S","D","O ","F "," "," ","N","080","0","0","0","","","1773927","5893638",
"Auckland","SWAFFIELD ROAD",""," ","I","MCLEAN AVENUE S","201435305","05/05/2014","Mon","1409","LB","4S1C","303B ","","R","W","O ","L ","X","G","C","050","0","0","0","","","1764444","5906690",
"Auckland","SWANSON ROAD","50","S"," ","AFTON PLACE","201410089","10/02/2014","Mon","1616","NA","CS1E","710B ","","R","D","B ","F "," "," ","C","050","0","0","1","18","","1743214","5919138",
"Auckland","SWANSON ROAD",""," ","I","AFTON PLACE","201412982","28/05/2014","Wed","","HA","CN2P","302A ","","R","D","DO","F ","T","G","C","050","0","0","2","","","1743253","5919169",
"Auckland","SWANSON ROAD","140","E"," ","AIRDRIE ROAD","201433218","20/03/2014","Thu","0757","JA","CW1C","308B 363B 902 929 ","","R","D","BF","F ","D","N","P","050","0","0","0","","","1742219","5919014",
"Auckland","SWANSON ROAD","90","E"," ","BAHARI DRIVE","201431278","01/03/2014","Sat","1920","EA","TE1C","358A ","M","R","D","OF","F "," ","N","C","050","0","0","0","","","1743322","5919227",
"Auckland","SWANSON ROAD",""," ","I","CHRISTIAN ROAD","201435012","25/04/2014","Fri","2123","CB","CW1","104A 108A 358A ","ST","R","D","DO","F ","T","N","C","050","0","0","0","","","1740207","5918886",
"Auckland","SWANSON ROAD","40","W"," ","CHURCH ST","201437301","11/06/2014","Wed","1200","EA","CW1C","129A ","M","R","W","OF","H "," ","N","C","050","0","0","0","","","1740782","5918854",
"Auckland","SWANSON ROAD","300","W"," ","CHURCH ST","201412727","21/01/2014","Tue","1924","CB","CW1","197A ","P","R","D","BF","F "," ","N","C","050","0","0","1","","","1740526","5918856",
"Auckland","SWANSON ROAD",""," ","I","DON BUCK ROAD","201434681","26/03/2014","Wed","1647","GF","BN1C","381A 671A ","","M","D","OF","F ","R","G","R","050","0","0","0","","","1743697","5919354",
"Auckland","SWANSON ROAD",""," ","I","DON BUCK ROAD","201411161","05/04/2014","Sat","1527","GB","CE1M","172B ","","E","D","B ","F ","R","G","C","050","0","0","1","","","1743666","5919379",
"Auckland","SWANSON ROAD",""," ","I","DON BUCK ROAD","201430674","11/02/2014","Tue","2100","GB","4N14","181A 387A 142B ","","E","D","DO","F ","R","G","R","050","0","0","0","","","1743697","5919354",
"Auckland","SWANSON ROAD",""," ","I","DON BUCK ROAD","201430007","05/01/2014","Sun","1135","AC","CN1C","372A ","","R","D","BF","F ","R","G","C","050","0","0","0","","","1743668","5919381",
"Auckland","SWANSON ROAD","60","S"," ","FRANK EVANS PLACE","201447771","20/05/2014","Tue","0816","GB","SS1C","372B 671B 929 ","","R","D","B ","F ","D"," ","C","050","0","0","0","","","1744006","5918799",
"Auckland","SWANSON ROAD","50","W"," ","LINCOLN ROAD","201430003","03/01/2014","Fri","1820","AE","CN1C","159A ","","R","D","BF","F "," ","N","L","050","0","0","0","","","1745021","5917777",
"Auckland","SWANSON ROAD","10","W"," ","NORTH CANDIA ROAD","201431991","20/03/2014","Thu","0840","FF","CW1T","331A ","","R","D","BF","F ","T","S","P","050","0","0","0","","","1741490","5918931",
"Auckland","SWANSON ROAD","320","W"," ","RATHGAR ROAD","201437304","31/05/2014","Sat","1215","FF","VW1C","357A ","","R","D","BF","F "," ","N","C","050","0","0","0","","","1744193","5918409",
"Auckland","SWANSON ROAD","60","N"," ","STURGES ROAD","201430974","11/01/2014","Sat","2245","CA","MN1","103A 133A ","","R","D","DO","F "," ","N","C","050","0","0","0","","","1744729","5917975",
"Auckland","SWANSON ROAD",""," ","I","STURGES ROAD","201433427","29/03/2014","Sat","2050","FE","CN1C","181A ","","R","D","DO","F ","T","T","C","050","0","0","0","","","1744776","5917939",
"Auckland","SWANSON ROAD","60","E"," ","WAITEMATA DRIVE","201400101","07/05/2014","Wed","2255","DB","CE1","131A 901 ","T","E","W","DO","H "," "," ","C","050","1","0","0","","","1743169","5919100",
"Auckland","SYCAMORE DRIVE","70","S"," ","LAURINA ROAD","201431228","25/02/2014","Tue","1623","JA","CN1C","308B 353B 377B 925 ","","R","D","BF","F ","D","N","C","050","0","0","0","","","1754809","5931074",
"Auckland","SYCAMORE DRIVE","110","S"," ","SUNSET ROAD","201437198","15/05/2014","Thu","2300","EA","CN1C","129A ","M","E","D","DN","F "," ","N","C","050","0","0","0","","","1754717","5931150",
"Auckland","SYKES ROAD","20","S"," ","WEYMOUTH ROAD","201434312","09/04/2014","Wed","1830","MO","CN1C","386A ","M","R","D","TO","F "," "," ","C","050","0","0","0","","","1766947","5899998",
"Auckland","SYLVIA PARK ROAD","15","E"," ","GREAT SOUTH ROAD","201437402","24/05/2014","Sat","0920","FF","CE1CTC","331A 191B 191C 205D ","","R","D","B ","F "," "," ","R","050","0","0","0","","","1763201","5911863",
"Auckland","SYMONDS OFF NBD","50","E"," ","SYMONDS ST","201431825","15/02/2014","Sat","2320","DA","4W1","103A ","C","E","D","DN","F "," ","N","N","100","0","0","0","","","1757112","5919058",
"Auckland","SYMONDS OFF NBD",""," ","I","WELLESLEY OFF NBD","201437329","03/04/2014","Thu","2142","DB","CN1","110A 132A 410A 901 ","G","R","W","DO","H ","Y","N","C","080","0","0","0","","","1757262","5918872",
"Auckland","SYMONDS ST","90","S"," ","ALEX EVANS ST","201435586","22/04/2014","Tue","0745","MO","CN1C","371A ","M","R","D","O ","F "," "," ","C","050","0","0","0","","","1757028","5919001",
"Auckland","SYMONDS ST","15","N"," ","CITY ROAD","201433387","03/04/2014","Thu","1800","AA","CS1C","381A ","","R","W","DO","L ","X","T","C","050","0","0","0","","","1757332","5919518",
"Auckland","SYMONDS ST","10","N"," ","GRAFTON BRIDGE","201434264","11/02/2014","Tue","1634","AO","BS1S","129A ","","M","D","B ","F ","X","T"," ","050","0","0","0","","","1757220","5919391",
"Auckland","SYMONDS ST","15","S"," ","GRAFTON BRIDGE","201433394","23/03/2014","Sun","0700","MC","CS1V","103A 410A 103B 372B 410B ","","R","D","DO","F "," ","N","L","050","0","0","0","","","1757208","5919369",
"Auckland","SYMONDS ST",""," ","I","GRAFTON BRIDGE","201436373","24/03/2014","Mon","1715","FE","CN1C","181A ","","R","D","BF","F ","X","T","C","050","0","0","0","","","1757215","5919382",
"Auckland","SYMONDS ST","10","W"," ","GRAFTON ROAD","201437247","16/04/2014","Wed","1830","AC","CN1C","372A ","","R","D","DO","L ","T","T","L","050","0","0","0","","","1757830","5920089",
"Auckland","SYMONDS ST","10","N"," ","KARANGAHAPE ROAD","201435238","13/03/2014","Thu","2123","FE","CS1CX","181A 423A 181B ","","R","D","DO","F ","X","T","C","050","0","0","0","","","1757220","5919391",
"Auckland","SYMONDS ST","30","S"," ","KARANGAHAPE ROAD","201436430","24/04/2014","Thu","1600","AA","CN1V","372A ","","R","D","OF","F "," ","N","C","050","0","0","0","","","1757202","5919355",
"Auckland","SYMONDS ST",""," ","I","KARANGAHAPE ROAD","201433381","01/03/2014","Sat","0745","AC","CN1C","381A ","","R","D","BF","F ","X","T","C","050","0","0","0","","","1757215","5919382",
"Auckland","SYMONDS ST",""," ","I","KHYBER PASS ROAD","201411790","31/03/2014","Mon","0654","LB","MW2C","303B ","","E","D","DO","F ","X","T","R","050","0","0","1","","","1756969","5918790",
"Auckland","SYMONDS ST","10","N"," ","NEWTON ROAD","201433941","27/03/2014","Thu","1805","AO","BN1C","386A ","","R","D","B ","F ","X","T","C","050","0","0","0","","","1756971","5918800",
"Auckland","SYMONDS ST","30","S"," ","WAKEFIELD ST","201436639","12/05/2014","Mon","0845","FD","CW1CV","181A ","","R","D","B ","F "," ","N","C","050","0","0","0","","","1757397","5919592",
"Auckland","SYMONDS ST",""," ","I","WAKEFIELD ST","201436891","23/04/2014","Wed","2010","LB","CS1C","302B 370B ","","M","D","DO","F ","T","G","R","050","0","0","0","","","","",
"Auckland","SYMONDS ST","5","N"," ","WHITAKER PLACE","201437828","21/05/2014","Wed","1850","AC","CN1C","372A ","","R","W","DO","F ","T","N","C","050","0","0","0","","","1757427","5919626",
"Auckland","TACOMA ROAD","100","W"," ","LANGLEY ROAD","201438611","20/03/2014","Thu","2140","DB","CW1T","131A 502A ","M","M","D","DO","F "," "," ","N","050","0","0","0","","","","",
"Auckland","TAHAROTO ROAD",""," ","I","FRED THOMAS DRIVE","201430131","02/02/2014","Sun","1655","FB","CS1C","331A 412A ","","M","D","BF","F ","X","T","P","050","0","0","0","","","1757222","5926964",
"Auckland","TAHAROTO ROAD",""," ","I","FRED THOMAS DRIVE","201434281","11/03/2014","Tue","2138","LB","BW1C","303B 375B 402B ","","E","D","DO","F ","X","T","C","050","0","0","0","","","1757222","5926964",
"Auckland","TAHAROTO ROAD","40","N"," ","KARAKA ST","201430788","15/01/2014","Wed","1621","AA","CN1C","372A ","","R","D","OF","F "," ","N","C","050","0","0","0","","","1756939","5927250",
"Auckland","TAHAROTO ROAD","110","S"," ","NGAIO ST","201434720","17/04/2014","Thu","1110","EC","CS1","821 901 903 ","X","R","W","OF","HS"," ","N","C","050","0","0","0","","","1756997","5927189",
"Auckland","TAHAROTO ROAD","5","S"," ","NORTHCOTE ROAD","201430667","12/02/2014","Wed","1650","LB","CN1C","303B 314B 926 ","","R","D","B ","F ","D","T","C","050","0","0","0","","","1756721","5927480",
"Auckland","TAHAROTO ROAD","30","S"," ","NORTHCOTE ROAD","201432758","07/03/2014","Fri","1045","AC","BN1V","381A ","","R","D","B ","F "," "," ","P","050","0","0","0","","","1756739","5927462",
"Auckland","TAHAROTO ROAD",""," ","I","NORTHCOTE ROAD","201437318","10/06/2014","Tue","0815","GF","4N1C","381A ","","R","W","OF","L ","X","T","R","050","0","0","0","","","1756718","5927483",
"Auckland","TAHAROTO ROAD",""," ","I","NORTHCOTE ROAD","201410923","01/03/2014","Sat","1015","FE","VW1S","341A ","","R","D","BF","F ","X","T","N","050","0","0","1","","24","1756718","5927483",
"Auckland","TAHAROTO ROAD",""," ","I","NORTHCOTE ROAD","201433822","14/04/2014","Mon","2237","LB","CN1C","303B ","","R","D","DO","F ","X","T","R","050","0","0","0","","","1756718","5927483",
"Auckland","TAHAROTO ROAD","40","S"," ","SHEA TERRACE","201435448","08/05/2014","Thu","2240","CB","CN1","101A 108A ","P","R","W","DO","F "," ","N","C","050","0","0","0","","","1756662","5927543",
"Auckland","TAHAROTO ROAD","40","S"," ","SHEA TERRACE","201453448","08/05/2014","Thu","2240","CB","CN1","101A 108A ","P","R","W","DO","F "," ","N","C","050","0","0","0","","","1756662","5927543",
"Auckland","TAHAROTO ROAD",""," ","I","SMALES FARM BUSINESS PARK","201437305","04/06/2014","Wed","0826","LB","CN1C","303B 377B ","","R","D","BF","F ","T","T","C","050","0","0","0","","","1756558","5927651",
"Auckland","TAHAROTO ROAD",""," ","I","WAIRAU ROAD","201433357","29/03/2014","Sat","1244","DA","CN1C","133A 423A ","IS","E","D","BF","F ","T","T","R","050","0","0","0","","","1756431","5927790",