"TLA NAME","CRASH ROAD","CRASH DIST","CRASH DIRN","INTSN","SIDE ROAD","CRASH ID","CRASH DATE","CRASH DOW","CRASH TIME","MVMT","VEHICLES","CAUSES","OBJECTS STRUCK","ROAD CURVE","ROAD WET","LIGHT","WTHRa","JUNC TYPE","TRAF CTRL","ROAD MARK","SPD LIM","CRASH FATAL CNT","CRASH SEV CNT","CRASH MIN CNT","PERS AGE1","PERS AGE2","EASTING","NORTHING"
"Auckland","TAIAPA ROAD","2000","N"," ","MURIWAI VALLEY ROAD","201433764","21/03/2014","Fri","1800","DA","VN1","111A 131A 813 ","C","M","D","TN","F "," "," ","N","080","0","0","0","","","1729833","5922997",
"Auckland","TAKAHE ROAD","50","N"," ","WOOD BAY ROAD","201432869","16/02/2014","Sun","1150","BF","CS1C","131A 358A ","","M","D","B ","F "," "," ","C","050","0","0","0","","","1748153","5910183",
"Auckland","TAKANINI SCHOOL ROAD","5","N"," ","STATION ROAD","201436834","20/05/2014","Tue","0315","MO","CS1T","353A 371A 904 ","","R","D","DO","M ","T","G","C","050","0","0","0","","","1771119","5898999",
"Auckland","TAKATU ROAD","300","E"," ","BADDELEYS BEACH ROAD","201412683","21/04/2014","Mon","1040","DB","CE1","136A 631A ","C","M","D","ON","F "," ","N","C","100","0","0","2","","","1758701","5973629",
"Auckland","TAKATU ROAD","2380","E"," ","BADDELEYS BEACH ROAD","201432299","02/01/2014","Thu","","DB","VE1","131A ","","M","D","B ","F "," "," ","N","100","0","0","0","","","1760218","5972479",
"Auckland","TAKATU ROAD","3200","E"," ","BADDELEYS BEACH ROAD","201432080","06/01/2014","Mon","1450","DA","CS1","103A 131A ","T","S","D","BN","F "," ","N","N","100","0","0","0","","","1760837","5972470",
"Auckland","TALMAR PLACE","50","N"," ","REYNELLA DRIVE","201431274","14/02/2014","Fri","2131","MO","VS1C","371A ","M","E","D","DN","F "," ","N","N","050","0","0","0","","","1743561","5921393",
"Auckland","TAMAKI DRIVE","100","E"," ","ATKIN AVENUE","201432838","25/02/2014","Tue","0640","DA","CE1","410A ","J","E","D","B ","F "," "," ","C","050","0","0","0","","","1763218","5920425",
"Auckland","TAMAKI DRIVE","320","E"," ","HAPIMANA ST","201410586","15/02/2014","Sat","0139","DA","ME1","129A 131A ","","M","D","DO","F "," ","N","C","050","0","0","2","","","1762671","5920820",
"Auckland","TAMAKI DRIVE","100","W"," ","HAPIMANA ST","201410940","27/01/2014","Mon","1720","GB","SE1C","927 ","","E","D","BF","F ","D","N","C","050","0","0","1","","49","1762293","5920700",
"Auckland","TAMAKI DRIVE","220","S"," ","KITEMOANA ST","201431990","12/03/2014","Wed","1655","MB","4S1CC","303B 382B ","","R","D","BF","F "," ","N","P","050","0","0","0","","","1761975","5920100",
"Auckland","TAMAKI DRIVE","100","E"," ","NGAPIPI ROAD","201410722","05/03/2014","Wed","0620","EE","SE1C","330B 374B ","M","R","W","TO","F "," ","N","C","050","0","1","0","","35","1761060","5919988",
"Auckland","TAMAKI DRIVE","210","E"," ","NGAPIPI ROAD","201430970","05/01/2014","Sun","0805","MO","VE14C","423A ","MM","R","D","OF","F "," ","N","C","050","0","0","0","","","1761166","5920019",
"Auckland","TAMAKI DRIVE","10","W"," ","NGAPIPI ROAD","201430618","27/01/2014","Mon","1911","AO","CW1B","129A 363A 902 ","","R","D","B ","F ","T","N","C","050","0","0","0","","","1760956","5919954",
"Auckland","TAMAKI DRIVE","700","W"," ","NGAPIPI ROAD","201434556","05/04/2014","Sat","1810","FD","CE1C","181A 191B ","","R","D","OF","F "," ","N","C","050","0","0","0","","","1760288","5919967",
"Auckland","TAMAKI DRIVE",""," ","I","NGAPIPI ROAD","201410625","16/02/2014","Sun","0730","LB","SW1C","303B 375B ","","R","D","O ","F ","T","G","C","050","0","0","1","","66","1760965","5919957",
"Auckland","TAMAKI DRIVE",""," ","I","NGAPIPI ROAD","201432973","11/03/2014","Tue","1224","JA","CW1C","302B 382B ","","R","D","B ","F ","T","G","C","050","0","0","0","","","1760965","5919957",
"Auckland","TAMAKI DRIVE","50","W"," ","OKAHU ST","201412270","30/03/2014","Sun","1540","EA","CE1CCC","129A 130A 410A ","M","E","D","B ","F "," ","N","R","050","0","0","1","","","1761675","5920065",
"Auckland","TAMAKI DRIVE","140","W"," ","OKAHU ST","201437239","17/05/2014","Sat","1204","MO","CE1V","385A ","M","R","D","BF","F "," ","N","P","050","0","0","0","","","1761589","5920089",
"Auckland","TAMAKI DRIVE","10","E"," ","PATTESON AVENUE","201436697","14/05/2014","Wed","1300","EA","VW1C","386A ","M","R","D","B ","F ","T","N","C","050","0","0","0","","","1763328","5920389",
"Auckland","TAMAKI DRIVE","20","W"," ","PATTESON AVENUE","201413045","07/05/2014","Wed","1907","LB","ME1CC","303B 375B 926 ","Q","R","D","DO","F ","D","N","P","050","0","0","1","","","1763299","5920396",
"Auckland","TAMAKI DRIVE","180","E"," ","SOLENT ST","201410213","07/01/2014","Tue","0716","NB","BE1E","711B 731B ","","E","D","B ","F "," ","N","C","050","0","0","1","50","","1759565","5920511",
"Auckland","TAMAKI DRIVE","200","E"," ","SOLENT ST","201411508","18/02/2014","Tue","1619","EA","CW1CCC","129A 350A ","MMM","E","D","BF","F "," ","N","C","050","0","0","2","","","1759585","5920511",
"Auckland","TAMAKI DRIVE","500","E"," ","SOLENT ST","201435799","13/05/2014","Tue","0801","FD","CN1CC","181A 191B 191C ","","R","D","B ","F "," "," ","C","050","0","0","0","","","1759850","5920386",
"Auckland","TAMAKI DRIVE",""," ","I","ST HELIERS BAY ROAD","201413685","01/05/2014","Thu","1045","LB","SW1C","331A 353A 303B ","","R","D","O ","F ","T","G","C","050","0","0","1","","47","1765591","5920123",
"Auckland","TAMAKI DRIVE","40","E"," ","TURUA ST","201436062","03/06/2014","Tue","1530","JA","CW1C","303B 375B 926 ","","E","D","OF","F ","D","N","C","050","0","0","0","","","","",
"Auckland","TAMAKI DRIVE",""," ","I","TURUA ST","201433198","28/03/2014","Fri","1250","KB","CW1C","301B ","","R","D","B ","F ","T","S","C","050","0","0","0","","","1765664","5920154",
"Auckland","TAMAKI DRIVE","25","E"," ","WATENE CRESCENT","201413158","24/04/2014","Thu","1845","FA","CE1S","129A 873 ","","R","D","DO","F "," "," ","R","050","0","0","1","","31","1761854","5920033",
"Auckland","TAMAKI DRIVE",""," ","I","WATENE CRESCENT","201411081","05/02/2014","Wed","1110","JA","SW1X","302B 375B 671B ","","R","D","B ","F ","T","G","C","050","0","0","1","","16","1761831","5920024",
"Auckland","TAMATEA DRIVE",""," ","I","AROHIA PLACE","201431883","08/02/2014","Sat","2339","CC","CW1","103A ","K","R","D","DO","F ","T","N","N","050","0","0","0","","","1754883","5968694",
"Auckland","TANIWHA ST","40","E"," ","APIRANA AVENUE","201434354","03/03/2014","Mon","1300","EA","BE1C","386A ","M","R","D","B ","F "," "," ","C","050","0","0","0","","","1765305","5917087",
"Auckland","TANIWHA ST","15","W"," ","HEATHERBANK ST","201412295","18/05/2014","Sun","2223","EA","4W1C","103A 410A ","M","R","D","DO","F "," ","N","C","050","0","0","1","","","1765725","5917009",
"Auckland","TANIWHA ST","70","S"," ","KOTAE ROAD","201413772","08/04/2014","Tue","2207","DB","CN1","102A 111A 131A ","PT","M","D","DO","F "," ","N","C","050","0","1","1","","","1766940","5917293",
"Auckland","TANIWHA ST",""," ","I","MAYFAIR PLACE E","201436057","19/05/2014","Mon","1135","DC","CN2C","130A ","IM","R","D","BF","F ","R","G","R","050","0","0","0","","","","",
"Auckland","TATARIKI ST",""," ","I","EDINBURGH AVENUE","201410917","26/02/2014","Wed","1736","HA","SS2V","204A 352A 375A ","","R","D","BF","F ","T","S","C","050","0","0","1","","7","1772221","5894457",
"Auckland","TAUHINU ROAD","250","S"," ","GREENHITHE ROAD","201437113","01/06/2014","Sun","2139","CC","CS1","103A 112A 137A ","","R","D","DO","F "," ","N","C","050","0","0","0","","","1749154","5928388",
"Auckland","TAUHINU ROAD","50","S"," ","POUNAMU AVENUE","201435629","26/04/2014","Sat","0538","EA","4N14","129A 412A 801 ","M","R","W","DO","L "," "," ","C","050","0","0","0","","","1749318","5928202",
"Auckland","TAUHINU ROAD","20","E"," ","THE KNOLL","201430130","02/02/2014","Sun","1940","CC","CN1","130A 358A ","P","R","D","OF","F "," "," ","C","050","0","0","0","","","1749424","5928080",
"Auckland","TAUPAKI ROAD",""," ","I","AMREINS ROAD","201412975","26/05/2014","Mon","0742","DA","TS1","111A 131A ","T","M","W","O ","L ","X","G","C","070","0","0","1","","","1739222","5924048",
"Auckland","TAUPAKI ROAD","200","S"," ","NELSON ROAD","201431238","02/03/2014","Sun","1830","FA","CS1C","181A ","","R","D","BN","F "," ","N","C","070","0","0","0","","","1739091","5923930",
"Auckland","TAUPAKI ROAD","80","W"," ","NIXON ROAD","201434731","02/05/2014","Fri","2115","DB","CW1","103A 111A 131A 514A ","V","S","D","DN","F "," ","N","C","070","0","0","0","","","1740348","5926136",
"Auckland","TAVERN ROAD",""," ","I","EAST COAST ROAD","201430604","07/02/2014","Fri","1145","FB","CW1C","331A ","","R","D","B ","F ","T","N","N","050","0","0","0","","","1749560","5945448",
"Auckland","TAWA DRIVE",""," ","I","GREVILLE ROAD","201431015","07/02/2014","Fri","1600","FA","CN1C","181A ","","M","D","B ","F ","R","G","C","050","0","0","0","","","1753266","5933048",
"Auckland","TAWA DRIVE","100","S"," ","MIRO PLACE","201431351","05/03/2014","Wed","1727","CC","4S1","410A ","S","R"," "," F","  "," ","N","C","050","0","0","0","","","1753288","5932658",
"Auckland","TAWARI ST","10","E"," ","GEORGE ST","201433700","06/03/2014","Thu","0745","MO","CE1C","386A ","M","R","D","B ","F ","X","G","C","050","0","0","0","","","1756023","5918003",
"Auckland","TAYLOR ROAD","40","W"," ","CORONATION ROAD","201433369","11/03/2014","Tue","0840","EC","CE1","363A 902 ","S","R","D","BN","F "," ","P","N","050","0","0","0","","","1759170","5909739",
"Auckland","TAYLOR ROAD","50","N"," ","WAIKOUKOU VALLEY ROAD","201412542","02/05/2014","Fri","0807","CB","4S1","130A 359A 904 ","V","R","D","B ","M "," "," ","L","080","0","0","1","","","1733793","5930854",
"Auckland","TE ATATU OFF EBD",""," ","I","TE ATATU ROAD","201434188","05/04/2014","Sat","0900","FB","CN1C","331A ","","E","D","B ","F ","T","G","N","050","0","0","0","","","1747237","5919867",
"Auckland","TE ATATU OFF WBD","10","E"," ","TE ATATU ROAD","201431236","03/03/2014","Mon","0715","FE","CW1C","181A ","","E","W","OF","F ","T","T","N","050","0","0","0","","","1747302","5919580",
"Auckland","TE ATATU OFF WBD","90","E"," ","TE ATATU ROAD","201436549","18/04/2014","Fri","1315","AA","CW1C","372A ","","E","D","O ","F "," "," ","C","050","0","0","0","","","1747381","5919569",
"Auckland","TE ATATU ON EBD WEST","130","W"," ","TE ATATU ROAD","201434601","19/04/2014","Sat","1201","DB","CW1","131A 132A ","G","S","W","OF","H "," ","N","C","100","0","0","0","","","1747176","5919782",
"Auckland","TE ATATU ROAD",""," ","I","BRIDGE AVENUE","201431104","27/02/2014","Thu","2352","DA","CW1","103A 111A ","P","M","D","DO","F ","T","T","R","050","0","0","0","","","1747250","5919464",
"Auckland","TE ATATU ROAD","70","S"," ","CONISTON AVENUE","201413784","10/04/2014","Thu","1825","BA","CN1CC","129A 410A ","Q","R","D","DO","F "," ","N","C","050","0","0","1","","","1746659","5917997",
"Auckland","TE ATATU ROAD","100","S"," ","CONISTON AVENUE","201436348","12/03/2014","Wed","0300","EA","CS1C","129A ","M","R","D","DO","F "," ","N","C","050","0","0","0","","","1746649","5917968",
"Auckland","TE ATATU ROAD","15","N"," ","COVIL AVENUE","201430960","26/02/2014","Wed","1835","FD","CN1C","181A ","","R","D","BF","F "," ","N","C","050","0","0","0","","","1747181","5919382",
"Auckland","TE ATATU ROAD","25","S"," ","COVIL AVENUE","201431801","21/02/2014","Fri","1400","GD","CN1C","181A 333A 929 ","","R","D","BF","F ","D","N","C","050","0","0","0","","","1747154","5919352",
"Auckland","TE ATATU ROAD",""," ","I","COVIL AVENUE","201437302","11/06/2014","Wed","1530","AA","CN14","159A 381A ","","R","D","OF","F ","T","T","L","050","0","0","0","","","1747171","5919371",
"Auckland","TE ATATU ROAD",""," ","I","EDMONTON ROAD","201410624","25/01/2014","Sat","0246","DA","VS1","103A 111A ","S","E","D","DO","F ","R","G","C","050","0","0","1","","","1746811","5918821",
"Auckland","TE ATATU ROAD",""," ","I","EDMONTON ROAD","201430900","15/02/2014","Sat","0428","DB","CN1","103A 410A ","S","M","D","DO","F ","R","G","R","050","0","0","0","","","1746811","5918821",
"Auckland","TE ATATU ROAD",""," ","I","FLANSHAW ROAD","201434376","18/03/2014","Tue","0702","LB","CS2C","302A ","","M","D","TF","F ","R","G","R","050","0","0","0","","","1746810","5918838",
"Auckland","TE ATATU ROAD","15","N"," ","LYNDHURST ROAD","201412338","10/04/2014","Thu","0906","FD","CS14C","181A 331A ","","R","D","O ","F "," "," ","C","050","0","0","2","","","1746847","5918867",
"Auckland","TE ATATU ROAD",""," ","I","LYNDHURST ROAD","201433691","17/04/2014","Thu","1830","KA","CS1C","145B 302B ","","R","D","DO","F ","T","G","R","050","0","0","0","","","1746840","5918854",
"Auckland","TE ATATU ROAD",""," ","I","MILTONIA AVENUE","201411823","25/02/2014","Tue","2032","KA","MN1C","103A 101B 302B ","","R","D","DO","F ","T","G","R","050","0","1","0","","","1746740","5917341",
"Auckland","TE ATATU ROAD",""," ","I","ROBERTS ROAD","201437526","26/05/2014","Mon","1528","FC","CN1C","331A ","","R","D","O ","F ","T","G","X","050","0","0","0","","","1746690","5917792",
"Auckland","TE ATATU ROAD",""," ","I","ROBERTS ROAD","201430605","29/01/2014","Wed","1810","FB","CS1C","181A 191B ","","R","D","B ","F ","T","N","C","070","0","0","0","","","1746690","5917792",
"Auckland","TE ATATU ROAD","15","N"," ","ROYAL VIEW ROAD","201431992","21/03/2014","Fri","0959","AC","TN1C","372A 671A ","","R","D","BF","F "," ","N","L","050","0","0","0","","","1747231","5919441",
"Auckland","TE ATATU ROAD",""," ","I","ROYAL VIEW ROAD","201437225","21/05/2014","Wed","1451","KA","CN1C","302B 353B 377B ","","R","D","BF","F ","T","G","C","050","0","0","0","","","1747222","5919429",
"Auckland","TE ATATU ROAD","40","S"," ","STRID ROAD","201410374","28/01/2014","Tue","1639","FD","VS1C","181A ","F","R","D","BF","F "," ","N","X","050","0","0","1","","","1746744","5918252",
"Auckland","TE ATATU ROAD","150","S"," ","TAIKATA ROAD","201437343","02/06/2014","Mon","1800","FF","CN1C","103A 112A 181A ","","R","D","DO","F "," ","N","C","050","0","0","0","","","1747272","5921314",
"Auckland","TE ATATU ROAD",""," ","I","TE ATATU OFF WBD N","201435231","01/04/2014","Tue","1420","FE","CS1C","101A 331A ","","R","D","B ","F ","X","T","R","050","0","0","0","","","1747292","5919582",
"Auckland","TE ATATU ROAD","15","S"," ","TIRIMOANA ROAD","201436333","01/04/2014","Tue","1754","FC","CS1C","331A 353A ","","R","D","TF","F "," ","N","C","050","0","0","0","","","1746583","5916568",
"Auckland","TE ATATU ROAD",""," ","I","TIRIMOANA ROAD","201435007","24/04/2014","Thu","1212","JA","CS1C","301B 375B ","","R","D","O ","F ","T","S","C","050","0","0","0","","","1746591","5916581",
"Auckland","TE ATATU ROAD",""," ","I","TIRIMOANA ROAD","201435642","02/05/2014","Fri","1130","KA","CS1C","301B 372B ","","R","D","O ","F ","T","S","P","050","0","0","0","","","1746591","5916581",
"Auckland","TE ATATU ROAD",""," ","I","TIRIMOANA ROAD","201411629","22/03/2014","Sat","1400","CB","MS1","137A ","","R","D","BF","F ","T","S","C","050","0","0","1","","","1746591","5916581",
"Auckland","TE ATATU ROAD","100","N"," ","TITOKI ST","201433392","10/04/2014","Thu","1600","FD","CN1C","181A 363A 410A 902 ","","R","D","BF","F "," ","N","C","050","0","0","0","","","1747203","5920001",
"Auckland","TE ATATU ROAD","30","N"," ","WAKELING AVENUE","201431612","15/01/2014","Wed","0945","FC","CN1C","181A 402A ","","R","D","O ","F "," "," ","X","050","0","0","0","","","1746820","5918676",
"Auckland","TE ATATU ROAD","100","S"," ","WAKELING AVENUE","201411903","16/03/2014","Sun","0652","CC","VN1C","103A 410A ","CFM","R","D","TF","F "," ","N","C","050","0","0","1","","","1746823","5918546",
"Auckland","TE COMA OFF SBD","15","S"," ","SH 1N","201430993","16/02/2014","Sun","1645","FA","CS1C","102A 112A 181A ","G","R","D","BF","F "," ","N","N","100","0","0","0","","","1760767","5915438",
"Auckland","TE HANGA ROAD","200","E"," ","AIO WIRA ROAD","201437377","13/04/2014","Sun","0600","DA","CW1","131A 410A ","C","M","D","DN","F "," ","N","C","050","0","0","0","","","","",
"Auckland","TE IRIRANGI DRIVE","5","N"," ","ACCENT DRIVE","201431728","25/01/2014","Sat","1600","FE","CS1C","331A ","","R","D","O ","F ","X","T","C","050","0","0","0","","","1769616","5908515",
"Auckland","TE IRIRANGI DRIVE",""," ","I","ACCENT DRIVE","201430790","11/01/2014","Sat","2220","FE","CN14","181A ","","R","D","DO","F ","T","T","P","080","0","0","0","","","1769603","5908513",
"Auckland","TE IRIRANGI DRIVE",""," ","I","ACCENT DRIVE","201433550","19/04/2014","Sat","1430","FE","VS1C","181A ","","R","D","OF","  ","X","T","R","050","0","0","0","","","1769615","5908511",
"Auckland","TE IRIRANGI DRIVE",""," ","I","ACCENT DRIVE","201430031","08/01/2014","Wed","2345","HA","CN1C","322B ","","R","D","DO","F ","X","T","C","080","0","0","0","","","1769603","5908513",
"Auckland","TE IRIRANGI DRIVE","300","N"," ","BELINDA AVENUE","201433708","27/03/2014","Thu","2350","CC","CN1","194A ","RT","R","D","DO","F "," "," ","R","080","0","0","0","","","1769119","5906706",
"Auckland","TE IRIRANGI DRIVE","20","S"," ","BISHOP DUNN PLACE","201436691","20/03/2014","Thu","2115","FA","CN1C","191B 357B 512B ","","R","D","DO","F "," ","N","R","080","0","0","0","","","1769439","5907936",
"Auckland","TE IRIRANGI DRIVE",""," ","I","BISHOP DUNN PLACE","201437959","19/05/2014","Mon","0840","FB","CS1C","181A 402A ","","E","D","B ","F ","T","G","R","080","0","0","0","","","1769456","5907952",
"Auckland","TE IRIRANGI DRIVE","300","S"," ","DAWSON ROAD","201433707","01/04/2014","Tue","0839","FD","CS1C4","181A 181B ","","R","D","B ","F "," "," ","R","060","0","0","0","","","1768842","5905573",
"Auckland","TE IRIRANGI DRIVE","5","N"," ","GREAT SOUTH ROAD","201431553","18/01/2014","Sat","1342","FE","CS1C","331A ","","R","D","B ","F ","X","T","C","050","0","0","0","","","1767442","5904928",
"Auckland","TE IRIRANGI DRIVE",""," ","I","HAVEN DRIVE","201412399","08/04/2014","Tue","1910","LB","CS1C","323B 351B 410B ","","R","D","DO","F ","X","T","P","080","0","0","1","","","1770124","5910694",
"Auckland","TE IRIRANGI DRIVE",""," ","I","HAVEN DRIVE","201412084","10/04/2014","Thu","1430","LB","4N1CCC","303B 375B ","","R","D","B ","F ","X","T","R","080","0","0","1","","","1770112","5910696",
"Auckland","TE IRIRANGI DRIVE","100","N"," ","LEIXLEP LANE","201435312","09/04/2014","Wed","1340","CB","4N1","501A ","T","R","D","B ","F "," "," ","C","080","0","0","0","","","1770121","5910743",
"Auckland","TE IRIRANGI DRIVE","50","N"," ","PENION DRIVE","201437412","27/05/2014","Tue","1110","AC","CN1C","372A ","","R","D","B ","F "," "," ","C","060","0","0","0","","","1768975","5906155",
"Auckland","TE IRIRANGI DRIVE","100","N"," ","SMALES ROAD","201413091","09/06/2014","Mon","1920","CC","CN1","139A 197A ","T","R","W","DO","L "," ","N","R","080","0","0","1","","","1769954","5909945",
"Auckland","TE IRIRANGI DRIVE",""," ","I","SMALES ROAD","201433303","04/04/2014","Fri","1525","KA","CN1CC","302B 382B ","","R","D","OF","F ","X","G","R","080","0","0","0","","","1769931","5909847",
"Auckland","TE IRIRANGI DRIVE",""," ","I","TE IRIRANGI OFF SBD","201431201","22/02/2014","Sat","2030","KA","CE1C","184B ","","R","D","DO","F ","T","G","R","060","0","0","0","","","1767765","5905083",
"Auckland","TE IRIRANGI DRIVE",""," ","I","TE IRIRANGI OFF SBD","201433799","07/04/2014","Mon","1300","JA","CE1C","322B 334B ","","R","D","B ","F ","T","T","R","050","0","0","0","","","1767765","5905083",
"Auckland","TE IRIRANGI DRIVE","100","S"," ","TI RAKAU DRIVE","201430334","10/01/2014","Fri","1930","KA","CN1C","308B 375B 926 ","","R","D","B ","F ","D","N","C","080","0","0","0","","","1770293","5911214",
"Auckland","TE IRIRANGI DRIVE",""," ","I","TI RAKAU DRIVE","201430001","02/01/2014","Thu","1102","GE","CN1X","193B ","","R","D","BF","F ","X","T","C","050","0","0","0","","","1770324","5911308",
"Auckland","TE IRIRANGI DRIVE","10","S"," ","TOWN CENTRE DRIVE","201411856","16/03/2014","Sun","0054","CC","CN1","102A 112A ","P","R","W","DO","L ","X","T","R","080","0","0","1","","","1770192","5910996",
"Auckland","TE IRIRANGI DRIVE","100","S"," ","WANDO LANE S","201430672","15/02/2014","Sat","1708","CB","CN1","129A 355A ","P","R","D","B ","F "," ","N","C","080","0","0","0","","","1769747","5909097",
"Auckland","TE KANAWA CRESCENT","150","W"," ","LINCOLN ROAD","201436346","28/02/2014","Fri","0835","MA","CW1C","373B ","","R","D","ON","F "," ","N","N","050","0","0","0","","","1744956","5918127",
"Auckland","TE TAOU CRESCENT","15","W"," ","MAHUHU CRESCENT","201412288","07/02/2014","Fri","1950","ND","CE1E","111A 370A 711B ","","M","D","B ","F "," ","N","C","050","0","0","1","49","","1758326","5920543",
"Auckland","TENNESSEE AVENUE",""," ","I","FLEMING ST","201410920","24/02/2014","Mon","0830","NA","CE1E","713B ","","R","D","BN","F ","T","N","N","050","0","1","0","13","","1762125","5908100",
"Auckland","TERRA NOVA ST","330","E"," ","CAPTAIN SCOTT ROAD","201436052","25/04/2014","Fri","0018","EA","CW1C","129A ","M","M","W","DO","L "," ","N","N","050","0","0","0","","","","",
"Auckland","TERRY ST","200","E"," ","BLOCKHOUSE BAY ROAD","201431988","13/03/2014","Thu","0851","MD","4W1T","371B 927 ","","R","D","BF","F ","D","N","C","050","0","0","0","","","1751835","5912963",
"Auckland","THE AVENUE",""," ","I","HILLSBOROUGH ROAD","201411637","11/03/2014","Tue","0730","JA","CW1S","324A ","","R","D","BF","F ","X","T","C","050","0","0","1","","26","1753578","5911992",
"Auckland","THE DRIVE","20","S"," ","KING EDWARD AVENUE","201434843","03/03/2014","Mon","1202","CA","CS1CC","130A 358A ","","R","W","OF","F "," ","N","C","050","0","0","0","","","1757790","5915802",
"Auckland","THE DRIVE","15","N"," ","RANGIATEA ROAD","201431256","06/02/2014","Thu","0130","EA","CS1C","101A 129A ","M","R","D","DO","F "," ","N","C","050","0","0","0","","","1757682","5915410",
"Auckland","THE STRAND","200","E"," ","HURSTMERE ROAD","201434701","01/05/2014","Thu","1255","MO","4E1C","371A ","M","E","D","BF","F "," ","N","C","050","0","0","0","","","1758307","5927287",
"Auckland","THE TERRACE",""," ","I","KILLARNEY ST","201433845","17/03/2014","Mon","2008","DB","4N2C","103A 111A 131A ","M","M","D","DO","F ","X","S","C","050","0","0","0","","","1757879","5927452",
"Auckland","THOMAS ROAD","40","E"," ","ASPIRING AVENUE","201433375","29/03/2014","Sat","0533","CB","CE1C","410A ","M","R","D","DO","F "," ","N","C","050","0","0","0","","","1769644","5905386",
"Auckland","THOMPSON TERRACE","50","S"," ","MOUNTFORT ST","201430941","16/02/2014","Sun","","DB","CN1","103A 131A ","K","M","D","BF","F "," ","N","C","050","0","0","0","","","1768199","5899929",
"Auckland","TI IRIRANGI DRIVE",""," ","I","TE RAKAU DRIVE","201437327","12/06/2014","Thu","2135","MC","CN1C","372B ","","R","W","DO","L ","X","T","C","080","0","0","0","","","","",
"Auckland","TI RAKAU DRIVE","30","N"," ","AYLESBURY ST","201430904","18/02/2014","Tue","0727","AO","MS1C","381A ","","R","D","BF","F "," ","N","R","050","0","0","0","","","1766559","5913162",
"Auckland","TI RAKAU DRIVE",""," ","I","AYLESBURY ST","201413088","13/05/2014","Tue","1610","JA","CS1C","302B 314B 377B ","","R","D","BF","F ","T","G","R","050","0","0","1","","","1766566","5913133",
"Auckland","TI RAKAU DRIVE","30","E"," ","BURSWOOD DRIVE W","201431815","13/03/2014","Thu","0830","LB","CE1C","303B 314B 377B 921 ","","R","D","BF","F ","D","N","R","060","0","0","0","","","1768763","5911609",
"Auckland","TI RAKAU DRIVE","10","N"," ","EDGEWATER DRIVE N","201433283","19/03/2014","Wed","0700","FA","CN1C","181A ","","R","D","BF","F ","T","T","C","060","0","0","0","","","1767201","5912321",
"Auckland","TI RAKAU DRIVE","5","N"," ","EDGEWATER DRIVE S","201430390","15/01/2014","Wed","0635","MO","CS1","371A 423A ","H","R","D","B ","F ","T","N","N","050","0","0","0","","","1767440","5912107",
"Auckland","TI RAKAU DRIVE","240","W"," ","GOSSAMER DRIVE","201437126","27/05/2014","Tue","2050","CB","CW1","501A ","T","R","D","DO","F "," ","N","C","060","0","0","0","","","1767673","5912008",
"Auckland","TI RAKAU DRIVE","100","E"," ","GREENMOUNT DRIVE","201430931","25/02/2014","Tue","1740","MB","4E1C","314B 377B ","","E","D","BF","F "," ","N","R","060","0","0","0","","","1769496","5911396",
"Auckland","TI RAKAU DRIVE","15","E"," ","HARRIS ROAD","201434677","04/04/2014","Fri","1840","FD","CE1C","181A ","","R","D","OF","F "," ","N","R","060","0","0","0","","","1769057","5911539",
"Auckland","TI RAKAU DRIVE","200","E"," ","HARRIS ROAD","201413841","04/06/2014","Wed","1740","LB","TW1C","303B 375B 927 ","","R","D","TO","F ","D"," ","R","060","0","1","1","","","","",
"Auckland","TI RAKAU DRIVE","80","W"," ","HARRIS ROAD","201437271","05/06/2014","Thu","0720","FD","CW1C","331A ","","R","D","OF","F "," ","N","R","060","0","0","0","","","1768962","5911550",
"Auckland","TI RAKAU DRIVE",""," ","I","HARRIS ROAD","201434371","06/04/2014","Sun","1726","LB","CW1C","303B ","","R","D","O ","F ","T","T","C","050","0","0","0","","","1769040","5911530",
"Auckland","TI RAKAU DRIVE",""," ","I","HARRIS ROAD","201436688","30/03/2014","Sun","2040","CA","CE1","103A ","IP","R","D","B ","F ","X","G","R","050","0","0","0","","","1769043","5911542",
"Auckland","TI RAKAU DRIVE",""," ","I","HARRIS ROAD","201435907","01/05/2014","Thu","0550","LB","CW1C","303B 375B ","","R","W","DO","F ","T","T","C","060","0","0","0","","","1769040","5911530",
"Auckland","TI RAKAU DRIVE",""," ","I","MATTSON ROAD","201437863","07/06/2014","Sat","0230","CB","CS1","130A 410A ","P","R","D","DO","F ","T","T","R","060","0","0","0","","","1766856","5912725",
"Auckland","TI RAKAU DRIVE",""," ","I","MATTSON ROAD","201437250","07/05/2014","Wed","1934","LB","CN1C","303B 375B ","S","R","D","DO","F ","T","T","C","060","0","0","0","","","1766846","5912717",
"Auckland","TI RAKAU DRIVE","50","N"," ","PAKURANGA HIGHWAY","201436828","13/05/2014","Tue","1332","KA","CS14","308B 353B 925 ","","R","D","O ","F ","D"," ","C","050","0","0","0","","","1766632","5912967",
"Auckland","TI RAKAU DRIVE","15","S"," ","PAKURANGA HIGHWAY","201432852","22/02/2014","Sat","1355","AO","CN1C","184A ","","R","D","B ","F ","T","T","C","060","0","0","0","","","1766668","5912906",
"Auckland","TI RAKAU DRIVE","5","S"," ","PAKURANGA ROAD","201431550","25/01/2014","Sat","1805","FE","CN1C","331A ","","R","D","B ","F ","T","T","C","050","0","0","0","","","1766521","5913265",
"Auckland","TI RAKAU DRIVE",""," ","I","PAKURANGA ROAD","201435315","14/04/2014","Mon","1800","FB","CN1C","181A ","","M","D","TO","F ","T","G","C","070","0","0","0","","","1766519","5913270",
"Auckland","TI RAKAU DRIVE",""," ","I","PALM AVENUE","201436772","06/05/2014","Tue","1400","LB","CW1CC","303B 375B ","","E","D","O ","F ","T","G","R","060","0","0","0","","","1766573","5913057",
"Auckland","TI RAKAU DRIVE",""," ","I","PALM AVENUE","201430572","28/01/2014","Tue","","LB","CN1C","303B ","","R","D","B ","F ","T","G","P","050","0","0","0","","","1766573","5913057",