"TLA NAME","CRASH ROAD","CRASH DIST","CRASH DIRN","INTSN","SIDE ROAD","CRASH ID","CRASH DATE","CRASH DOW","CRASH TIME","MVMT","VEHICLES","CAUSES","OBJECTS STRUCK","ROAD CURVE","ROAD WET","LIGHT","WTHRa","JUNC TYPE","TRAF CTRL","ROAD MARK","SPD LIM","CRASH FATAL CNT","CRASH SEV CNT","CRASH MIN CNT","PERS AGE1","PERS AGE2","EASTING","NORTHING"
"Auckland","TI RAKAU DRIVE",""," ","I","PALM AVENUE","201430029","07/01/2014","Tue","","JA","CN1C","302B 375B ","","R","D","BF","F ","T","G","R","060","0","0","0","","","1766573","5913057",
"Auckland","TI RAKAU DRIVE",""," ","I","REEVES ROAD","201432811","07/03/2014","Fri","1300","LB","CW2C","303B 323B ","","R","D","B ","F ","X","T","C","050","0","0","0","","","1766663","5912928",
"Auckland","TI RAKAU DRIVE","100","W"," ","TE IRIRANGI DRIVE","201431487","10/02/2014","Mon","0830","FD","CW1C","181A ","","R","D","BF","F "," ","N","R","060","0","0","0","","","1770226","5911322",
"Auckland","TI RAKAU DRIVE",""," ","I","TE IRIRANGI DRIVE S","201435068","26/04/2014","Sat","1915","LB","CW1C","303B 375B ","","E","D","TO","F ","X","T","C","060","0","0","0","","","1770336","5911306",
"Auckland","TI RAKAU DRIVE",""," ","I","TE KOHA ROAD","201433769","21/03/2014","Fri","1350","JA","VE1C","322B ","","M","D","O ","F ","T","T","N","050","0","0","0","","","1770018","5911262",
"Auckland","TI RAKAU DRIVE",""," ","I","TE KOHA ROAD","201430481","29/01/2014","Wed","1345","FA","CW1C","110A 181A ","","E","D","B ","F ","T","N","C","050","0","0","0","","","1770020","5911250",
"Auckland","TI RAKAU DRIVE",""," ","I","TRUGOOD DRIVE","201435488","01/05/2014","Thu","2200","LB","CW1C","303B 375B ","","R","D","DO","F ","T","T","R","060","0","0","0","","","1768490","5911664",
"Auckland","TI RAKAU DRIVE",""," ","I","TRUGOOD DRIVE","201410865","18/01/2014","Sat","1140","LB","CW1C","303B 334B ","","R","D","B ","F ","T","T","R","060","0","0","1","","","1768490","5911664",
"Auckland","TI RAKAU DRIVE W",""," ","I","TE IRIRANGI DRIVE","201412061","21/04/2014","Mon","1200","LB","CW1C","303B 375B ","","R","D","B ","F ","M","T","C","060","0","0","1","","","1770324","5911308",
"Auckland","TIRI TIRI ROAD",""," ","I","SAFFRON ST","201413185","12/04/2014","Sat","0322","DA","CN2","103A 111A 131A 402A ","C","M","D","DO","F ","T","G","C","050","0","0","2","","","1751548","5926241",
"Auckland","TIRIMOANA ROAD","20","N"," ","CHRISTINA AVENUE","201436379","12/03/2014","Wed","1600","CC","CS1","103A ","F","R","D","BF","F "," ","N","C","050","0","0","0","","","1747162","5916724",
"Auckland","TIRIMOANA ROAD",""," ","I","TE ATATU ROAD","201437144","30/05/2014","Fri","1755","DA","CN2","131A 363A ","K","R","D","DO","F ","T","S","P","050","0","0","0","","","1746591","5916581",
"Auckland","TIRONUI ROAD",""," ","I","TIRONUI ROAD","201434678","29/03/2014","Sat","0940","KC","CE2C","314A 315A 377A ","","R","D","OF","F ","T","T","R","050","0","0","0","","","1771523","5897825",
"Auckland","TITIRANGI ROAD","40","N"," ","AVA AVENUE","201412884","12/05/2014","Mon","0801","DA","CS1","131A 504A ","P","E","D","O ","F "," "," ","C","050","0","0","1","","","1748023","5911899",
"Auckland","TITIRANGI ROAD",""," ","I","CROYDON ROAD","201410079","06/02/2014","Thu","1812","LB","SN1C","534A 303B 375B ","","R","D","B ","F ","T","G","R","050","0","1","0","","46","1748501","5913064",
"Auckland","TITIRANGI ROAD",""," ","I","CROYDON ROAD","201413035","09/05/2014","Fri","1210","LB","CE1C","303B 375B ","","R","D","OF","F ","T","G","C","050","0","0","2","","","1748501","5913064",
"Auckland","TITIRANGI ROAD",""," ","I","GODLEY ROAD","201437035","26/05/2014","Mon","1630","FA","4N1CC","357A 371A 512A ","M","M","D","B ","F ","R","G","R","050","0","0","0","","","1747797","5911255",
"Auckland","TITIRANGI ROAD",""," ","I","GREAT NORTH ROAD","201431016","14/02/2014","Fri","1824","FB","CW1C","181A 350A ","","E","W","O ","F ","T","G","C","050","0","0","0","","","1749431","5913916",
"Auckland","TITIRANGI ROAD",""," ","I","MARGAN AVENUE","201411627","22/03/2014","Sat","2350","JA","4S1C","322A 101B ","","E","D","DO","F ","T","T","R","050","0","0","1","","","1749245","5913590",
"Auckland","TITIRANGI ROAD",""," ","I","PARK ROAD","201433877","27/03/2014","Thu","1745","KB","CN1C","302B ","","R","D","O ","F ","T","G","C","050","0","0","0","","","1747787","5911113",
"Auckland","TITIRANGI ROAD","20","S"," ","PARKER AVENUE","201435590","22/04/2014","Tue","0750","FC","CN1C","181A 331A ","","R","W","O ","F "," "," ","X","050","0","0","0","","","1748514","5913071",
"Auckland","TITIRANGI ROAD","250","W"," ","PARKER AVENUE","201430178","07/01/2014","Tue","1520","FD","CS1CC","181A 331A 410A ","","R","D","BF","F "," ","N","C","050","0","0","0","","","1748334","5912932",
"Auckland","TITIRANGI ROAD",""," ","I","PLEASANT ROAD","201411898","27/03/2014","Thu","1630","LB","VN1C","303B 375B ","","R","D","BF","F ","T","T","C","050","0","0","1","","","1747965","5912509",
"Auckland","TITIRANGI ROAD","15","N"," ","WILLERTON AVENUE","201437288","07/06/2014","Sat","1630","ME","VN1C","371B ","","R","D","BF","F "," ","N","C","050","0","0","0","","","1748862","5913319",
"Auckland","TITOKI ST",""," ","I","MAUNSELL ROAD","201437091","07/05/2014","Wed","2330","HA","PN1X","301B ","","R","W","DO","L ","X","S","R","050","0","0","0","","","1758656","5918970",
"Auckland","TITOKI ST",""," ","I","TE ATATU ROAD","201430675","10/02/2014","Mon","1901","BB","CS1C","124A ","","E","D","TF","F ","T","G","R","050","0","0","0","","","1747231","5919905",
"Auckland","TIVERTON ROAD",""," ","I","BLOCKHOUSE BAY ROAD","201430134","24/01/2014","Fri","1700","FB","CW1C","331A 817 ","","R","D","BF","F ","R","G","C","050","0","0","0","","","1751612","5914204",
"Auckland","TIVERTON ROAD","100","W"," ","NEW WINDSOR ROAD","201435241","28/03/2014","Fri","1034","AA","CE1T","372A ","","R","D","B ","F "," "," ","C","080","0","0","0","","","1752403","5914246",
"Auckland","TIVERTON ROAD","10","E"," ","PITCAIRN PLACE","201410719","08/03/2014","Sat","1250","FD","4W1CC","181A 330A ","","R","D","B ","F ","T","N","P","050","0","0","1","","","1751752","5914212",
"Auckland","TIVERTON ROAD","200","E"," ","WHITNEY ST","201412679","30/03/2014","Sun","0900","FD","PW1C","181A ","","R","D","BF","F "," ","N","C","050","0","0","1","","","1752371","5914245",
"Auckland","TIVERTON ROAD","50","W"," ","WHITNEY ST","201435378","15/04/2014","Tue","0758","JA","CE1C","308B 929 ","","R","D","B ","F ","D","N","C","050","0","0","0","","","1752104","5914231",
"Auckland","TIVERTON ROAD",""," ","I","WHITNEY ST","201431209","22/02/2014","Sat","1505","HA","CS2S","302A 375A ","","R","D","BF","F ","R","G","R","050","0","0","0","","","1752161","5914243",
"Auckland","TO RAKAU DRIVE",""," ","I","CHAPEL ROAD","201437751","06/06/2014","Fri","1115","FE","CE1C","181A 331A ","","R","D","O ","F ","X","T","R","050","0","0","0","","","","",
"Auckland","TONAR ST","30","E"," ","LAKE ROAD","201413777","31/05/2014","Sat","1500","CA","MW1","433A ","","R","D","BF","F "," ","N","N","050","0","0","1","","","1755741","5926452",
"Auckland","TOSCANA DRIVE",""," ","I","SOPHIA PLACE","201432922","21/02/2014","Fri","1657","DB","CS1","111A 131A 427A 502A ","T","S","D","B ","F ","T","N","C","050","0","0","0","","","1770805","5896148",
"Auckland","TOURIST ROAD","670","W"," ","MCNICOL ROAD","201436454","08/05/2014","Thu","0215","DA","CE1","111A 131A ","F","M","W","DN","L "," ","N","C","100","0","0","0","","","1782841","5901875",
"Auckland","TOURIST ROAD","250","E"," ","PAPAKURA-CLEVEDON ROAD","201411126","27/02/2014","Thu","1813","DA","CE1","103A 111A 131A 506A ","GP","E","D","B ","F "," "," ","C","100","0","0","1","","","1780276","5900890",
"Auckland","TRAFALGAR ST","20","E"," ","INKERMAN ST","201438129","14/05/2014","Wed","1730","EA","CE14","129A ","M","R","W","DO","L "," ","N","C","050","0","0","0","","","1758573","5912933",
"Auckland","TRAFALGAR ST",""," ","I","SELWYN ST","201435234","04/04/2014","Fri","1648","HA","CE1CC","301B ","","R","D","B ","F ","X","S","C","050","0","0","0","","","1758755","5912949",
"Auckland","TRAVIS VIEW DRIVE","60","W"," ","FAIRVIEW AVENUE","201433144","26/03/2014","Wed","1620","EA","VE1C","129A ","M","R","D","B ","FS"," "," ","N","050","0","0","0","","","1753174","5935668",
"Auckland","TREVONE PLACE","30","W"," ","BECROFT DRIVE","201413792","23/05/2014","Fri","0800","PC","CN1E","308A 929 ","","R","D","OF","F ","D","N","R","050","0","0","1","72","","1755600","5929835",
"Auckland","TRIANGLE ROAD",""," ","I","BELLRINGER ROAD","201413111","11/05/2014","Sun","1203","GB","SE1C","350B 372B ","","M","D","B ","F ","X","S","C","050","0","1","0","","43","1743578","5922043",
"Auckland","TRIANGLE ROAD","140","E"," ","DON BUCK ROAD","201411531","06/03/2014","Thu","1648","PD","CW1E","722B ","","E","D","BF","F "," ","N","C","050","0","0","1","8","","1743044","5922183",
"Auckland","TRIANGLE ROAD","400","E"," ","WAIMUMU ROAD","201412851","20/05/2014","Tue","1500","BO","CW1C","129A 129B ","","R","D","O ","F "," "," ","L","050","0","0","2","","","1745077","5920810",
"Auckland","TRIANGLE ROAD",""," ","I","WAIMUMU ROAD","201431334","07/03/2014","Fri","1710","AO","CN1C","381A ","","M","D","OF","F ","R","G","R","050","0","0","0","","","1744888","5921156",
"Auckland","TRIANGLE ROAD",""," ","I","WAIMUMU ROAD","201413000","15/05/2014","Thu","0630","HA","CE2S","302A ","","M","W","DO","F ","R","G","C","050","0","0","1","","35","1744874","5921156",
"Auckland","TRIAS ROAD",""," ","I","SUNSET ROAD","201433939","06/04/2014","Sun","1200","JC","CW1C","302A 375A ","","R","D","B ","F ","T","G","C","050","0","0","0","","","1753831","5930313",
"Auckland","TRIG ROAD",""," ","I","RYANS ROAD","201435910","05/05/2014","Mon","1235","JA","MN1C","301B 353B ","","R","W","OF","L ","T","S","C","050","0","0","0","","","1744781","5924577",
"Auckland","TRIGG ROAD","790","S"," ","SH 16","201433683","07/04/2014","Mon","2210","DA","CS1","111A 131A 862 ","F","E","D","DO","F "," "," ","C","080","0","0","0","","","1736490","5928934",
"Auckland","TRIPOLI ROAD","10","N"," ","ALAMEIN ROAD","201436056","15/05/2014","Thu","1800","LB","CN1C","303B 375B 929 ","","E","D","DO","F ","D","G","C","050","0","0","0","","","","",
"Auckland","TRIPOLI ROAD",""," ","I","ERIMA AVENUE","201437323","21/05/2014","Wed","1252","LB","CE1C","303B 375B ","","E","W","OF","L ","T","G","P","050","0","0","0","","","1766088","5915957",
"Auckland","TRIPOLI ROAD","20","E"," ","PILKINGTON ROAD","201432360","24/02/2014","Mon","","EA","CW1C","129A ","M","R","D","O ","F "," "," ","C","050","0","0","0","","","1765605","5916203",
"Auckland","TRIPOLI ROAD",""," ","I","STEWART AVENUE","201437832","05/06/2014","Thu","0438","BA","CS1C","125A 205A ","","R","D","DO","F ","T","N","C","080","0","0","0","","","1765723","5914817",
"Auckland","TRIPOLI ROAD",""," ","I","TOBRUK ROAD","201431611","16/01/2014","Thu","0100","DA","CN1","111A 131A ","GT","E","D","DO","F ","T","G","C","050","0","0","0","","","1766090","5915610",
"Auckland","TRIPOLI ROAD","100","W"," ","WADDELL AVENUE","201431259","24/02/2014","Mon","0109","EA","4W1CC","129A ","MM","R","D","DO","F "," ","N","C","050","0","0","0","","","1765784","5916113",
"Auckland","TRISTRAM AVENUE","15","W"," ","RAINES AVENUE","201436849","12/05/2014","Mon","1720","FA","VE14","101A 112A 130A 331A ","T","R","D","TF","F ","T","S","L","050","0","0","0","","","1755984","5929167",
"Auckland","TRISTRAM AVENUE",""," ","I","TRISTRAM OFF NBD E","201434682","23/03/2014","Sun","0229","DA","CN2","102A 129A 131A 402A ","K","E","D","DO","F ","T","T","R","050","0","0","0","","","1755492","5929002",
"Auckland","TRISTRAM AVENUE",""," ","I","TRISTRAM OFF SBD","201437287","20/05/2014","Tue","0955","FE","CS2C","181A ","","R","D","BF","F ","X","T","N","050","0","0","0","","","1755575","5929035",
"Auckland","TRISTRAM AVENUE",""," ","I","TRISTRAM ON SBD","201437215","10/06/2014","Tue","2007","GF","CE1C","173A 338A ","","E","W","DO","L ","T","T","R","050","0","0","0","","","1755575","5929035",
"Auckland","TRISTRAM AVENUE","20","E"," ","WAIRAU ROAD","201433351","13/03/2014","Thu","1237","AC","VW1C","372A ","","E","D","BF","F "," ","T","C","050","0","0","0","","","1755407","5928964",
"Auckland","TRISTRAM AVENUE","40","E"," ","WAIRAU ROAD","201435217","20/04/2014","Sun","0004","AC","CW1C","372A ","","E","D","DO","F "," "," ","R","050","0","0","0","","","1755425","5928972",
"Auckland","TRISTRAM AVENUE",""," ","I","WAIRAU ROAD","201410996","12/03/2014","Wed","2100","AA","MW1C","197A 372B ","","R","D","BF","F ","T","T","C","050","0","0","1","","","1755388","5928957",
"Auckland","TUAKAU ROAD","300","S"," ","KITCHENER ROAD","201433808","05/04/2014","Sat","2325","MO","CN1","386A 402A ","V","R","D","DN","F "," "," ","L","050","0","0","0","","","1768903","5879128",
"Auckland","TUAKAU ROAD","200","S"," ","WOODLANDS ROAD","201436980","09/05/2014","Fri","0010","DA","VN1","104A 131A ","C","S","W","DN","L "," "," ","C","100","0","0","0","","","1769448","5878124",
"Auckland","TUARANGI ROAD","100","N"," ","WEXFORD ROAD","201435344","05/05/2014","Mon","1455","DA","CS1","111A 131A 402A 801 ","FP","M","W","O ","L "," "," ","L","050","0","0","0","","","1754475","5918582",
"Auckland","TUHIMATA ROAD","80","W"," ","BURTT ROAD","201437918","12/06/2014","Thu","1730","DA","VE1","131A 407A ","F","M","W","DN","L "," ","N","C","100","0","0","0","","","1769811","5885144",
"Auckland","TURAMA ROAD",""," ","I","RONGO ROAD","201412395","21/03/2014","Fri","0730","LB","SS1C","303B 375B ","","R","D","TO","F ","T","G","C","050","0","0","1","","36","1758512","5913739",
"Auckland","TURNER ST","50","E"," ","QUEEN ST","201435906","27/04/2014","Sun","1030","MO","CW14","371A ","M","R","D","BF","F "," ","N","N","050","0","0","0","","","1757176","5919706",
"Auckland","TYLER ST",""," ","I","QUEEN ST","201435293","22/04/2014","Tue","1410","EA","BW1C","129A ","M","R","D","O ","F ","T","S","X","050","0","0","0","","","1757557","5921008",
"Auckland","TYRICO CLOSE","150","N"," ","MANDEVILLE PLACE","201430968","24/02/2014","Mon","1230","MO","TN1V","371A 929 ","","R","D","BF","F ","D","N","N","050","0","0","0","","","1753608","5930685",
"Auckland","TYRONE ST","25","N"," ","JOHNSTONES ROAD E","201412335","08/04/2014","Tue","0945","NA","CN1E","713B ","","R","D","B ","F "," "," ","N","050","0","0","1","8","","1767796","5908689",
"Auckland","UNION ROAD","15","E"," ","PEGLER DRIVE","201434778","05/04/2014","Sat","1400","CB","VE1C","501A ","M","R","D","BF","F "," ","N","C","050","0","0","0","","","1771144","5914085",
"Auckland","UNION ST","10","W"," ","NELSON ST","201431824","11/03/2014","Tue","1719","AA","CE1C","372A ","","E","D","BF","F ","M","T","R","050","0","0","0","","","1756669","5919911",
"Auckland","UNION ST",""," ","I","NELSON ST","201437175","01/06/2014","Sun","1858","FB","CE14","331A 353A ","","E","D","DO","F ","Y","G","R","050","0","0","0","","","1756679","5919909",
"Auckland","UNION ST",""," ","I","NELSON ST","201430083","15/02/2014","Sat","1930","FB","CW1C","181A ","","R","D","BF","F ","T","G","X","050","0","0","0","","","1756679","5919909",
"Auckland","UNION ST",""," ","I","VICTORIA ST WEST","201436416","08/02/2014","Sat","1552","GD","VE1C","181A ","","R","D","BF","F ","T","T","C","050","0","0","0","","","1756326","5920545",
"Auckland","UNION ST","20","S"," ","WELLINGTON ST","201412974","23/05/2014","Fri","1518","NA","4N1E","712B 714B ","","R","D","O ","F ","T","T","P","050","0","0","1","20","","1756585","5919990",
"Auckland","UNIVERSAL DRIVE","50","E"," ","BITTERN PLACE","201435504","30/04/2014","Wed","0136","DA","CW1","111A 131A 402A ","P","E","D","DO","F "," "," ","P","050","0","0","0","","","1744495","5919847",
"Auckland","UNIVERSAL DRIVE","50","E"," ","LINCOLN GARDEN CLOSE","201430625","02/02/2014","Sun","1430","EA","CE1CC","103A 359A ","M","R","D","B ","F "," ","N","R","050","0","0","0","","","1744008","5919618",
"Auckland","UNIVERSAL DRIVE","40","W"," ","LINCOLN ROAD","201432807","13/03/2014","Thu","0821","LB","CE1C","303B 925 ","","R","D","B ","F ","D","N","C","050","0","0","0","","","1745266","5919752",
"Auckland","UNIVERSAL DRIVE","100","E"," ","RATHGAR ROAD","201430665","29/01/2014","Wed","1044","QG","VW1","128A 682A 687A ","","R","D","O ","F "," ","N","C","050","0","0","0","","","1744739","5919818",
"Auckland","UNIVERSAL DRIVE","20","E"," ","TUDOR ROAD","201431014","15/02/2014","Sat","1400","AD","CW1C","150A 381A ","","R","D","B ","F "," ","N","C","050","0","0","0","","","1745071","5919776",
"Auckland","UPPER HWY OFF SBD","250","S"," ","SH 1N","201434732","05/05/2014","Mon","1700","FD","CS1CV","331A 645A ","","R","W","OF","L "," ","N","N","100","0","0","0","","","1754008","5931546",
"Auckland","UPPER HWY ON SBD","400","S"," ","SUNSET ROAD","201412357","01/04/2014","Tue","1425","FA","CS1V","110A 331A 358A ","","R","D","B ","F "," "," ","N","100","0","0","4","","","1754587","5930793",
"Auckland","UPPER OREWA ROAD","200","N"," ","WAINUI ROAD","201437861","02/06/2014","Mon","1610","CB","CN1","112A 129A ","","R","D","O ","F "," ","N","C","100","0","0","0","","","1747772","5948556",
"Auckland","UPPER QUEEN ST",""," ","I","CANADA ST","201436699","15/05/2014","Thu","0605","JA","CN1C","323B 334B ","","E","W","O ","F ","T","T","N","050","0","0","0","","","1756951","5919261",
"Auckland","UPPER WAIWERA ROAD","550","N"," ","WERANUI ROAD","201413125","29/04/2014","Tue","1635","DA","VE1","103A 131A ","T","M","W","TN","F "," "," ","N","100","0","0","2","","","1747456","5953839",
"Auckland","URQUHART ROAD","200","N"," ","AULYN DRIVE","201437362","07/05/2014","Wed","","CB","CN1","130A 517A ","P","R","D","DN","F "," ","N","N","100","0","0","0","","","1764484","5895443",
"Auckland","VALLEY ROAD","500","E"," ","LEAMINGTON ROAD","201413829","23/05/2014","Fri","2300","NA","CW1E","105B 722B ","","R","D","DO","F "," "," ","C","050","0","0","1","17","","1756592","5917185",
"Auckland","VAUXHALL ROAD","80","N"," ","GROVE ROAD","201411821","17/02/2014","Mon","0010","DA","CS1","104A 111A 131A ","P","M","D","DO","F "," ","N","C","050","0","0","3","","","1761066","5923685",
"Auckland","VELMA ROAD","50","E"," ","ALICE PLACE","201433680","17/04/2014","Thu","0957","DB","CE1","131A 402A 901 ","P","M","W","OF","H "," ","N","N","050","0","0","0","","","1754811","5927294",
"Auckland","VERBENA ROAD","240","N"," ","CASTLETON ST","201432266","14/01/2014","Tue","2339","CC","CN1C","103A 112A 130A ","IM","R","D","DO","F "," "," ","R","050","0","0","0","","","1752494","5926164",
"Auckland","VERBENA ROAD","300","N"," ","CASTLETON ST","201436297","06/05/2014","Tue","1230","EA","CN1C","129A ","M","R","D","O ","F "," "," ","N","050","0","0","0","","","1752493","5926224",
"Auckland","VESTEY DRIVE","200","W"," ","MOUNT WELLINGTON HIGHWAY","201437894","11/01/2014","Sat","1000","EA","CE1C","181A 331A ","M","R","D","B ","F "," ","N","C","050","0","0","0","","","1763793","5911992",
"Auckland","VICTOR ST",""," ","I","ROSEBANK ROAD","201432120","05/03/2014","Wed","1402","BB","CN1CCV","124A 150A ","M","E","D","B ","F ","T","S","C","050","0","0","0","","","1750534","5915748",
"Auckland","VICTORIA AVENUE","20","N"," ","REMUERA ROAD","201411911","13/03/2014","Thu","0720","NB","TS1E","711B 712B ","","R","D","OF","F ","T","T","C","050","0","0","2","11","","1760254","5916867",
"Auckland","VICTORIA AVENUE",""," ","I","REMUERA ROAD","201435237","13/03/2014","Thu","0900","DB","BS1","129A 386A ","S","R","D","O ","F ","T","T","C","050","0","0","0","","","1760253","5916847",
"Auckland","VICTORIA AVENUE","50","N"," ","TIROHANGA AVENUE","201432399","13/03/2014","Thu","0920","MO","CS1","385A 929 ","C","R","D","B ","F ","D","N","C","050","0","0","0","","","1760277","5917118",
"Auckland","VICTORIA ST",""," ","I","GREY ST","201410324","22/01/2014","Wed","1042","HA","4S1V","102B 321B ","","R","D","BN","F ","X","S","C","050","0","0","1","","","1759584","5912730",
"Auckland","VICTORIA ST",""," ","I","HELVETIA ROAD","201438152","23/05/2014","Fri","2350","DB","CN2CC","101A 111A 131A ","M","M","W","DO","L ","X","S","C","050","0","0","0","","","1768077","5881054",
"Auckland","VICTORIA ST EAST",""," ","I","HIGH ST","201432260","11/01/2014","Sat","1708","AA","CE1C","372A 381A ","","R","D","BF","F ","X","T","C","050","0","0","0","","","1757456","5920394",
"Auckland","VICTORIA ST EAST",""," ","I","KITCHENER ST","201436376","26/03/2014","Wed","1600","FE","4E1C","181A ","","M","D","BF","F ","T","T","C","050","0","0","0","","","1757517","5920371",
"Auckland","VICTORIA ST EAST",""," ","I","KITCHENER ST","201410866","07/01/2014","Tue","0815","GF","VE1C","129A 386A ","","M","D","B ","F ","T","N","C","050","0","0","1","","","1757517","5920371",
"Auckland","VICTORIA ST EAST","15","E"," ","QUEEN ST","201435443","01/05/2014","Thu","1824","MG","CE1C","371B ","","R","D","B ","F "," ","N","C","050","0","0","0","","","1757403","5920415",
"Auckland","VICTORIA ST WEST",""," ","I","ALBERT ST","201436218","12/04/2014","Sat","0945","GF","BE1X","372A ","","M","D","B ","F ","X","T","C","050","0","0","0","","","1757227","5920482",
"Auckland","VICTORIA ST WEST",""," ","I","DOCK ST","201411879","26/03/2014","Wed","1715","NF","CS2E","714B ","","R","D","BF","F ","T","G","C","050","0","0","1","23","","1756670","5920538",
"Auckland","VICTORIA ST WEST","20","W"," ","ELLIOTT ST","201437115","12/04/2014","Sat","0935","QD","TE1","428A ","S","R","D","BF","F "," ","N","C","050","0","0","0","","","1757289","5920459",
"Auckland","VICTORIA ST WEST","15","E"," ","FEDERAL ST","201436637","09/05/2014","Fri","1445","FD","CE1C","181A ","","R","D","O ","F ","X","T","C","050","0","0","0","","","1757161","5920506",
"Auckland","VICTORIA ST WEST",""," ","I","FEDERAL ST","201432116","05/03/2014","Wed","","GD","CN1C","181A ","","R","D","B ","F ","X","G","C","050","0","0","0","","","1757147","5920511",
"Auckland","VICTORIA ST WEST","15","W"," ","HOBSON ST","201431586","23/01/2014","Thu","1712","FD","CW1C","181A 331A 350A 191B ","","R","D","O ","F "," "," ","P","050","0","0","0","","","1757051","5920548",
"Auckland","VICTORIA ST WEST",""," ","I","HOBSON ST","201436608","12/03/2014","Wed","1430","AC","CN1LC","372A 386A ","M","E","D","B ","F ","M","T","C","050","0","0","0","","","1757065","5920542",
"Auckland","VICTORIA ST WEST",""," ","I","HOBSON ST","201433701","19/03/2014","Wed","0742","GA","VW1B","181A ","","R","D","B ","F ","X","T","C","050","0","0","0","","","1757065","5920542",
"Auckland","VICTORIA ST WEST",""," ","I","HOBSON ST","201431569","12/01/2014","Sun","2300","HA","CS2C","322B 334B ","","R","D","DO","F ","X","T","C","050","0","0","0","","","1757065","5920542",
"Auckland","VICTORIA ST WEST",""," ","I","HOBSON ST","201435825","12/04/2014","Sat","0440","HA","XS2C","322B ","","R","D","DO","F ","X","T","N","050","0","0","0","","","1757065","5920542",
"Auckland","VICTORIA ST WEST","50","W"," ","NELSON ST","201411630","25/02/2014","Tue","2149","MC","PW1C","372B 375B ","","R","D","DO","F "," ","N","C","050","0","0","1","","","1756879","5920577",
"Auckland","VICTORIA ST WEST",""," ","I","UNION ST","201433608","13/03/2014","Thu","1120","MO","VE1M","370A 371A 671A ","","R","D","B ","F ","T","N","N","050","0","0","0","","","1756326","5920545",
"Auckland","VICTORIA ST WEST",""," ","I","UNION ST","201431046","31/01/2014","Fri","0520","LB","CW1C","303B ","","R","D","B ","F ","T","N","C","050","0","0","0","","","1756326","5920545",
"Auckland","VICTORY ROAD","200","W"," ","SANDYS PARADE","201437371","13/05/2014","Tue","2000","DA","CE1","103A 111A 131A ","P","E","D","DO","F "," ","N","C","050","0","0","0","","","1746024","5907407",
"Auckland","VIEW ROAD","100","W"," ","ESPLANADE ROAD","201411122","19/01/2014","Sun","2046","CA","CE1","501A ","CJ","R","D","TO","F "," "," ","N","050","0","1","0","","","1756739","5917726",
"Auckland","VIEW ROAD","120","E"," ","MERTON AVENUE","201437906","13/06/2014","Fri","1211","MG","CS1C","371B 817 930 ","","M","D","BF","F ","D"," ","N","050","0","0","0","","","1754564","5929103",
"Auckland","VIEW ROAD","50","W"," ","MOUNT EDEN ROAD","201438631","15/06/2014","Sun","2320","EA","CW1CCC","129A 517A ","MMM","R","D","DO","F "," "," ","C","050","0","0","0","","","1757008","5917654",
"Auckland","VIEW ROAD",""," ","I","VITASOVICH AVENUE","201432687","31/03/2014","Mon","0723","FE","CW1C","181A 334A ","","R","D","O ","F ","M","T","C","050","0","0","0","","","1745597","5916437",
"Auckland","VIEW ROAD","100","W"," ","WAIRAU ROAD","201437358","09/06/2014","Mon","1435","LB","CE1C","303B 375B 925 ","","R","D","OF","F ","D","N","C","050","0","0","0","","","","",
"Auckland","VIEW ROAD","50","S"," ","WAIRAU ROAD E","201435294","19/04/2014","Sat","1655","MD","CS1C","308B 371B 925 ","","R","D","B ","F ","D","N","C","050","0","0","0","","","1755050","5929124",
"Auckland","VIEW ROAD W","50","S"," ","WAIRAU ROAD","201433566","24/04/2014","Thu","1618","JA","TN1C","308B 375B 929 ","","M","D","OF","F ","D","N","P","050","0","0","0","","","1754428","5929183",
"Auckland","VILLAGE ROAD","90","S"," ","COUNTESS LANE","201412237","09/02/2014","Sun","0720","MO","CN1","371A 386A 929 ","T","E","D","O ","F ","D","N","P","030","0","0","1","","","1768769","5914251",
"Auckland","VINCENT ST",""," ","I","COOK ST","201436705","14/05/2014","Wed","1730","AC","BN1C","372A ","","R","D","O ","F ","X","G","C","050","0","0","0","","","1756988","5920099",
"Auckland","VINCENT ST","230","E"," ","PITT ST","201410928","28/02/2014","Fri","1630","EE","SW1C","374B ","Q","R","D","BF","F "," ","N","C","050","0","0","1","","28","1756898","5919947",
"Auckland","VINCENT ST","150","N"," ","PITT ST","201432280","16/01/2014","Thu","1013","QD","CN1M","428A ","M","R","D","OF","F "," ","N","C","050","0","0","0","","","1756859","5919878",
"Auckland","VINCENT ST",""," ","I","WELLINGTON ST","201437173","20/05/2014","Tue","1830","HA","CE2V","302A 375A ","","R","D","BF","F ","R","G","R","050","0","0","0","","","1771523","5914219",
"Auckland","VIPOND ROAD",""," ","I","BRIAN CRESCENT","201433938","18/03/2014","Tue","0905","JA","CN1C","301B 375B ","","R","D","B ","F ","T","S","C","050","0","0","0","","","1753960","5946437",
"Auckland","VIRGINIA AVENUE","20","N"," ","NEW NORTH ROAD","201430479","12/01/2014","Sun","1900","MO","CN1C","371A 386A ","","R","D","O ","F ","T","N","C","050","0","0","0","","","1756561","5918452",
"Auckland","VITASOVICH AVENUE","180","S"," ","EDSEL ST","201413684","01/05/2014","Thu","1700","NB","CS1E","311A 376A 925 ","","R","D","B ","F ","D"," ","C","050","0","0","1","42","","1745634","5916822",
"Auckland","WAIATARUA ROAD",""," ","I","REMUERA ROAD","201411880","25/03/2014","Tue","1500","MO","VN1C","371A ","","E","D","BF","F ","T","S","C","050","0","0","1","","","1762435","5917018",
"Auckland","WAIAU PA ROAD","130","S"," ","SADDLETON ROAD","201410201","13/01/2014","Mon","1830","DA","VN1","134A 139A ","","M","D","B ","F "," ","N","C","080","0","0","1","","","1755732","5888004",