"TLA NAME","CRASH ROAD","CRASH DIST","CRASH DIRN","INTSN","SIDE ROAD","CRASH ID","CRASH DATE","CRASH DOW","CRASH TIME","MVMT","VEHICLES","CAUSES","OBJECTS STRUCK","ROAD CURVE","ROAD WET","LIGHT","WTHRa","JUNC TYPE","TRAF CTRL","ROAD MARK","SPD LIM","CRASH FATAL CNT","CRASH SEV CNT","CRASH MIN CNT","PERS AGE1","PERS AGE2","EASTING","NORTHING"
"Auckland","WAIHEKE ROAD","100","W"," ","AWAAWAROA ROAD","201437110","16/05/2014","Fri","1730","CB","4E1","129A 815 ","FT","R","D","DN","F "," ","N","C","050","0","0","0","","","1788415","5925478",
"Auckland","WAIHEKE ROAD","230","E"," ","BELLE TERRACE E","201436210","25/04/2014","Fri","2340","CA","4E1","103A 130A ","","R","D","DN","F "," "," ","C","050","0","0","0","","","1787044","5926327",
"Auckland","WAIHOEHOE ROAD",""," ","I","COSSEY ROAD","201413263","11/05/2014","Sun","0234","CC","CE1","101A 111A ","S","R","D","DN","F ","X","G","C","080","0","0","1","","","1775232","5891087",
"Auckland","WAIMUMU ROAD","50","W"," ","CHORLEY AVENUE","201433689","22/03/2014","Sat","1907","EA","CW1C","130A 351A 524A ","M","E","D","TF","F "," ","N","C","050","0","0","0","","","1744523","5920881",
"Auckland","WAINUI ROAD","1100","W"," ","JOBLIN ROAD","201412032","14/04/2014","Mon","1938","DA","CN1","129A 134A ","","M","W","DN","F "," ","N","C","100","0","0","1","","","1742977","5948094",
"Auckland","WAINUI ROAD","260","W"," ","LYSNAR ROAD","201412381","08/04/2014","Tue","0930","CC","TW1","129A 134A ","","R","D","B ","F "," "," ","C","100","0","0","1","","","1747117","5947807",
"Auckland","WAIORA ROAD","15","E"," ","DOYLY DRIVE","201437162","17/05/2014","Sat","1540","MD","CE1C","371B 929 ","","R","D","BF","F ","D","N","N","050","0","0","0","","","1754234","5945623",
"Auckland","WAIPUNA ROAD","15","E"," ","CARBINE ROAD","201434546","19/04/2014","Sat","1829","MO","CW1C","357A 512A ","","R","W","DO","L "," ","T","C","060","0","0","0","","","1764365","5913591",
"Auckland","WAIPUNA ROAD","400","E"," ","CARBINE ROAD","201436800","24/05/2014","Sat","1504","DB","CE1","131A 198A ","CPY","E","D","B ","F "," "," ","C","080","0","0","0","","","1764749","5913564",
"Auckland","WAIPUNA ROAD",""," ","I","IRELAND ROAD","201412107","26/03/2014","Wed","1623","LB","CE1VC","323B 334B ","","R","D","B ","F ","T","T","C","050","0","0","1","","","1764132","5913611",
"Auckland","WAIRAU AVENUE",""," ","I","CANAL ROAD","201437100","29/05/2014","Thu","1730","HA","CE2V","301B 375B ","","R","D","OF","F ","X","S","C","050","0","0","0","","","1750263","5915496",
"Auckland","WAIRAU ROAD",""," ","I","ELLICE ROAD","201433334","28/03/2014","Fri","1340","JC","CE2C","302A ","","R","D","BF","F ","T","G","C","050","0","0","0","","","1753981","5929363",
"Auckland","WAIRAU ROAD",""," ","I","ELLICE ROAD","201430838","16/01/2014","Thu","1929","JC","CS2C","302B 314B 377B ","","R","D","OF","F ","T","G","C","050","0","0","0","","","1753981","5929363",
"Auckland","WAIRAU ROAD","70","W"," ","FORREST HILL ROAD","201413833","06/06/2014","Fri","1736","BE","CW1C","130A ","","R","D","TO","F "," "," ","C","050","0","1","2","","","","",
"Auckland","WAIRAU ROAD","220","E"," ","GLENFIELD ROAD","201436748","21/05/2014","Wed","1714","GD","VE1CC","181A 331A 929 ","","R","D","DO","F ","D","N","C","050","0","0","0","","","1753893","5929345",
"Auckland","WAIRAU ROAD","100","S"," ","HILLSIDE ROAD","201433232","19/03/2014","Wed","1320","FD","4N1C","181A ","","R","D","BF","F "," ","N","P","050","0","0","0","","","1755434","5928868",
"Auckland","WAIRAU ROAD",""," ","I","PORANA ROAD","201431269","03/03/2014","Mon","1900","KA","CN1C","302B 375B ","","E","D","BF","F ","X","G","R","050","0","0","0","","","1755786","5928200",
"Auckland","WAIRAU ROAD",""," ","I","SHAKESPEARE ROAD","201432622","12/03/2014","Wed","1430","GB","CS1C","142B 175B ","","R","D","B ","F ","X","G","C","050","0","0","0","","","1756431","5927790",
"Auckland","WAIRAU ROAD",""," ","I","SHAKESPEARE ROAD","201430384","15/01/2014","Wed","1642","FE","CN1C","181A 351A ","","R","D","B ","F ","M","T","C","080","0","0","0","","","1756431","5927790",
"Auckland","WAIRAU ROAD",""," ","I","TARGET ROAD","201436328","31/03/2014","Mon","1205","AC","4W1C","372A ","","R","D","BF","F ","T","T","C","050","0","0","0","","","1755044","5929206",
"Auckland","WAIRAU ROAD","100","N"," ","TRISTRAM AVENUE","201432898","26/03/2014","Wed","1335","FA","CS1C","181A ","","R","D","B ","F "," "," ","R","050","0","0","0","","","1755316","5929025",
"Auckland","WAIRAU ROAD",""," ","I","TRISTRAM AVENUE","201431008","07/02/2014","Fri","1145","FE","VN1C","112A 334A ","","R","D","B ","F ","X","T","C","050","0","0","0","","","1755388","5928957",
"Auckland","WAIRAU ROAD","30","N"," ","TRISTRAM ON NBD","201432537","10/02/2014","Mon","1430","JA","CN1C","308B 375B 924 ","","R","D","B ","F ","D","N","P","050","0","0","0","","","1755368","5928979",
"Auckland","WAIRAU ROAD",""," ","I","VIEW ROAD E","201431226","26/02/2014","Wed","2054","JA","CN1C","302B 375B ","","R","D","DO","F ","T","G","P","050","0","0","0","","","1755087","5929158",
"Auckland","WAIRAU ROAD",""," ","I","VIEW ROAD E","201432928","22/02/2014","Sat","1455","LB","CN1V","303B 377B ","","R","D","B ","F ","T","G","R","050","0","0","0","","","1755087","5929158",
"Auckland","WAIRAU ROAD",""," ","I","VIEW ROAD W","201431718","23/01/2014","Thu","1155","JC","CN2M","302A 375A ","","R","D","O ","F ","T","G","C","050","0","0","0","","","1754412","5929230",
"Auckland","WAIRERE ROAD","290","W"," ","DUFFY ROAD","201411504","22/02/2014","Sat","1214","DA","CN1","129A 131A ","T","M","W","OF","L "," ","N","C","080","0","1","0","","","1734878","5920576",
"Auckland","WAITAKERE ROAD","300","N"," ","BETHELLS ROAD","201431880","04/02/2014","Tue","2105","EC","CN1","402A 912 ","W","R","D","DN","F "," ","N","C","080","0","0","0","","","1737629","5920903",
"Auckland","WAITAKERE ROAD","300","S"," ","TAUPAKI ROAD","201410301","05/01/2014","Sun","1345","DB","VN1","111A 131A ","V","M","W","ON","L "," ","N","C","080","0","0","1","","","1738199","5923599",
"Auckland","WAITANGI ROAD",""," ","I","STATE AVENUE","201437400","23/05/2014","Fri","1600","LB","CS1C","382B ","","R","D","O ","F ","T","G","C","050","0","0","0","","","1760419","5913294",
"Auckland","WAITEITEI ROAD","500","S"," ","FARMERS LIME ROAD","201410194","03/01/2014","Fri","0702","DA","CS1","131A 902 ","C","E","D","B ","F "," "," ","C","100","0","0","1","","","1740540","5984170",
"Auckland","WAITEITEI ROAD","660","N"," ","WHANGARIPO VALLEY ROAD","201432283","27/01/2014","Mon","1505","DA","CS1","131A 191A ","F","M","D","O ","F "," "," ","C","100","0","0","0","","","1740561","5984162",
"Auckland","WAIUKU ROAD","50","W"," ","AKA AKA ROAD","201434726","04/05/2014","Sun","0204","CC","CW1","137A 817 ","V","R","D","DN","F "," ","N","N","080","0","0","0","","","1764463","5877819",
"Auckland","WAIUKU ROAD",""," ","I","COLOMBO ROAD","201411130","05/04/2014","Sat","1001","LB","4W1CC","303B ","","R","D","O ","F ","T","S","P","070","0","1","0","","","1755257","5875981",
"Auckland","WAIUKU ROAD","200","W"," ","GLENBROOK STATION ROAD","201434591","02/04/2014","Wed","0820","DA","CE1","131A ","C","M","D","BN","F "," ","N","C","100","0","0","0","","","1759330","5879753",
"Auckland","WAIUKU ROAD",""," ","I","HALL ROAD","201431504","26/01/2014","Sun","0930","JA","CN1C","301B ","","E","D","B ","F ","T","S","C","100","0","0","0","","","1757269","5876692",
"Auckland","WAIUKU ROAD","270","S"," ","MORLEY ROAD","201436150","27/03/2014","Thu","2330","DA","CN1","111A 131A 817 ","","M","D","DN","F "," "," ","N","100","0","0","0","","","1757891","5879034",
"Auckland","WAIUKU ROAD","440","S"," ","MORLEY ROAD","201412234","04/05/2014","Sun","1042","CB","CS1","137A 195A ","FP","R","D","B ","F "," ","N","L","100","0","0","1","","","1757846","5878870",
"Auckland","WAIUKU ROAD","800","S"," ","MORLEY ROAD","201436349","29/03/2014","Sat","0430","CB","CN1","112A 410A ","F","R","D","DN","F "," ","N","N","100","0","0","0","","","1757750","5878523",
"Auckland","WAIUKU ROAD","100","W"," ","MORLEY ROAD","201433806","28/03/2014","Fri","0706","DB","CW1","131A 804 ","ET","M","D","O ","F "," "," ","N","100","0","0","0","","","1757942","5879196",
"Auckland","WAIUKU ROAD",""," ","I","ROGERS ROAD","201436478","05/03/2014","Wed","1130","FD","CW1C","181A ","","R","W","ON","L ","T","G","C","080","0","0","0","","","1764029","5877976",
"Auckland","WAIUKU ROAD",""," ","I","STUART ROAD","201411132","23/03/2014","Sun","1027","HA","CW1C","321B 335B ","","E","D","B ","F ","X","S","C","100","0","1","6","","","1767019","5879552",
"Auckland","WAKATIPU ST",""," ","I","WALMER ROAD","201430583","31/01/2014","Fri","2254","DB","CN2C","111A 122A ","M","S","D","DO","F ","T","G","C","050","0","0","0","","","1752416","5918817",
"Auckland","WAKEFIELD ST","10","N"," ","LYNDOCK ST","201435602","21/04/2014","Mon","1610","MO","CS1C","371A ","M","R","D","O ","F ","X","G","C","050","0","0","0","","","1757400","5919780",
"Auckland","WAKEFIELD ST",""," ","I","MAYORAL DRIVE","201436554","21/05/2014","Wed","0000","FE","CN1C","181A 331A 801 ","","R","W","DO","L ","T","T","C","050","0","0","0","","","1757333","5919932",
"Auckland","WAKEFIELD ST",""," ","I","MOUNT ST","201434207","14/03/2014","Fri","1220","GA","PS1C","181A ","","R","D","B ","F ","T","G","C","050","0","0","0","","","1757404","5919771",
"Auckland","WAKEFIELD ST",""," ","I","QUEEN ST","201438132","16/05/2014","Fri","1030","FE","BW1C","181A 387A ","","R","D","BF","F ","T","T","R","050","0","0","0","","","1757258","5920071",
"Auckland","WAKEFIELD ST","30","S"," ","ST PAUL ST","201433730","06/03/2014","Thu","1300","EA","CS1C","129A ","M","R","D","O ","F "," "," ","C","050","0","0","0","","","1757373","5919838",
"Auckland","WAKEFIELD ST","30","W"," ","SYMONDS ST N","201438134","10/05/2014","Sat","2300","EA","CE1C","129A ","M","R","D","DO","F "," ","N","C","050","0","0","0","","","1757446","5919687",
"Auckland","WALLACE ROAD","60","N"," ","KAPUKA ROAD","201411223","26/02/2014","Wed","2340","DB","CN1","103A 130A 402A ","F","E","D","DO","F "," "," ","C","050","0","0","5","","","1758566","5908757",
"Auckland","WALMSLEY ROAD","30","E"," ","HALL AVENUE","201432881","17/03/2014","Mon","2210","EA","CW1C","103A 129A ","M","R","D","DO","F "," "," ","C","050","0","0","0","","","1759687","5908707",
"Auckland","WALMSLEY ROAD",""," ","I","HALL AVENUE","201430738","13/02/2014","Thu","0825","JA","CW1C","300B 353B ","","R","D","OF","F ","T","N","N","050","0","0","0","","","1759659","5908699",
"Auckland","WALMSLEY ROAD",""," ","I","HALL AVENUE","201435176","07/04/2014","Mon","0630","JA","CW1C","302B 375B ","","R","D","TF","F ","T","G","C","050","0","0","0","","","1759659","5908699",
"Auckland","WALMSLEY ROAD","160","E"," ","MAHUNGA DRIVE","201435462","08/05/2014","Thu","0900","JA","VE1C","308B 375B 922 ","","R","W","BF","F ","D","N","L","050","0","0","0","","","1760270","5908872",
"Auckland","WALMSLEY ROAD","70","W"," ","MAHUNGA DRIVE","201412340","14/04/2014","Mon","0750","NA","CE1E","712B ","","R","D","B ","F "," "," ","C","050","0","0","1","15","","1760049","5908810",
"Auckland","WALMSLEY ROAD",""," ","I","STATION ROAD","201430699","12/02/2014","Wed","2245","FE","CN1C","112A 334A ","","R","D","DO","F ","X","T","C","050","0","0","0","","","1763329","5909543",
"Auckland","WALMSLEY ROAD",""," ","I","WALMSLEY ON SBD","201435962","19/05/2014","Mon","0315","CB","CW1","111A 131A 514A ","","R","D","DO","F ","T","T","R","050","0","0","0","","","1759891","5908764",
"Auckland","WALMSLEY ROAD",""," ","I","WALMSLEY ON SBD","201434899","13/04/2014","Sun","1045","FE","4E1C","181A ","","R","D","BF","F ","T","T","C","050","0","0","0","","","1759891","5908764",
"Auckland","WALTER CRESCENT",""," ","I","LAURA JANE DRIVE","201436767","07/05/2014","Wed","0855","LB","TW1C","303B 375B ","","E","D","B ","FF","T","N","C","050","0","0","0","","","1749862","5947994",
"Auckland","WALTERS ROAD","1000","E"," ","BLACKBRIDGE ROAD","201411593","21/03/2014","Fri","0650","EC","CE1","912 ","W","E","D","DN","F "," ","N","C","100","0","0","1","","","1768698","5892053",
"Auckland","WALTERS ROAD","850","N"," ","BLACKRIDGE ROAD","201435787","13/05/2014","Tue","0815","CB","CN1","134A 402A 407A ","V","R","W","B ","F "," "," ","C","100","0","0","0","","","","",
"Auckland","WALTERS ROAD","160","W"," ","BRAEBURN PLACE","201436616","01/05/2014","Thu","1125","MO","CW1C","371A 371B 926 ","","R","D","B ","F ","D","N","N","050","0","0","0","","","1771758","5897905",
"Auckland","WALTERS ROAD","100","E"," ","GILLIES ROAD","201432715","14/02/2014","Fri","0220","DA","CS1","103A 111A 131A ","K","M","W","DN","F "," "," ","N","050","0","0","0","","","1764519","5910814",
"Auckland","WALTERS ROAD","600","S"," ","LINWOOD ROAD","201432050","11/02/2014","Tue","0600","CC","CE1","195A 410A ","V","R","D","DN","F "," "," ","C","100","0","0","0","","","1769226","5892710",
"Auckland","WALTERS ROAD","160","E"," ","SANDRINGHAM ROAD","201435381","30/04/2014","Wed","","MO","CW1C","112A 129A ","M","R","D","O ","F "," "," ","N","050","0","0","0","","","1755502","5917717",
"Auckland","WAPITI AVENUE","100","W"," ","KORAU ROAD","201433737","19/03/2014","Wed","","EA","CE1C","129A ","M","R","D","DO","F "," "," ","N","050","0","0","0","","","1758866","5916138",
"Auckland","WARD ST",""," ","I","CLARK ST","201432269","29/01/2014","Wed","1812","FE","CS1C","181A 331A ","","R","D","B ","F ","T","T","C","050","0","0","0","","","1750380","5913767",
"Auckland","WARNER PARK AVENUE",""," ","I","LAINGHOLM DRIVE","201430677","27/01/2014","Mon","2026","FA","VW1C","103A 111A ","","M","D","TF","F ","T","G","C","050","0","0","0","","","1745788","5907601",
"Auckland","WARREN AVENUE","50","E"," ","HAYR ROAD","201412964","07/05/2014","Wed","1630","DA","CW1C","131A 929 ","M","M","D","O ","F ","D","N","C","050","0","0","1","","","1756511","5913500",
"Auckland","WATENE CRESCENT",""," ","I","TAMAKI DRIVE","201413838","19/05/2014","Mon","1640","KA","SE1C","302B 375B ","","E","D","B ","F ","X","G","C","050","0","0","1","","61","","",
"Auckland","WATERVIEW ON WBD","30","E"," ","SH 16","201433319","10/04/2014","Thu","2022","FE","CW1C","103A 181A ","","R","W","DO","L "," ","T","N","050","0","0","0","","","1751273","5917999",
"Auckland","WATERVIEW ON WBD","480","E"," ","SH 16","201413149","23/05/2014","Fri","1740","FA","CW1C","130A 427A 801 ","","R","W","DO","L "," "," ","N","100","0","0","1","","","1751712","5917906",
"Auckland","WATFORD ST","50","S"," ","NEWBURY ST","201412236","28/04/2014","Mon","1220","PD","CS1E","722B ","","R","D","B ","F "," ","N","C","050","0","0","2","11","","1766720","5907875",
"Auckland","WATLING ST","50","W"," ","FERRYHILL ROAD","201436216","07/04/2014","Mon","0300","CC","CE1","129A 130A ","JP","R","W","DO","F "," "," ","C","050","0","0","0","","","1756994","5915415",
"Auckland","WAYBY VALLEY ROAD","800","N"," ","WILSON ROAD","201411827","27/03/2014","Thu","1230","DA","CS1","410A ","CF","E","D","BN","F "," ","N","C","100","0","0","1","","","1740348","5981953",
"Auckland","WEATHERLY ROAD",""," ","I","CERAMCO PLACE","201432921","27/02/2014","Thu","1544","LB","CW1C","303B 352B ","","R","D","B ","F ","T","N","C","050","0","0","0","","","1755013","5936527",
"Auckland","WELLESLEY OFF NBD","220","W"," ","SH 1N","201431751","14/02/2014","Fri","0941","FD","TW1C","111A 331A ","","M","D","BF","F "," ","N","N","080","0","0","0","","","1757255","5918894",
"Auckland","WELLESLEY ST BRIDGE",""," ","I","WELLESLEY OFF EBD","201410522","21/01/2014","Tue","2128","JA","CW1C","322A 351A ","","E","D","DO","F ","T","T","R","050","0","0","1","","","1757734","5919745",
"Auckland","WELLESLEY ST WEST","20","W"," ","ALBERT ST","201437090","07/05/2014","Wed","1924","AO","XW1C","129A ","","R","D","DO","F ","X","T","C","050","0","0","0","","","1757133","5920284",
"Auckland","WELLESLEY ST WEST",""," ","I","MAYORAL DRIVE","201433605","15/02/2014","Sat","1042","MO","BW1C","129A 386A ","","R","D","B ","F ","X","T","C","050","0","0","0","","","1757152","5920277",
"Auckland","WELLESLEY ST WEST",""," ","I","NELSON ST","201435239","22/04/2014","Tue","2045","LB","MW1C","201B 303B ","","R","D","DO","F ","X","T","C","050","0","0","0","","","1756853","5920389",
"Auckland","WELLESLEY ST WEST",""," ","I","NELSON ST","201435342","29/03/2014","Sat","2200","FE","CW1C","386A ","","R","D","DO","F ","X","T","C","050","0","0","0","","","1756853","5920389",
"Auckland","WELLESLEY ST WEST",""," ","I","SALE ST","201435407","30/04/2014","Wed","1730","MC","CE1C","372B ","","R","D","TO","F "," ","N","P","050","0","0","0","","","1756723","5920438",
"Auckland","WELLESLEY ST WEST","50","S"," ","VICTORIA ST WEST W","201432070","09/01/2014","Thu","0835","LB","CN1C","303B 314B 375B 927 ","","R","D","BF","F ","D"," ","C","050","0","0","0","","","1756581","5920494",
"Auckland","WELLINGTON ST",""," ","I","DUKE ST","201413239","22/05/2014","Thu","1248","HA","CS2C","302A 375A ","S","R","D","B ","F ","X","G","C","050","0","0","1","","","1772568","5896008",
"Auckland","WELLINGTON ST","50","S"," ","ELLIOT ST","201433894","02/04/2014","Wed","2005","EA","CS1CC","103A 129A ","M","R","D","DO","F "," "," ","C","050","0","0","0","","","1771571","5914325",
"Auckland","WELLINGTON ST",""," ","I","GRATTAN PLACE","201410783","08/02/2014","Sat","0324","FD","4W1CC","103A 331A ","","R","D","DO","F ","T","N","C","050","0","0","1","","","1756021","5920136",
"Auckland","WELLINGTON ST","100","E"," ","HEPBURN ST","201433117","21/03/2014","Fri","1800","MD","CW1C","308B 371B 930 ","","R","D","B ","F ","D","N","L","050","0","0","0","","","1756283","5920048",
"Auckland","WELLINGTON ST","50","W"," ","HOWE ST","201435968","17/04/2014","Thu","1645","FD","CW1C","181A 331A ","","R","D","BF","F "," ","N","C","050","0","0","0","","","1756322","5920034",
"Auckland","WELLINGTON ST",""," ","I","HOWE ST","201411910","18/02/2014","Tue","1900","NF","CS2E","383A ","","R","D","BF","F ","T","G","C","050","0","0","1","35","","1756369","5920018",
"Auckland","WELLINGTON ST","20","E"," ","PRATT ST","201433735","07/02/2014","Fri","1215","FD","CW1V","181A ","","R","D","O ","F "," "," ","C","050","0","0","0","","","1756111","5920105",
"Auckland","WELLINGTON ST","30","E"," ","WELLINGTON ON NBD","201432754","24/02/2014","Mon","1755","AA","CW1C","372A ","","R","D","B ","F "," "," ","R","050","0","0","0","","","1756495","5919999",
"Auckland","WEST COAST ROAD",""," ","I","BOWERS ROAD","201430581","23/01/2014","Thu","0740","AA","CE1C","184A ","","E","D","B ","F ","T","T","C","050","0","0","0","","","1747398","5913695",
"Auckland","WEST COAST ROAD",""," ","I","BOWERS ROAD","201432185","16/01/2014","Thu","1900","KB","CS1C","302B 386B ","","R","D","O ","F ","T","G","C","080","0","0","0","","","1747398","5913695",
"Auckland","WEST COAST ROAD",""," ","I","BOWERS ROAD","201411616","24/03/2014","Mon","0630","LB","CW1C","303B 375B 404B ","","R","D","DO","F ","T","T","C","050","0","0","2","","","1747398","5913695",
"Auckland","WEST COAST ROAD","15","W"," ","CAPTAIN SCOTT ROAD","201436857","22/05/2014","Thu","1615","AA","4E1C","372A 381A ","","R","D","O ","F "," "," ","C","050","0","0","0","","","1747252","5913776",
"Auckland","WEST COAST ROAD","15","W"," ","CAPTAIN SCOTT ROAD","201411136","23/02/2014","Sun","1912","FD","CE14C","331A 331B 350B 817 ","","R","D","O ","F "," "," ","L","050","0","1","0","","","1747252","5913776",
"Auckland","WEST COAST ROAD","50","N"," ","CARTER ROAD","201410567","14/02/2014","Fri","0730","CC","CN1","129A 358A ","T","R","W","OF","F "," ","N","N","070","0","0","1","","","1743871","5913266",
"Auckland","WEST COAST ROAD","100","N"," ","CASCADE AVENUE","201410432","27/01/2014","Mon","0901","BF","CN1B","111A 132A ","","S","D","B ","F "," "," ","C","070","0","0","1","","","1740771","5911572",
"Auckland","WEST COAST ROAD","120","S"," ","CASCADE AVENUE","201431277","03/03/2014","Mon","1029","DB","VN1","131A ","X","S","D","OF","F "," ","N","C","050","0","0","0","","","1740795","5911361",
"Auckland","WEST COAST ROAD","20","W"," ","GLENDALE ROAD","201437995","31/01/2014","Fri","1340","LB","CW1C","303B 375B 930 ","","R","D","B ","F ","D","N","P","050","0","0","0","","","1747036","5913854",
"Auckland","WEST COAST ROAD","120","W"," ","GLENDALE ROAD","201437124","05/06/2014","Thu","1210","GD","CW1C","331A 927 ","","R","D","BF","F ","D","N","C","080","0","0","0","","","1746946","5913896",
"Auckland","WEST COAST ROAD",""," ","I","GLENDALE ROAD","201435965","28/04/2014","Mon","1939","LB","CW1CC","303B 375B 103C ","","R","W","DO","L ","T","T","L","050","0","0","0","","","1747055","5913846",
"Auckland","WEST COAST ROAD",""," ","I","GLENGARRY ROAD","201430079","16/02/2014","Sun","1400","KB","4E14","302B 375B ","","E","D","BF","F ","T","G","C","050","0","0","0","","","1744942","5914034",
"Auckland","WEST COAST ROAD","20","N"," ","JANET CLEWS PLACE","201432676","30/03/2014","Sun","1145","AA","CN1C","181A 372A ","","R","D","B ","F "," ","N","C","050","0","0","0","","","1747506","5913628",
"Auckland","WEST COAST ROAD","20","E"," ","KAMARA ROAD","201435123","01/01/2014","Wed","1635","AC","CW1C","103A 150A 372A ","","R","D","O ","F "," ","N","P","050","0","0","0","","","1746088","5913982",
"Auckland","WEST COAST ROAD",""," ","I","KAMARA ROAD","201436737","20/05/2014","Tue","1840","JA","CW1C","301B 375B ","","R","D","DO","F ","T","S","P","050","0","0","0","","","1746069","5913977",
"Auckland","WEST COAST ROAD","30","E"," ","PARRS CROSS ROAD","201433841","24/03/2014","Mon","0825","AC","CW1C","184A ","","R","D","B ","F "," "," ","C","050","0","0","0","","","1745082","5914075",
"Auckland","WEST COAST ROAD",""," ","I","PARRS CROSS ROAD","201432199","04/02/2014","Tue","1948","FB","CW1C","181A 330A ","","R","D","TO","F ","R","G","R","050","0","0","0","","","1745059","5914084",
"Auckland","WEST COAST ROAD",""," ","I","PLEASANT ROAD","201433685","29/03/2014","Sat","1018","JA","4W1C","197A 301B 375B ","","E","D","BF","F ","T","S","R","050","0","0","0","","","1747725","5913483",
"Auckland","WEST COAST ROAD",""," ","I","PLEASANT ROAD","201432806","22/02/2014","Sat","1619","LB","BW1C","303B ","","M","D","B ","F ","T","G","C","050","0","0","0","","","1747725","5913483",
"Auckland","WEST COAST ROAD","30","S"," ","RUA ROAD","201433145","07/03/2014","Fri","1410","FD","CN1C","111A 331A ","","S","D","B ","F "," "," ","C","050","0","0","0","","","1747914","5913597",
"Auckland","WEST COAST ROAD","30","S"," ","RUA ROAD","201433692","14/04/2014","Mon","0740","BE","CN1V","112A 130A 402A ","","R","W","OF","F "," ","N","C","050","0","0","0","","","1747914","5913597",
"Auckland","WEST COAST ROAD",""," ","I","RUA ROAD","201430563","27/01/2014","Mon","1700","KA","CW1C","372B 929 ","","R","D","B ","F ","D","N","C","050","0","0","0","","","1747932","5913620",
"Auckland","WEST COAST ROAD","50","E"," ","SH 16","201413112","10/05/2014","Sat","1450","FD","MS1MM","181A 331A 387A 130B 130C ","","E","D","B ","F "," "," ","C","100","0","1","1","","","1730518","5958739",
"Auckland","WEST COAST ROAD","120","W"," ","SWAN HILL DRIVE","201412068","24/04/2014","Thu","1659","FD","TW1C","112A 181A ","","R","D","TF","F "," ","N","C","050","0","0","1","","","1746597","5914023",
"Auckland","WEST COAST ROAD",""," ","I","TUI CRESCENT","201410047","06/01/2014","Mon","0740","MB","SE1C","197A 378B ","","M","D","B ","F ","T","N","C","070","0","0","1","","45","1740963","5911586",
"Auckland","WEST COAST ROAD","50","E"," ","WAIKAUKAU ROAD","201434185","07/04/2014","Mon","0800","JA","TE1C","308B 375B 929 ","","R","D","B ","F ","D"," ","C","050","0","0","0","","","1745875","5913967",
"Auckland","WEST COAST ROAD","80","N"," ","WESTWARD HO","201437370","10/05/2014","Sat","2155","KB","MN1C","308B 375B 925 ","","R","D","DO","F ","D","N","C","050","0","0","0","","","1748185","5913945",
"Auckland","WEST COAST ROAD",""," ","I","WESTWARD HO","201410433","16/01/2014","Thu","1205","DB","CW14","103A 131A ","M","R","D","O ","F ","R","G","R","050","0","0","1","","","1748142","5913862",
"Auckland","WEST COAST ROAD","50","W"," ","WOODBANK DRIVE","201410786","07/04/2014","Mon","0820","FD","CE1C","181A 330A 102B 191B ","","R","D","B ","F "," ","N","C","050","0","0","1","","","1745544","5913955",
"Auckland","WEST COAST ROAD S","30","W"," ","PARKER ROAD","201413240","15/05/2014","Thu","2132","DA","VW1","103A 111A 131A ","T","M","D","DN","M "," ","N","C","080","0","0","1","","","1743559","5912877",
"Auckland","WEST END ROAD","370","S"," ","JERVOIS ROAD","201438147","21/05/2014","Wed","2030","DA","CS1","131A ","FP","E","W","DO","F "," ","N","C","050","0","0","0","","","1753985","5920340",
"Auckland","WEST ROAD","500","N"," ","TYLDENS ROAD","201411234","15/02/2014","Sat","0950","DB","CS1","101A 131A ","JV","M","D","B ","F "," "," ","C","100","0","0","1","","","1778754","5903548",
"Auckland","WEST ROAD","290","W"," ","TYLDENS ROAD","201437823","28/04/2014","Mon","2159","DA","CW1","131A 620A ","CV","M","W","DN","L "," ","N","C","100","0","0","0","","","1778924","5903425",
"Auckland","WEST TAMAKI ROAD",""," ","I","ASHBY AVENUE","201411834","24/03/2014","Mon","0836","JA","CE1C","302B 375B ","","E","D","BF","F ","T","G","P","050","0","0","2","","","1765752","5917984",
"Auckland","WESTERN SPRINGS ROAD",""," ","I","MOUNTAIN VIEW ROAD","201434289","12/03/2014","Wed","1213","LB","CE1C","303B 370B ","","R","D","B ","F ","T","N","C","050","0","0","0","","","1754372","5917758",
"Auckland","WESTGATE DRIVE","80","W"," ","FERNHILL DRIVE","201434499","16/04/2014","Wed","1440","EA","CE1C","129A ","M","R","D","O ","F "," "," ","C","050","0","0","0","","","1743646","5923518",
"Auckland","WESTMINSTER ST","70","W"," ","ROSEVILLE ST","201412185","21/05/2014","Wed","0140","DB","CE1C","103A 131A 410A ","M","E","D","DO","F "," "," ","C","050","0","0","1","","","1752988","5914318",
"Auckland","WESTNEY ROAD",""," ","I","KIRKBRIDE ROAD","201434358","11/04/2014","Fri","1425","FB","CN1C","331A ","","R","W","O ","L ","T","G","C","040","0","0","0","","","1759584","5906351",
"Auckland","WESTNEY ROAD",""," ","I","KIRKBRIDE ROAD","201433279","19/02/2014","Wed","1745","FB","CN1C","181A ","","R","D","BF","F ","T","S","C","050","0","0","0","","","1759584","5906351",
"Auckland","WESTWARD HO","180","N"," ","WEST COAST ROAD","201436518","15/04/2014","Tue","1045","MO","TS1C","371A ","M","R","D","O ","F "," "," ","C","050","0","0","0","","","1747989","5913997",
"Auckland","WEYMOUTH ROAD","180","N"," ","DAMIAN WAY","201430635","03/02/2014","Mon","2037","MC","CS1C","372B 402B ","","R","D","DO","F "," ","N","C","050","0","0","0","","","1766304","5899697",
"Auckland","WEYMOUTH ROAD",""," ","I","RUSSELL ROAD","201430630","04/02/2014","Tue","2000","JC","CS1V","302A 111B 131B ","","M","D","O ","F ","T","G","R","050","0","0","0","","","1768430","5900636",
"Auckland","WEYMOUTH ROAD","80","W"," ","SELWYN ROAD","201435630","04/05/2014","Sun","0051","EA","CW1C","129A 130A ","M","R","D","DO","F "," "," ","C","050","0","0","0","","","1768525","5900677",