"TLA NAME","CRASH ROAD","CRASH DIST","CRASH DIRN","INTSN","SIDE ROAD","CRASH ID","CRASH DATE","CRASH DOW","CRASH TIME","MVMT","VEHICLES","CAUSES","OBJECTS STRUCK","ROAD CURVE","ROAD WET","LIGHT","WTHRa","JUNC TYPE","TRAF CTRL","ROAD MARK","SPD LIM","CRASH FATAL CNT","CRASH SEV CNT","CRASH MIN CNT","PERS AGE1","PERS AGE2","EASTING","NORTHING"
"Auckland","WEYMOUTH ROAD","60","W"," ","WORDSWORTH ROAD","201412099","30/04/2014","Wed","0650","CB","CE1","102A 130A 410A ","P","R","D","TF","F "," ","N","C","050","0","0","1","","","1767587","5900286",
"Auckland","WHANGAPARAOA ROAD","80","E"," ","BEVERLEY ROAD","201431240","19/01/2014","Sun","1230","GA","CE1C","181A 929 ","","R","D","BF","F ","D","N","P","050","0","0","0","","","1754849","5944911",
"Auckland","WHANGAPARAOA ROAD","50","W"," ","BRIGHTSIDE ROAD","201437369","08/05/2014","Thu","0510","DB","CE1","131A ","C","E","W","DO","H "," ","N","C","050","0","0","0","","","1754203","5945180",
"Auckland","WHANGAPARAOA ROAD","100","W"," ","BRIGHTSIDE ROAD","201432765","12/03/2014","Wed","1200","GA","CW1C","181A 929 ","T","R","D","B ","F ","D"," ","C","050","0","0","0","","","1754153","5945182",
"Auckland","WHANGAPARAOA ROAD","120","S"," ","CROWN ROAD","201430053","03/01/2014","Fri","1106","EA","CS1C","129A 350A ","M","R","D","BF","F "," ","N","C","050","0","0","0","","","1758231","5945234",
"Auckland","WHANGAPARAOA ROAD","50","W"," ","CROWN ROAD","201410078","01/02/2014","Sat","2336","DB","CN1","103A 111A 131A ","FP","E","D","DO","F "," "," ","C","050","0","1","0","","","1758245","5945303",
"Auckland","WHANGAPARAOA ROAD","15","W"," ","DOBELL ROAD","201430957","21/01/2014","Tue","0715","EA","CE1TC","101A 129A ","M","E","D","OF","L ","T","N","C","050","0","0","0","","","1753740","5945681",
"Auckland","WHANGAPARAOA ROAD","80","E"," ","HIBISCUS COAST HIGHWAY","201411030","19/02/2014","Wed","0803","FD","CW1CC","181A 331A 353A 181B 331B 353B ","","E","D","B ","F "," "," ","C","060","0","0","1","","","1750780","5946657",
"Auckland","WHANGAPARAOA ROAD",""," ","I","HIBISCUS COAST HIGHWAY","201431486","24/01/2014","Fri","1710","MG","CW1C","371B ","","R","D","BF","F ","X","T","C","050","0","0","0","","","1750709","5946689",
"Auckland","WHANGAPARAOA ROAD","50","N"," ","HIWI CRESCENT","201412895","07/05/2014","Wed","1640","BE","MN1C","132A ","","R","W","O ","F "," "," ","P","050","0","1","0","","","1754934","5944845",
"Auckland","WHANGAPARAOA ROAD",""," ","I","HIWI CRESCENT","201433363","09/03/2014","Sun","0900","CB","CS1","136A 631A ","C","R","W","BF","F ","T","N","C","050","0","0","0","","","1754969","5944809",
"Auckland","WHANGAPARAOA ROAD","300","E"," ","LADIES MILE","201431328","09/01/2014","Thu","1600","GA","VE1C","181A 333A 929 ","","R","D","BF","F ","D","N","P","050","0","0","0","","","1757015","5943543",
"Auckland","WHANGAPARAOA ROAD","50","W"," ","LADIES MILE","201434716","26/04/2014","Sat","2047","CA","CE1","103A 359A ","G","R","D","DO","F "," ","N","P","050","0","0","0","","","1756730","5943744",
"Auckland","WHANGAPARAOA ROAD","30","N"," ","MATAI ROAD","201411620","26/02/2014","Wed","0851","EA","CN1V","129A 350A ","Q","R","D","OF","F "," ","N","P","050","0","0","1","","","1755454","5944396",
"Auckland","WHANGAPARAOA ROAD","40","W"," ","MATHESON ROAD","201411797","27/03/2014","Thu","1829","DB","VE1","131A ","GIK","E","D","B ","F "," "," ","R","060","0","1","0","","","1752661","5946862",
"Auckland","WHANGAPARAOA ROAD","100","E"," ","PANORAMA COURT","201437368","15/05/2014","Thu","1815","AO","VE1T","381A ","","R","D","DO","F "," ","N","C","060","0","0","0","","","1750975","5946649",
"Auckland","WHANGAPARAOA ROAD","40","S"," ","PENTON ROAD","201411525","25/02/2014","Tue","1541","JA","CN1444","308B 375B 927 ","EM","R","D","BF","F ","D","N","C","050","0","0","1","","","1755316","5944549",
"Auckland","WHANGAPARAOA ROAD",""," ","I","RED BEACH ROAD","201431241","25/01/2014","Sat","1849","FE","CW14","331A ","","M","D","OF","F ","T","T","C","050","0","0","0","","","1752197","5946930",
"Auckland","WHANGAPARAOA ROAD",""," ","I","RED BEACH ROAD","201413731","29/05/2014","Thu","0844","FE","4W14","181A 403A ","","R","D","BF","F ","X","T","C","060","0","0","1","","","1752197","5946930",
"Auckland","WHANGAPARAOA ROAD","160","N"," ","SIESTA TERRACE","201411826","10/03/2014","Mon","1320","DB","CS1","524A ","X","E","D","BF","F "," ","N","C","050","0","0","2","","","1759781","5947411",
"Auckland","WHANGAPARAOA ROAD","400","N"," ","TIRI ROAD","201413026","03/05/2014","Sat","2117","EA","CS1C","129A 352A ","M","R","D","DO","F "," ","N","C","050","0","0","1","","","1757697","5944578",
"Auckland","WHANGAPARAOA ROAD",""," ","I","VIPOND ROAD","201433208","24/02/2014","Mon","1814","BE","CS1C","501A ","","R","D","BF","F ","T","T","C","060","0","0","0","","","1753220","5946617",
"Auckland","WHARF ROAD",""," ","I","PUTIKI ROAD","201435484","19/04/2014","Sat","1006","GD","CN1T","181A 330A 191B ","","R","W","B ","F ","T","N","C","050","0","0","0","","","1782184","5925652",
"Auckland","WHEATLEY AVENUE","50","W"," ","TI RAKAU DRIVE","201437040","26/05/2014","Mon","2130","EA","CE1C","129A ","M","R","D","DO","F "," "," ","N","050","0","0","0","","","1767305","5912137",
"Auckland","WHETURANGI ROAD","50","S"," ","ATARANGI ROAD","201431574","15/01/2014","Wed","2208","CA","CS1C","101A 130A ","M","R","D","DO","F "," "," ","R","050","0","0","0","","","1759823","5915271",
"Auckland","WHITAKER PLACE",""," ","I","CINTRA PLACE","201436350","28/03/2014","Fri","1830","EA","CS1C","129A ","M","R","D","TO","F ","T","N","N","050","0","0","0","","","1757465","5919584",
"Auckland","WHITAKER ROAD","100","W"," ","MILL LANE","201431867","13/02/2014","Thu","1200","EA","CW1C","129A 501A ","M","R","D","BN","F "," ","N","C","050","0","0","0","","","1749116","5970297",
"Auckland","WHITE HERON DRIVE","60","S"," ","GRANVILLE DRIVE","201411591","23/02/2014","Sun","1442","BB","CN1C4","129A 359A ","M","E","D","BF","F "," ","N","N","050","0","0","2","","","1744856","5922904",
"Auckland","WHITFORD PARK ROAD","400","S"," ","SANDSTONE ROAD","201412748","03/05/2014","Sat","0400","DB","CS1","410A ","ST","E","D","DN","F "," ","N","C","070","0","0","1","","","1775238","5908483",
"Auckland","WHITFORD PARK ROAD",""," ","I","SANDSTONE ROAD","201431356","25/02/2014","Tue","1552","LB","CW1C","303B 375B ","","R","D","BF","F ","T","G","C","070","0","0","0","","","1775069","5908845",
"Auckland","WHITFORD PARK ROAD","200","S"," ","WHITFORD-MARAETAI ROAD","201436615","20/04/2014","Sun","2224","DA","CN1","130A 631A ","T","M","W","DN","F "," ","N","C","070","0","0","0","","","1774867","5909168",
"Auckland","WHITFORD ROAD","870","N"," ","BROOMFIELDS ROAD","201433649","03/01/2014","Fri","1220","DA","CN1","131A 402A ","V","E","D","B ","F "," "," ","C","080","0","0","0","","","1772600","5910745",
"Auckland","WHITFORD ROAD","1260","N"," ","BROOMFIELDS ROAD","201410585","08/02/2014","Sat","0809","BF","CN1C","111A 131A ","","M","W","ON","H "," ","N","C","080","0","2","0","","","1772553","5911123",
"Auckland","WHITFORD ROAD","20","S"," ","EDGAR PEARCE PLACE","201411519","06/03/2014","Thu","1130","CC","CN1C","350A ","M","R","D","BF","F "," ","N","C","050","0","0","1","","","1771863","5913553",
"Auckland","WHITFORD ROAD","70","S"," ","MILLHOUSE DRIVE","201437172","22/05/2014","Thu","0830","FD","CN14","181A ","","R","D","OF","F "," ","N","C","050","0","0","0","","","","",
"Auckland","WHITFORD ROAD","310","S"," ","POINT VIEW DRIVE","201432536","08/02/2014","Sat","0824","DA","CN1","134A 135A 806 ","T","E","W","O ","F "," ","N","C","080","0","0","0","","","1771885","5912286",
"Auckland","WHITFORD ROAD","1000","S"," ","POINT VIEW DRIVE","201412502","15/03/2014","Sat","1500","DA","CN1C","131A 801 ","","E","W","O ","L "," "," ","C","080","0","2","0","","","1772383","5911427",
"Auckland","WHITFORD ROAD","170","S"," ","SOMERVILLE ROAD","201431368","03/03/2014","Mon","0752","DA","XN1","111A 131A ","V","S","W","OF","L "," ","N","C","060","0","0","0","","","1772203","5911940",
"Auckland","WHITFORD ROAD","1400","S"," ","SOMERVILLE ROAD","201431246","08/02/2014","Sat","0926","DA","CS1","135A 801 ","F","M","W","ON","H "," ","N","C","080","0","0","0","","","1772571","5911107",
"Auckland","WHITFORD ROAD","240","N"," ","SOMMERVILLE ROAD","201436596","10/05/2014","Sat","1500","BF","CN14","111A 131A 402A ","","M","D","B ","F "," "," ","P","080","0","0","0","","","","",
"Auckland","WHITFORD ROAD","700","N"," ","WHITFORD-MARAETAI ROAD","201430514","05/01/2014","Sun","1503","DB","CN1","111A 131A ","CK","M","W","O ","L "," "," ","C","080","0","0","0","","","1774398","5909432",
"Auckland","WHITFORD- MARAETAI ROAD","15","E"," ","WHITFORD WHARF ROAD","201437719","10/06/2014","Tue","1417","MF","CE1V","371A 370B 801 ","","R","W","O ","L "," "," ","C","050","0","0","0","","","","",
"Auckland","WHITFORD-MARAETAI ROAD","100","S"," ","BEACHLANDS ROAD","201434096","12/04/2014","Sat","0800","BC","CN1","130A 410A ","PS","R","D","B ","F "," ","N","C","050","0","0","0","","","1779347","5915315",
"Auckland","WHITFORD-MARAETAI ROAD",""," ","I","BEACHLANDS ROAD","201431805","04/03/2014","Tue","1800","FB","4N1C","181A ","","R","D","BF","F ","R","G","R","050","0","0","0","","","1779349","5915409",
"Auckland","WHITFORD-MARAETAI ROAD","730","N"," ","CLIFTON ROAD","201435001","11/04/2014","Fri","1530","DA","CS1","110A 134A ","","M","W","B ","F "," ","N","C","080","0","0","0","","","1777446","5910759",
"Auckland","WHITFORD-MARAETAI ROAD","730","N"," ","CLIFTON ROAD","201450001","11/04/2014","Fri","1530","DA","CS1","110A 134A ","","M","W","B ","F "," ","N","C","080","0","0","0","","","1777446","5910759",
"Auckland","WHITFORD-MARAETAI ROAD","100","N"," ","HENSON ROAD","201434496","07/02/2014","Fri","2316","DA","CN1","111A 131A 800 901 ","V","S","W","DN","H "," "," ","C","100","0","0","0","","","1777640","5911463",
"Auckland","WHITFORD-MARAETAI ROAD","1300","S"," ","OKARORO DRIVE","201412883","28/04/2014","Mon","0343","DA","VS1","111A 131A 801 830 ","F","M","W","DO","L "," "," ","C","100","0","0","1","","","1778794","5913152",
"Auckland","WICKMAN WAY","30","S"," ","GARUS AVENUE","201435047","16/04/2014","Wed","0832","MG","CS14","371B ","","R","D","O ","F "," ","N","C","040","0","0","0","","","1761532","5907659",
"Auckland","WICKMAN WAY","20","E"," ","TANNOCK PLACE","201410663","24/02/2014","Mon","1550","AO","CW1S","150A 351A 512A ","","R","D","B ","F "," ","N","C","050","0","0","2","","","1762023","5907905",
"Auckland","WICKMAN WAY",""," ","I","YATES ROAD","201413689","15/06/2014","Sun","1310","LB","CW1C","303B ","","R","D","O ","F ","T","G","C","050","0","0","3","","","1761926","5907897",
"Auckland","WILKINSON ROAD","200","S"," ","GAVIN ST","201432809","16/02/2014","Sun","1809","JA","CS1C","308B 926 ","","S","D","B ","F ","D","N","C","050","0","0","0","","","1761515","5914357",
"Auckland","WILKS ROAD",""," ","I","POSTMAN ROAD","201433873","05/04/2014","Sat","0636","DC","CN2","335A 904 ","F","E","D","DN","M ","T","G","C","080","0","0","0","","","1748056","5942942",
"Auckland","WILKS ROAD WEST","600","W"," ","DAIRY FLAT HIGHWAY","201413084","31/03/2014","Mon","1200","QD","4S1E","428A 929 ","","R","D","BN","F ","D","N","N","050","0","1","0","69","","1746660","5943866",
"Auckland","WILLCOTT ST","20","N"," ","BENFIELD AVENUE","201435379","02/05/2014","Fri","1700","EA","CN1C","129A 130A ","M","R","D","O ","F "," "," ","N","050","0","0","0","","","1752618","5916558",
"Auckland","WILLCOTT ST",""," ","I","CARRINGTON ROAD","201432866","23/03/2014","Sun","1020","GD","CS2C","331A ","","R","D","B ","F ","T","G","C","050","0","0","0","","","1752761","5916718",
"Auckland","WILLIAM PICKERING DRIVE",""," ","I","RIDE WAY","201432198","05/02/2014","Wed","1720","LB","CN1CC","303B 375B ","","R","D","B ","F ","T","G","P","050","0","0","0","","","1752026","5931375",
"Auckland","WILLIAMSON AVENUE",""," ","I","ARIKI ST","201413847","13/06/2014","Fri","1929","HA","CN2S","301A 375A ","","R","D","DO","F ","X","S","C","050","0","1","0","","34","","",
"Auckland","WILLIAMSON AVENUE",""," ","I","DRYDEN ST","201412962","06/05/2014","Tue","0820","HA","CW14","301B ","","R","W","O ","L ","X","S","N","050","0","0","1","","","1755033","5918791",
"Auckland","WILLIAMSON AVENUE",""," ","I","GROSVENOR ST","201413114","14/05/2014","Wed","0008","CB","4N1CCC","103A 112A 130A 801 ","FM","R","W","DO","L ","X","S","R","050","0","0","1","","","1755273","5918973",
"Auckland","WILLIAMSON AVENUE",""," ","I","MILLAIS ST","201412167","06/05/2014","Tue","0920","HA","PE1C","301B ","","R","D","B ","F ","X","S","C","050","0","0","1","","","1755435","5919095",
"Auckland","WILLIAMSON AVENUE",""," ","I","POLLEN ST","201412328","03/04/2014","Thu","1554","JA","MW1C","301B 377B ","","R","D","B ","F ","T","S","P","050","0","1","0","","","1755838","5919395",
"Auckland","WILLIAMSON AVENUE","10","S"," ","PONSONBY ROAD","201438346","19/05/2014","Mon","0841","FE","CN1C","331A 363A 902 ","","R","D","B ","F ","X","T","C","050","0","0","0","","","1755931","5919466",
"Auckland","WILLIS ROAD",""," ","I","ALPHA ST","201411695","25/03/2014","Tue","1617","NA","VE1E","105B 711B ","","E","D","OF","F ","T","G","C","050","0","0","1","","","1773261","5896434",
"Auckland","WILLIS ROAD",""," ","I","CLEVEDON ROAD","201437159","28/05/2014","Wed","1200","FB","CW1C","181A ","","R","D","BF","F ","R","G","R","050","0","0","0","","","1773201","5896435",
"Auckland","WILLIS ROAD",""," ","I","LAURIE AVENUE","201431584","26/01/2014","Sun","0012","DC","CN24","103A 112A 130A ","HKX","R","D","DO","F ","T","N","N","050","0","0","0","","","1773743","5896509",
"Auckland","WILSON ROAD",""," ","I","CAPTAIN SCOTT ROAD","201437123","25/05/2014","Sun","1246","FB","CW1C","181A ","","E","D","OF","F ","R","G","C","050","0","0","0","","","1747239","5913608",
"Auckland","WILSON ROAD","100","E"," ","PULHAM ROAD","201431884","04/02/2014","Tue","1715","BF","CW1C","111A 131A ","","S","D","BN","F "," ","N","N","050","0","0","0","","","1750143","5969314",
"Auckland","WILSON ROAD","4000","W"," ","SOUTH HEAD ROAD","201430474","28/01/2014","Tue","1650","BC","CE14","121A 330B ","","E","D","O ","F "," ","N","N","080","0","0","0","","","1715125","5950013",
"Auckland","WINSCOMBE ST","20","E"," ","LAKE ROAD","201411613","13/03/2014","Thu","0845","NA","CW1E","713B ","","R","D","OF","F "," ","P","C","050","0","0","1","","","1759577","5925263",
"Auckland","WINTERE ROAD",""," ","I","CHARLES ST","201410476","20/01/2014","Mon","1715","JA","SN1C","204A ","","M","D","B ","F ","T","G","N","050","0","0","1","","14","1765975","5907095",
"Auckland","WIRI STATION ROAD","10","E"," ","ASH ROAD","201437282","09/06/2014","Mon","1725","FE","CW1C","181A ","","R","W","DO","H ","X","T","R","060","0","0","0","","","1765977","5903282",
"Auckland","WIRI STATION ROAD","130","W"," ","DRUCES ROAD","201437279","04/06/2014","Wed","1538","AC","TW1C","372A 671A ","","R"," "," F","  "," ","N","C","050","0","0","0","","","1766856","5903651",
"Auckland","WIRI STATION ROAD","160","E"," ","MANA PLACE","201433382","27/03/2014","Thu","1500","FA","CE1C","330A ","","R","D","BF","F "," ","N","C","060","0","0","0","","","1766760","5903620",
"Auckland","WIRI STATION ROAD",""," ","I","PLUNKET AVENUE","201431729","24/01/2014","Fri","1110","LB","VE1T","303B 387B ","","R","D","B ","F ","T","G","R","050","0","0","0","","","1766331","5903435",
"Auckland","WIRI STATION ROAD",""," ","I","PLUNKET AVENUE","201431607","14/01/2014","Tue","1550","LB","TE1V","303B ","","R","D","B ","F ","T","G","R","050","0","0","0","","","1766331","5903435",
"Auckland","WISHART ROAD","800","W"," ","INLAND ROAD","201413812","01/06/2014","Sun","0905","CB","CS1","130A 402A 412A ","ET","R","D","B ","F "," "," ","C","100","0","0","1","","","1731183","5937437",
"Auckland","WITHEFORD DRIVE",""," ","I","VALECREST PLACE","201432847","23/02/2014","Sun","1710","JA","CS1C","303B ","","E","D","O ","F ","T","N","N","050","0","0","0","","","1752544","5928154",
"Auckland","WOLVERTON ST",""," ","I","MIRANDA ST","201430924","25/02/2014","Tue","1415","LB","CW1C","303B 314B 377B ","","R","D","BF","F ","T","S","C","050","0","0","0","","","1751189","5913960",
"Auckland","WOLVERTON ST",""," ","I","ST GEORGES ROAD","201432261","15/01/2014","Wed","2250","FE","CN1C","331A 387A 402A ","","R","D","DO","F ","T","T","C","050","0","0","0","","","1751120","5913918",
"Auckland","WOODCOCKS ROAD","90","W"," ","CAMPBELL DRIVE","201411221","18/02/2014","Tue","0545","DB","CE1","111A 131A 402A ","G","E","D","DF","F "," "," ","X","050","0","0","1","","","1748451","5969654",
"Auckland","WOODFORD AVENUE","15","W"," ","WAIPAREIRA AVENUE","201435888","12/05/2014","Mon","1237","GE","VW1C","387A 929 ","","R","D","BF","F ","D","N","C","050","0","0","0","","","1745425","5918587",
"Auckland","WOODSTOCK ROAD","80","S"," ","MANUTARA AVENUE","201436278","10/05/2014","Sat","1649","DA","CS1","197A 402A 407A 929 ","F","R","D","O ","F ","D","N","N","050","0","0","0","","","1755802","5930771",
"Auckland","WOOLFIELD ROAD","50","N"," ","SWAFFIELD ROAD","201432842","03/03/2014","Mon","1000","MO","CN1C","371A 929 ","M","R","D","O ","F ","D","N","C","050","0","0","0","","","1764566","5906652",
"Auckland","WORCESTER ROAD","70","S"," ","HAWKINS ST","201437087","06/05/2014","Tue","2355","CC","CS1C","104A 130A ","M","R","D","DO","F "," "," ","N","050","0","0","0","","","1763967","5917881",
"Auckland","WORDSWORTH ROAD","80","W"," ","BEDLINGTON AVENUE","201413788","25/05/2014","Sun","2008","EA","CE1T","103A 410A ","M","R","D","DO","F "," ","N","C","050","0","0","1","","","1766900","5900943",
"Auckland","WORDSWORTH ROAD","10","W"," ","JOHN WALKER DRIVE","201431232","02/03/2014","Sun","1607","ME","CW14","371B 925 ","","R","D","BF","F ","D","N","C","050","0","0","0","","","1766446","5900762",
"Auckland","WORDSWORTH ROAD","20","E"," ","SWALLOW DRIVE","201432761","15/03/2014","Sat","1335","DA","CE1V","132A 402A 801 ","Q","M","W","O ","L "," "," ","C","050","0","0","0","","","1767122","5901012",
"Auckland","WORDSWORTH ROAD W",""," ","I","ROSCOMMON ROAD","201430487","06/02/2014","Thu","1400","FB","CW1V","181A ","","E","D","B ","F ","T","G","C","050","0","0","0","","","1765989","5900577",
"Auckland","WYLLIE ROAD",""," ","I","HILL ROAD","201433533","23/04/2014","Wed","1800","LB","CN1C","303B 375B ","","R","D","BF","F ","T","G","C","050","0","0","0","","","1764595","5905553",
"Auckland","WYLLIE ROAD","15","S"," ","PAH ROAD","201432386","12/03/2014","Wed","0820","FC","CN1C","181A 427A ","","R","D","B ","F "," "," ","C","050","0","0","0","","","1764444","5904990",
"Auckland","WYLLIE ROAD","110","S"," ","PAH ROAD","201412200","30/01/2014","Thu","1145","MD","CN1C","371B 929 ","","E","D","B ","F ","D","N","C","050","0","0","2","","","1764414","5904899",
"Auckland","WYLLIE ROAD","20","N"," ","PUHINUI ROAD","201438144","24/05/2014","Sat","1905","GA","CN1C","181A 925 ","","R","W","DO","F ","D","N","L","050","0","0","0","","","1764421","5904452",
"Auckland","WYMONDLEY ROAD","50","N"," ","LARSEN ST","201430230","02/01/2014","Thu","1900","MO","CS1C","371A ","M","R","D","B ","F "," "," ","C","050","0","0","0","","","1765587","5908297",
"Auckland","WYNDHAM ST","20","W"," ","QUEEN ST","201412214","24/04/2014","Thu","0135","NA","CW1E","105B 712B ","","R","D","DO","F "," ","N","L","030","0","0","1","20","","1757416","5920606",
"Auckland","WYNYARD ROAD","5","S"," ","PUNGA ST","201410398","16/01/2014","Thu","2050","JA","CN1S","308B 382B 929 ","","R","D","DO","F ","D","N","C","050","0","0","2","","17","1756503","5917891",
"Auckland","YATES ROAD","20","W"," ","MASSEY ROAD","201410915","27/02/2014","Thu","2220","LB","CE1C","303B 382B 929 ","","R","D","DO","F ","D","N","C","050","0","0","1","","","1762530","5907337",
"Auckland","YATES ROAD",""," ","I","MASSEY ROAD","201434498","20/04/2014","Sun","1903","DA","4S2V","110A 131A 402A 423A 801 ","Q","E","W","DO","L ","T","S","C","050","0","0","0","","","1762546","5907325",
"Auckland","YORK ROAD","50","N"," ","FITZROY ST","201434545","24/04/2014","Thu","1230","MO","CN1C","371A 929 ","M","R","D","OF","F ","D","N","C","050","0","0","0","","","1765815","5905194",
"Auckland","YOUTH ST","20","E"," ","ROSEMAN AVENUE","201437106","29/05/2014","Thu","0925","MO","CE1C","371A 385A ","M","R","D","OF","F "," ","N","C","050","0","0","0","","","1754740","5913200",
"Auckland","Z BEACH MURIWAI","2000","N"," ","RIMMER ROAD","201411017","22/02/2014","Sat","1400","QO","MN1M","370A 430A 370B ","","R","D","B ","F "," "," ","N","060","0","1","1","","","1719219","5938915",
"Auckland","Z CPK BP MANUKAU ROAD","40","S"," ","ONSLOW AVENUE","201412971","08/05/2014","Thu","0721","PO","CE1E","376A ","","R","D","O ","F "," "," ","N","010","0","0","1","","","1758038","5915095",
"Auckland","Z CPK RAIL STN",""," ","I","TYLER ST","201412193","17/04/2014","Thu","1100","PO","CN1E","370A ","","R","W","O ","HS","T","N","C","030","0","1","0","72","","1757729","5920928",
"Auckland","Z CPK VEGE OASIS","100","S"," ","YATES ROAD","201433670","13/04/2014","Sun","1224","MO","CS1C","386A ","M","R","D","BF","F "," ","N","N","050","0","0","0","","","1762408","5907273",
"Auckland","Z CPK WESTHAVEN MARINA","200","E"," ","WESTHAVEN DRIVE","201413693","07/06/2014","Sat","1555","MO","CW1","104A 108A 410A ","JST","E","D","O ","F "," "," ","R","030","0","0","1","","","","",
"Auckland","Z DRIVE 762 BEACH ROAD","30","N"," ","GLENCOE ROAD","201410276","09/02/2014","Sun","1244","NB","CE1E","929 ","","R","D","B ","F ","D","N","N","050","0","0","1","7","","1755595","5935195",
"Auckland","Z DWY 32 FREELAND AVENUE","100","N"," ","GLYNN ST","201436747","18/05/2014","Sun","0430","MO","CW1C","386A 929 ","M","R","D","DO","F "," ","N","N","020","0","0","0","","","1754351","5913317",
"Auckland","Z DWY PLANT BARN PORANA R","20","W"," ","GOLDFIELD","201436749","16/05/2014","Fri","1511","MO","CE1C","927 ","FM","R","D","B ","F ","D","N","N","050","0","0","0","","","1755637","5928061",
"Auckland","Z DWY VTNZ","60","N"," ","SPARTAN ROAD","201411125","02/04/2014","Wed","0945","BO","CS1M","201A 927 ","","M","D","B ","F ","D"," ","C","030","0","0","1","","","1769970","5899466",
"Auckland","Z DWY WESTGATE MALL","100","S"," ","FRED TAYLOR DRIVE","201411008","11/02/2014","Tue","1812","HA","CW1M","302A 370A ","","R","D","O ","F ","X","G","C","050","0","0","1","","","1743725","5923759",
"Auckland","Z HIGHFIELD GARDEN RESERV","300","N"," ","MARINERS GROVE","201410150","22/01/2014","Wed","2359","CB","CW1","105A 130A 524A ","PX","R","D","DN","F "," "," ","N","050","0","0","2","","","1755792","5967045",
"Auckland","Z LYNFIELD COLLEGE",""," ","A","WHITE SWANN ROAD","201410460","04/02/2014","Tue","1000","NG","CE1E","371A ","","R","D","B ","F "," "," ","N","030","0","0","1","6","","1752904","5912591",
"Auckland","GLADSTONE ROAD",""," ","I","16/0/0.133","201410632","03/02/2014","Mon","2135","BB","CN1C","124A ","","E","D","TO","F ","T","G","C","050","0","0","2","","","1758971","5920416",
"Auckland","16/0/0.213","80","S"," ","GLADSTONE ROAD","201430328","04/01/2014","Sat","0100","EA","CS1CC","129A 350A ","M","R","W","DO","F "," ","N","P","050","0","0","0","","","1758919","5920355",
"Auckland","16/0/0.396","100","W"," ","ST GEORGES BAY ROAD","201436207","17/04/2014","Thu","1510","JA","MW1C","308B 927 ","","R","D","B ","F ","D","N","C","050","0","0","0","","","1758774","5920331",
"Auckland","16/0/0.626","160","W"," ","AUGUSTUS STEPS","201435408","01/05/2014","Thu","1130","AO","CE1T","150A 386A ","","E","D","OF","F "," ","N","C","050","0","0","0","","","1758570","5920386",
"Auckland","16/0/0.732","250","N"," ","PARNELL RISE","201430777","26/01/2014","Sun","0157","CB","VS1","103A ","P","R","D","DO","F "," ","N","C","050","0","0","0","","","1758475","5920338",
"Auckland","16/0/0.982",""," ","I","PARNELL RISE","201400006","07/01/2014","Tue","1415","KA","TS1S","322B ","","S","D","B ","F ","X","T","C","050","1","0","0","","37","1758274","5920198",
"Auckland","PARNELL RISE",""," ","I","16/0/0.991","201435319","14/04/2014","Mon","1530","AC","CS1C","159A ","","R","D","B ","F ","X","T","C","050","0","0","0","","","1758264","5920204",
"Auckland","16/0/0.991",""," ","I","PARNELL RISE","201437848","06/05/2014","Tue","1740","AA","CN1C","372A ","","R","D","O ","F ","M","T","R","050","0","0","0","","","1758264","5920204",
"Auckland","16/0/0.996","5","S"," ","PARNELL RISE","201432024","18/01/2014","Sat","1800","FE","CN1C","331A ","","R","D","B ","F ","X","T","C","050","0","0","0","","","1758261","5920199",
"Auckland","16/0/1.31","100","S"," ","ALTEN ROAD","201430046","09/01/2014","Thu","0810","AA","CS1C","372A ","","R","D","BF","F "," ","N","C","050","0","0","0","","","1758074","5919949",
"Auckland","16/0/1.344","15","N"," ","STANLEY ST","201436938","20/05/2014","Tue","0357","AO","CS1T","129A 386A ","","R","D","DO","F "," "," ","N","080","0","0","0","","","1758056","5919911",
"Auckland","16/0/1.704",""," ","I","WELLESLEY ST BRIDGE","201435067","09/04/2014","Wed","1040","HA","CW1C","322A 334A ","","R","D","B ","F ","R","T","R","050","0","0","0","","","1757765","5919718",
"Auckland","16/0/1.894","400","S"," ","GRAFTON ON EBD","201430565","02/02/2014","Sun","0439","CA","CW1","103A 130A 357A ","G","R","D","DO","F "," "," ","N","080","0","0","0","","","1757644","5919572",
"Auckland","16/0/2.107","50","S"," ","WELLESLEY OFF NBD","201435663","29/04/2014","Tue","0646","FA","CN1CC","331A ","","R","D","DO","F "," "," ","C","080","0","0","0","","","1757524","5919396",
"Auckland","16/0/2.293","10","E"," ","GRAFTON OBR","201412290","27/05/2014","Tue","0915","FD","CN1V","181A ","","S","D","B ","F "," ","N","C","080","0","0","1","","","1757434","5919233",
"Auckland","16/0/2.297",""," ","A","GRAFTON OBR","201433980","15/03/2014","Sat","1030","CB","CS1","110A 133A ","G","R","W","O ","F "," ","N","C","080","0","0","0","","","1757448","5919209",
"Auckland","16/0/2.467","410","W"," ","WELLESLEY OFF NBD","201412239","29/03/2014","Sat","1459","AC","4S1C","372A ","G","M","D","B ","F "," ","N","N","080","0","1","0","","","1757299","5919130",
"Auckland","16/0/2.953","100","W"," ","UPPER QUEEN OBR","201436431","06/05/2014","Tue","2210","BA","CE1C","205A ","","R","D","DO","F "," ","N","N","100","0","0","0","","","1756838","5919234",
"Auckland","16/0/3.034","1000","E"," ","NEWTON OFF EBD","201432690","04/04/2014","Fri","1602","CB","CN1","112A 132A ","P","R","D","B ","F "," ","N","N","100","0","0","0","","","1756756","5919235",
"Auckland","16/0/3.39","80","E"," ","NEWTON OBR","201437737","11/06/2014","Wed","1746","FD","CW1CC","110A 181A 331A ","","R","D","DO","F "," "," ","C","080","0","0","0","","","1756464","5919008",
"Auckland","16/0/3.445","50","E"," ","NEWTON OBR","201433320","11/04/2014","Fri","1453","FD","VE1V","181A ","","R","D","BF","F "," ","N","R","100","0","0","0","","","1756406","5919048",