"TLA NAME","CRASH ROAD","CRASH DIST","CRASH DIRN","INTSN","SIDE ROAD","CRASH ID","CRASH DATE","CRASH DOW","CRASH TIME","MVMT","VEHICLES","CAUSES","OBJECTS STRUCK","ROAD CURVE","ROAD WET","LIGHT","WTHRa","JUNC TYPE","TRAF CTRL","ROAD MARK","SPD LIM","CRASH FATAL CNT","CRASH SEV CNT","CRASH MIN CNT","PERS AGE1","PERS AGE2","EASTING","NORTHING"
"Auckland","16/0/3.475","20","N"," ","NEWTON OBR","201432691","22/03/2014","Sat","1137","FD","CN1CCC","181A 351A ","","R","D","B ","F ","M","N","C","100","0","0","0","","","1756385","5919026",
"Auckland","16/0/3.57","100","S"," ","NEWTON OBR","201430568","29/01/2014","Wed","1003","FD","4S144C","181A 181B 181C 181D ","","R","D","B ","F "," "," ","C","100","0","0","0","","","1756318","5918904",
"Auckland","16/0/3.695","200","S"," ","NEWTON OBR","201431644","24/01/2014","Fri","1615","FD","CN1C","181A ","","R","D","B ","F "," "," ","N","080","0","0","0","","","1756233","5918868",
"Auckland","16/0/3.695","200","W"," ","NEWTON OBR","201437264","09/06/2014","Mon","1658","FD","CE1C4","181A ","","R","W","DO","L "," ","N","R","100","0","0","0","","","1756233","5918868",
"Auckland","16/0/3.725","320","N"," ","NEWTON ON WBD","201433172","18/03/2014","Tue","1849","FD","CN1CC","112A 331A 181B ","","R","D","TN","F "," "," ","C","100","0","0","0","","","1756204","5918798",
"Auckland","16/0/3.97","500","W"," ","NEWTON OBR","201435634","02/05/2014","Fri","1849","FA","CW1C","112A 331A 402A ","","R","D","DO","F "," "," ","C","100","0","0","0","","","1756036","5918620",
"Auckland","16/0/3.995","500","W"," ","NEWTON OBR","201410646","26/02/2014","Wed","0949","FD","CE1C","331A 353A ","","R","D","B ","F "," ","N","C","100","0","0","2","","","1756031","5918646",
"Auckland","16/0/4.034",""," ","I","NEWTON OFF EBD","201410540","17/02/2014","Mon","1235","FD","CE1C","181A ","","R","D","BF","F ","Y","N","C","100","0","0","2","","","1756004","5918618",
"Auckland","16/0/4.104","70","S"," ","NEWTON OFF EBD","201412206","05/05/2014","Mon","1517","FD","TS1CC","112A ","","R","W","O ","F "," ","N","C","080","0","0","2","","","1755959","5918564",
"Auckland","16/0/4.334","300","W"," ","NEWTON OFF EBD","201410784","11/04/2014","Fri","1638","FD","4E1C","181A 331A ","","E","D","B ","F "," ","N","C","080","0","0","1","","","1755793","5918406",
"Auckland","16/0/4.461","30","E"," ","BOND OBR","201430642","06/02/2014","Thu","1730","AC","CW1C","103A 381A 410A ","","E","D","B ","F "," ","N","C","100","0","0","0","","","1755663","5918306",
"Auckland","16/0/4.512","10","E"," ","BOND OBR","201430179","24/01/2014","Fri","1650","FD","CE14","181A 331A ","","R","D","BF","F "," ","N","C","100","0","0","0","","","1755641","5918315",
"Auckland","16/0/4.791","300","W"," ","BOND OBR","201435798","14/05/2014","Wed","1929","AA","CW1C","524A 130B 197B 801 ","","R","W","DO","L "," "," ","C","100","0","0","0","","","1755345","5918242",
"Auckland","16/0/4.822","300","W"," ","BOND OBR","201435637","03/05/2014","Sat","0955","FD","CE1VC","181A 197A 331A 181B 331B ","","R","D","B ","F "," "," ","C","100","0","0","0","","","1755340","5918260",
"Auckland","16/0/5.308","1000","E"," ","GREAT NORTH ROAD","201410202","13/01/2014","Mon","0730","FD","CE14CC","110A 181A ","","R","D","B ","F "," ","N","N","100","0","0","2","","","1754857","5918318",
"Auckland","16/0/5.322","1000","E"," ","ST LUKES OBR","201432482","02/03/2014","Sun","0335","AC","CW1C","103A 357A 372A ","","R","D","DO","F "," ","N","N","100","0","0","0","","","1754818","5918304",
"Auckland","16/0/5.358","300","E"," ","MOUNTAIN VIEW OBR","201437341","05/06/2014","Thu","0950","FA","4E14","181A 330A 350A ","","R","D","BF","F "," ","N","R","080","0","0","0","","","1754807","5918324",
"Auckland","16/0/5.392","930","E"," ","ST LUKES OBR","201430994","08/03/2014","Sat","1223","FD","CW1C4","181A ","","R","D","BF","F "," ","N","R","100","0","0","0","","","1754748","5918312",
"Auckland","16/0/5.432","890","E"," ","ST LUKES OBR","201431205","03/03/2014","Mon","1804","FD","CW1CC","181A ","","R","D","BF","F "," ","N","R","100","0","0","0","","","1754708","5918316",
"Auckland","16/0/5.472","850","E"," ","ST LUKES OBR","201430938","15/02/2014","Sat","1505","FF","CW1C","181A 191B ","","R","D","BF","F "," ","N","R","100","0","0","0","","","1754669","5918321",
"Auckland","16/0/5.522","800","E"," ","ST LUKES OBR","201411794","02/04/2014","Wed","1818","FD","CW1CC","181A 197B 191C ","","R","D","TO","F "," "," ","C","100","0","0","1","","","1754619","5918327",
"Auckland","16/0/5.779","200","E"," ","ST LUKES OFF WBD","201431185","08/03/2014","Sat","1247","AA","4W1C","179A 386A ","","R","D","B ","F "," ","N","C","100","0","0","0","","","1754363","5918331",
"Auckland","MOTAT ON EBD",""," ","I","16/0/5.792","201437335","08/05/2014","Thu","2051","AA","CE14","372B ","","R","W","DO","L ","Y","N","N","100","0","0","0","","","1754375","5918354",
"Auckland","16/0/5.847","500","E"," ","ST LUKES OBR","201413127","19/05/2014","Mon","0627","AA","VE1C","197A 331A 372A ","G","R","D","DO","F "," "," ","C","100","0","0","2","","","1754321","5918344",
"Auckland","16/0/5.879","100","E"," ","ST LUKES OFF WBD","201433389","02/04/2014","Wed","0700","FD","VW1C","181A ","","R","D","DO","F "," ","N","R","100","0","0","0","","","1754265","5918312",
"Auckland","16/0/5.959","20","E"," ","ST LUKES OFF WBD","201410281","13/02/2014","Thu","0653","FD","CE1C","110A 181A ","","E","W","O ","L "," ","N","C","100","0","0","2","","","1754187","5918295",
"Auckland","16/0/6.008","300","E"," ","ST LUKES ROAD","201410640","26/02/2014","Wed","0958","FD","CE14C","181A 350A ","","E","D","O ","F "," ","N","N","100","0","0","2","","","1754163","5918315",
"Auckland","16/0/6.022","300","E"," ","ST LUKES OBR","201431850","08/03/2014","Sat","1339","FD","CW1C","181A ","","R","D","OF","F "," ","N","R","100","0","0","0","","","1754125","5918284",
"Auckland","16/0/6.297","50","E"," ","ST LUKES OBR","201411815","31/03/2014","Mon","1651","FD","CE1C","181A ","","R","D","BF","F "," ","N","N","100","0","0","1","","","1753876","5918299",
"Auckland","16/0/6.327","20","E"," ","ST LUKES OBR","201430566","21/01/2014","Tue","0733","FD","CE1CC","181A 181B ","","R","W","O ","H "," "," ","R","100","0","0","0","","","1753846","5918301",
"Auckland","16/0/6.358","50","W"," ","MOTAT OFF EBD","201433616","03/04/2014","Thu","0751","FD","CE1C","110A 331A 191B ","","E","D","B ","F "," "," ","C","100","0","0","0","","","1753816","5918303",
"Auckland","16/0/6.367","20","W"," ","ST LUKES OBR","201411047","21/01/2014","Tue","0642","FD","4E1C","181A 331A 801 ","","R","W","O ","L "," "," ","C","100","0","0","2","","","1753806","5918304",
"Auckland","16/0/6.397","50","W"," ","ST LUKES OBR","201432990","18/03/2014","Tue","1300","QG","VE1","630A 687A ","","R","D","B ","F "," "," ","C","100","0","0","0","","","1753776","5918306",
"Auckland","16/0/6.417","70","W"," ","ST LUKES OBR","201436326","31/03/2014","Mon","1651","FD","4E1VC","181A 181C ","","R","D","BN","F "," ","N","N","050","0","0","0","","","1753756","5918308",
"Auckland","16/0/6.558","250","W"," ","ST LUKES ROAD","201430136","04/02/2014","Tue","0745","FD","CE1CC","112A 331A 353A ","","R","D","BF","F "," ","N","N","100","0","0","0","","","1753616","5918317",
"Auckland","16/0/6.654","60","W"," ","ST LUKES ON WBD","201410726","15/03/2014","Sat","2022","AO","CE1C","110A 403A ","","R","W","DO","F "," ","N","C","100","0","0","1","","","1753494","5918306",
"Auckland","16/0/6.847","500","W"," ","ST LUKES OBR","201413761","05/06/2014","Thu","0627","FD","CE1C4","181A ","","R","D","DO","F "," ","N","R","080","0","0","1","","","1753328","5918311",
"Auckland","16/0/6.979","1000","W"," ","ST LUKES OFF WBD","201435426","05/04/2014","Sat","1415","AC","CE1C","372B ","","E"," ","BF","F "," "," "," ","100","0","0","0","","","1753178","5918247",
"Auckland","16/0/7.022","700","W"," ","ST LUKES OBR","201410954","28/01/2014","Tue","1830","FD","CW1CCC","181A ","","R","D","BF","F "," ","N","N","100","0","0","1","","","1753138","5918232",
"Auckland","16/0/7.094","500","W"," ","ST LUKES ON WBD","201433996","10/04/2014","Thu","1840","FD","CW1C","181A 330A ","","E","D","TO","F "," ","N","C","080","0","0","0","","","1753070","5918206",
"Auckland","16/0/7.767","50","E"," ","CARRINGTON OBR","201410908","05/03/2014","Wed","0855","FD","ME1C","181A ","","R","D","BF","F "," ","N","N","100","0","0","2","","","1752453","5918030",
"Auckland","16/0/7.791",""," ","A","CARRINGTON OBR","201434294","17/03/2014","Mon","1700","FD","4W1CV","181A 331A 353A ","","R","D","B ","F "," "," ","C","080","0","0","0","","","1752405","5918006",
"Auckland","16/0/7.89","100","W"," ","CARRINGTON OBR","201430883","25/01/2014","Sat","0242","AO","VW1C","103A 120A ","","R","D","DO","F "," ","N","C","100","0","0","0","","","1752306","5918005",
"Auckland","16/0/7.996","180","W"," ","CARRINGTON OBR","201431527","12/01/2014","Sun","1825","AD","CE1C","101A 130A ","G","R","D","OF","F "," "," ","C","100","0","0","0","","","1752225","5918014",
"Auckland","16/0/8.098","160","E"," ","GT NORTH OBR","201431876","27/02/2014","Thu","0612","AC","TE1C","372A 671A ","","R","D","DO","F "," ","N","R","100","0","0","0","","","1752127","5917992",
"Auckland","16/0/8.208","50","E"," ","GT NORTH OBR","201433613","04/04/2014","Fri","0936","FD","CE1C","181A 331A 191B ","","E","D","B ","F "," "," ","C","080","0","0","0","","","1752021","5917962",
"Auckland","16/0/8.458","200","W"," ","GT NORTH OBR","201436528","19/05/2014","Mon","0904","FA","CE1M","131A 181A 402A ","","R","D","B ","F "," "," ","C","100","0","0","0","","","1751774","5917934",
"Auckland","16/0/8.458","200","W"," ","GT NORTH OBR","201430886","17/02/2014","Mon","0930","FD","CE1C","181A ","","R","D","BF","F "," ","N","R","100","0","0","0","","","1751774","5917934",
"Auckland","16/0/8.73","500","W"," ","GT NORTH OBR","201431994","26/03/2014","Wed","1911","FD","CW1C","181A ","","R","D","BF","F "," ","N","R","100","0","0","0","","","1751482","5917970",
"Auckland","16/0/8.73","500","W"," ","GT NORTH OBR","201434709","03/04/2014","Thu","2300","AD","CW14","133A ","","R","W","DO","F "," ","N","R","080","0","0","0","","","1751482","5917970",
"Auckland","16/0/8.758","500","W"," ","GT NORTH OBR","201411023","27/02/2014","Thu","0640","FD","CE14VV","181A 331A 402A 181B 331B ","","R","D","DO","F "," "," ","C","100","0","0","1","","","1751479","5917989",
"Auckland","16/7/0.66","1000","W"," ","WATERVIEW ON WBD","201437099","12/05/2014","Mon","0214","CB","CW1","410A ","G","R","D","DO","F "," "," ","C","100","0","0","0","","","1750243","5917995",
"Auckland","16/7/1.313","100","E"," ","ROSEBANK ON EBD","201411634","03/03/2014","Mon","0700","CA","ME1","181A 191A ","","R","W","BF","L "," ","N","N","080","0","0","1","","","1749592","5918049",
"Auckland","16/7/1.363","50","E"," ","ROSEBANK ON EBD","201430659","12/02/2014","Wed","0652","FD","VE14","132A 181A 191B ","","R","D","O ","F "," ","N","C","100","0","0","0","","","1749544","5918063",
"Auckland","16/7/1.756","1000","E"," ","PATIKI ON WBD","201436740","29/05/2014","Thu","1852","FD","CW1CC","181A ","","R","W","DO","F "," ","N","N","080","0","0","0","","","1749199","5918231",
"Auckland","16/7/1.796","30","E"," ","ROSEBANK OBR","201437375","20/05/2014","Tue","1914","FD","CW1C","181A ","","E","D","DO","F "," ","N","R","100","0","0","0","","","1749166","5918252",
"Auckland","16/7/2.664","80","N"," ","PATIKI OBR","201411131","29/01/2014","Wed","0753","FD","MS1C","331A 350A ","","E","D","O ","F "," "," ","C","080","0","1","0","","","1748502","5918815",
"Auckland","16/7/2.779","200","W"," ","PATIKI OBR","201412874","14/05/2014","Wed","1852","FD","CN14","181A 331A 402A ","","R","D","TO","F "," "," ","C","100","0","0","1","","","1748440","5918889",
"Auckland","16/7/2.779","200","W"," ","PATIKI OBR","201435353","13/02/2014","Thu","2251","DB","CW1","108A 131A ","G","E","D","DO","F "," "," ","R","100","0","0","0","","","1748440","5918889",
"Auckland","16/7/3.454","500","E"," ","TE ATATU OFF WBD","201433854","17/04/2014","Thu","1755","AO","VW1T","103A 129A ","","R","D","O ","F "," "," ","C","080","0","0","0","","","1747946","5919322",
"Auckland","16/7/3.481","400","E"," ","TE ATATU ON EBD EAST","201431027","17/02/2014","Mon","1700","AO","CE1C","125A 128A 130A ","G","R","D","B ","F "," ","N","C","080","0","0","0","","","1747924","5919354",
"Auckland","16/7/3.606","600","E"," ","TE ATATU OBR","201436420","06/05/2014","Tue","0829","CA","MW1","181A 191A ","","R","W","BF","F "," ","N","C","100","0","0","0","","","1747810","5919389",
"Auckland","16/7/3.904","50","E"," ","TE ATATU OFF WBD","201436320","17/03/2014","Mon","1745","FD","CW1C","181A ","","E","D","BF","F "," ","N","C","100","0","0","0","","","1747542","5919520",
"Auckland","16/7/3.906","300","E"," ","TE ATATU OBR","201432994","22/03/2014","Sat","1704","FD","4W1V","197A 331A ","","E","D","B ","F "," "," ","C","080","0","0","0","","","1747540","5919521",
"Auckland","16/7/3.911","30","N"," ","TE ATATU ON EBD EAST","201433171","18/03/2014","Tue","1453","AC","CN1C","159A ","","R","D","B ","F "," "," ","N","100","0","0","0","","","1747536","5919541",
"Auckland","16/7/4.054","100","W"," ","TE ATATU OFF WBD","201433150","05/03/2014","Wed","2230","FD","CW1C","181A ","","E","D","DO","F "," "," ","C","100","0","0","0","","","1747407","5919586",
"Auckland","16/7/4.106","100","E"," ","TE ATATU OBR","201435768","15/05/2014","Thu","1642","FA","CW1C","181A 331A 402A ","","R","D","O ","F "," "," ","C","070","0","0","0","","","1747360","5919608",
"Auckland","16/7/4.203","5","E"," ","TE ATATU OBR","201432762","19/03/2014","Wed","0739","FA","CE1C","181A 331A ","","R","D","O ","F "," "," ","C","080","0","0","0","","","1747273","5919669",
"Auckland","16/7/4.256","50","W"," ","TE ATATU OBR","201434687","12/03/2014","Wed","1742","FD","CW1C","181A ","","R","D","OF","F "," ","N","C","100","0","0","0","","","1747225","5919673",
"Auckland","16/7/4.523","100","W"," ","TE ATATU ON WBD","201438622","09/06/2014","Mon","1850","FD","4W1CC","181A 181B ","","R","W","DO","F "," "," ","N","080","0","0","0","","","1746985","5919790",
"Auckland","16/7/4.784","520","W"," ","TE ATATU ROAD","201430508","15/01/2014","Wed","1152","CB","TW1","191A 197A ","","R","D","B ","F "," "," ","C","100","0","0","0","","","1746753","5919927",
"Auckland","16/7/5.565","400","S"," ","LINCOLN ON EBD","201410204","12/01/2014","Sun","0405","AF","CS1C","112A 158A ","G","R","D","DO","F "," ","N","C","070","0","0","1","","","1746091","5920338",
"Auckland","16/7/5.616","700","E"," ","LINCOLN OBR","201412350","26/03/2014","Wed","1840","CA","CE1","130A ","G","R","D","O ","F "," "," ","R","100","0","0","1","","","1746047","5920367",
"Auckland","16/7/5.915","50","E"," ","LINCOLN ON EBD","201431993","15/03/2014","Sat","1840","FD","CE1C","331A 353A 817 ","","E","W","OF","L "," ","N","R","100","0","0","0","","","1745798","5920531",
"Auckland","16/7/5.922","10","E"," ","LINCOLN OFF WBD","201435111","06/04/2014","Sun","0804","CC","CW1","130A 410A ","G","R","D","B ","F ","T","T","C","070","0","0","0","","","1745789","5920514",
"Auckland","16/7/5.945","20","E"," ","LINCOLN ON EBD","201436600","14/05/2014","Wed","0658","FD","CE1C4","112A 181A ","","R","W","O ","F "," ","N","C","080","0","0","0","","","1745773","5920547",
"Auckland","16/7/5.965",""," ","I","LINCOLN ON EBD","201435636","30/04/2014","Wed","1832","AA","CS1V","372A 402A ","","R","D","DO","F ","T","N","C","070","0","0","0","","","1745756","5920558",
"Auckland","16/7/6.002","70","W"," ","LINCOLN OFF WBD","201431580","17/01/2014","Fri","1643","FD","CW1C","181A 191B ","","R","D","B ","F "," "," ","C","080","0","0","0","","","1745722","5920557",
"Auckland","16/7/6.116","200","E"," ","LINCOLN OBR","201431882","15/03/2014","Sat","1840","CA","CE1","137A 407A ","G","R","W","OF","L "," ","N","R","100","0","0","0","","","1745629","5920641",
"Auckland","16/7/6.317",""," ","A","LINCOLN OBR","201430309","14/01/2014","Tue","0741","AO","VE1V","129A ","","R","D","O ","F "," ","N","C","100","0","0","0","","","1745466","5920757",
"Auckland","16/7/6.415","20","E"," ","LINCOLN ON WBD","201435427","08/04/2014","Tue","0822","FD","CE1C","181A 330A ","","R","D","BF","F "," ","N","N","100","0","0","0","","","1745388","5920799",
"Auckland","16/7/6.435",""," ","I","LINCOLN ON WBD","201435423","10/01/2014","Fri","1040","GF","ON1C","179A 381A ","","M","D","B ","F ","Y","N","N","100","0","0","0","","","1745373","5920812",
"Auckland","16/7/6.515","80","W"," ","LINCOLN ON WBD","201410292","12/02/2014","Wed","1318","FD","VW1V","181A 330A ","","R","D","B ","F "," ","N","C","080","0","0","1","","","1745312","5920865",
"Auckland","16/7/7.339","1200","S"," ","ROYAL OBR","201436296","16/05/2014","Fri","1913","AA","CN1C","372A ","","R","D","DO","F "," "," ","C","100","0","0","0","","","1744714","5921430",
"Auckland","16/7/8.151","100","S"," ","ROYAL OFF WBD","201433612","05/04/2014","Sat","0942","AA","CN1C","381A ","","E","D","B ","F "," "," ","C","100","0","0","0","","","1744440","5922171",
"Auckland","16/7/8.254","30","N"," ","ROYAL ON EBD","201434561","27/02/2014","Thu","0810","FD","CS1C","181A ","","R","D","BF","F "," ","N","R","100","0","0","0","","","1744444","5922302",
"Auckland","16/7/8.839","300","N"," ","ROYAL OBR","201430591","02/02/2014","Sun","1736","DB","CN1","131A 402A ","G","E","D","B ","F "," "," ","N","100","0","0","0","","","1744334","5922849",
"Auckland","BRIGHAM CREEK ROAD",""," ","I","16/7/12.907","201435796","15/05/2014","Thu","1530","AA","VW1C","101A 177A ","","M","D","B ","F ","R","G","C","050","0","0","0","","","1742501","5926444",
"Auckland","16/7/12.924",""," ","I","FRED TAYLOR DRIVE N","201434295","22/03/2014","Sat","1300","GB","4N1C","197A 370A 172B 372B ","","M","D","B ","F ","R","G","C","080","0","0","0","","","1742480","5926410",
"Auckland","16/7/12.984",""," ","I","FRED TAYLOR DRIVE","201430236","14/01/2014","Tue","0745","AA","VS1C","372A ","","E","D","B ","F ","R","G","C","080","0","0","0","","","1742475","5926470",
"Auckland","16/19/0.316","5","N"," ","KENNEDYS ROAD","201432184","19/01/2014","Sun","1530","FD","CS1CCC","331A ","","R","D","B ","F ","T","N","L","050","0","0","0","","","1742262","5926713",
"Auckland","16/19/0.881","570","N"," ","KENNEDYS ROAD","201412959","01/06/2014","Sun","1300","GD","CS14","331A 350A 929 ","","R","D","B ","F ","D","N","C","080","0","0","1","","","1741764","5926976",
"Auckland","16/19/1.549",""," ","I","COATESVILLE-RIVERHEAD HIG","201413162","19/05/2014","Mon","0948","LB","CE2C","197A 303A 353A ","","E","D","B ","F ","T","S","L","080","0","0","2","","","1741287","5927439",
"Auckland","TAUPAKI ROAD",""," ","I","16/19/2.177","201411518","22/02/2014","Sat","1549","DB","CW2","103A 131A ","FIS","E","D","BF","F ","R","G","R","080","0","0","1","","","1740669","5927578",
"Auckland","16/19/2.724","500","W"," ","TAUPAKI ROAD","201400085","17/04/2014","Thu","1856","AC","4W14CV","159A 197B ","","E","D","TO","F "," "," ","C","080","1","4","2","","","1740271","5927799",
"Auckland","16/19/2.874","800","S"," ","OLD RAILWAY ROAD","201434602","23/04/2014","Wed","1500","FD","CN1C","331A 352A ","","R","D","OF","F "," ","N","C","080","0","0","0","","","1740223","5927942",
"Auckland","16/19/2.954","730","W"," ","OLD NORTH ROAD","201433323","27/03/2014","Thu","1145","GD","VN1C","333A 929 ","","R","D","BF","F ","D","N","C","080","0","0","0","","","1740197","5928017",
"Auckland","16/19/3.474","200","S"," ","OLD RAILWAY ROAD","201434637","23/04/2014","Wed","1440","GD","VS14","333A 358A 929 ","","R","D","BF","F ","D","N","L","080","0","0","0","","","1739911","5928428",
"Auckland","16/19/3.87",""," ","I","RIVERHEAD ROAD","201412208","20/04/2014","Sun","1236","JA","CE14","350A 302B 375B ","","E","W","O ","F ","T","G","C","060","0","0","1","","","1739586","5928652",
"Auckland","16/19/4.281","15","W"," ","WEZA LANE","201413815","18/06/2014","Wed","1415","GD","4W1C","331A 350A 378A 902 927 ","","R","D","B ","F ","D"," ","C","060","0","1","1","","","1739192","5928646",
"Auckland","16/19/4.551",""," ","I","ACCESS ROAD","201436482","21/05/2014","Wed","0629","DB","CN2V","131A 133A ","","R","D","TO","F ","T","T","C","050","0","0","0","","","1738960","5928779",
"Auckland","16/19/4.627","1000","E"," ","MATUA ROAD E","201433798","07/04/2014","Mon","1150","JA","VE1V","308B 929 ","","R","D","B ","F ","D","N","P","060","0","0","0","","","1738888","5928803",
"Auckland","16/19/4.701","150","W"," ","ACCESS ROAD","201411158","04/04/2014","Fri","1300","JA","CE1C","308B 377B 925 ","","R","D","B ","F ","D","S","P","060","0","0","2","","","1738825","5928841",
"Auckland","16/19/5.677","50","W"," ","MATUA ROAD E","201400071","01/04/2014","Tue","1550","NB","TW1E","507B 710B ","","R","D","BF","F "," "," ","P","060","1","0","0","90","","1737957","5929258",
"Auckland","16/19/8.776",""," ","I","FOSTER ROAD","201430034","10/01/2014","Fri","1630","GD","CE1C","181A 333A ","","R","D","ON","F ","T","N","C","100","0","0","0","","","1734980","5929967",
"Auckland","16/19/9.626","850","W"," ","FOSTER ROAD","201413085","07/05/2014","Wed","1420","NB","TW1E","711B ","","R","D","OF","L "," ","N","L","100","0","1","0","16","","1734132","5929984",
"Auckland","16/19/9.633","40","W"," ","JOYCE ADAMS PLACE","201412062","20/04/2014","Sun","1211","GD","CW1C","331A 353A 926 ","","R","W","O ","L ","D","N","C","100","0","0","1","","","1734125","5929984",
"Auckland","16/19/10.677",""," ","I","WAIMAUKU STATION ROAD","201410323","18/01/2014","Sat","1300","LB","CS2C","301A 387A ","","R","D","ON","F ","X","S","C","070","0","0","2","","","1733167","5929690",
"Auckland","16/19/15.697","770","S"," ","RESTAL ROAD","201431980","08/01/2014","Wed","0825","MC","VS14","372B ","","R","D","BN","F "," ","N","C","100","0","0","0","","","1728929","5931660",
"Auckland","16/19/15.967","500","E"," ","RESTAL ROAD","201411153","30/03/2014","Sun","2045","EO","TN1C","129A 443B 692B ","QP","R","D","DN","F "," "," ","C","100","0","1","1","","","1728720","5931820",
"Auckland","16/37/5.196","450","S"," ","BRADLY ROAD S","201431332","07/03/2014","Fri","0830","DA","CS1","131A ","G","M","D","BN","F "," ","N","N","080","0","0","0","","","1728420","5937044",
"Auckland","16/47/0.646","110","S"," ","BAKER ST","201436599","22/05/2014","Thu","1125","GA","TS1T","181A 331A 333A 929 ","","R","D","B ","F ","D"," ","C","070","0","0","0","","","1729165","5939780",
"Auckland","16/47/1.312",""," ","I","RATA ST","201430048","04/01/2014","Sat","1415","JA","CN1C","308B 375B 926 ","","R","D","BF","F ","D","N","C","050","0","0","0","","","1729589","5939868",
"Auckland","16/47/3.733","930","N"," ","PIPITIWAI DRIVE","201432028","07/02/2014","Fri","2009","DB","CS1","111A 131A 191A 801 ","F","E","W","O ","L "," "," ","C","100","0","0","0","","","1729625","5942062",
"Auckland","16/47/10.89","15","W"," ","PEAK ROAD","201410161","05/01/2014","Sun","1530","MC","MW14","137A 191A ","","R","W","O ","L "," "," ","C","100","0","1","0","","","1734246","5945508",
"Auckland","16/47/11.104","25","S"," ","KAHIKATEA FLAT ROAD","201431231","08/02/2014","Sat","2209","MC","CS1C","372B ","","R","D","DN","F "," ","N","C","100","0","0","0","","","1734307","5945699",
"Auckland","16/47/11.129",""," ","I","KAHIKATEA FLAT ROAD","201433276","26/01/2014","Sun","1620","JA","VN1C","302B 382B 901 ","","R","W","ON","H ","T","G","N","100","0","0","0","","","1734308","5945724",
"Auckland","16/47/12.065","1000","S"," ","NORTH CRESCENT N","201430792","14/02/2014","Fri","1550","AA","CS1C","140A ","","R","D","BN","F "," ","N","C","100","0","0","0","","","1733856","5946371",
"Auckland","16/69/0.303","550","N"," ","MAKARAU ROAD","201436383","06/05/2014","Tue","0620","EC","CS1","912 ","W","M","W","DN","M "," ","N","C","100","0","0","0","","","1730941","5954420",
"Auckland","16/69/1.053","1300","N"," ","MAKARAU ROAD","201412087","29/03/2014","Sat","1148","DA","MN1","139A 350A ","T","E","D","B ","F "," ","N","C","100","0","1","0","","","1730575","5954963",
"Auckland","16/82/0.2","200","N"," ","OMAUMAU ROAD","201437129","03/06/2014","Tue","1230","AD","CS1C","111A 137A ","","E","D","BN","F "," ","N","C","100","0","0","0","","","1728474","5965367",
"Auckland","16/82/0.5","500","N"," ","OMAUMAU ROAD","201410667","08/01/2014","Wed","1119","DA","MN1","111A 121A ","","E","D","B ","F "," ","N","C","100","0","0","1","","","1728404","5965654",
"Auckland","16/82/2.042","2000","S"," ","OGLE ROAD","201412970","28/02/2014","Fri","2330","DA","CN1","103A 131A ","C","E","D","DN","F "," "," ","C","100","0","4","3","","","1728700","5967065",
"Auckland","16/92/2.634","8000","S"," ","PORT ALBERT ROAD","201400093","27/04/2014","Sun","1331","DA","MS1","111A 129A 131A 532A ","EFS","M","D","B ","F "," "," ","C","100","1","1","0","","","1731066","5974990",
"Auckland","18/0/0.109",""," ","I","UPPER HWY ON SBD W","201436388","10/05/2014","Sat","1216","MG","CW1C","428B ","","R","D","BF","F ","X","T","C","050","0","0","0","","","1754126","5931391",
"Auckland","18/0/0.109",""," ","I","UPPER HWY ON SBD W","201437150","21/05/2014","Wed","1230","AA","VE1C","381A ","","R","D","BF","F ","T","T","C","050","0","0","0","","","1754126","5931391",
"Auckland","18/0/0.19",""," ","I","UPPER HWY OFF NBD","201435596","19/04/2014","Sat","1010","MG","CW1C","371A 400A ","","R","D","B ","F ","T","T","R","050","0","0","0","","","1754049","5931364",
"Auckland","18/0/0.19",""," ","I","UPPER HWY OFF NBD","201431353","06/03/2014","Thu","0845","FE","CN2C","112A 130A ","","R","D","BF","F ","T","T","N","050","0","0","0","","","1754049","5931364",
"Auckland","UPPER HWY OFF NBD",""," ","I","18/0/0.19","201432019","19/02/2014","Wed","2000","FB","CN1C","331A ","","R","D","O ","F ","T","G","N","050","0","0","0","","","1754049","5931364",
"Auckland","UPPER HWY OFF NBD",""," ","I","18/0/0.19","201433546","07/04/2014","Mon","0725","GF","BN1C","381A 671A ","","R"," "," F","  ","M","T","R","060","0","0","0","","","1754049","5931364",
"Auckland","18/0/1.065","40","E"," ","PAUL MATTHEWS ROAD","201413101","23/05/2014","Fri","1717","FA","CE1C","331A 350A ","","R","D","TO","F "," "," ","R","080","0","0","2","","","1753194","5931195",
"Auckland","18/0/1.317","50","W"," ","PAUL MATTHEWS ON WBD","201437858","08/06/2014","Sun","1027","AO","CW1V","375A 381A ","","R","D","B ","F "," ","N","C","080","0","0","0","","","1752947","5931171",
"Auckland","18/0/1.973",""," ","I","ALBANY HIGHWAY ON EBD","201432621","08/03/2014","Sat","0845","MC","CS1C","372B ","","R","D","B ","F ","X","T","R","050","0","0","0","","","1752336","5930955",
"Auckland","18/0/2.766",""," ","I","ALBANY HIGHWAY OFF EBD","201436692","16/05/2014","Fri","1630","FB","CE2C","181A 191B ","","E","D","B ","F ","T","G","C","080","0","0","0","","","1751829","5930353",
"Auckland","18/0/6.017","20","W"," ","TAUHINU OBR","201411527","30/01/2014","Thu","1214","CC","CW1","504A ","","R","D","OF","F "," ","N","C","100","0","0","1","","","1749665","5928066",