"TLA NAME","CRASH ROAD","CRASH DIST","CRASH DIRN","INTSN","SIDE ROAD","CRASH ID","CRASH DATE","CRASH DOW","CRASH TIME","MVMT","VEHICLES","CAUSES","OBJECTS STRUCK","ROAD CURVE","ROAD WET","LIGHT","WTHRa","JUNC TYPE","TRAF CTRL","ROAD MARK","SPD LIM","CRASH FATAL CNT","CRASH SEV CNT","CRASH MIN CNT","PERS AGE1","PERS AGE2","EASTING","NORTHING"
"Auckland","18/7/3.197",""," ","A","BRIGHAM ON EBD","201413118","23/05/2014","Fri","0827","CC","CE1","130A 357A ","G","R","D","B ","F ","T","N","C","100","0","0","2","","","1746331","5926195",
"Auckland","18/7/4.584","500","E"," ","TRIG ON EBD","201412034","25/03/2014","Tue","1253","CC","VE1","129A 359A ","G","R","D","B ","F "," ","N","C","100","0","0","2","","","1745145","5925477",
"Auckland","1N/336/2.352","300","E"," ","VIPOND ROAD","201410278","07/02/2014","Fri","1008","CB","4E1","135A 330A 631A 801 903 ","C","R","W","O ","LS"," ","N","C","100","0","0","1","","","1735455","5989378",
"Auckland","1N/336/4.056","1000","S"," ","MANGAWHAI ROAD","201434740","30/04/2014","Wed","2330","CB","CS1","101A 112A 130A ","F","R","D","DN","F "," ","N","L","100","0","0","0","","","1735574","5987846",
"Auckland","1N/336/5.554",""," ","I","CORONATION ST","201410346","17/01/2014","Fri","1420","JA","CN1C","301B 375B ","","R","D","BN","F ","T","S","C","070","0","0","6","","","1735626","5986396",
"Auckland","1N/336/8.522","500","N"," ","SCHOOL ROAD","201433876","08/03/2014","Sat","0815","BF","CS1C","131A ","","M","D","B ","F "," "," ","C","100","0","0","0","","","1736435","5983701",
"Auckland","1N/336/9.78",""," ","I","MATHESON ROAD","201430666","03/02/2014","Mon","1408","FD","CS1CCC","181A 331A 191B ","","R","D","B ","F ","X","G","C","050","0","0","0","","","1736884","5982559",
"Auckland","1N/346/0.15","150","S"," ","SH 16","201431203","02/03/2014","Sun","1845","JA","CS1C","308B 375B 930 ","","R","D","BF","F ","D","N","C","050","0","0","0","","","1736814","5981983",
"Auckland","1N/346/0.25","250","S"," ","SH 16","201437242","16/05/2014","Fri","1410","CC","CN1","410A ","P","R","D","BF","F "," ","N","C","050","0","0","0","","","1736827","5981883",
"Auckland","1N/346/0.72",""," ","I","DAVIES ROAD","201430962","14/02/2014","Fri","1345","GD","CS1V","333A 387A ","","R","D","BF","F ","T","G","C","050","0","0","0","","","1736944","5981432",
"Auckland","1N/346/1.679","750","S"," ","CENTENNIAL PARK ROAD","201410274","04/02/2014","Tue","1410","BC","CS14","121A ","C","E","W","B ","L "," ","N","L","100","0","0","3","","","1737303","5980621",
"Auckland","1N/346/1.72","1000","S"," ","DAVIES ROAD","201412000","09/04/2014","Wed","0555","DB","CS1","116A 150A ","C","M","D","TN","F "," ","N","L","080","0","0","1","","","1737315","5980582",
"Auckland","1N/346/1.929","1000","S"," ","CENTENNIAL PARK ROAD","201410277","08/02/2014","Sat","1412","DA","CS1","110A 131A ","CS","E","W","B ","F "," ","N","C","100","0","0","1","","","1737435","5980412",
"Auckland","1N/346/8.017",""," ","A","PICNIC AREA","201432033","13/02/2014","Thu","1955","DB","CN1","132A 930 ","X","E","D","TN","F ","D"," ","C","080","0","0","0","","","1741134","5976273",
"Auckland","1N/346/10.717","900","N"," ","WAIWHIU ROAD","201430564","27/01/2014","Mon","1610","FD","CN1C","181A ","","E","D","B ","F "," "," ","C","080","0","0","0","","","1743409","5975715",
"Auckland","1N/346/11.481","7000","S"," ","WAYBY STATION ROAD","201411830","29/03/2014","Sat","1559","BA","CS1C","129A 410A ","","R","D","BN","F "," ","N","C","080","0","1","0","","","1743802","5975075",
"Auckland","1N/346/12.642","40","N"," ","KRAACK ROAD","201411607","04/03/2014","Tue","1220","FD","CN1C","181A ","","E","D","BF","F "," ","N","L","080","0","0","2","","","1744671","5974385",
"Auckland","1N/346/12.682",""," ","I","KRAACK ROAD","201411020","27/02/2014","Thu","1331","LB","CS1C","303B 370B 404B ","","E","D","B ","F ","T","N","C","080","0","0","1","","","1744668","5974345",
"Auckland","1N/346/15.78","500","N"," ","KAIPARA FLATS ROAD","201410653","01/03/2014","Sat","1655","AG","CS1CCV","125A 410A ","","R","D","B ","F "," ","N","C","100","0","2","2","","","1746813","5972552",
"Auckland","1N/363/1.546","250","E"," ","HUDSON ROAD","201411563","13/03/2014","Thu","1440","FD","CE1C","181A ","","R","D","BN","F "," ","N","P","070","0","0","2","","","1748296","5971219",
"Auckland","1N/363/2.889","100","N"," ","WHITAKER ROAD","201430800","12/01/2014","Sun","1427","FD","CS1C","181A ","","R","D","OF","F "," ","N","C","060","0","0","0","","","1748783","5970230",
"Auckland","1N/363/4.233","60","S"," ","WECH DRIVE S","201437381","02/04/2014","Wed","0712","BA","CN1C","125A 358A ","","R","D","OF","F "," ","N","C","050","0","0","0","","","1748580","5968975",
"Auckland","1N/363/5.224","320","S"," ","TOOVEY ROAD","201411011","25/01/2014","Sat","1145","FD","CN1VCC","181C 331C 402C 331D ","","R","D","B ","F "," "," ","C","100","0","0","1","","","1747972","5968197",
"Auckland","1N/363/5.304","400","S"," ","TOOVEY ROAD","201411079","24/01/2014","Fri","1024","MC","CS1C","197A 110B 372B 381B 507B ","","R","D","B ","F "," "," ","C","100","0","0","1","","","1747920","5968137",
"Auckland","1N/363/5.437","250","N"," ","VALERIE CLOSE N","201433843","19/03/2014","Wed","0510","FA","CS1C","181A ","","M","D","DF","F "," "," ","L","100","0","0","0","","","1747818","5968052",
"Auckland","1N/363/7.222",""," ","I","PERRY ROAD","201431292","20/02/2014","Thu","1610","JA","TN1CC","301B 375B ","","M","D","OF","F ","T","S","N","100","0","0","0","","","1747734","5966458",
"Auckland","1N/363/8.215","1200","S"," ","SATELLITE STATION ROAD","201431846","19/02/2014","Wed","1901","DB","CS1","131A 404A ","G","M","W","OF","L "," ","N","C","100","0","0","0","","","1747934","5965526",
"Auckland","1N/363/8.622","1400","S"," ","PERRY ROAD","201411696","20/03/2014","Thu","0720","DB","CS1","111A 131A ","C","E","D","TN","F "," ","N","C","100","0","0","2","","","1747920","5965132",
"Auckland","1N/373/3.654","900","N"," ","MAHURANGI WEST ROAD","201431857","06/03/2014","Thu","1815","CB","CN1","129A 363A 902 ","F","R","D","BN","F "," ","N","L","100","0","0","0","","","1748448","5961014",
"Auckland","1N/373/4.304","250","N"," ","MAHURANGI WEST ROAD","201437881","15/05/2014","Thu","1548","DA","TS1","110A 131A ","S","M","D","B ","F "," ","N","L","100","0","0","0","","","1748755","5960606",
"Auckland","1N/373/5.554","1000","S"," ","MAHURANGI WEST ROAD","201437339","06/06/2014","Fri","0714","AD","TS1","131A ","","E","W","ON","F "," ","N","L","100","0","0","0","","","1748932","5959506",
"Auckland","1N/373/9.66","210","S"," ","BILLING ROAD","201430562","04/02/2014","Tue","1629","CA","4N1","197A ","G","R","D","O ","F "," "," ","P","080","0","0","0","","","1750194","5956006",
"Auckland","1N/373/10.122",""," ","A","JOHNSTONES TUNNEL NTH","201435460","09/05/2014","Fri","2218","DA","CW1","103A 111A ","G","S","W","DO","F "," ","N","C","080","0","0","0","","","1750321","5955574",
"Auckland","1N/373/10.463",""," ","A","JOHNSTONES TUNNEL STH","201435124","26/02/2014","Wed","0920","FA","TS1C","181A 191B ","","R","D","B ","F "," ","N","C","080","0","0","0","","","1750463","5955260",
"Auckland","1N/373/10.463",""," ","A","JOHNSTONES TUNNEL STH","201453124","26/02/2014","Wed","0920","FA","TS1C","181A 191B ","","R","D","B ","F "," ","N","C","080","0","0","0","","","1750463","5955260",
"Auckland","1N/373/11.843","1000","S"," ","WAIWERA VIADUCT MID","201437081","31/05/2014","Sat","2033","DB","CN1","131A ","G","S","D","DN","F "," "," ","C","080","0","0","0","","","1750398","5953889",
"Auckland","1N/373/16.139","40","N"," ","OREWA ON NBD","201430310","14/01/2014","Tue","1725","FD","CN1C","350A ","","R","D","B ","F "," ","N","C","100","0","0","0","","","1748970","5950058",
"Auckland","1N/373/17.753","800","S"," ","OREWA ON SBD","201435483","08/05/2014","Thu","1615","FD","CS1C","181A 331A ","","R","D","TF","F "," ","N","C","080","0","0","0","","","1748717","5948474",
"Auckland","1N/373/18.307","100","N"," ","WAINUI OBR","201431154","16/01/2014","Thu","1847","AA","VN1C","103A 150A 372A ","","R","D","O ","F "," ","N","C","100","0","0","0","","","1748670","5947916",
"Auckland","1N/398/0.4","400","S"," ","SILVERDALE OBR","201438145","14/05/2014","Wed","0636","FD","4S1VCV","181A 181D ","","R","W","DN","M "," ","N","R","100","0","0","0","","","1748682","5945027",
"Auckland","1N/398/0.41","25","N"," ","SILVERDALE ON SBD","201412180","14/05/2014","Wed","0735","FA","CS1C","181A 353A ","","R","W","TF","M "," "," ","C","100","0","0","1","","","1748682","5945017",
"Auckland","1N/398/1.035","600","S"," ","SILVERDALE OFF NBD","201411233","17/02/2014","Mon","1219","AO","4S1C","129A 357A ","","R","D","O ","F "," "," ","N","100","0","0","1","","","1748654","5944394",
"Auckland","1N/398/2.635","2200","S"," ","SILVERDALE OFF NBD","201436475","12/05/2014","Mon","1815","FD","CN1C","181A ","","R","D","DN","F "," ","N","C","100","0","0","0","","","1748621","5942794",
"Auckland","1N/398/3.884","600","S"," ","DAIRY FLAT SERVICES ON","201430663","31/01/2014","Fri","1540","FA","TN1C","112A 132A 181A ","","R","D","O ","F "," ","N","C","100","0","0","0","","","1749029","5941628",
"Auckland","1N/398/4.596","200","S"," ","DAIRY FLAT SERVICES OFF","201438123","14/05/2014","Wed","1417","EC","CN1","827 ","D","R","D","ON","F "," ","N","C","100","0","0","0","","","1749504","5941101",
"Auckland","1N/398/5.354","900","N"," ","BAWDEN OBR","201433574","17/04/2014","Thu","1104","DA","VS1V","137A ","","E","W","OF","FS"," ","N","R","100","0","0","0","","","1750088","5940599",
"Auckland","1N/398/7.051","800","S"," ","BAWDEN OBR","201410658","03/03/2014","Mon","1545","CC","VS1","134A 402A 410A ","","R","D","B ","F "," ","N","C","100","0","0","1","","","1751158","5939354",
"Auckland","1N/398/7.612","4000","N"," ","OTEHA VALLEY ON NBD","201432672","29/03/2014","Sat","1836","CB","CN1","129A 358A ","G","R","D","O ","F "," ","N","N","100","0","0","0","","","1751621","5939083",
"Auckland","1N/398/7.843","50","N"," ","AWANOHI OBR","201433573","24/04/2014","Thu","0715","AC","CN1C","372A ","","R","D","ON","F "," ","N","C","100","0","0","0","","","1751774","5938910",
"Auckland","1N/398/10.501","1000","N"," ","OTEHA VALLEY OFF SBD","201436770","27/05/2014","Tue","0620","AO","CS1C","112A 151A ","","R","D","DO","F "," ","N","N","080","0","0","0","","","1752381","5936356",
"Auckland","1N/398/11.712","100","S"," ","OTEHA VALLEY ON NBD","201410368","27/01/2014","Mon","1408","CB","CN1","136A 621A ","CT","R","D","OF","F "," ","N","N","100","0","0","1","","","1752816","5935249",
"Auckland","1N/398/12.137","150","S"," ","OTEHA VALLEY OBR","201432391","16/02/2014","Sun","1709","FD","CS1V","181A ","","R","D","B ","F "," "," ","C","100","0","0","0","","","1753004","5934859",
"Auckland","1N/398/12.416",""," ","I","OTEHA VALLEY ON SBD","201433558","10/04/2014","Thu","0728","FD","CS1C","181A ","","R","D","OF","F ","Y","N","N","050","0","0","0","","","1753081","5934590",
"Auckland","1N/398/12.485",""," ","I","OTEHA VALLEY OFF NBD","201432686","07/04/2014","Mon","2220","HA","CN1C","322B 334B ","","R","D","DO","F ","T","T","C","050","0","0","0","","","1753080","5934526",
"Auckland","1N/398/12.487","500","S"," ","OTEHA VALLEY OBR","201431640","22/01/2014","Wed","0803","FD","CS1C","181A 350A ","","R","D","O ","F "," "," ","N","100","0","0","0","","","1753094","5934521",
"Auckland","1N/398/12.863","200","S"," ","MCCLYMONTS OBR","201430759","19/01/2014","Sun","1631","FD","CS1CC","331A 832 ","","R","D","OF","F "," ","N","R","100","0","0","0","","","1753133","5934147",
"Auckland","1N/398/12.981","150","N"," ","MCCLYMONTS ON SBD","201410280","10/02/2014","Mon","0704","FD","CS1C","181A 358A ","","R","D","B ","F "," ","N","C","100","0","0","2","","","1753140","5934029",
"Auckland","1N/398/13.233","200","N"," ","GREVILLE OFF SBD","201410914","21/01/2014","Tue","0900","FD","CS1CC","181A ","","R","W","OF","L "," ","N","C","100","0","0","1","","","1753159","5933777",
"Auckland","1N/398/13.433",""," ","I","GREVILLE OFF SBD","201431004","07/02/2014","Fri","1250","GO","CN1T","205A 444A ","","E","D","O ","F ","R","G","C","050","0","0","0","","","1753197","5933581",
"Auckland","1N/398/13.664","200","N"," ","GREVILLE OBR","201412778","01/04/2014","Tue","0750","AA","CS1M","372A ","","R","D","BF","F "," ","N","N","100","0","0","1","","","1753270","5933362",
"Auckland","1N/398/13.764","100","N"," ","GREVILLE OBR","201431962","13/02/2014","Thu","0825","FD","CS1C","331A 353A ","","R","D","BF","F "," ","N","R","100","0","0","0","","","1753311","5933271",
"Auckland","1N/398/13.777",""," ","I","GREVILLE ON NBD","201430488","03/02/2014","Mon","1215","AO","TN1C","150A 381A ","","E","D","B ","F ","R","G","C","050","0","0","0","","","1753301","5933264",
"Auckland","1N/398/13.814","50","N"," ","GREVILLE OBR","201436732","18/03/2014","Tue","0800","FD","TS1C","191A 620A ","","R","D","B ","F "," ","N","C","100","0","0","0","","","1753333","5933226",
"Auckland","1N/398/13.998","2000","S"," ","OTEHA VALLEY OBR","201434590","12/04/2014","Sat","0527","DB","CN1","414A ","G","E","D","DN","F "," ","N","C","100","0","0","0","","","1753393","5933062",
"Auckland","1N/398/14.072","200","N"," ","GREVILLE OFF NBD","201430647","04/02/2014","Tue","1645","FD","CN1C","181A 330A ","","R","D","B ","F "," ","N","C","050","0","0","0","","","1753419","5932993",
"Auckland","1N/398/14.214","350","S"," ","GREVILLE OBR","201430760","19/01/2014","Sun","1351","AA","TS1C","197A ","","R","D","BF","F "," ","N","R","100","0","0","0","","","1753480","5932855",
"Auckland","GREVILLE ON SBD",""," ","I","1N/398/14.221","201436199","14/05/2014","Wed","1330","FA","CS1C","181A 331A 901 ","","R","W","O ","H ","T","N","C","080","0","0","0","","","1753482","5932849",
"Auckland","1N/398/14.272",""," ","I","GREVILLE OFF NBD","201412793","05/04/2014","Sat","0303","CB","CN1","104A 112A ","","R","D","DO","F ","Y","N","N","080","0","1","0","","","1753481","5932803",
"Auckland","1N/398/14.321","100","S"," ","GREVILLE ON SBD","201413046","03/06/2014","Tue","0655","AC","CS1M","372A 671A ","","R","W","OF","F "," ","N","C","100","0","0","1","","","1753508","5932752",
"Auckland","1N/398/14.364","500","S"," ","GREVILLE OBR","201436530","22/05/2014","Thu","0211","CA","CS1","112A 130A 402A ","G","R","D","DO","F "," "," ","C","100","0","0","0","","","1753518","5932709",
"Auckland","1N/398/14.825","1000","N"," ","CONSTELLATION OBR","201437312","12/06/2014","Thu","0843","AA","CN1V","372A ","G","R","D","BF","F "," ","N","R","080","0","0","0","","","1753601","5932263",
"Auckland","1N/398/14.893","500","N"," ","UPPER HWY OFF SBD","201435664","16/04/2014","Wed","0856","FA","CS1C","181A 331A ","","R","D","O ","F "," "," ","R","100","0","0","0","","","1753641","5932197",
"Auckland","1N/398/15.225","600","N"," ","CONSTELLATION OBR","201411155","06/04/2014","Sun","1320","FD","CN1CC4","181A 331A 191B 191C 191D 817 ","","R","D","B ","F "," "," ","C","100","0","0","2","","","1753767","5931900",
"Auckland","1N/398/15.277","1500","S"," ","GREVILLE ROAD","201431649","22/01/2014","Wed","0710","FD","4S1CC","181A 352A 181B ","","R","D","O ","F "," "," ","C","100","0","0","0","","","1753791","5931855",
"Auckland","1N/398/15.675","150","N"," ","CONSTELLATION OBR","201412938","16/05/2014","Fri","2016","FA","CN1C","331A 353A 191B ","","R","D","DO","F "," "," ","C","100","0","0","1","","","1753991","5931510",
"Auckland","1N/398/15.786","30","N"," ","CONSTELLATION OBR","201431029","14/02/2014","Fri","1900","FD","CS1C","181A ","","R","D","TF","F "," ","N","C","100","0","0","0","","","1754069","5931414",
"Auckland","1N/398/15.805","20","N"," ","CONSTELLATION OBR","201432182","16/02/2014","Sun","1146","FD","CN1C","181A 191B ","","E","D","B ","F "," ","N","C","100","0","0","0","","","1754063","5931402",
"Auckland","1N/414/0.2","200","S"," ","CONSTELLATION OBR","201411029","15/01/2014","Wed","0722","FD","CS1C4","181A 331A ","","R","D","O ","F "," "," ","C","100","0","0","2","","","1754200","5931235",
"Auckland","1N/414/0.3","100","N"," ","SUNSET OBR","201430987","14/02/2014","Fri","1152","FD","VS1C","181A ","","R","D","BF","F "," ","N","R","100","0","0","0","","","1754250","5931149",
"Auckland","1N/414/0.4","400","S"," ","CONSTELLATION OBR","201436330","27/03/2014","Thu","2117","FD","CS1C","181A ","","R","D","DO","F "," ","N","C","100","0","0","0","","","1754325","5931079",
"Auckland","1N/414/0.4",""," ","A","SUNSET OBR","201432234","14/02/2014","Fri","1900","FD","CS1C","181A 402A 191B ","","R","D","TF","F "," "," ","N","100","0","0","0","","","1754312","5931071",
"Auckland","1N/414/0.4",""," ","A","SUNSET OBR","201430174","17/01/2014","Fri","1125","FA","CS1C","112A 181A 331A ","","R","D","BF","F "," ","N","N","100","0","0","0","","","1754312","5931071",
"Auckland","1N/414/0.439","40","S"," ","SUNSET OBR","201436313","27/03/2014","Thu","1643","AA","TN14","372A ","","R","D","OF","F "," ","N","N","100","0","0","0","","","1754338","5931042",
"Auckland","1N/414/0.469","70","S"," ","SUNSET OBR","201433617","27/03/2014","Thu","2130","FD","4S1C","110A 181A 191B 817 ","","R","D","DO","F "," "," ","C","100","0","0","0","","","1754357","5931019",
"Auckland","1N/414/0.764","50","N"," ","UPPER HWY ON SBD","201431823","14/03/2014","Fri","0648","FD","CS1V","181A ","","R","D","DO","F "," ","N","R","100","0","0","0","","","1754569","5930808",
"Auckland","1N/414/0.764","50","N"," ","UPPER HWY ON SBD","201431872","13/03/2014","Thu","0740","FD","CS14","181A ","","R","D","OF","F "," ","N","R","100","0","0","0","","","1754569","5930808",
"Auckland","1N/414/1.114","300","S"," ","UPPER HWY ON SBD","201413126","22/05/2014","Thu","1743","FD","CS1C","181A 331A ","","R","D","DO","F "," "," ","C","100","0","0","2","","","1754808","5930552",
"Auckland","1N/414/1.126","300","S"," ","UPPER HWY OFF NBD","201411791","20/03/2014","Thu","1543","CA","MN1","130A 191A ","","R","D","B ","F "," "," ","N","100","0","0","1","","","1754797","5930532",
"Auckland","1N/414/1.144","510","N"," ","SUNNYNOOK OBR","201411154","20/03/2014","Thu","0653","EB","TN1C","330A 350A ","Q","E","D","O ","F "," "," ","C","100","0","0","2","","","1754810","5930519",
"Auckland","1N/414/1.154","500","N"," ","SUNNYNOOK OBR","201437314","12/06/2014","Thu","1020","FD","CN14","331A 358A ","","R","D","BF","F "," ","N","R","100","0","0","0","","","1754817","5930511",
"Auckland","1N/414/1.184","470","N"," ","SUNNYNOOK OBR","201435770","15/05/2014","Thu","1609","FA","CN1C","181A 331A 353A ","","R","D","O ","F "," "," ","C","100","0","0","0","","","1754837","5930489",
"Auckland","1N/414/1.431","1400","N"," ","TRISTRAM OBR","201430937","20/02/2014","Thu","0642","FD","CS1444","331A 358A ","","R","D","OF","F "," ","N","N","100","0","0","0","","","1755012","5930312",
"Auckland","1N/414/2.05","400","S"," ","SUNNYNOOK OBR","201430995","13/02/2014","Thu","1547","FD","VS1C","181A ","","R","D","BF","F "," ","N","C","100","0","0","0","","","1755283","5929758",
"Auckland","1N/414/2.153","300","N"," ","TRISTRAM ON NBD","201437998","10/05/2014","Sat","1506","FD","CN1CCC","110A 181A ","","R","D","O ","F "," ","N","N","100","0","0","0","","","1755293","5929648",
"Auckland","1N/414/2.316","100","N"," ","TRISTRAM OFF SBD","201435000","28/04/2014","Mon","1345","FD","CS1C","331A 355A ","","R","D","B ","F "," ","N","C","050","0","0","0","","","1755357","5929502",
"Auckland","1N/414/2.426","400","N"," ","TRISTRAM OBR","201435769","15/05/2014","Thu","1824","FD","CN1CCC","181A 331A ","","R","D","DO","F "," "," ","C","100","0","0","0","","","1755375","5929387",
"Auckland","1N/414/2.626","200","N"," ","TRISTRAM OBR","201437315","12/06/2014","Thu","0945","FD","CN1C","331A 353A ","","R","D","BF","F "," ","N","R","100","0","0","0","","","1755449","5929201",
"Auckland","1N/414/2.631","200","N"," ","TRISTRAM OBR","201411714","19/03/2014","Wed","1839","FD","CS1CCC","181A 191A 181B 181C ","","R","D","B ","F "," "," ","C","100","0","0","1","","","1755468","5929208",
"Auckland","1N/414/2.766","60","N"," ","TRISTRAM OBR","201412351","16/04/2014","Wed","1844","FD","CN1C","181A 331A 191B 801 ","","R","W","O ","L "," "," ","C","100","0","0","2","","","1755501","5929072",
"Auckland","1N/414/2.84","10","S"," ","TRISTRAM OBR","201411124","04/04/2014","Fri","0704","FA","CS14C","331A 353A ","","R","D","B ","F "," "," ","C","100","0","0","1","","","1755547","5929014",
"Auckland","1N/414/2.917","300","N"," ","TRISTRAM OFF NBD","201436111","07/05/2014","Wed","0839","FA","MS1C","331A 353A ","","E","D","B ","F "," "," ","C","100","0","0","0","","","1755560","5928932",
"Auckland","1N/414/3.13","300","S"," ","TRISTRAM OBR","201410445","22/01/2014","Wed","1949","CA","MS1","108A 130A 514A ","","R","D","TF","F "," "," ","C","100","0","0","1","","","1755660","5928747",
"Auckland","1N/414/3.217",""," ","I","TRISTRAM OFF NBD","201410654","03/03/2014","Mon","1319","DA","CE1","133A 632A ","G","M","W","O ","L ","M","T","C","050","0","0","2","","","1755683","5928659",
"Auckland","1N/414/3.225","400","S"," ","TRISTRAM OBR","201436322","22/03/2014","Sat","1726","EC","CN1","827 ","D","R","D","BF","F "," ","N","C","100","0","0","0","","","1755687","5928651",
"Auckland","1N/414/3.317","100","S"," ","TRISTRAM OFF NBD","201435598","24/04/2014","Thu","1600","FD","4N1C","181A 331A ","","R","W","O ","F "," "," ","C","100","0","0","0","","","1755726","5928568",
"Auckland","1N/414/3.371","100","S"," ","TRISTRAM ON SBD","201412098","01/05/2014","Thu","1757","FD","CS14","112A 181A 191B ","","R","D","DO","F "," ","N","C","100","0","0","1","","","1755764","5928530",
"Auckland","1N/414/3.471","200","S"," ","TRISTRAM ON SBD","201436745","27/05/2014","Tue","1236","AC","TS1CC","372A 386A ","G","R","D","B ","F "," ","N","C","100","0","0","0","","","1755807","5928440",
"Auckland","1N/414/3.971","700","S"," ","TRISTRAM ON SBD","201430372","21/01/2014","Tue","1759","FD","VS1C","181A 191B ","","R","D","O ","F "," ","N","C","100","0","0","0","","","1756024","5927989",
"Auckland","1N/414/4.574","100","S"," ","NORTHCOTE OFF SBD","201411715","19/03/2014","Wed","1748","FD","CS1CC","181A 181B ","","R","D","B ","F "," "," ","C","100","0","0","2","","","1756284","5927445",
"Auckland","1N/414/4.696","150","S"," ","NORTHCOTE ON NBD","201435403","08/05/2014","Thu","1812","FD","CN1C","181A 191B ","","R","D","DO","F "," ","N","C","100","0","0","0","","","1756322","5927325",
"Auckland","1N/414/4.854",""," ","A","NORTHCOTE OBR","201435352","03/05/2014","Sat","1204","CC","VS1","132A 331A ","G","R","D","B ","F "," "," ","N","100","0","0","0","","","1756405","5927193",
"Auckland","1N/414/4.854",""," ","A","NORTHCOTE OBR","201436638","12/05/2014","Mon","1630","FD","CS1C","181A 330A ","","R","D","O ","F "," ","N","C","050","0","0","0","","","1756405","5927193",
"Auckland","1N/414/4.854",""," ","A","NORTHCOTE OBR","201410203","10/01/2014","Fri","1738","FD","CS1C","110A 181A ","","R","D","B ","F "," ","N","N","100","0","0","1","","","1756405","5927193",
"Auckland","1N/414/4.856",""," ","A","NORTHCOTE OBR","201436624","07/05/2014","Wed","1230","AO","CN1T","150A 197A ","","M","D","O ","F "," ","N","C","080","0","0","0","","","1756391","5927180",
"Auckland","1N/414/4.903","50","S"," ","NORTHCOTE OBR","201432034","11/02/2014","Tue","1009","FD","CS14","181A 191B 350B ","","R","D","B ","F "," "," ","C","100","0","0","0","","","1756426","5927148",
"Auckland","1N/414/4.933","80","S"," ","NORTHCOTE OBR","201436915","29/05/2014","Thu","0751","AA","CS1C","372A ","","R","D","O ","F "," "," ","C","100","0","0","0","","","1756439","5927121",
"Auckland","1N/414/4.953","100","S"," ","NORTHCOTE OBR","201433803","13/04/2014","Sun","1455","FD","CS14M","181A 181B 651C ","","R","D","B ","F "," "," ","C","100","0","0","0","","","1756448","5927103",
"Auckland","1N/414/5.053","200","S"," ","NORTHCOTE OBR","201432002","05/02/2014","Wed","1719","FD","CS1C4","112A 181A 331A ","","R","D","OF","F "," ","N","C","100","0","0","0","","","1756492","5927013",
"Auckland","1N/414/5.092","100","N"," ","NORTHCOTE OFF NBD","201431260","28/02/2014","Fri","1721","FD","CN1C","181A ","","R","D","BF","F "," ","N","N","100","0","0","0","","","1756495","5926968",
"Auckland","1N/414/5.556","700","S"," ","NORTHCOTE OBR","201431661","30/01/2014","Thu","1639","FD","CN1CC","181A 331A 181B ","","R","D","B ","FS"," "," ","N","100","0","0","0","","","1756725","5926566",
"Auckland","1N/414/5.868",""," ","I","ESMONDE OFF SBD","201432032","16/02/2014","Sun","2349","CA","CS1","130A 190A 335A 404A ","GP","R","D","DO","F ","T","N","C","100","0","0","0","","","1756926","5926327",
"Auckland","1N/414/5.868",""," ","I","ESMONDE OFF SBD","201432275","30/01/2014","Thu","1650","FA","CS1C","181A 331A ","","R","D","  ","  ","T","N","N","100","0","0","0","","","1756926","5926327",
"Auckland","1N/414/6.002","300","N"," ","ESMONDE OBR","201411503","10/03/2014","Mon","1634","FD","CN1CV","181A ","","R","D","BF","F "," ","N","N","100","0","0","1","","","1756992","5926209",
"Auckland","1N/414/6.23","15","N"," ","ESMONDE ON NBD","201433852","17/04/2014","Thu","1654","FD","CN1C","181A ","","R","D","O ","F "," "," ","N","100","0","0","0","","","1757105","5926013",
"Auckland","1N/414/6.265","20","S"," ","ESMONDE ON NBD","201435201","10/04/2014","Thu","1627","FD","CN1CV","331A 350A 181B ","","E","D","O ","F ","T","N","C","100","0","0","0","","","1757115","5925979",
"Auckland","1N/414/6.345","100","S"," ","ESMONDE ON NBD","201412094","27/03/2014","Thu","0925","FA","TN1C","129A 358A ","G","R","D","O ","F "," ","N","N","100","0","0","1","","","1757133","5925902",
"Auckland","1N/414/6.362","60","S"," ","ESMONDE OBR","201430055","05/01/2014","Sun","1443","DB","CS1","131A ","G","M","W","OF","L "," ","N","R","100","0","0","0","","","1757150","5925895",
"Auckland","1N/414/6.502","200","S"," ","ESMONDE OBR","201433619","03/04/2014","Thu","0618","FA","CS1V","181A 331A 191B ","","R","D","DO","F "," "," ","C","100","0","0","0","","","1757151","5925756",
"Auckland","1N/414/6.602","300","S"," ","ESMONDE OBR","201438072","12/06/2014","Thu","1911","FD","CS14","181A ","","R","W","DO","L "," "," ","C","100","0","0","0","","","1757135","5925657",
"Auckland","1N/414/6.602","300","S"," ","ESMONDE OBR","201435351","07/05/2014","Wed","1903","AA","CS1CT","372A ","","R","W","DO","L "," "," ","N","100","0","0","0","","","1757135","5925657",
"Auckland","1N/414/6.64","70","S"," ","ESMONDE ON SBD","201430624","09/02/2014","Sun","2226","DB","CS1","121A 131A ","G","M","W","DO","F "," ","N","N","060","0","0","0","","","1757124","5925621",
"Auckland","1N/414/6.67","100","S"," ","ESMONDE ON SBD","201432817","05/02/2014","Wed","0800","AA","CS1T","372A ","","R","D","B ","F "," "," ","C","100","0","0","0","","","1757115","5925593",
"Auckland","1N/414/7.558","1400","N"," ","STAFFORD OFF NBD","201411785","07/03/2014","Fri","1111","FA","TN1TCV","181A 614A ","","R","D","B ","F "," "," ","N","080","0","0","1","","","1756641","5924827",