"TLA NAME","CRASH ROAD","CRASH DIST","CRASH DIRN","INTSN","SIDE ROAD","CRASH ID","CRASH DATE","CRASH DOW","CRASH TIME","MVMT","VEHICLES","CAUSES","OBJECTS STRUCK","ROAD CURVE","ROAD WET","LIGHT","WTHRa","JUNC TYPE","TRAF CTRL","ROAD MARK","SPD LIM","CRASH FATAL CNT","CRASH SEV CNT","CRASH MIN CNT","PERS AGE1","PERS AGE2","EASTING","NORTHING"
"Auckland","1N/414/7.644","280","N"," ","ONEWA OBR ON","201435219","24/04/2014","Thu","1824","FD","CS1C","181A ","","R","D","DO","F "," "," ","C","100","0","0","0","","","1756614","5924766",
"Auckland","1N/414/7.693",""," ","I","ONEWA ON NBD","201436937","22/05/2014","Thu","2240","FA","CN24","181A 331A ","","R","D","DO","F ","T","N","C","080","0","0","0","","","1756558","5924721",
"Auckland","1N/414/7.693",""," ","I","ONEWA ON NBD","201432167","25/01/2014","Sat","1343","FE","CW1C","181A ","","E","D","B ","F ","M","T","C","050","0","0","0","","","1756558","5924721",
"Auckland","1N/414/7.824","100","N"," ","ONEWA OBR ON","201431996","24/03/2014","Mon","1517","FD","CS14","181A ","","R","D","BF","F "," ","N","R","080","0","0","0","","","1756503","5924625",
"Auckland","1N/414/8.104","200","S"," ","ONEWA OBR ON","201435643","01/05/2014","Thu","1830","FD","CN1C","112A 181A 331A ","","R","D","DO","F "," "," ","C","100","0","0","0","","","1756308","5924395",
"Auckland","1N/414/8.177","50","S"," ","ONEWA OBR OFF","201431673","03/02/2014","Mon","1632","AA","TS1V","184A ","","E","D","B ","F "," "," ","N","100","0","0","0","","","1756293","5924342",
"Auckland","1N/414/8.177","50","S"," ","ONEWA OBR OFF","201430948","15/01/2014","Wed","0831","FD","CS1CC","181A ","","R","D","OF","F "," ","N","C","100","0","0","0","","","1756293","5924342",
"Auckland","1N/414/8.227","100","S"," ","ONEWA OBR OFF","201431998","24/03/2014","Mon","1639","FD","CS1C","181A ","","R"," "," F","  "," ","N","R","100","0","0","0","","","1756264","5924301",
"Auckland","1N/414/8.248","100","N"," ","MT WGTN OFF SBD","201436319","26/03/2014","Wed","1627","CA","TS1C","191A ","","R","D","BF","F "," ","N","N","100","0","0","0","","","1756253","5924283",
"Auckland","1N/414/8.257","130","S"," ","ONEWA OBR OFF","201436936","27/05/2014","Tue","1833","FD","VS1C","181A 191B ","","R","D","DO","F "," "," ","C","080","0","0","0","","","1756248","5924275",
"Auckland","1N/414/8.277","150","S"," ","ONEWA OBR OFF","201438150","27/05/2014","Tue","1833","FD","CS1CM","181A ","","R","D","DO","F "," ","N","N","080","0","0","0","","","1756238","5924258",
"Auckland","1N/414/8.327","200","S"," ","ONEWA OBR OFF","201437132","08/05/2014","Thu","1533","FD","CS14","181A ","","R","D","BF","F "," ","N","R","080","0","0","0","","","1756216","5924213",
"Auckland","1N/414/8.355","50","S"," ","ONEWA ON SBD","201435641","07/05/2014","Wed","1801","FD","CS1V","112A 181A 331A ","","R","W","TO","F "," "," ","C","080","0","0","0","","","1756206","5924187",
"Auckland","1N/414/8.358","600","N"," ","STAFFORD OFF NBD","201434686","28/03/2014","Fri","1807","FD","CN1C","181A ","","R","D","BF","F "," ","N","R","100","0","0","0","","","1756175","5924178",
"Auckland","1N/414/8.358","600","N"," ","STAFFORD OFF NBD","201436910","28/05/2014","Wed","1014","FD","VS1V4","181A 181B ","","M","D","B ","F "," "," ","C","080","0","0","0","","","1756175","5924178",
"Auckland","1N/414/8.413","700","S"," ","ONEWA OFF SBD","201433804","13/04/2014","Sun","2105","FD","CS1C","181A ","","R","D","DO","F "," "," ","R","080","0","0","0","","","1756189","5924131",
"Auckland","1N/414/8.424","500","S"," ","ONEWA OBR ON","201436323","01/04/2014","Tue","1144","AA","CS1C","372A ","","R","D","BF","F "," ","N","N","080","0","0","0","","","1756187","5924121",
"Auckland","1N/414/8.427","300","S"," ","ONEWA OBR OFF","201410581","18/02/2014","Tue","1536","FD","CS1CC","181A ","","R","D","BF","F "," ","N","C","080","0","0","1","","","1756186","5924118",
"Auckland","1N/414/8.427","300","S"," ","ONEWA OBR OFF","201433315","10/04/2014","Thu","1840","FD","VS1CCC","181A 181C ","","R","D","DO","F "," ","N","R","080","0","0","0","","","1756186","5924118",
"Auckland","1N/414/8.457","330","S"," ","ONEWA OBR OFF","201410958","07/01/2014","Tue","1631","FD","CS1C","181A ","","R","D","BF","F "," ","N","C","080","0","0","1","","","1756179","5924089",
"Auckland","1N/414/8.577","450","S"," ","ONEWA OBR OFF","201432763","13/03/2014","Thu","1659","AC","TS1C","380A 671A ","","R","D","O ","F "," "," ","C","080","0","0","0","","","1756153","5923972",
"Auckland","1N/414/8.608","2500","N"," ","SHELLY BEACH OBR","201430044","08/01/2014","Wed","1642","FD","CS1V","181A ","","R","D","BF","F "," ","N","R","070","0","0","0","","","1756146","5923942",
"Auckland","1N/414/8.727","600","S"," ","ONEWA OBR OFF","201438158","27/05/2014","Tue","1310","AA","TS1C","197A 372A ","","R","D","BF","F "," ","N","C","080","0","0","0","","","1756121","5923825",
"Auckland","1N/414/8.772","200","S"," ","WEIGH BRIDGE","201432999","11/03/2014","Tue","1645","FA","CS1V","330A 352A ","","R","D","O ","F "," "," ","C","080","0","0","0","","","1756111","5923782",
"Auckland","1N/414/8.805","500","S"," ","ONEWA ON SBD","201436590","23/05/2014","Fri","1832","FD","4S1CC","181A 331A 353A ","","R","W","DO","F "," "," ","C","080","0","0","0","","","1756104","5923749",
"Auckland","1N/414/8.827","700","S"," ","ONEWA OBR OFF","201431658","21/01/2014","Tue","2243","AC","TS1C","386A ","","R","D","DO","F "," "," ","N","100","0","0","0","","","1756100","5923728",
"Auckland","1N/414/8.855","550","S"," ","ONEWA ON SBD","201437098","30/05/2014","Fri","1512","FD","CS1CC","181A 181B ","","R","D","B ","F "," "," ","C","080","0","0","0","","","1756094","5923700",
"Auckland","1N/414/9.005","700","S"," ","ONEWA ON SBD","201431591","17/01/2014","Fri","1533","AO","TS1C","372A 372B ","","R","D","B ","F "," "," ","C","080","0","0","0","","","1756094","5923550",
"Auckland","1N/414/9.008","50","S"," ","STAFFORD OFF NBD","201430989","07/03/2014","Fri","1815","FD","CN1C","181A ","","R","D","BF","F "," ","N","R","080","0","0","0","","","1756073","5923547",
"Auckland","1N/414/9.127","1000","S"," ","ONEWA OBR OFF","201432173","18/02/2014","Tue","1849","FD","CS1CC","181A 191B ","","R","D","B ","F "," ","N","C","080","0","0","0","","","1756109","5923430",
"Auckland","1N/414/9.127","1000","S"," ","ONEWA OBR OFF","201410659","06/03/2014","Thu","1522","FD","CS1CCC","112A 181A ","","R","D","B ","F "," ","N","C","080","0","0","1","","","1756109","5923430",
"Auckland","1N/414/9.177",""," ","A","HARBOUR BR N","201430239","14/01/2014","Tue","0716","FD","CS1C","181A ","","R","D","O ","F "," "," ","N","080","0","0","0","","","1756112","5923380",
"Auckland","1N/414/9.178",""," ","A","HARBOUR BR N","201438645","13/06/2014","Fri","1734","FD","CN14","181A ","","R","D","TO","F "," "," ","C","080","0","0","0","","","1756097","5923379",
"Auckland","1N/414/9.178",""," ","A","HARBOUR BR N","201412254","04/05/2014","Sun","2215","CC","CN1","101A 112A ","G","R","D","DO","F "," ","N","C","080","0","0","3","","","1756097","5923379",
"Auckland","1N/414/9.178",""," ","A","HARBOUR BR N","201433849","27/03/2014","Thu","1440","FD","CN1C","181A ","","E","D","B ","F "," "," ","C","080","0","0","0","","","1756097","5923379",
"Auckland","1N/414/9.178",""," ","A","HARBOUR BR N","201433855","11/04/2014","Fri","1048","AO","CN1T","129A 130A 197B ","","R","D","B ","F "," "," ","C","090","0","0","0","","","1756097","5923379",
"Auckland","1N/414/9.83","360","N"," ","TOP OF HARBOUR BRIDGE","201412588","07/05/2014","Wed","2025","FD","CN1C","112A 331A ","","R","W","DO","F "," "," ","C","080","0","0","1","","","1755830","5922792",
"Auckland","1N/414/9.838","880","S"," ","STAFFORD OFF NBD","201430311","13/01/2014","Mon","2014","FD","VS1CC","181A 330A ","","R","D","B ","F "," ","N","C","080","0","0","0","","","1755826","5922785",
"Auckland","1N/414/9.925","800","N"," ","SHELLY OFF SBD","201437857","09/06/2014","Mon","0652","FD","MS1C","181A ","","R","W","DO","F "," ","N","R","080","0","0","0","","","1755804","5922708",
"Auckland","1N/414/9.94","250","N"," ","TOP OF HARBOUR BRIDGE","201412561","28/04/2014","Mon","0829","FD","CN1CCC","110A 110C 801 ","","R","W","O ","L "," "," ","C","080","0","0","1","","","1755776","5922696",
"Auckland","1N/414/10.025","700","N"," ","SHELLY OFF SBD","201431871","06/03/2014","Thu","1146","AC","CS1V","129A 363A ","","R","D","BF","F "," ","N","R","080","0","0","0","","","1755755","5922620",
"Auckland","1N/414/10.127","2000","S"," ","ONEWA OBR OFF","201437334","11/06/2014","Wed","0321","CA","TS1","135A 903 ","","R","W","DO","LS"," ","N","P","100","0","0","0","","","1755706","5922531",
"Auckland","1N/414/10.19",""," ","A","TOP OF HARBOUR BRIDGE","201435202","20/02/2014","Thu","2104","AC","CN1C","372A ","","E","D","DO","F "," "," ","C","080","0","0","0","","","1755655","5922477",
"Auckland","1N/414/10.198",""," ","A","TOP OF HARBOUR BRIDGE","201433887","17/04/2014","Thu","1535","FD","CS1C","181A ","","R","D","B ","F "," "," ","C","080","0","0","0","","","1755671","5922469",
"Auckland","1N/414/10.198",""," ","A","TOP OF HARBOUR BRIDGE","201434357","14/04/2014","Mon","0630","FD","CS1C","181A ","","R","D","TO","F "," "," ","C","050","0","0","0","","","1755671","5922469",
"Auckland","1N/414/10.675","50","N"," ","SHELLY OFF SBD","201436739","27/05/2014","Tue","1618","AC","TN1C","372A ","","M","W","O ","F "," ","N","N","080","0","0","0","","","1755441","5922051",
"Auckland","1N/414/10.695","30","N"," ","SHELLY OFF SBD","201436653","09/05/2014","Fri","1600","FA","CN1C","181A ","","R","D","B ","F "," ","N","C","080","0","0","0","","","1755431","5922034",
"Auckland","1N/414/10.754","100","N"," ","CURRAN ON NBD","201433614","03/04/2014","Thu","1305","AD","VN1","130A 901 ","G","R","W","O ","H "," "," ","C","080","0","0","0","","","1755381","5921984",
"Auckland","1N/414/10.755","30","S"," ","SHELLY OFF SBD","201430927","14/02/2014","Fri","0124","AO","4S14","381A ","","M","W","DO","L "," ","N","R","080","0","0","0","","","1755401","5921982",
"Auckland","1N/414/10.775","50","S"," ","SHELLY OFF SBD","201411822","17/03/2014","Mon","1428","AC","CS1C","372A ","","M","D","BF","F "," ","N","C","080","0","0","1","","","1755391","5921964",
"Auckland","1N/414/10.804","50","N"," ","CURRAN ON NBD","201434100","01/04/2014","Tue","2240","FA","CN14","331A 614A 817 ","","M","W","DO","L "," ","N","C","100","0","0","0","","","1755356","5921940",
"Auckland","1N/414/10.808","300","N"," ","SHELLY BEACH OBR","201410153","10/01/2014","Fri","","FA","CS1C","104A 112A 331A ","","R","D","B ","F "," "," ","C","080","0","0","1","","","1755376","5921935",
"Auckland","1N/414/10.825","100","S"," ","SHELLY OFF SBD","201413028","14/04/2014","Mon","0630","FD","CS14CC","181A ","","R","W","DO","L "," ","N","C","080","0","0","1","","","1755368","5921920",
"Auckland","1N/414/10.846","300","N"," ","SHELLY BEACH OBR","201410183","17/01/2014","Fri","1400","EO","CN1T","198A 330B 682B ","D","R","D","B ","F "," "," ","C","080","0","0","1","","","1755336","5921904",
"Auckland","1N/414/11.054","200","S"," ","CURRAN ON NBD","201433391","10/04/2014","Thu","2141","FF","CN1C","181A 387A ","","R","W","DO","F "," ","N","R","080","0","0","0","","","1755285","5921705",
"Auckland","1N/414/11.058","50","N"," ","SHELLY BEACH OBR","201411010","21/02/2014","Fri","0759","AA","MS1C","372A 402A 630A ","","M","D","B ","F "," "," ","C","080","0","0","1","","","1755306","5921700",
"Auckland","1N/414/11.096","50","N"," ","SHELLY BEACH OBR","201434587","16/04/2014","Wed","1840","FD","CN14","331A 353A ","","R","W","DO","L "," ","N","R","080","0","0","0","","","1755292","5921665",
"Auckland","1N/414/11.137","30","S"," ","SHELLY BEACH OBR","201430013","02/01/2014","Thu","1920","CC","CS1CC","137A ","","R","D","OF","F "," ","N","N","080","0","0","0","","","1755335","5921627",
"Auckland","1N/414/11.146",""," ","I","SHELLY BEACH OBR","201430478","25/01/2014","Sat","1645","AF","CN1C","129A 150A ","G","E","D","DO","F ","M","N","N","050","0","0","0","","","1755312","5921619",
"Auckland","1N/414/11.155","10","S"," ","SHELLY BEACH OBR","201430437","25/01/2014","Sat","0457","AA","XN1C","372A 381A ","G","R","D","DO","F ","M","N","C","080","0","0","0","","","1755317","5921611",
"Auckland","1N/414/11.195","50","S"," ","SHELLY BEACH OBR","201431839","13/02/2014","Thu","1739","FD","VN1C","181A ","","M"," "," F","  "," ","N","R","080","0","0","0","","","1755342","5921580",
"Auckland","1N/414/11.225","500","S"," ","SHELLY OFF SBD","201437874","09/06/2014","Mon","0650","FD","CN1C","112A 181A ","","R","W","TO","L "," ","N","R","080","0","0","0","","","1755393","5921562",
"Auckland","1N/414/11.245","100","S"," ","SHELLY BEACH OBR","201431648","22/01/2014","Wed","1011","AC","TN1C","372A ","","E","D","B ","F "," "," ","C","080","0","0","0","","","1755377","5921545",
"Auckland","1N/414/11.407","300","S"," ","SHELLY BEACH OBR","201433547","14/04/2014","Mon","0625","FD","CS14","181A ","","R","W","DF","L "," ","N","R","080","0","0","0","","","1755534","5921447",
"Auckland","1N/414/12.025","200","N"," ","VICTORIA PARK TUNNEL N","201430973","03/01/2014","Fri","1220","AA","CN1C","372A ","","E","D","OF","F "," ","N","R","080","0","0","0","","","1755974","5921085",
"Auckland","1N/414/12.029","400","N"," ","FANSHAWE OBR","201434189","10/04/2014","Thu","2105","AA","CN1C","372A ","","M","W","TO","F "," "," ","C","070","0","0","0","","","1755978","5921083",
"Auckland","1N/414/12.103",""," ","I","FANSHAWE ON NBD","201432617","27/02/2014","Thu","1900","AA","BN1C","372A ","","R","D","O ","F ","T","N","R","080","0","0","0","","","1756044","5921049",
"Auckland","1N/414/12.329","100","N"," ","FANSHAWE OBR","201436324","13/03/2014","Thu","0651","DB","CN1C","131A 631A ","G","E","D","BF","F "," ","N","N","080","0","0","0","","","1756214","5920901",
"Auckland","1N/414/12.669","200","N"," ","COOK OFF SBD","201436526","25/05/2014","Sun","0403","CA","4S1","103A 110A 130A ","G","R","W","DO","F "," "," ","N","080","0","0","0","","","1756313","5920581",
"Auckland","1N/414/12.769","100","N"," ","COOK OFF SBD","201437119","26/05/2014","Mon","0654","FD","CS1C","103A 181A ","","R","W","DO","H "," ","N","R","080","0","0","0","","","1756321","5920481",
"Auckland","1N/414/12.796","400","S"," ","FANSHAWE OBR","201411697","25/03/2014","Tue","1809","FD","CS1CC","331A 358A ","","R","D","OF","F "," ","N","R","080","0","0","1","","","1756324","5920454",
"Auckland","1N/414/12.816","20","N"," ","VICTORIA PARK TUNNEL S","201432946","25/02/2014","Tue","1610","FA","CN1C","181A ","","E","D","B ","F "," "," ","C","080","0","0","0","","","1756316","5920432",
"Auckland","1N/414/12.937","100","N"," ","WELLINGTON ON NBD","201431874","09/03/2014","Sun","1818","AC","CN14","372A ","","R","D","OF","F "," ","N","R","080","0","0","0","","","1756341","5920314",
"Auckland","1N/414/13.022","15","N"," ","WELLINGTON ON NBD","201437320","16/06/2014","Mon","0710","FD","CN1C","181A ","","E","D","BF","F "," ","N","R","080","0","0","0","","","1756371","5920235",
"Auckland","1N/414/13.067","30","S"," ","WELLINGTON ON NBD","201431215","06/03/2014","Thu","1715","FD","CN1C","331A 358A ","","R","D","BF","F "," ","N","R","080","0","0","0","","","1756391","5920194",
"Auckland","1N/414/13.097","200","N"," ","WELLINGTON OBR","201435766","15/05/2014","Thu","1800","FA","CN14","181A 331A ","","E","D","DO","F "," "," ","C","080","0","0","0","","","1756405","5920167",
"Auckland","1N/414/13.466","110","N"," ","HOBSON OBR","201435121","05/03/2014","Wed","0800","FD","CS1C","181A ","","M","D","O ","F "," ","N","C","100","0","0","0","","","1756612","5919858",
"Auckland","1N/427/0.168",""," ","A","HOPETOUN OBR","201433943","20/02/2014","Thu","0750","AC","VN1C","372A ","","E","D","B ","F ","T","N","C","100","0","0","0","","","1756523","5919536",
"Auckland","1N/427/0.356","230","S"," ","HOBSON ON SBD","201431797","08/02/2014","Sat","1740","AO","CS14","381A 381B ","","R","D","B ","F "," "," ","C","080","0","0","0","","","1756566","5919431",
"Auckland","1N/427/0.389","20","S"," ","NELSON OFF NBD","201432538","15/01/2014","Wed","0935","AC","TN1C","372A 671A ","GG","E","D","B ","F "," ","N","C","080","0","0","0","","","1756584","5919326",
"Auckland","1N/427/0.758","20","N"," ","UPPER QUEEN OBR","201437310","27/05/2014","Tue","0807","FD","CN1CT","331A 353A ","","E","D","OF","F "," ","N","R","080","0","0","0","","","1756898","5919178",
"Auckland","1 LINK 16",""," ","I","1N/427/0.802","201430022","07/01/2014","Tue","2356","DB","CE1","101A 111A 131A ","G","M","W","DO","L ","Y","N","R","080","0","0","0","","","1756942","5919170",
"Auckland","1N/427/0.902","100","E"," ","1 LINK 16","201436738","28/05/2014","Wed","0831","AA","TW1C","372A ","","R","D","B ","F "," ","N","C","080","0","0","0","","","1757036","5919136",
"Auckland","1N/427/1.005","50","S"," ","SYMONDS OBR","201434382","12/04/2014","Sat","1145","FD","CN1C","181A ","","M","D","B ","F "," "," ","C","080","0","0","0","","","1757125","5919086",
"Auckland","1N/427/1.005",""," ","A","SYMONDS OBR","201436113","09/05/2014","Fri","0703","AA","TS1C","372A 671A ","","M","W","O ","L "," "," ","C","080","0","0","0","","","1757108","5919163",
"Auckland","1N/427/1.055","100","E"," ","SYMONDS OBR","201436523","23/05/2014","Fri","2229","DB","CN1","131A 355A 801 ","G","M","W","DO","L "," "," ","C","080","0","0","0","","","1757162","5919052",
"Auckland","1N/427/1.212","100","S"," ","SYMONDS ON SBD","201430660","12/02/2014","Wed","1816","AO","CS1C","150A 381A ","","R","D","O ","F "," ","N","N","080","0","0","0","","","1757233","5919004",
"Auckland","1N/427/1.255","300","S"," ","SYMONDS OBR","201437042","15/05/2014","Thu","1800","FD","CN1C","331A ","","R","D","TF","F "," "," ","C","100","0","0","0","","","1757280","5918892",
"Auckland","1N/427/1.258","100","N"," ","GRAFTON OBR","201431826","10/03/2014","Mon","1534","FD","CS1CC","181A ","","R","D","BF","F "," ","N","R","080","0","0","0","","","1757253","5918963",
"Auckland","1N/427/1.346","100","N"," ","WELLESLEY OFF NBD","201431881","15/03/2014","Sat","1724","DB","CN1","131A ","G","E","D","OF","FS"," ","N","R","080","0","0","0","","","1757343","5918826",
"Auckland","1N/427/1.395","50","S"," ","GRAFTON ON SBD","201435665","28/04/2014","Mon","1840","AC","TS1C","372A 671A ","","R","D","TO","F "," "," ","C","080","0","0","0","","","1757334","5918853",
"Auckland","1N/427/1.418","130","S"," ","GRAFTON OBR","201433577","23/04/2014","Wed","0650","AC","CN1C","372A 381A ","","E","W","OF","F "," ","N","R","080","0","0","0","","","1757400","5918781",
"Auckland","1N/427/1.488","200","S"," ","GRAFTON OBR","201432174","19/02/2014","Wed","1830","AA","CN1T","372A ","","E","D","O ","F "," ","N","N","080","0","0","0","","","1757450","5918732",
"Auckland","1N/427/1.515","170","S"," ","GRAFTON ROAD","201435120","05/03/2014","Wed","2205","FD","CS1C","181A 330A ","","M","D","DO","F "," ","N","C","100","0","0","0","","","1757429","5918779",
"Auckland","1N/427/1.545","200","S"," ","GRAFTON ROAD","201430693","05/02/2014","Wed","0814","AO","CS1C","381A ","","R","D","O ","F "," ","N","C","080","0","0","0","","","1757450","5918758",
"Auckland","1N/427/1.631",""," ","A","KHYBER PASS OBR","201436527","17/05/2014","Sat","1355","FD","XN1C","181A 331A ","","R","D","B ","F "," "," ","C","100","0","0","0","","","1757521","5918610",
"Auckland","1N/427/1.657","300","S"," ","GRAFTON OBR","201437182","04/04/2014","Fri","0145","AC","CS1C","103A ","","R","D","DO","F "," ","N","C","080","0","0","0","","","1757514","5918668",
"Auckland","1N/427/1.895","100","N"," ","KHYBER PASS OFF NBD","201432183","11/02/2014","Tue","1414","FA","BN1C","331A 353A ","","R","D","B ","F "," ","N","C","080","0","0","0","","","1757614","5918365",
"Auckland","1N/427/1.971","400","N"," ","GILLIES ON NBD","201432696","08/04/2014","Tue","1537","FD","CN1C","181A 353A ","","R","D","O ","F "," ","N","N","080","0","0","0","","","1757664","5918308",
"Auckland","1N/427/1.985","10","N"," ","KHYBER PASS OFF NBD","201410524","24/01/2014","Fri","2300","CA","CN1C","103A 129A ","G","R","D","DO","F ","Y","N","P","100","0","0","2","","","1757674","5918297",
"Auckland","1N/427/1.995",""," ","I","KHYBER PASS OFF NBD","201435004","20/04/2014","Sun","2303","CC","CN1","103A 112A ","G","R","W","DO","F ","T","N","N","100","0","0","0","","","1757681","5918290",
"Auckland","1N/427/2.025","30","S"," ","KHYBER PASS OFF NBD","201437213","16/05/2014","Fri","0645","AC","TN1C","372A 671A ","","R","D","DO","F "," ","N","R","100","0","0","0","","","1757703","5918270",
"Auckland","1N/427/2.036","40","N"," ","MOUNTAIN OBR","201412342","19/04/2014","Sat","1328","FD","CN1CC","331A 350A ","","R","W","B ","F "," "," ","C","080","0","0","4","","","1757711","5918262",
"Auckland","1N/427/2.046","30","N"," ","MOUNTAIN OBR","201435805","14/05/2014","Wed","1444","FD","CN1CC","181A ","","R","W","BF","F "," ","N","R","080","0","0","0","","","1757718","5918255",
"Auckland","1N/427/2.075","80","S"," ","KHYBER PASS OFF NBD","201433222","22/03/2014","Sat","1340","FD","CN1VC4","331A 353A ","","R","D","BF","F "," ","N","R","080","0","0","0","","","1757739","5918236",
"Auckland","1N/427/2.076",""," ","A","MOUNTAIN OBR","201431808","04/03/2014","Tue","1535","FD","TN1CCC","181A ","","R","D","BF","F "," ","N","R","080","0","0","0","","","1757740","5918235",
"Auckland","1N/427/2.086",""," ","I","KHYBER PASS ON SBD","201436409","27/04/2014","Sun","0014","CB","CS2","111A 131A ","","R","D","DO","F ","Y","N","C","080","0","0","0","","","1757704","5918292",
"Auckland","1N/427/2.095","100","S"," ","KHYBER PASS OFF NBD","201433318","10/04/2014","Thu","1458","FD","CN1C","181A ","","R","D","BF","F "," ","N","R","080","0","0","0","","","1757754","5918222",
"Auckland","1N/427/2.095","100","S"," ","KHYBER PASS OFF NBD","201435043","19/04/2014","Sat","1500","FD","CN1C","181A 191B ","","R","D","B ","F "," ","N","C","100","0","0","0","","","1757754","5918222",
"Auckland","1N/427/2.106","30","S"," ","MOUNTAIN OBR","201436743","20/05/2014","Tue","1537","FD","CN1CC4","112A 181A 191D ","","R","D","O ","F "," ","N","N","080","0","0","0","","","1757762","5918214",
"Auckland","1N/427/2.123","20","N"," ","MOUNTAIN OBR","201430966","26/02/2014","Wed","1704","FD","MS14","331A 353A ","","R","D","BF","F "," ","N","R","080","0","0","0","","","1757730","5918267",
"Auckland","1N/427/2.126","50","S"," ","MOUNTAIN OBR","201412897","04/05/2014","Sun","2044","AC","CN1C","103A 110A 372A ","G","R","D","DO","F "," "," ","C","080","0","1","4","","","1757776","5918201",
"Auckland","1N/427/2.156","80","S"," ","MOUNTAIN OBR","201433567","22/04/2014","Tue","1652","FD","CN1CC","331A 353A ","","R","D","OF","F "," ","N","R","080","0","0","0","","","1757798","5918180",
"Auckland","1N/427/2.172","30","S"," ","MOUNTAIN OBR","201413789","13/06/2014","Fri","1754","FD","MS14","331A 353A ","","R","D","DO","F "," ","N","N","080","0","0","1","","","1757766","5918233",
"Auckland","1N/427/2.176","100","S"," ","MOUNTAIN OBR","201433711","02/04/2014","Wed","1155","FD","CN1C","181A ","","E","D","O ","F "," "," ","N","080","0","0","0","","","1757813","5918166",
"Auckland","1N/427/2.192","50","S"," ","MOUNTAIN OBR","201430939","26/02/2014","Wed","1525","AA","TS1C","372A 671A ","","R","D","BF","F "," ","N","R","080","0","0","0","","","1757781","5918220",
"Auckland","1N/427/2.271","100","N"," ","GILLIES ON NBD","201431053","10/02/2014","Mon","0900","AC","TN1CCC","372A 150B ","","R","D","B ","F "," ","N","N","080","0","0","0","","","1757881","5918101",
"Auckland","1N/427/2.359","300","N"," ","GILLIES OBR","201434711","24/04/2014","Thu","1515","FD","CN1T","331A 352A ","","R","D","OF","F "," ","N","R","080","0","0","0","","","1757940","5918035",
"Auckland","1N/427/2.359","300","N"," ","GILLIES OBR","201432993","20/03/2014","Thu","1522","AA","CN1CC","386A 130B 197C ","G","R","D","B ","F "," "," ","C","080","0","0","0","","","1757940","5918035",
"Auckland","1N/427/2.371",""," ","I","GILLIES ON NBD","201431667","11/02/2014","Tue","1015","FD","VN1CC","331A 353A 181B ","","E","D","B ","F ","T","N","C","080","0","0","0","","","1757947","5918026",
"Auckland","1N/427/2.371",""," ","I","GILLIES ON NBD","201437827","26/05/2014","Mon","2051","LB","CS1C","322A 334A ","","R","D","DO","F ","T","T","C","050","0","0","0","","","1757947","5918026",
"Auckland","1N/427/2.401","30","S"," ","GILLIES ON NBD","201435428","08/04/2014","Tue","0815","AA","CN1T","372A ","","R","D","BF","F "," "," "," ","080","0","0","0","","","1757965","5918002",
"Auckland","1N/427/2.402","20","N"," ","GILLIES OFF SBD","201434373","10/04/2014","Thu","1630","FD","CS1C","181A ","","R","D","O ","F "," "," ","N","100","0","0","0","","","1757929","5918071",
"Auckland","1N/427/2.422",""," ","I","GILLIES OFF SBD","201431345","06/03/2014","Thu","1355","FD","CS1C","181A ","","R","D","BF","F ","Y","N","R","050","0","0","0","","","1757942","5918056",
"Auckland","1N/427/2.426","300","N"," ","GILLIES OBR","201432991","22/03/2014","Sat","1746","AC","XS1C","372A ","","R","D","B ","F "," "," ","C","080","0","0","0","","","1757944","5918053",
"Auckland","1N/427/2.526","200","N"," ","GILLIES OBR","201434309","03/04/2014","Thu","1320","AO","TS1T","129A ","","R","W","O ","H "," "," ","N","080","0","0","0","","","1758004","5917973",
"Auckland","1N/427/2.622","200","S"," ","GILLIES OFF SBD","201431270","21/02/2014","Fri","1700","FD","VS1C","181A ","","R","D","BF","F "," ","N","R","100","0","0","0","","","1758063","5917897",
"Auckland","1N/427/2.722","300","S"," ","GILLIES OFF SBD","201432031","14/02/2014","Fri","1757","FD","CS1C","331A 191B ","","R","D","B ","F "," "," "," ","080","0","0","0","","","1758130","5917823",
"Auckland","1N/427/2.825","100","S"," ","GILLIES OBR","201435506","28/04/2014","Mon","1825","FD","CS1C","181A 191B 801 ","","R","W","DO","L "," "," ","R","080","0","0","0","","","1758212","5917760",
"Auckland","1N/427/2.825","100","S"," ","GILLIES OBR","201431671","20/02/2014","Thu","1913","AG","CS14C","150A 191C ","","R","D","TO","F "," "," ","C","080","0","0","0","","","1758212","5917760",
"Auckland","1N/427/2.876","800","S"," ","MOUNTAIN OBR","201435803","09/05/2014","Fri","1836","AC","CN1C","181B 197B ","","R","W","DO","L "," ","N","R","100","0","0","0","","","1758313","5917690",
"Auckland","1N/427/2.922","500","S"," ","GILLIES OFF SBD","201432503","05/02/2014","Wed","0800","FD","4S1V","181A 191B ","","R","D","B ","F "," ","N","C","100","0","0","0","","","1758297","5917714",
"Auckland","1N/427/2.925","200","S"," ","GILLIES OBR","201432919","25/02/2014","Tue","1824","FD","CS1CCC","331A 363A 902 ","","E","D","B ","F "," "," ","N","080","0","0","0","","","1758300","5917713",
"Auckland","1N/427/3.059","400","S"," ","GILLIES OBR","201436248","24/05/2014","Sat","2349","DB","CN1","101A 131A 517A ","G","E","W","DO","L "," "," ","C","080","0","0","0","","","1758475","5917606",