"TLA NAME","CRASH ROAD","CRASH DIST","CRASH DIRN","INTSN","SIDE ROAD","CRASH ID","CRASH DATE","CRASH DOW","CRASH TIME","MVMT","VEHICLES","CAUSES","OBJECTS STRUCK","ROAD CURVE","ROAD WET","LIGHT","WTHRa","JUNC TYPE","TRAF CTRL","ROAD MARK","SPD LIM","CRASH FATAL CNT","CRASH SEV CNT","CRASH MIN CNT","PERS AGE1","PERS AGE2","EASTING","NORTHING"
"Auckland","1N/427/3.078","600","N"," ","DILWORTH FTBR","201436325","01/04/2014","Tue","1332","EC","CS1","827 ","D","E","D","BF","F "," ","N","N","080","0","0","0","","","1758437","5917645",
"Auckland","1N/427/3.105","800","N"," ","MARKET OFF SBD","201432134","17/01/2014","Fri","1311","EC","CS1","341A ","D","R","D","B ","F "," ","N","N","080","0","0","0","","","1758460","5917633",
"Auckland","1N/427/3.125","400","S"," ","GILLIES OBR","201436315","27/03/2014","Thu","1657","FD","CS1C","181A ","","R","D","BF","F "," ","N","C","080","0","0","0","","","1758479","5917624",
"Auckland","1N/427/3.159","500","S"," ","GILLIES OBR","201412581","03/05/2014","Sat","2243","FA","CN1C","103A 110A 181A ","","R","D","DO","F "," "," ","C","080","0","0","3","","","1758559","5917552",
"Auckland","1N/431/0.063","400","N"," ","MARKET OFF SBD","201432186","13/02/2014","Thu","1621","FA","CS14","181A 402A ","","R","D","B ","F "," ","N","N","080","0","0","0","","","1758750","5917364",
"Auckland","1N/431/0.09","70","N"," ","ST MARKS ON SBD","201434685","12/04/2014","Sat","1630","AC","CS1T4","372A ","","E","D","B ","F "," ","N","C","080","0","0","0","","","1758766","5917342",
"Auckland","1N/431/0.144","1500","S"," ","KHYBER PASS ON SBD","201437131","29/05/2014","Thu","2123","FD","CS1V","181A 357A ","","R","D","DO","F "," ","N","R","080","0","0","0","","","1758798","5917299",
"Auckland","1N/431/0.305","500","S"," ","ST MARKS OBR","201435501","28/04/2014","Mon","1757","FD","CS1CC","331A 350A ","","R","W","TO","F "," "," ","C","100","0","0","0","","","1758895","5917170",
"Auckland","1N/431/0.413","50","N"," ","MARKET OFF SBD","201438131","14/05/2014","Wed","1452","FD","CS1C","181A ","","R","W","BF","F "," ","N","N","100","0","0","0","","","1758959","5917083",
"Auckland","1N/431/0.663","200","S"," ","MARKET OFF SBD","201412217","09/05/2014","Fri","1843","FD","CS1CC","181A 330A 191B ","","R","W","DO","F "," ","N","C","100","0","0","2","","","1759110","5916884",
"Auckland","1N/431/0.722","100","N"," ","MARKET OBR","201432049","17/02/2014","Mon","1832","FD","VS1C","181A 331A ","","R","D","B ","F "," "," ","C","100","0","0","0","","","1759146","5916837",
"Auckland","1N/431/0.92","100","S"," ","MARKET OBR","201431986","20/03/2014","Thu","2001","CA","CN14","137A ","G","R","D","BF","F "," ","N","R","100","0","0","0","","","1759255","5916669",
"Auckland","1N/431/0.922","100","S"," ","MARKET OBR","201437272","09/05/2014","Fri","1843","FD","4S1C","181A ","","R","W","DO","L "," ","N","R","100","0","0","0","","","1759269","5916680",
"Auckland","1N/431/1.12","300","S"," ","MARKET OBR","201432005","07/02/2014","Fri","0851","FA","CN14","331A 353A ","","R","D","OF","F "," ","N","R","100","0","0","0","","","1759379","5916512",
"Auckland","1N/431/1.187","20","N"," ","OMAHU OBR","201436226","01/05/2014","Thu","1438","CA","TS1","130A 197A ","G","R","D","O ","F "," "," ","C","080","0","0","0","","","1759434","5916472",
"Auckland","1N/431/1.207",""," ","A","OMAHU OBR","201432997","05/03/2014","Wed","1850","CB","4S1C","103A 197A ","GG","R","D","TF","F "," ","N"," ","100","0","0","0","","","1759447","5916457",
"Auckland","1N/431/1.216","100","S"," ","MARKET OFF NBD","201437296","29/04/2014","Tue","1845","FD","CN1V","181A ","","R","D","DO","F "," ","N","C","100","0","0","0","","","1759442","5916439",
"Auckland","1N/431/1.27","450","S"," ","MARKET OBR","201432989","17/03/2014","Mon","0905","FA","CN1CC","331A 350A ","","E","D","O ","F "," "," ","C","080","0","0","0","","","1759481","5916402",
"Auckland","1N/431/1.284","500","N"," ","GREENLANE OFF SBD","201432171","18/02/2014","Tue","1828","FD","CS1C","181A 191B ","","R","D","B ","F "," ","N","N","080","0","0","0","","","1759503","5916404",
"Auckland","1N/431/1.384","400","N"," ","GREENLANE OFF SBD","201413003","14/05/2014","Wed","1430","FD","TS1T","181A ","","R","D","BF","F "," ","N","C","100","0","0","1","","","1759576","5916336",
"Auckland","1N/431/1.584","200","N"," ","GREENLANE OFF SBD","201437882","09/06/2014","Mon","1852","FD","CS1C","110A 181A ","","R","W","DO","L "," ","N","C","100","0","0","0","","","1759734","5916213",
"Auckland","1N/431/1.638","400","N"," ","GREENLANE INT N","201413686","14/06/2014","Sat","1349","FD","MS1C","181A 191B ","","E","D","B ","F "," "," ","C","100","0","1","0","","","1759779","5916183",
"Auckland","1N/431/1.784",""," ","I","GREENLANE OFF SBD","201435480","11/04/2014","Fri","1235","FD","VS1CC","110A 350A 181B ","","E","W","O ","L ","R","G","C","050","0","0","0","","","1759902","5916104",
"Auckland","1N/431/1.808",""," ","I","GREENLANE ON NBD","201432673","20/03/2014","Thu","1719","AA","CN1M","372A ","","E","D","B ","F ","R","G","C","100","0","0","0","","","1759911","5916081",
"Auckland","1N/431/1.809","230","N"," ","GREENLANE INT N","201436531","24/03/2014","Mon","1554","FD","VN1CVC","181A 331A ","","R","D","B ","F "," "," ","C","100","0","0","0","","","1759912","5916080",
"Auckland","1N/431/1.834","50","S"," ","GREENLANE OFF SBD","201434551","07/04/2014","Mon","1840","FD","CS1C","181A ","","R","D","BF","F "," ","N","R","100","0","0","0","","","1759945","5916079",
"Auckland","1N/431/1.87","200","N"," ","GREENLANE INT","201434722","06/05/2014","Tue","0818","FD","CS1C","181A ","","R","D","OF","F "," ","N","R","100","0","0","0","","","1759976","5916060",
"Auckland","1N/431/1.888","150","N"," ","GREENLANE INT N","201437738","09/06/2014","Mon","1819","AC","CS1C","372A 801 ","","R","W","DO","L "," "," ","C","100","0","0","0","","","1759991","5916051",
"Auckland","1N/431/2.018","20","N"," ","GREENLANE INT N","201432979","20/03/2014","Thu","1346","AA","CS1C","372A 181B ","","E","D","B ","F "," "," ","C","100","0","0","0","","","1760102","5915983",
"Auckland","1N/431/2.033","40","N"," ","GREENLANE INT","201431204","03/03/2014","Mon","1535","FD","4N14","331A 358A ","","R","D","OF","F "," ","N","R","100","0","0","0","","","1760104","5915966",
"Auckland","1N/431/2.038",""," ","A","GREENLANE INT N","201411828","22/02/2014","Sat","1819","EB","CS1C","331A 378A 831 ","Q","M","D","BF","F "," ","N","N","100","0","0","1","","","1760118","5915971",
"Auckland","1N/431/2.038",""," ","I","GREENLANE INT N","201431172","10/03/2014","Mon","1655","FB","TS1C","181A ","","R","D","B ","F ","R","G","C","050","0","0","0","","","1760118","5915971",
"Auckland","1N/431/2.253","180","S"," ","GREENLANE INT","201435802","12/05/2014","Mon","1828","FD","CN1CC","181A ","","R","D","DO","F "," ","N","R","100","0","0","0","","","1760270","5915822",
"Auckland","1N/431/2.256","150","S"," ","GREENLANE INT S","201430662","24/01/2014","Fri","0900","FD","CN1C","181A ","","R","D","B ","F "," ","N","C","100","0","0","0","","","1760273","5915820",
"Auckland","1N/431/2.446","50","S"," ","GREENLANE OFF NBD","201430916","20/02/2014","Thu","0600","CB","CN1","136A 668A ","G","R","D","DO","F "," ","N","R","100","0","0","0","","","1760418","5915697",
"Auckland","1N/431/2.473","400","S"," ","GREENLANE INT","201431800","12/02/2014","Wed","1416","AA","VN1T","372A ","","R","D","BF","F "," ","N","R","100","0","0","0","","","1760438","5915680",
"Auckland","1N/431/2.496","100","S"," ","GREENLANE OFF NBD","201435898","06/05/2014","Tue","1500","AA","CN1C","372A ","","R","D","BF","F "," ","N","R","100","0","0","0","","","1760456","5915665",
"Auckland","1N/431/2.764","100","N"," ","TE COMA OFF SBD","201435640","06/05/2014","Tue","1829","FD","CS1CCC","181A 331A ","","R","D","TO","F "," "," ","C","100","0","0","0","","","1760676","5915508",
"Auckland","1N/431/2.806",""," ","A","WALPOLE OBR","201437866","06/05/2014","Tue","0940","FA","CN1C","181A 331A ","","R","W","O ","L "," ","N","N","050","0","0","0","","","1760697","5915471",
"Auckland","1N/431/3.363","100","N"," ","ELLERSLIE FTBR","201431010","02/02/2014","Sun","1415","AC","CN1C","133A 381A ","","R","D","B ","F "," ","N","C","100","0","0","0","","","1761053","5915051",
"Auckland","1N/431/3.39","80","N"," ","ELLERSLIE FTBR","201411708","14/02/2014","Fri","1026","DA","CS1","131A ","G","E","D","B ","F "," "," ","C","100","0","0","1","","","1761074","5915036",
"Auckland","1N/431/3.869","50","N"," ","PENROSE OFF SBD","201432169","18/02/2014","Tue","1615","FD","VS1C","181A ","","R","D","B ","F "," ","N","C","100","0","0","0","","","1761249","5914590",
"Auckland","1N/431/4.089","100","N"," ","PENROSE INT N","201410327","20/01/2014","Mon","1305","AA","CS1T","372A ","G","E","W","OF","L "," ","N","N","100","0","0","1","","","1761341","5914390",
"Auckland","1N/431/4.278","200","N"," ","PENROSE ON SBD","201432191","20/01/2014","Mon","1338","FD","VS1CCV","181A 350A ","","E","W","O ","F "," ","N","C","100","0","0","0","","","1761454","5914239",
"Auckland","1N/431/4.426","200","S"," ","PENROSE INT","201412621","29/04/2014","Tue","1837","FD","CN1CC","181A ","","R","D","DO","F "," ","N","C","100","0","0","1","","","1761556","5914135",
"Auckland","1N/431/4.458","20","W"," ","PENROSE ON SBD","201436227","04/04/2014","Fri","1500","FD","TN1CC","181A 331A 181B ","","R","D","B ","F "," "," ","C","080","0","0","0","","","1761594","5914127",
"Auckland","1N/431/4.476","100","N"," ","PENROSE OFF NBD","201430176","16/01/2014","Thu","1420","FD","VS1T","181A 331A 402A ","","R","D","BF","F "," "," ","C","100","0","0","0","","","1761599","5914108",
"Auckland","1N/431/4.598","120","S"," ","PENROSE ON SBD","201431526","28/01/2014","Tue","1728","FD","CS14C","331A 358A ","","E","D","BF","F "," "," ","C","100","0","0","0","","","1761718","5914061",
"Auckland","1N/431/4.628","600","N"," ","PENROSE OBR","201437117","06/06/2014","Fri","1341","FD","CN1CC","181A ","","R","D","BF","F "," ","N","R","100","0","0","0","","","1761732","5914036",
"Auckland","1N/431/4.66","400","S"," ","PENROSE INT S","201412958","29/05/2014","Thu","1219","FD","CN14","184A ","","R","D","O ","F "," "," ","N","100","0","0","1","","","1761761","5914021",
"Auckland","1N/431/4.926","300","N"," ","PENROSE OBR","201430965","25/02/2014","Tue","1613","FD","CS1C","181A ","","R","D","BF","F "," ","N","N","100","0","0","0","","","1762004","5913902",
"Auckland","1N/431/4.978","500","S"," ","PENROSE ON SBD","201432175","19/02/2014","Wed","1557","FD","4N1CCC","331A 350A ","","R","D","O ","F "," ","N","R","100","0","0","0","","","1762043","5913868",
"Auckland","1N/431/5.028","200","N"," ","PENROSE OBR","201433850","03/04/2014","Thu","0708","FO","CN14","184A 352A 386A ","","R","D","B ","F "," "," ","N","100","0","0","0","","","1762066","5913821",
"Auckland","1N/431/5.028","200","N"," ","PENROSE OBR","201435981","13/05/2014","Tue","1836","FD","TN1C","671A ","","R","D","OF","F "," ","N","R","100","0","0","0","","","1762066","5913821",
"Auckland","1N/431/5.208","20","N"," ","PENROSE OBR","201436110","09/05/2014","Fri","0734","FD","CN1C","181A ","","R","W","B ","F "," "," ","C","100","0","0","0","","","1762168","5913674",
"Auckland","1N/431/5.228",""," ","A","PENROSE OBR","201430895","18/02/2014","Tue","1134","FD","TN14TC","181A ","","R","D","BF","F "," ","N","R","100","0","0","0","","","1762179","5913657",
"Auckland","1N/431/5.258","30","S"," ","PENROSE OBR","201432716","01/03/2014","Sat","1440","FA","4N1C","181A 331A ","","R","D","B ","F "," "," ","C","100","0","0","0","","","1762194","5913631",
"Auckland","1N/431/5.328","100","S"," ","PENROSE OBR","201438623","16/06/2014","Mon","0734","FD","CN1C","181A 331A ","","R","D","O ","F "," "," ","C","100","0","0","0","","","1762228","5913570",
"Auckland","1N/431/5.376","150","S"," ","PENROSE OBR","201411226","21/02/2014","Fri","1829","FD","CS1C","181A ","","R","D","B ","F "," "," ","N","100","0","0","1","","","1762265","5913539",
"Auckland","1N/431/5.428","200","S"," ","PENROSE OBR","201431415","12/03/2014","Wed","0919","AA","TN1C","381A ","","E","D","BF","F "," ","N","N","100","0","0","0","","","1762277","5913483",
"Auckland","1N/431/5.428","200","S"," ","PENROSE OBR","201411031","25/02/2014","Tue","1611","FA","VN1V","331A 359A 101B ","","E","D","B ","F "," "," ","C","100","0","0","1","","","1762277","5913483",
"Auckland","1N/431/5.526","300","S"," ","PENROSE OBR","201432000","05/02/2014","Wed","1635","FD","CS1C","112A 181A 331A ","","R","D","OF","F "," ","N","C","100","0","0","0","","","1762340","5913409",
"Auckland","1N/431/5.528","300","S"," ","PENROSE OBR","201431672","20/02/2014","Thu","1812","FD","CN14","331A 353A ","","R","D","O ","F "," "," ","C","100","0","0","0","","","1762326","5913395",
"Auckland","1N/431/5.576","350","S"," ","PENROSE OBR","201431266","06/03/2014","Thu","1708","FD","4S14","181A ","","R","D","BF","F "," ","N","R","100","0","0","0","","","1762365","5913366",
"Auckland","1N/431/5.594","100","N"," ","SEART ON NBD","201435978","15/05/2014","Thu","1105","FD","CN1TV","181A ","","R","D","BF","F "," ","N","C","100","0","0","0","","","1762358","5913338",
"Auckland","1N/431/5.726","500","S"," ","PENROSE OBR","201432996","03/03/2014","Mon","1740","FD","VS1CC","181A 331A 410A ","","E","D","B ","F "," "," ","C","100","0","0","0","","","1762440","5913236",
"Auckland","1N/431/5.726","500","S"," ","PENROSE OBR","201437118","05/06/2014","Thu","1732","FD","TS1C","181A ","","R","D","DO","F "," ","N","R","100","0","0","0","","","1762440","5913236",
"Auckland","1N/431/5.928","700","S"," ","PENROSE OBR","201412526","22/04/2014","Tue","1221","FD","TN1C","181A 331A ","","R","D","B ","F "," "," ","C","100","0","0","1","","","1762561","5913076",
"Auckland","1N/431/5.944","250","S"," ","SEART ON NBD","201411606","22/02/2014","Sat","0828","FD","VN1CC","181A 504A ","G","E","W","OF","L "," ","N","N","100","0","0","1","","","1762573","5913066",
"Auckland","1N/431/6.226","1000","S"," ","PENROSE OBR","201436329","01/04/2014","Tue","1650","FD","TS1C","181A ","","E","D","BF","F "," ","N","C","100","0","0","0","","","1762843","5912961",
"Auckland","1N/431/6.359","1000","N"," ","MT WGTN OBR","201432172","18/02/2014","Tue","1606","FD","VS1CC4","181A ","","R","D","B ","F "," ","N","N","100","0","0","0","","","1762969","5912920",
"Auckland","1N/431/6.493","600","N"," ","MT WGTN ON NBD","201437308","09/02/2014","Sun","0654","FA","CN1C","181A ","","R","D","OF","F "," ","N","R","100","0","0","0","","","1763082","5912866",
"Auckland","1N/431/6.593","500","W"," ","MT WGTN ON NBD","201435500","30/04/2014","Wed","1816","FD","CN1C","110A 331A ","","R","D","DO","F "," "," ","C","100","0","0","0","","","1763177","5912836",
"Auckland","1N/431/6.693","400","N"," ","MT WGTN ON NBD","201436112","07/05/2014","Wed","0910","FD","CN1C","181A ","","R","W","O ","L "," "," ","C","100","0","0","0","","","1763273","5912806",
"Auckland","1N/431/6.834","20","W"," ","SOUTH-EASTERN HIGHWAY","201432170","17/02/2014","Mon","1758","FA","MW1C","330A ","","M","D","B ","F "," ","N","C","080","0","0","0","","","1763421","5912775",
"Auckland","1N/431/6.973","120","N"," ","MT WGTN ON NBD","201437851","09/06/2014","Mon","1742","FD","CN1CT","181B 330C ","","R","W","DO","H "," ","N","C","100","0","0","0","","","1763540","5912721",
"Auckland","1N/431/6.976","400","N"," ","MT WGTN OBR","201433710","02/04/2014","Wed","0958","FD","CN1CCC","181A 181B 181C ","","R","D","B ","F "," "," ","N","100","0","0","0","","","1763542","5912720",
"Auckland","1N/431/7.004","150","S"," ","MT WGTN OFF SBD","201433176","23/03/2014","Sun","0622","AO","BS1C","184A 184B ","","E","D","DO","F "," "," ","C","100","0","0","0","","","1763582","5912720",
"Auckland","1N/431/7.093",""," ","I","MT WGTN ON NBD","201436634","07/05/2014","Wed","0645","FD","CN1C","181A ","","R","D","B ","F ","T","N","C","100","0","0","0","","","1763649","5912672",
"Auckland","1N/431/7.093",""," ","I","MT WGTN ON NBD","201437921","13/06/2014","Fri","1915","FA","CW1C","181A 191B ","","R","D","B ","F ","T","N","C","100","0","0","0","","","1763649","5912672",
"Auckland","1N/431/7.093",""," ","I","MT WGTN ON NBD","201411036","26/02/2014","Wed","1115","AO","CN1T","184A 402A ","G","R","D","O ","F ","T","N","C","100","0","0","1","","","1763649","5912672",
"Auckland","1N/431/7.126","250","W"," ","MT WGTN OBR","201436525","14/05/2014","Wed","1433","FD","CN1C","181A 331A 191B 801 ","","R","W","O ","L "," "," ","C","100","0","0","0","","","1763678","5912656",
"Auckland","1N/431/7.176","200","N"," ","MT WGTN OBR","201435806","14/05/2014","Wed","1430","FD","CN1C","181A ","","R","W","BF","F "," ","N","R","100","0","0","0","","","1763722","5912633",
"Auckland","1N/431/7.176","200","N"," ","MT WGTN OBR","201430567","05/02/2014","Wed","0933","FD","CN14C","181A 181B ","","R","D","B ","F "," "," ","C","100","0","0","0","","","1763722","5912633",
"Auckland","1N/431/7.176","200","N"," ","MT WGTN OBR","201434721","05/05/2014","Mon","1703","FD","CN1C","331A 361A ","","R","W","BF","L "," ","N","R","100","0","0","0","","","1763722","5912633",
"Auckland","1N/431/7.378","20","S"," ","MT WGTN OBR","201430996","21/02/2014","Fri","0737","AC","CS1T","381A ","","R","D","BF","F "," ","N","R","100","0","0","0","","","1763910","5912540",
"Auckland","1N/431/7.395","20","S"," ","MT WGTN OBR","201430012","03/01/2014","Fri","1847","FD","CN1C","331A 358A ","","R","D","OF","F "," ","N","R","050","0","0","0","","","1763912","5912525",
"Auckland","1N/431/7.458","100","S"," ","MT WGTN OBR","201438157","27/05/2014","Tue","1623","FD","4S1C","181A ","","R","D","BF","F "," ","N","C","100","0","0","0","","","1763979","5912500",
"Auckland","1N/431/7.475","100","E"," ","MT WGTN OBR","201433618","03/04/2014","Thu","0900","FA","TW1C","331A 350A ","","R","D","B ","F "," "," ","C","100","0","0","0","","","1763982","5912485",
"Auckland","1N/431/7.555","180","S"," ","MT WGTN OBR","201413053","28/05/2014","Wed","0855","AA","TN1M","372A ","","R","D","BF","F "," ","N","N","100","0","0","1","","","1764051","5912446",
"Auckland","1N/431/7.575","200","S"," ","MT WGTN OBR","201437331","13/06/2014","Fri","1854","FD","CN1C","181A ","","E","D","DO","F "," ","N","R","100","0","0","0","","","1764069","5912436",
"Auckland","1N/431/7.658","300","E"," ","MT WGTN OBR","201432689","04/04/2014","Fri","1543","FA","CE1C","181A ","","R","D","B ","F "," ","N","C","050","0","0","0","","","1764153","5912402",
"Auckland","1N/431/7.675","300","S"," ","MT WGTN OBR","201431677","16/02/2014","Sun","1650","FD","CN1CCC","181A 181B 181C ","","R","D","B ","F "," "," ","N","100","0","0","0","","","1764156","5912387",
"Auckland","1N/431/7.975","600","S"," ","MT WGTN OBR","201434384","09/04/2014","Wed","1828","FD","CN1C","181A ","","R","D","O ","F "," "," ","C","100","0","0","0","","","1764407","5912224",
"Auckland","1N/431/8.058","2000","N"," ","PRINCES OBR","201410541","15/02/2014","Sat","1059","FD","CN1CCC","181A ","","R","D","BF","F "," ","N","C","100","0","0","2","","","1764464","5912164",
"Auckland","1N/431/8.39","200","N"," ","PANAMA OBR","201410293","13/02/2014","Thu","0949","FD","CN1CVC","181A 402A ","","E","D","O ","F "," ","N","N","100","0","0","2","","","1764603","5911866",
"Auckland","1N/431/8.57","20","N"," ","PANAMA OBR","201436561","15/05/2014","Thu","1045","FA","CN1C","181A 331A ","","R","D","O ","F "," "," ","C","100","0","0","0","","","1764654","5911693",
"Auckland","1N/431/8.575","15","N"," ","PANAMA OBR","201432923","03/03/2014","Mon","0651","FD","CN1C","181A 191B ","","E","W","O ","F "," "," ","C","100","0","0","0","","","1764656","5911688",
"Auckland","1N/431/8.609","20","S"," ","PANAMA OBR","201433805","11/04/2014","Fri","1846","FD","CN14","181A 352A ","","R","D","DO","F "," "," ","C","100","0","0","0","","","1764665","5911655",
"Auckland","1N/431/8.689","100","S"," ","PANAMA OBR","201437313","13/06/2014","Fri","0700","FD","VN1C","181A ","","R","D","BF","F "," ","N","R","100","0","0","0","","","1764687","5911578",
"Auckland","1N/431/8.694","100","S"," ","PANAMA OBR","201413181","18/04/2014","Fri","0731","FA","CS1C","331A ","G","R","D","B ","F "," "," ","C","100","0","0","3","","","1764700","5911581",
"Auckland","1N/431/9.216","500","N"," ","OTAHUHU ON NBD","201411604","24/03/2014","Mon","0623","FD","VN1VC","181A ","","R","D","TO","F "," ","N","C","100","0","0","1","","","1764834","5911073",
"Auckland","1N/431/9.458","600","N"," ","PRINCES OBR","201433615","03/04/2014","Thu","0723","AC","TN1C","372A ","","R","D","B ","F "," "," "," ","100","0","0","0","","","1764900","5910840",
"Auckland","1N/431/9.558","500","N"," ","PRINCES OBR","201433847","09/04/2014","Wed","0731","FD","4N1V","181A ","","R","D","B ","F "," "," ","C","100","0","0","0","","","1764928","5910744",
"Auckland","1N/431/9.589","1000","S"," ","PANAMA OBR","201437311","13/06/2014","Fri","0632","FD","CN1C","181A ","","R","D","BN","F "," ","N","R","100","0","0","0","","","1764937","5910714",
"Auckland","1N/431/9.713","350","N"," ","PRINCES OBR","201432030","06/01/2014","Mon","1205","CA","CS1","353A ","G","R","D","B ","F "," "," ","C","100","0","0","0","","","1764984","5910603",
"Auckland","1N/431/9.858","200","N"," ","PRINCES OBR","201436321","21/03/2014","Fri","1738","FD","CN1C","181A ","","R","D","BF","F "," ","N","C","100","0","0","0","","","1765011","5910455",
"Auckland","1N/431/9.863","200","N"," ","PRINCES OBR","201412173","04/04/2014","Fri","1443","AA","4S1C","372A ","","R","D","B ","F "," "," ","C","100","0","0","1","","","1765025","5910458",
"Auckland","1N/431/9.963","100","N"," ","PRINCES OBR","201412105","29/04/2014","Tue","0754","CC","TS1CVC","132A ","G","R","W","O ","L "," "," ","C","100","0","0","2","","","1765053","5910362",
"Auckland","1N/431/9.963","100","N"," ","PRINCES OBR","201432977","20/03/2014","Thu","1144","CA","4S1TT","130A 190A 680A 191B 191C ","E","R","D","B ","F "," "," ","C","100","0","0","0","","","1765053","5910362",
"Auckland","1N/431/10.008","50","N"," ","PRINCES OBR","201412163","20/04/2014","Sun","0640","AA","CN1C","103A 372A ","","R","D","O ","F "," "," ","N","100","0","0","1","","","1765050","5910311",
"Auckland","1N/431/10.038","20","N"," ","PRINCES OBR","201413688","07/05/2014","Wed","1015","CA","CN1","197A 350A ","G","R","D","B ","F "," "," ","C","010","0","0","1","","","1765057","5910281",
"Auckland","1N/431/10.062",""," ","A","PRINCES OBR","201432992","04/02/2014","Tue","0838","AC","TS1C","372A 671A ","","R","D","B ","F "," "," ","N","100","0","0","0","","","1765073","5910266",
"Auckland","1N/431/10.106","50","S"," ","PRINCES OBR","201433848","04/04/2014","Fri","1501","FD","TN14","181A ","","R","D","B ","F "," "," ","C","100","0","0","0","","","1765068","5910214",
"Auckland","OTAHUHU ON SBD",""," ","I","1N/431/10.276","201433147","25/03/2014","Tue","1525","AA","CS1T","184B ","","R","D","O ","F ","T","N","N","100","0","0","0","","","1765106","5910054",
"Auckland","1N/431/10.402","30","S"," ","OTAHUHU OFF NBD","201430928","28/02/2014","Fri","1534","FD","CN1T","331A 353A ","","R","D","BF","F "," ","N","C","100","0","0","0","","","1765112","5909922",
"Auckland","1N/431/10.462","400","S"," ","PRINCES OBR","201437121","03/06/2014","Tue","1816","FD","CS14","181A ","","R","D","DO","F "," ","N","R","100","0","0","0","","","1765133","5909871",
"Auckland","1N/431/10.462","400","S"," ","PRINCES OBR","201433888","18/04/2014","Fri","1106","FD","CS1CCC","181A 181B 181C ","","R","D","B ","F "," "," ","P","100","0","0","0","","","1765133","5909871",
"Auckland","1N/431/10.556","500","S"," ","PRINCES OBR","201412177","13/05/2014","Tue","0641","FD","CN14CC","181A 181B 181C ","","R","D","DO","F "," "," ","N","100","0","0","1","","","1765135","5909769",
"Auckland","1N/431/10.619","600","N"," ","HIGHBROOK ON NBD","201436730","27/05/2014","Tue","0645","FD","CN1V","181A 191B ","","E","D","B ","F "," ","N","C","100","0","0","0","","","1765150","5909708",
"Auckland","1N/431/10.662","600","S"," ","PRINCES OBR","201433889","18/04/2014","Fri","1230","FD","4S1CCC","181A 181B 181C 181D ","","R","D","B ","F "," "," ","R","100","0","0","0","","","1765177","5909676",
"Auckland","1N/431/10.919","300","N"," ","HIGHBROOK ON NBD","201431650","23/01/2014","Thu","1733","FD","CN1CVC","181A 181B 181C ","","R","D","O ","F "," "," ","N","100","0","0","0","","","1765259","5909428",
"Auckland","1N/431/11.119","100","N"," ","HIGHBROOK ON NBD","201431237","03/03/2014","Mon","1400","EC","VN1","820 ","D","E","D","BF","F "," ","N","N","100","0","0","0","","","1765333","5909243",
"Auckland","1N/431/11.161","420","N"," ","HIGHBROOK OBR","201435979","08/04/2014","Tue","1747","CA","CS1","137A 350A ","G","R","D","DO","F "," ","N","R","100","0","0","0","","","1765360","5909212",
"Auckland","1N/431/11.177","400","N"," ","HIGHBROOK OBR","201435765","16/05/2014","Fri","1841","FA","CN1C","181A 331A ","","R","D","DO","F "," "," ","C","100","0","0","0","","","1765355","5909188",
"Auckland","1N/431/11.272","50","S"," ","HIGHBROOK OFF SBD","201436316","27/03/2014","Thu","1650","FD","CS1C","181A ","","R","D","BF","F "," ","N","C","100","0","0","0","","","1765402","5909108",
"Auckland","1N/431/11.481","100","N"," ","HIGHBROOK OBR","201436899","03/06/2014","Tue","1812","FD","CS1CC","110A 181A 331A ","","R","D","DO","F "," "," ","C","100","0","0","0","","","1765480","5908915",
"Auckland","1N/431/11.547","30","N"," ","HIGHBROOK OBR","201431674","20/01/2014","Mon","2310","CA","CN1","130A 903 ","G","R","W","DO","HS"," "," ","C","100","0","0","0","","","1765492","5908845",
"Auckland","1N/431/11.627","50","S"," ","HIGHBROOK OBR","201434733","05/05/2014","Mon","1252","FD","CN1V","181A ","","R","W","OF","L "," ","N","R","100","0","0","0","","","1765522","5908771",
"Auckland","1N/431/11.677","100","S"," ","HIGHBROOK OBR","201436247","20/05/2014","Tue","0903","FD","CN1C","181A ","","R","D","B ","F "," "," ","C","100","0","0","0","","","1765541","5908724",
"Auckland","1N/431/11.862","1800","S"," ","PRINCES OBR","201433174","03/04/2014","Thu","1440","AC","TS1C","372A ","","R","D","B ","F "," "," ","N","100","0","0","0","","","1765621","5908561",
"Auckland","1N/431/12.023",""," ","I","HIGHBROOK ON SBD","201431110","08/01/2014","Wed","0823","KA","CN1C","302B 387B ","","M","D","B ","F ","R","G","C","050","0","0","0","","","1765682","5908412",
"Auckland","1N/431/12.435","250","S"," ","BAIRDS OBR","201435091","05/05/2014","Mon","1742","FD","CS1CC","181A 320A ","","R","W","DO","F "," ","N","N","100","0","0","0","","","1765836","5908030",
"Auckland","1N/431/12.886","10","S"," ","OTARA ON NBD","201400127","30/05/2014","Fri","0040","BA","CS1C","104A 205A 338A 801 ","G","R","W","DO","L ","T","N","C","100","1","1","0","","","1766093","5907666",
"Auckland","1N/431/13.026","30","S"," ","OTARA OFF NBD","201433273","18/03/2014","Tue","0850","FA","CN1C","331A ","","R","D","OF","F "," ","N","R","100","0","0","0","","","1766193","5907568",