"TLA NAME","CRASH ROAD","CRASH DIST","CRASH DIRN","INTSN","SIDE ROAD","CRASH ID","CRASH DATE","CRASH DOW","CRASH TIME","MVMT","VEHICLES","CAUSES","OBJECTS STRUCK","ROAD CURVE","ROAD WET","LIGHT","WTHRa","JUNC TYPE","TRAF CTRL","ROAD MARK","SPD LIM","CRASH FATAL CNT","CRASH SEV CNT","CRASH MIN CNT","PERS AGE1","PERS AGE2","EASTING","NORTHING"
"Auckland","1N/431/13.04","80","N"," ","EAST TAMAKI OBR","201430622","02/02/2014","Sun","1014","DB","CN1","111A 131A ","P","S","D","B ","F "," ","N","R","100","0","0","0","","","1766203","5907558",
"Auckland","1N/431/13.067","300","N"," ","OTARA ON SBD","201433170","23/03/2014","Sun","2026","DB","CN1","111A 131A ","G","M","D","DO","F "," "," ","N","100","0","0","0","","","1766234","5907547",
"Auckland","1N/431/13.07","50","N"," ","EAST TAMAKI OBR","201436417","02/05/2014","Fri","0910","AC","TN1C","372A ","","R","D","BF","F "," ","N","N","100","0","0","0","","","1766224","5907537",
"Auckland","1N/431/13.12",""," ","A","EAST TAMAKI OBR","201437111","31/05/2014","Sat","2317","EO","TN1","686A ","B","R","D","DO","F "," ","N","R","100","0","0","0","","","1766260","5907502",
"Auckland","1N/431/13.127","10","S"," ","EAST TAMAKI OBR","201436334","31/03/2014","Mon","1640","FD","CS1C","181A ","","R","D","BN","F "," ","N","N","100","0","0","0","","","1766277","5907505",
"Auckland","1N/431/13.217","100","S"," ","EAST TAMAKI OBR","201432168","17/02/2014","Mon","1919","EC","CS1C","341B 827 ","DD","R","D","TF","F "," ","N","C","100","0","0","0","","","1766341","5907442",
"Auckland","1N/431/13.217","100","S"," ","EAST TAMAKI OBR","201433890","10/04/2014","Thu","2142","CA","TS1","103A 130A ","G","R","D","B ","F "," "," ","N","100","0","0","0","","","1766341","5907442",
"Auckland","1N/431/13.22","100","S"," ","EAST TAMAKI OBR","201434215","15/02/2014","Sat","0450","FA","CN14","103A 181A 331A ","","R","D","DO","F "," "," ","C","100","0","0","0","","","1766331","5907432",
"Auckland","1N/431/13.317","200","S"," ","EAST TAMAKI OBR","201435804","14/05/2014","Wed","1748","FD","TS1C","181A ","","R","W","DO","L "," ","N","R","100","0","0","0","","","1766412","5907372",
"Auckland","1N/431/13.367","250","S"," ","EAST TAMAKI OBR","201436250","16/04/2014","Wed","1010","AC","CS1C","159A 372A ","","R","D","B ","F "," "," ","C","100","0","0","0","","","1766448","5907337",
"Auckland","1N/431/13.817","700","S"," ","EAST TAMAKI OBR","201430000","01/01/2014","Wed","0110","CC","CS1","105A 524A ","G","R","D","DO","F "," ","N","C","100","0","0","0","","","1766768","5907020",
"Auckland","1N/431/14.32","1200","S"," ","EAST TAMAKI OBR","201434723","06/05/2014","Tue","0714","FD","CN1T","181A ","","R","W","BF","F "," ","N","N","100","0","0","0","","","1767115","5906660",
"Auckland","1N/431/14.99","400","N"," ","REAGAN OBR","201436524","25/05/2014","Sun","0212","AD","CN1","103A 112A 130A 801 ","P","R","W","DO","L "," "," ","R","100","0","0","0","","","1767384","5906062",
"Auckland","1N/431/15.22","170","N"," ","REAGAN OBR","201434683","25/03/2014","Tue","1633","QG","VN1","402A 682A ","G","R","D","BF","F "," ","N","R","100","0","0","0","","","1767437","5905838",
"Auckland","1N/431/15.29","100","N"," ","REAGAN OBR","201413257","02/06/2014","Mon","0520","CB","CN1","103A 410A ","T","R","D","DO","F "," ","N","C","100","0","0","1","","","1767456","5905770",
"Auckland","1N/431/15.735","40","N"," ","TE IRIRANGI ON NBD","201434383","12/04/2014","Sat","0820","EC","4S1","131A 631A 820 ","GX","M","D","B ","F "," "," ","C","100","0","0","0","","","1767602","5905351",
"Auckland","1N/431/15.949","100","N"," ","TE IRIRANGI OBR","201433160","25/03/2014","Tue","0712","FD","CN1CCC","181A 331A 181B 181C ","","R","D","O ","F "," "," ","C","100","0","0","0","","","1767679","5905150",
"Auckland","1N/431/15.999","50","N"," ","TE IRIRANGI OBR","201411829","03/04/2014","Thu","0700","FD","VN1CC","181A ","","R","D","BF","F "," ","N","C","100","0","0","1","","","1767697","5905104",
"Auckland","1N/431/16.072","20","S"," ","TE IRIRANGI OBR","201412987","30/05/2014","Fri","1828","FD","CS14","181A ","","R","D","DO","F "," "," ","C","100","0","0","2","","","1767735","5905044",
"Auckland","1N/431/16.175","500","S"," ","TE IRIRANGI OFF SBD","201411147","18/03/2014","Tue","1548","FA","VS1C","181A ","","R","D","B ","F "," "," ","C","100","0","0","1","","","1767773","5904949",
"Auckland","1N/431/16.398","100","N"," ","MANUKAU OFF SBD","201431889","21/02/2014","Fri","1557","FD","CS1C","181A ","","R","D","BF","F "," ","N","C","100","0","0","0","","","1767855","5904741",
"Auckland","1N/431/16.521","300","N"," ","REDOUBT OBR","201431595","28/01/2014","Tue","0731","CA","CN1C","132A 181A 197A ","","R","D","B ","F "," "," ","C","100","0","0","0","","","1767886","5904617",
"Auckland","1N/431/16.571","250","N"," ","REDOUBT OBR","201431798","08/02/2014","Sat","1659","AA","CN1","130A 372A 671A ","G","R","D","B ","F "," "," ","N","100","0","0","0","","","1767903","5904570",
"Auckland","1N/431/16.675",""," ","I","1 LINK 20 SBD","201435110","05/04/2014","Sat","1042","KA","CS1T","302A ","","R","D","B ","F ","T","G","C","100","0","0","0","","","1767952","5904482",
"Auckland","1N/431/16.727","100","N"," ","REDOUBT OBR","201433899","17/04/2014","Thu","1747","FD","CS1CC","181A 181B ","","R","D","B ","F "," "," ","C","100","0","0","0","","","1767971","5904433",
"Auckland","1N/448/0.013",""," ","A","REDOUBT OBR","201436591","21/05/2014","Wed","1523","AA","TS1C","362A 372A 386A 801 ","G","R","W","O ","L "," "," ","C","100","0","0","0","","","1768007","5904340",
"Auckland","1N/448/1.362","500","N"," ","ORAMS OBR","201437263","09/06/2014","Mon","0605","CC","CN1","501A ","G","R","W","DO","F "," ","N","R","100","0","0","0","","","1768581","5903130",
"Auckland","1N/448/1.362","500","N"," ","ORAMS OBR","201411611","17/03/2014","Mon","0520","AD","VN1","111A 131A ","G","E","W","DO","M "," ","N","N","100","0","0","1","","","1768581","5903130",
"Auckland","1N/448/1.802","60","N"," ","ORAMS OBR","201438621","10/06/2014","Tue","2132","DA","CN1","111A 131A 191A 402A 800 ","G","E","W","DO","F "," "," ","C","100","0","0","0","","","1768819","5902761",
"Auckland","1N/448/1.862",""," ","A","ORAMS OBR","201431670","03/02/2014","Mon","0926","EC","CN1","827 ","X","E","D","B ","F "," "," ","C","100","0","0","0","","","1768859","5902716",
"Auckland","1N/448/1.974","120","S"," ","ORAMS OBR","201432978","21/03/2014","Fri","0707","FD","CS1C","181A 331A 402A ","","R","D","TO","F "," "," ","C","100","0","0","0","","","1768966","5902648",
"Auckland","1N/448/2.403","400","N"," ","MANUREWA OFF SBD","201432857","18/02/2014","Tue","1628","FD","TS1C","181A 331A ","P","R","D","B ","F "," "," ","C","100","0","0","0","","","1769297","5902375",
"Auckland","1N/448/2.496","300","N"," ","MANUREWA ON NBD","201431873","04/03/2014","Tue","1125","QG","VN1","682A ","","R","D","BF","F "," ","N","R","100","0","0","0","","","1769340","5902304",
"Auckland","1N/448/2.603","200","N"," ","MANUREWA OFF SBD","201437262","09/06/2014","Mon","1754","AC","TN1C","372A 671A ","","R","W","DO","L "," ","N","R","100","0","0","0","","","1769421","5902220",
"Auckland","1N/448/2.85","200","N"," ","HILL OBR","201431018","29/01/2014","Wed","1710","FD","CN1C","181A ","","R","D","B ","F "," ","N","R","100","0","0","0","","","1769503","5901992",
"Auckland","1N/448/2.994","50","N"," ","HILL OBR","201435976","16/05/2014","Fri","1435","FD","CS1O","181A ","","R","D","BF","F "," ","N","R","100","0","0","0","","","1769573","5901859",
"Auckland","1N/448/2.994","50","N"," ","HILL OBR","201431999","21/03/2014","Fri","1430","FD","CS1C","181A ","","R","D","BF","F "," ","N","R","100","0","0","0","","","1769573","5901859",
"Auckland","1N/448/3.144","100","S"," ","HILL OBR","201438632","10/06/2014","Tue","1821","FD","CS1CC","181A 331A 181B ","","R","D","O ","F "," "," ","N","100","0","0","0","","","1769633","5901722",
"Auckland","1N/448/3.144","100","S"," ","HILL OBR","201435006","24/04/2014","Thu","1356","FD","CS1C","132A 181A ","","R","D","B ","F "," ","N","C","100","0","0","0","","","1769633","5901722",
"Auckland","1N/448/3.15","100","S"," ","HILL OBR","201435977","16/05/2014","Fri","1426","FD","CN1C","181A ","","R","D","BF","F "," ","N","R","100","0","0","0","","","1769616","5901715",
"Auckland","1N/448/3.736","50","E"," ","ALFRISTON OBR","201433712","28/03/2014","Fri","0230","CB","CS1","130A 410A ","PS","R","D","DO","F "," "," ","C","100","0","0","0","","","1769886","5901187",
"Auckland","1N/448/4.679","750","N"," ","TAKANINI OFF SBD","201411592","11/02/2014","Tue","1504","AA","CS14C","181A 197A ","","R","D","BF","F "," ","N","C","100","0","0","1","","","1769902","5900247",
"Auckland","1N/448/4.686","1000","S"," ","ALFRISTON OBR","201430021","01/01/2014","Wed","2105","QG","CS1","131A 687A ","G","E","D","DO","F "," ","N","C","100","0","0","0","","","1769902","5900240",
"Auckland","1N/448/4.692","1000","S"," ","ALFRISTON OBR","201430377","21/01/2014","Tue","1421","EO","TN1","666A 682A ","P","R","D","O ","F "," ","N","C","100","0","0","0","","","1769886","5900233",
"Auckland","1N/448/5.379","50","N"," ","TAKANINI OFF SBD","201437135","31/05/2014","Sat","1043","FD","CS14C4","181A ","","R","D","BF","F "," ","N","N","100","0","0","0","","","1769893","5899547",
"Auckland","1N/448/5.399","30","N"," ","TAKANINI OFF SBD","201412352","14/04/2014","Mon","1750","FD","CS14","181A 331A 191B ","","R","D","DO","F "," "," ","C","100","0","0","2","","","1769892","5899527",
"Auckland","1N/448/5.409","20","N"," ","TAKANINI OFF SBD","201412069","25/04/2014","Fri","1028","FD","CS1C","181A 191B ","","R","W","O ","F "," ","N","N","100","0","0","1","","","1769892","5899517",
"Auckland","1N/448/5.411","130","N"," ","GT SOUTH OBR","201437134","30/05/2014","Fri","1905","FD","CS1CV","181A ","","R","D","DO","F "," ","N","R","100","0","0","0","","","1769892","5899515",
"Auckland","1N/448/5.469","40","S"," ","TAKANINI OFF SBD","201433853","18/04/2014","Fri","1513","FD","CS14","181A 191B ","","R","D","B ","F "," "," ","C","100","0","0","0","","","1769891","5899457",
"Auckland","1N/448/5.478","50","N"," ","GT SOUTH OBR","201431827","28/02/2014","Fri","1100","AC","TN1C","372A 671A ","","R","D","BF","F "," ","N","C","100","0","0","0","","","1769880","5899447",
"Auckland","1N/448/5.628",""," ","I","TAKANINI ON NBD","201433568","11/04/2014","Fri","0542","FD","CN2C","181A ","","M","W","DO","F ","Y","T","N","100","0","0","0","","","1769879","5899296",
"Auckland","1N/448/5.628",""," ","I","TAKANINI ON NBD","201430151","30/01/2014","Thu","1816","AA","TN1C","372A ","","R","D","OF","F ","T","N","C","100","0","0","0","","","1769879","5899296",
"Auckland","1N/448/5.683","800","N"," ","WALTER STREVENS OBR","201432001","05/01/2014","Sun","1321","FD","CN1C","112A 331A 402A ","","R","W","OF","H "," ","N","N","100","0","0","0","","","1769879","5899242",
"Auckland","1N/448/6.463","20","N"," ","WALTER STREVENS OBR","201430658","12/02/2014","Wed","0852","FD","CN1C","181A ","","R","W","B ","F "," ","N","C","100","0","0","0","","","1770088","5898508",
"Auckland","1N/448/6.582","100","S"," ","WALTER STREVENS OBR","201411768","24/03/2014","Mon","0839","FD","CN1CC","181A 181B ","","R","D","B ","F "," "," ","C","100","0","0","1","","","1770142","5898401",
"Auckland","1N/448/6.682","200","S"," ","WALTER STREVENS OBR","201432988","17/03/2014","Mon","0644","FD","CN1V4","331A ","","E","D","TO","F "," "," ","C","100","0","0","0","","","1770188","5898313",
"Auckland","1N/448/6.782","300","S"," ","WALTER STREVENS OBR","201436225","14/05/2014","Wed","1617","CC","CN1","130A 801 806 ","G","R","W","TF","L "," "," ","C","100","0","0","0","","","1770234","5898224",
"Auckland","1N/448/8.077","2000","N"," ","PAPAKURA ON NBD","201413687","19/06/2014","Thu","0720","FD","VN1T","331A 500A 800 ","","R","W","O ","F "," "," ","C","100","0","0","1","","","1770828","5897073",
"Auckland","1N/448/8.277","1800","N"," ","BEACH ROAD","201436735","28/05/2014","Wed","0856","FD","CN14","181A 331A ","","R","W","B ","F "," ","N","C","100","0","0","0","","","1770920","5896895",
"Auckland","1N/448/9.031","1000","N"," ","BEACH OBR","201437086","28/05/2014","Wed","1713","QG","4N1CC","682A ","","R","D","TO","F "," "," ","C","100","0","0","0","","","1771188","5896193",
"Auckland","1N/448/9.431","600","N"," ","BEACH OBR","201411711","14/03/2014","Fri","0613","FD","4N14CC","181A 181B 181C 181D ","","R","D","DO","F "," "," ","N","100","0","0","1","","","1771300","5895809",
"Auckland","1N/448/9.531","500","N"," ","BEACH OBR","201432047","14/02/2014","Fri","0639","FD","VN1CC","181A 331A ","","R","D","B ","F "," "," ","C","100","0","0","0","","","1771328","5895713",
"Auckland","1N/448/9.731","300","N"," ","BEACH OBR","201430885","04/03/2014","Tue","1429","QG","TN1","137A 181A ","GV","R","D","BF","F "," ","N","R","100","0","0","0","","","1771384","5895521",
"Auckland","1N/448/9.742",""," ","I","PAPAKURA OFF SBD","201412233","01/04/2014","Tue","1755","BA","CS1C","130A 500A ","","R","D","B ","F ","T","N","C","050","0","0","1","","","1771402","5895512",
"Auckland","1N/448/9.742",""," ","I","PAPAKURA OFF SBD","201435070","28/04/2014","Mon","1212","AA","TS1C","372A 381A ","","E","D","B ","F ","T","T","R","050","0","0","0","","","1771402","5895512",
"Auckland","1N/448/9.981","50","N"," ","BEACH OBR","201411514","09/03/2014","Sun","1622","FD","CN1C","181A ","","R","D","BF","F "," ","N","C","100","0","0","1","","","1771455","5895281",
"Auckland","1N/448/10.027","50","N"," ","PAPAKURA ON NBD","201433173","07/03/2014","Fri","0709","FD","CN1VV4","181A 181B 181C 181D ","","R","D","B ","F "," "," ","C","100","0","0","0","","","1771468","5895237",
"Auckland","1N/448/10.051","20","S"," ","BEACH OBR","201436382","11/05/2014","Sun","1706","FD","CN14","181A ","","R","D","BF","F "," ","N","C","100","0","0","0","","","1771474","5895214",
"Auckland","1N/448/10.071","40","S"," ","BEACH OBR","201431647","23/01/2014","Thu","0821","FD","CN1C","181A ","","R","D","B ","F "," "," ","C","100","0","0","0","","","1771480","5895195",
"Auckland","1N/448/10.531","500","S"," ","BEACH OBR","201410641","25/02/2014","Tue","0811","FD","CN1VC","181A 331A ","","R","D","B ","F "," ","N","C","100","0","0","1","","","1771614","5894755",
"Auckland","1N/448/10.631","600","S"," ","BEACH OBR","201436734","28/05/2014","Wed","0759","FD","CN1VC","181A 353A ","","R","W","B ","F "," ","N","C","100","0","0","0","","","1771652","5894663",
"Auckland","1N/448/11.287","130","N"," ","PARK ESTATE OBR","201411127","28/01/2014","Tue","1635","CB","CS1","103A 410A ","T","R","D","B ","F "," "," ","C","100","0","0","1","","","1772001","5894100",
"Auckland","1N/448/11.347","70","N"," ","PARK ESTATE OBR","201435980","28/03/2014","Fri","1308","CC","TS1","136A 631A ","G","R","D","BF","F "," ","N","R","100","0","0","0","","","1772033","5894050",
"Auckland","1N/448/11.417",""," ","A","PARK ESTATE OBR","201433989","02/04/2014","Wed","0125","CC","CS1","112A 130A ","G","R","D","DO","F "," ","N","C","100","0","0","0","","","1772071","5893991",
"Auckland","1N/448/11.831","1500","S"," ","PAPAKURA OFF NBD","201435982","05/05/2014","Mon","0713","FD","VN1C","181A ","","R","D","BF","F "," ","N","R","100","0","0","0","","","1772275","5893638",
"Auckland","1N/448/11.932","2000","N"," ","DRURY ON NBD","201433892","21/04/2014","Mon","1354","FD","CN1C","181A 191B ","","R","D","B ","F "," "," ","C","100","0","0","0","","","1772330","5893553",
"Auckland","1N/448/13.201","1000","N"," ","KARAKA OBR","201434291","06/03/2014","Thu","1841","FA","CN1CC","177A 181A 357A 512A 357B ","GP","R","D","O ","F "," "," ","C","100","0","0","0","","","1772818","5892404",
"Auckland","1N/448/13.597","150","N"," ","BREMNER OBR","201430964","26/02/2014","Wed","1349","QG","VN1","130A ","G","E","D","BF","F "," ","N","R","100","0","0","0","","","1772851","5892009",
"Auckland","1N/448/13.697","50","N"," ","BREMNER OBR","201438616","12/06/2014","Thu","0815","CA","TN1","410A ","G","R","D","O ","F "," "," ","C","100","0","0","0","","","1772862","5891910",
"Auckland","1N/448/13.732","200","N"," ","DRURY ON NBD","201437520","31/05/2014","Sat","1250","CB","CN1","103A ","P","R","D","O ","F "," "," ","C","100","0","0","0","","","1772866","5891875",
"Auckland","1N/461/0.191",""," ","I","DRURY ON SBD","201413207","04/05/2014","Sun","0300","CB","CS1","112A 514A ","G","R","D","DO","F ","T","N","C","100","0","0","4","","","1772960","5891261",
"Auckland","1N/461/8.156","2000","N"," ","MILL ON NBD","201435005","24/03/2014","Mon","0900","FA","CN1C","129A 190A ","","R","D","B ","F "," ","N","C","100","0","0","0","","","1776138","5884131",
"Auckland","1N/461/8.427","2000","N"," ","MILL OBR","201431828","13/03/2014","Thu","1320","EC","TN1","827 ","D","R","D","BF","F "," ","N","R","100","0","0","0","","","1776026","5883884",
"Auckland","1N/461/10.056","100","N"," ","MILL ON NBD","201435142","13/02/2014","Thu","2000","FD","CN1C","181A 191B ","","R","D","B ","F "," ","N","C","100","0","0","0","","","1775878","5882307",
"Auckland","1N/461/10.117","50","N"," ","MILL OFF SBD","201432808","17/03/2014","Mon","1015","FD","CN1C","181A 352A ","","R","D","O ","F "," "," ","C","100","0","0","0","","","1775901","5882261",
"Auckland","1N/461/10.256","100","S"," ","MILL ON NBD","201435063","02/04/2014","Wed","0841","FA","4N1C","110A 181A ","","R","D","B ","F "," ","N","N","100","0","0","0","","","1775917","5882110",
"Auckland","1N/461/10.377","50","N"," ","MILL OBR","201436314","17/03/2014","Mon","0719","CC","4N1","136A 652A ","G","R","D","BN","F "," ","N","N","100","0","0","0","","","1775946","5881993",
"Auckland","1N/461/11.023","10","N"," ","GREAT SOUTH ROAD","201412097","14/04/2014","Mon","1750","FD","VS14CC","112A 181A 191C ","","R","D","O ","F ","T","N","C","100","0","0","2","","","1776291","5881463",
"Auckland","1N/461/11.033",""," ","I","GREAT SOUTH ROAD","201430498","25/01/2014","Sat","1720","FB","CW1C","181A ","","R","D","B ","F ","X","G","C","050","0","0","0","","","1776297","5881455",
"Auckland","20/0/0.128","30","W"," ","GREAT SOUTH OBR","201430748","13/02/2014","Thu","1830","EC","TW1","820 ","D","R","D","BF","F "," ","N","R","080","0","0","0","","","1767757","5903919",
"Auckland","20/0/0.198","100","W"," ","GREAT SOUTH OBR","201434684","29/03/2014","Sat","1119","AC","TW1C","372A 671A ","","R","D","BF","F "," ","N","R","100","0","0","0","","","1767687","5903918",
"Auckland","20/0/0.371","400","E"," ","WIRI STATION OBR","201411839","10/03/2014","Mon","1700","FD","TE1C4C","331A 358A ","","R","D","OF","F "," ","N","C","100","0","0","3","","","1767517","5903934",
"Auckland","20/0/0.471","300","E"," ","WIRI STATION OBR","201412284","23/03/2014","Sun","0238","DA","CE1","103A 111A ","G","M","D","DO","F "," ","N","C","100","0","1","0","","","1767417","5903935",
"Auckland","20/0/0.989","50","E"," ","LAMBIE OBR","201411129","28/02/2014","Fri","1428","CB","CE1","410A ","CP","R","D","B ","F "," "," ","C","100","0","0","1","","","1766900","5903900",
"Auckland","20/0/1.012",""," ","I","LAMBIE ON EBD","201433259","25/03/2014","Tue","1755","AA","CE1T","372A ","","R","D","BF","F ","Y","N","R","100","0","0","0","","","1766877","5903897",
"Auckland","20/0/1.029","10","E"," ","LAMBIE OBR","201436105","28/02/2014","Fri","1730","FD","CE1C","181A ","","R","D","B ","F "," "," ","R","100","0","0","0","","","1766861","5903895",
"Auckland","20/0/1.08","50","W"," ","LAMBIE OBR","201436897","15/05/2014","Thu","1530","AA","CW1T","372A 501A ","","R","D","B ","F "," "," ","C","100","0","0","0","","","1766808","5903873",
"Auckland","20/0/1.43","400","W"," ","LAMBIE OBR","201433898","17/04/2014","Thu","1815","QG","CW1","682A 683A ","","E","D","DN","F "," "," ","C","100","0","0","0","","","1766461","5903824",
"Auckland","20/0/1.447",""," ","I","LAMBIE ON WBD","201437349","12/06/2014","Thu","1750","AC","CW1C","330A 350A ","","R","D","BF","F ","Y","N","R","100","0","0","0","","","1766444","5903822",
"Auckland","20/0/1.501","100","E"," ","LAMBIE OFF EBD","201412749","04/04/2014","Fri","0634","CB","CE1","137A ","G","R","D","ON","F "," ","N","C","100","0","0","1","","","1766393","5903832",
"Auckland","20/0/1.651","50","W"," ","LAMBIE OFF EBD","201437085","04/06/2014","Wed","0530","AC","CE1T","372A ","G","R","D","DO","F "," "," ","C","100","0","0","0","","","1766244","5903814",
"Auckland","20/0/1.677","50","E"," ","PLUNKET OBR","201433175","25/03/2014","Tue","0930","AD","VW1CCC","112A 130A ","","R","D","B ","F "," "," ","C","100","0","0","0","","","1766216","5903797",
"Auckland","20/0/3.33",""," ","I","PUHINUI ON SBD","201433891","25/02/2014","Tue","1142","KB","TS1V","303B ","","R","D","O ","F ","T","N","N","100","0","0","0","","","1764590","5903853",
"Auckland","20/0/3.567",""," ","I","ROSCOMMON ON NBD","201437837","10/06/2014","Tue","0821","AC","TN1C","372A ","","E","W","O ","H ","T","N","C","050","0","0","0","","","1764380","5903952",
"Auckland","20/0/4.26","240","N"," ","PUHINUI OBR","201437133","31/05/2014","Sat","1513","CA","4S1CC","136A 668A ","DD","R","D","BF","F "," ","N","R","100","0","0","0","","","1763895","5904455",
"Auckland","20/0/5.895","100","N"," ","PORTAGE OBR","201437543","30/05/2014","Fri","0638","FD","CS14C","181A ","","R","W","DO","F "," "," ","N","100","0","0","0","","","1762770","5905639",
"Auckland","20/0/6.766","520","S"," ","MASSEY OBR","201411089","08/02/2014","Sat","1928","MC","VN1C","197A 101B 372B 402B ","","R","D","B ","F "," "," ","C","100","0","0","1","","","1762121","5906208",
"Auckland","20/0/7.035","30","S"," ","MASSEY ON SBD","201431643","24/01/2014","Fri","2116","AC","CS1C","159A ","","R","D","DO","F "," "," ","N","100","0","0","0","","","1761919","5906395",
"Auckland","20/0/7.177","100","S"," ","MASSEY OBR","201437265","24/05/2014","Sat","1145","AA","CS1C","372A ","","R","D","OF","F "," ","N","R","100","0","0","0","","","1761809","5906486",
"Auckland","20/0/7.277",""," ","A","MASSEY OBR","201412100","29/03/2014","Sat","0400","DA","CS1","111A 131A ","","E","D","DO","F ","M","T","N","050","0","0","1","","","1761732","5906550",
"Auckland","20/0/7.277",""," ","I","MASSEY OBR","201430491","06/02/2014","Thu","0930","GE","CE1C","173B ","","R","D","O ","F ","M","T","R","050","0","0","0","","","1761732","5906550",
"Auckland","20/0/7.477","200","N"," ","MASSEY OBR","201412803","01/05/2014","Thu","1619","FD","CS1C","110A 181A 191B ","","E","D","O ","F "," "," ","C","100","0","0","1","","","1761573","5906672",
"Auckland","20/0/7.686","400","N"," ","MASSEY OBR","201435771","15/05/2014","Thu","1822","FA","CN1C","181A 331A ","","E","D","DO","F "," "," ","C","100","0","0","0","","","1761398","5906776",
"Auckland","20/0/7.877","300","N"," ","MASSEY ON NBD","201436589","24/05/2014","Sat","1755","AA","CN1C","330B 372B ","","R","D","DO","F "," "," ","C","100","0","0","0","","","1761242","5906885",
"Auckland","20/0/8.286","100","S"," ","BADER OBR","201437261","09/06/2014","Mon","1707","FD","CN1C","181A ","","R","W","DO","L "," ","N","R","100","0","0","0","","","1760907","5907121",
"Auckland","20/0/8.526","150","N"," ","BADER OBR","201411605","19/02/2014","Wed","0211","DB","VS1T","410A ","Q","M","D","DO","F "," ","N","N","100","0","1","0","","","1760718","5907278",
"Auckland","20/0/8.586","200","N"," ","BADER OBR","201413001","24/05/2014","Sat","1703","AG","VN1CC","103A 112A ","GP","R","D","BF","F "," ","N","C","100","0","0","1","","","1760662","5907293",
"Auckland","20/0/9.446","100","S"," ","WALMSLEY ON SBD","201432104","09/03/2014","Sun","2003","CB","CS1","103A 112A ","G","R","D","O ","F "," ","N","C","100","0","0","0","","","1760176","5908013",
"Auckland","20/0/9.649","100","S"," ","HALL FTBR","201413698","10/06/2014","Tue","1741","FA","CN1C","181A 191A 331A 801 ","","R","W","DO","L "," "," ","C","100","0","0","1","","","1760069","5908143",
"Auckland","20/10/0.392","20","S"," ","CORONATION OFF NBD","201430981","07/02/2014","Fri","1530","EC","TN1","820 ","S","R","D","ON","F "," ","N","R","100","0","0","0","","","1759896","5908599",
"Auckland","20/10/0.453","100","S"," ","WALMSLEY OBR","201434718","05/05/2014","Mon","1810","FD","CN1CCC","181A ","","R","W","DO","L "," ","N","R","100","0","0","0","","","1759876","5908656",
"Auckland","20/10/0.562","150","N"," ","CORONATION OFF NBD","201430929","28/02/2014","Fri","1741","FD","CN1CC","181A ","","R","D","BF","F "," ","N","N","100","0","0","0","","","1759840","5908759",
"Auckland","20/10/1.403","850","N"," ","WALMSLEY OBR","201413052","18/05/2014","Sun","1503","CC","CS1","129A 350A ","","R","D","OF","F "," ","N","R","100","0","0","1","","","1759632","5909573",
"Auckland","20/10/1.986","100","S"," ","RIMU OBR","201433997","10/03/2014","Mon","1620","AA","CN1C","372A ","","R","D","B ","F "," ","N","C","080","0","0","0","","","1759476","5910136",
"Auckland","20/10/2.036","50","S"," ","RIMU OBR","201435062","16/04/2014","Wed","1824","FD","CN1C","181A 330A ","","E","D","DO","F "," ","N","C","100","0","0","0","","","1759464","5910184",
"Auckland","20/10/2.116","30","N"," ","RIMU OBR","201410091","08/02/2014","Sat","2209","CB","CS1","104A 133A 431A ","GX","R","D","DO","F "," "," ","C","100","0","0","1","","","1759459","5910265",
"Auckland","20/10/2.286","200","N"," ","RIMU OBR","201435635","21/04/2014","Mon","0712","FA","CN1C","112A 181A 331A 402A 801 904 ","","R","W","O ","M "," "," ","C","100","0","0","0","","","1759404","5910427",
"Auckland","20/10/2.396","310","N"," ","RIMU OBR","201412541","03/05/2014","Sat","1308","AA","CN1C","177A 372A 386A ","GT","R","D","B ","F "," "," ","C","100","0","0","1","","","1759378","5910534",
"Auckland","20/10/2.614","150","N"," ","RIMU OFF SBD","201411603","23/03/2014","Sun","0750","FD","CS1C","181A ","","R","W","OF","L "," ","N","C","100","0","0","1","","","1759341","5910749",
"Auckland","20/10/2.886","800","N"," ","RIMU OBR","201412563","29/04/2014","Tue","1800","FD","CN1CC","181A 191B 191C ","","R","D","DO","F "," "," ","C","100","0","0","1","","","1759251","5911007",
"Auckland","20/10/3.248","300","S"," ","ONEHUNGA ON SBD","201433955","16/01/2014","Thu","1555","FA","CS1T","110A 181A 330A ","","E","D","O ","F "," ","N","C","100","0","0","0","","","1759074","5911313",
"Auckland","20/10/3.348","200","S"," ","ONEHUNGA ON SBD","201435429","08/04/2014","Tue","1058","QG","CS1","665A 688A ","G","R","D","BF","F "," ","N","N","100","0","0","0","","","1759002","5911383",
"Auckland","20/10/3.398","150","S"," ","ONEHUNGA ON SBD","201410728","18/03/2014","Tue","0831","FD","CN14","181A 191B ","","R","D","B ","F "," ","N","N","100","0","0","2","","","1758964","5911415",
"Auckland","20/10/3.548",""," ","I","ONEHUNGA ON SBD","201413238","07/06/2014","Sat","0450","AD","CS1CT","103A 151A 410A ","","R","D","DO","F ","T","N","N","100","0","0","1","","","1758844","5911505",