"TLA NAME","CRASH ROAD","CRASH DIST","CRASH DIRN","INTSN","SIDE ROAD","CRASH ID","CRASH DATE","CRASH DOW","CRASH TIME","MVMT","VEHICLES","CAUSES","OBJECTS STRUCK","ROAD CURVE","ROAD WET","LIGHT","WTHRa","JUNC TYPE","TRAF CTRL","ROAD MARK","SPD LIM","CRASH FATAL CNT","CRASH SEV CNT","CRASH MIN CNT","PERS AGE1","PERS AGE2","EASTING","NORTHING"
"Auckland","20/10/3.753","100","S"," ","ONEHUNGA ON NBD","201436746","27/05/2014","Tue","0901","FD","CN1CV","181A 191B ","","R","D","B ","F "," ","N","C","100","0","0","0","","","1758643","5911597",
"Auckland","20/10/3.803","50","S"," ","ONEHUNGA ON NBD","201431869","24/02/2014","Mon","0807","CB","TN1","137A 181A ","","R","D","BF","F "," ","N","R","100","0","0","0","","","1758601","5911623",
"Auckland","20/10/4.205","50","N"," ","ONEHUNGA OFF SBD","201430621","10/02/2014","Mon","0820","FD","CN1C","181A 350A ","","R","D","B ","F "," ","N","C","100","0","0","0","","","1758281","5911842",
"Auckland","20/10/4.252","750","E"," ","QUEENSTOWN ON SBD","201410666","02/03/2014","Sun","0953","CC","CS1","197A 407A ","","R","D","B ","F "," ","N","C","100","0","0","1","","","1758241","5911869",
"Auckland","20/10/4.519","200","S"," ","QUEENSTOWN OFF NBD","201410965","08/01/2014","Wed","1159","CC","TN1","136A 631A ","G","R","D","BF","F "," ","N","N","100","0","0","1","","","1758003","5912016",
"Auckland","20/10/4.619","100","S"," ","QUEENSTOWN OFF NBD","201432004","07/02/2014","Fri","2014","AC","CN1C","372A ","","R","D","DO","F "," ","N","C","100","0","0","0","","","1757920","5912072",
"Auckland","20/10/4.952","50","S"," ","QUEENSTOWN ON SBD","201430935","28/02/2014","Fri","0255","CB","CS1","103A ","S","R","D","DO","F "," ","N","R","100","0","0","0","","","1757653","5912247",
"Auckland","20/10/4.992","10","E"," ","QUEENSTOWN ON SBD","201430697","07/02/2014","Fri","1400","FD","TE1CC","181A ","","R","D","B ","F ","T","N","C","050","0","0","0","","","1757618","5912266",
"Auckland","20/10/5.294","100","N"," ","QUEENSTOWN OBR","201437770","10/06/2014","Tue","1636","EC","CN1","801 ","D","R","W"," O","L "," "," "," ","100","0","0","0","","","1757328","5912395",
"Auckland","20/10/5.394","200","W"," ","QUEENSTOWN OBR","201431830","03/02/2014","Mon","1735","FF","CW1V","181A ","","R","D","BF","F "," ","N","R","100","0","0","0","","","1757243","5912447",
"Auckland","20/10/5.763","380","E"," ","HILLSBOROUGH OBR","201430569","01/02/2014","Sat","1458","QF","4S1","668A 669A ","","R","D","B ","F "," "," ","C","100","0","0","0","","","1756975","5912684",
"Auckland","20/10/6.43",""," ","I","HILLSBOROUGH ON WBD","201437330","12/06/2014","Thu","1729","AA","CW1C","372A ","","E","W","DO","L ","Y","N","N","100","0","0","0","","","1756350","5912952",
"Auckland","20/17/1.297","300","S"," ","DOMINION OBR","201430620","10/02/2014","Mon","0800","FD","CE1C","181A ","","E","D","B ","F "," ","N","C","100","0","0","0","","","1754968","5913559",
"Auckland","20/17/1.365","100","N"," ","LAMBIE ON WBD","201430896","23/02/2014","Sun","0441","CA","TW1","136A 631A ","G","R","D","DO","F "," ","N","R","100","0","0","0","","","1754905","5913589",
"Auckland","20/17/1.445","20","S"," ","DOMINION ON WBD","201430678","01/02/2014","Sat","1515","CB","CW1","129A 350A ","PS","R","D","B ","F ","T","T","R","100","0","0","0","","","1754832","5913620",
"Auckland","20/17/1.447","150","N"," ","DOMINION OBR","201431870","24/02/2014","Mon","0725","FD","CS14V","331A 363A 902 ","","R","D","BF","F "," ","N","R","100","0","0","0","","","1754837","5913631",
"Auckland","20/17/2.375","200","S"," ","MAIORO OFF WBD","201430312","13/01/2014","Mon","1814","AA","CW1C","372A 386A ","G","R","D","O ","F "," ","N","C","080","0","0","0","","","1754022","5914064",
"Auckland","20/17/2.575",""," ","I","MAIORO OFF WBD","201437907","15/06/2014","Sun","0148","DA","CW1","131A 514A 517A ","B","S","D","DO","F ","T","T","C","050","0","0","0","","","1753859","5914180",
"Auckland","20A/0/1.152","100","S"," ","BADER OBR","201437332","12/06/2014","Thu","1745","FD","CN1X","102A 181A ","","R","D","DO","F "," ","N","R","100","0","0","0","","","1759837","5907280",
"Auckland","20A/0/2.095",""," ","I","KIRKBRIDE ROAD","201410947","23/02/2014","Sun","0559","LB","CN1C","323B ","","R","W","DO","L ","X","T","R","050","0","0","2","","","1759265","5906547",
"Auckland","20A/0/2.095",""," ","I","KIRKBRIDE ROAD","201436172","09/05/2014","Fri","1200","FA","CE1C","181A 191B ","","R","D","O ","F ","X","T","C","050","0","0","0","","","1759265","5906547",
"Auckland","20A/0/3.336","150","S"," ","MONTGOMERIE ROAD","201435790","11/04/2014","Fri","0728","CC","CS1","130A ","FG","R","W","B ","F "," "," ","C","100","0","0","0","","","1758848","5905425",
"Auckland","20A/0/4.487",""," ","I","IHUMATAO ROAD","201411819","22/03/2014","Sat","1416","LB","CN1C","303B 361B 375B ","","R","D","BF","F ","T","S","R","050","0","0","3","","","1758935","5904301",
"Auckland","20A/0/4.988",""," ","I","JOHN GOULTER DRIVE","201437127","16/05/2014","Fri","1845","GC","CS1T","171B ","","R","D","DO","F ","R","G","R","050","0","0","0","","","1759057","5903829",
"Auckland","20A/0/4.988",""," ","I","JOHN GOULTER DRIVE","201436353","28/03/2014","Fri","0740","GF","CS1V","171B ","","E","D","OF","F ","R","G","R","050","0","0","0","","","1759057","5903829",
"Auckland","20B/0/0.1",""," ","I","PUHINUI ON NBD","201432093","31/01/2014","Fri","2233","GF","CW1C","124A 159A 184A 170B 184B ","","E","D","DO","F ","T","T"," ","060","0","0","0","","","1763993","5904256",
"Auckland","20B/0/0.406","180","W"," ","SELFS ROAD","201430791","29/01/2014","Wed","1052","AC","TW1V","372A 671A ","","R","D","BF","F "," ","N","C","100","0","0","0","","","1763709","5904141",
"Auckland","20B/0/0.998","200","E"," ","PRICES ROAD","201432883","12/03/2014","Wed","0820","FD","CW1CC","181A 181B ","","R","D","B ","F "," "," ","C","080","0","0","0","","","1763160","5903920",
"Auckland","20B/0/1.198",""," ","I","PRICES ROAD","201411520","31/01/2014","Fri","1630","FD","4E1CV","331A 352A ","","E","D","BF","F ","T","S","P","080","0","0","2","","","1762976","5903844",
"Auckland","20B/0/1.738",""," ","I","CAMPANA ROAD","201431034","08/01/2014","Wed","1410","GD","CW1C","137A 181A 333A ","P","R","D","B ","F ","T","N","L","100","0","0","0","","","1762480","5903638",
"Auckland","20B/0/1.938","200","W"," ","CAMPANA ROAD","201432454","03/02/2014","Mon","0555","AC","CW1C","153A 155A 159A ","V","R","D","DO","F "," "," ","L","100","0","0","0","","","1762294","5903563",
"Auckland","20B/0/2.067","200","E"," ","ORRS ROAD","201434111","15/04/2014","Tue","0845","FD","CW1CC","181A 331A 350A ","","R","D","OF","F "," ","N","C","100","0","0","0","","","1762175","5903514",
"Auckland","22/0/0.201",""," ","I","DRURY OFF SBD","201431803","16/03/2014","Sun","0305","FE","CS2C","112A 181A ","","R","W","DO","LS","T","T","C","070","0","0","0","","","1773031","5891470",
"Auckland","22/0/2.064","100","W"," ","JESMOND ROAD","201434553","26/04/2014","Sat","0130","DA","CW1","111A 131A ","FP","E","W","DO","L "," ","N","C","100","0","0","0","","","1771892","5890140",
"Auckland","22/0/2.064","100","W"," ","JESMOND ROAD","201437220","16/03/2014","Sun","0809","DA","CE1","131A 402A ","F","E","W","OF","L "," ","N","L","100","0","0","0","","","1771892","5890140",
"Auckland","22/0/2.993","120","W"," ","OIRA ROAD","201412038","12/04/2014","Sat","0045","DB","CW1","104A 111A ","FT","E","D","DO","F "," ","N","C","100","0","0","1","","","1770994","5889943",
"Auckland","22/0/3.593","100","E"," ","WOODLYN DRIVE","201436411","22/04/2014","Tue","0825","FD","CW1T","181A ","","E","W","BF","F "," ","N","L","100","0","0","0","","","1770459","5889678",
"Auckland","22/0/4.026","220","E"," ","BYCROFT ROAD","201432709","07/02/2014","Fri","2003","BF","CW1T","110A 131A 800 801 ","","M","W","O ","L "," "," ","L","100","0","0","0","","","1770034","5889688",
"Auckland","22/0/4.346","100","W"," ","BYCROFT ROAD","201434631","20/04/2014","Sun","1920","DA","CE1","111A 131A ","G","M","W","DO","L "," ","N","L","100","0","0","0","","","1769723","5889640",
"Auckland","22/0/4.486","240","W"," ","BYCROFT ROAD","201400010","13/01/2014","Mon","1525","BF","CE1C4","410A ","GCG","E","W","OF","L "," ","N","L","100","1","1","0","","","1769583","5889642",
"Auckland","22/0/4.664","350","E"," ","BLACKBRIDGE ROAD","201430383","21/01/2014","Tue","1031","DA","CE1","110A 131A ","G","E","W","O ","F "," ","N","C","100","0","0","0","","","1769423","5889576",
"Auckland","22/0/5.014",""," ","I","BLACKBRIDGE ROAD","201437274","03/06/2014","Tue","0734","DB","CE1","133A 428A ","C","R","D","BF","F ","T","G","C","080","0","0","0","","","1769117","5889408",
"Auckland","22/0/5.563","70","S"," ","SIM ROAD","201431704","21/01/2014","Tue","1056","DB","4N1","111A 131A 191A 801 ","P","E","W","OF","L "," "," ","L","100","0","0","0","","","1768763","5888996",
"Auckland","22/0/7.358","10","N"," ","GLENBROOK ROAD","201434279","18/03/2014","Tue","","FA","CE1T","181A 331A 387A ","","R","D","B ","F ","T","G","N","070","0","0","0","","","1767232","5888098",
"Auckland","GLENBROOK ROAD",""," ","I","22/0/7.368","201436410","22/04/2014","Tue","1305","FB","CE14","331A 387A ","","E","D","OF","F ","Y","G","N","050","0","0","0","","","1767228","5888089",
"Auckland","22/0/7.368",""," ","I","GLENBROOK ROAD","201437221","21/04/2014","Mon","0841","LB","CN14","303B 382B ","","E","D","BF","F ","M","G","R","100","0","0","0","","","1767228","5888089",
"Auckland","22/0/7.368",""," ","I","GLENBROOK ROAD","201430584","20/01/2014","Mon","0844","LB","CN1C","302B ","","E","D","B ","F ","T","G","C","100","0","0","0","","","1767228","5888089",
"Buller District","ATARAU ROAD","270","E"," ","ROUGH RIV BR","201412316","09/02/2014","Sun","0330","DB","VW1","103A 131A ","BG","M","D","DN","F "," "," ","C","100","0","0","1","","","1489286","5319922",
"Buller District","BENTHAM ST",""," ","I","PEEL ST","201430204","12/01/2014","Sun","1830","HA","CS2V","302B ","","R","W","O ","L ","X","G","C","050","0","0","0","","","1484019","5375679",
"Buller District","FONBLANQUE ST","40","W"," ","RUSSELL ST","201432272","20/01/2014","Mon","1510","MC","CE14","372B 377B 839 ","","R","D","OF","L "," "," ","N","050","0","0","0","","","1483675","5375953",
"Buller District","FONBLANQUE ST",""," ","I","RUSSELL ST","201434418","22/04/2014","Tue","1145","HA","4S2C","302B 375B ","","R","W","O ","F ","X","G","R","050","0","0","0","","","1483714","5375961",
"Buller District","MAIMAI ROAD","2300","N"," ","SH 7","201432918","06/01/2014","Mon","0839","DA","4S1","111A 131A ","EZ","S","W","ON","F "," ","N","C","100","0","0","0","","","1497780","5334656",
"Buller District","ROMILLY ST",""," ","I","LYNDHURST ST","201412073","16/04/2014","Wed","1910","HA","SS1C","302A 534A ","","R","D","DO","F ","X","G","C","050","0","0","1","","55","1483941","5376743",
"Buller District","SH 67","1000","S"," ","BEACH ROAD","201437704","25/05/2014","Sun","0400","CB","CS1","130A 901 903 ","V","R","W","DN","HS"," "," ","C","100","0","0","0","","","","",
"Buller District","SWAMP CREEK ROAD","20","E"," ","SH 69","201400019","23/01/2014","Thu","1330","QC","4W1","321A ","N","R","D","ON","L "," ","S","N","100","1","0","0","","","1508368","5353735",
"Buller District","WANGAPEKA ROAD","70","E"," ","KARAMEA HIGHWAY","201437984","06/06/2014","Fri","2355","DA","4W1","101A 138A ","T","M","D","DN","F "," ","N","N","100","0","0","0","","","1524116","5419228",
"Buller District","WAVERLEY ST","50","E"," ","WHARF ROAD","201412309","08/02/2014","Sat","1300","CB","CW14","501A ","M","R","D","B ","F "," "," ","C","050","0","0","2","","","1525606","5433365",
"Buller District","6/269/1.539",""," ","A","STONEY CRK CV BULLER GOR","201411117","08/01/2014","Wed","0030","DA","TN1T","136A 650A 901 ","","E","W","DN","H "," "," ","C","100","0","0","1","","","1525880","5371953",
"Buller District","6/269/6.276","5","E"," ","NEWMANS LOOKOUT","201434211","15/03/2014","Sat","1500","DB","CW1","116A 131A 191A 817 ","T","M","D","B ","F "," "," ","C","100","0","0","0","","","1522639","5370694",
"Buller District","6/313/22.161",""," ","I","SH 67","201413370","14/05/2014","Wed","1619","LB","CN1V","303B 363B 375B ","","R","D","B ","F ","T","G","R","100","0","0","2","","","1482939","5370757",
"Buller District","6/336/0.05","50","W"," ","SH 67","201410365","26/01/2014","Sun","1000","DA","ME1","131A ","","S","W","ON","HS"," ","N","R","100","0","0","1","","","1482891","5370764",
"Buller District","6/336/8.062",""," ","I","VIRGIN FLAT ROAD","201438306","26/04/2014","Sat","1645","GC","VW1C","171B 330B ","","E","D","B ","F ","T","G","L","100","0","0","0","","","1478703","5364391",
"Buller District","6/351/8.699",""," ","A","DEEP CRK CV","201412314","29/03/2014","Sat","1300","DB","MS1","111A 131A ","","S","D","O ","F "," "," ","C","100","0","0","1","","","1469883","5356123",
"Buller District","6/363/8.973","2000","N"," ","FOX RIV BR","201434408","17/04/2014","Thu","2000","EC","TS1","821 903 ","VX","E","D","DN","FS"," "," ","C","100","0","0","0","","","1467058","5347166",
"Buller District","6/374/2.543","2500","W"," ","FOX RIV BR","201435639","08/02/2014","Sat","1930","DA","4W1","101A 111A 131A ","F","M","D","TN","F "," "," ","C","100","0","0","0","","","1464974","5343817",
"Buller District","6/374/3.299","10000","N"," ","PUNAKAIKI RIV BR","201413273","16/06/2014","Mon","1330","DA","CS1","110A 131A ","C","M","W","O ","L "," ","N","C","100","0","0","1","","","1464783","5343127",
"Buller District","65/47/2.506",""," ","A","DEEP GULLY CRK CV","201437979","08/06/2014","Sun","1140","DA","TS1","131A 139A ","CV","M","W","O ","F "," ","N","C","100","0","0","0","","","1536864","5332620",
"Buller District","67/0/6.092",""," ","I","WAKEFIELD ST","201430154","04/01/2014","Sat","1500","HA","4N1C","302B 375B ","","R","D","BF","F ","X","G","C","050","0","0","0","","","1483534","5376265",
"Buller District","67/14/7.551",""," ","A","RAPID CRK BR","201430101","01/01/2014","Wed","1200","FA","VS14","197A 331A 191B ","","R","W","O ","  "," "," ","C","100","0","0","0","","","1496390","5380531",
"Buller District","67/14/10.155","1600","S"," ","MCGILL ST","201430207","01/01/2014","Wed","1500","CC","CN1","101A 410A ","FV","R","D","B ","F "," "," ","C","100","0","0","0","","","1497679","5382679",
"Buller District","67A/0/1.489","220","E"," ","MARTINS CRK BR","201413372","16/01/2014","Thu","1730","BA","4S14","101A 125A 801 ","","R","W","O ","L "," "," ","C","100","0","0","1","","","1482453","5376484",
"Buller District","67A/0/3.381",""," ","I","BRUNINGS ROAD","201413779","28/04/2014","Mon","1040","KB","TE1C","302B 375B ","","E","W","OF","L ","T","G","C","100","0","0","1","","","1480727","5377128",
"Buller District","7/131/0.534",""," ","A","LEWIS PASS SUMMIT","201432524","12/01/2014","Sun","1807","DA","CE1","111A ","FT","M","W","O ","L "," ","N","C","100","0","0","0","","","1550339","5308538",
"Buller District","7/131/2.825","650","W"," ","TINDALL CRK BR","201412319","05/01/2014","Sun","2030","DB","CE1","131A ","T","M","W","DN","H "," "," ","C","100","0","1","0","","","1548142","5308469",
"Buller District","7/131/18.012","1800","E"," ","HUNTERS ROAD","201437701","29/05/2014","Thu","1310","AC","CE1C","156A 159A 330A 839 901 ","","M","W","ON","H "," "," ","C","100","0","0","0","","","1534514","5310464",
"Buller District","7/131/19.772","40","S"," ","HUNTERS ROAD","201410366","14/01/2014","Tue","0915","DB","CS1","131A 351A ","F","E","D","ON","F "," ","N","C","100","0","0","1","","","1533036","5311371",
"Buller District","7/169/1.935","1740","E"," ","CRATE CRK BR","201438500","16/03/2014","Sun","1630","DB","VE1","111A 131A 407A 801 ","ET","M","W","ON","L "," "," ","C","100","0","0","0","","","1518729","5317523",
"Buller District","7/185/1.603","480","S"," ","GARVEYS CREEK ROAD","201412312","15/02/2014","Sat","1820","DB","MN1","111A 131A ","","M","D","B ","F "," "," ","C","100","0","1","0","","","1512107","5329928",
"Buller District","7/185/11.545",""," ","I","SMITH ST","201412466","11/04/2014","Fri","1120","LB","CW1C","303B 375B 801 ","","R","W","O ","L ","X","G","C","050","0","0","1","","","1506176","5336322",
"Buller District","7/185/11.665",""," ","I","KELLY ST","201435989","03/03/2014","Mon","1250","MC","CW14","372B ","","R","W","OF","L ","X","G","C","050","0","0","0","","","1506056","5336328",
"Buller District","7/196/3.379","500","S"," ","DEVILS CRK BR","201437705","25/05/2014","Sun","0320","CB","4S1","103A 130A ","V","R","W","DN","L "," "," ","C","100","0","0","0","","","1503368","5335186",
"Carterton District","BROADWAY","15","N"," ","SH 2","201434877","28/02/2014","Fri","0050","MO","CS1","103A 371A 926 ","I","R","D","DO","F "," ","N","R","050","0","0","0","","","1812561","5455506",
"Carterton District","CHESTER ROAD","200","S"," ","NORFOLK ROAD","201410890","04/03/2014","Tue","1500","CC","4N1","130A 412A 801 ","FT","R","W","O ","L "," "," ","N","100","0","0","2","","","1816016","5465157",
"Carterton District","CHESTER ROAD",""," ","I","NORFOLK ROAD","201411209","02/01/2014","Thu","1804","DB","CN2","131A 402A 420A ","P","R","D","O ","F ","T","G","C","100","0","0","2","","","1816157","5465299",
"Carterton District","EAST TARATAHI ROAD",""," ","I","PERRYS ROAD","201411951","30/03/2014","Sun","1046","HA","CW1C","302B 335B ","","E","D","BN","F ","X","G","C","100","0","0","3","","","1819178","5458045",
"Carterton District","PONATAHI ROAD","150","S"," ","FOREMAN JURY ROAD","201412649","02/03/2014","Sun","1930","DA","CN1","131A ","FT","M","D","BF","F "," ","N","C","100","0","0","4","","","1814020","5445324",
"Carterton District","PONATAHI ROAD","30","W"," ","KOKOTAU ROAD","201412047","19/04/2014","Sat","1300","DB","ME1","110A 131A 840 ","","S","W","O ","F ","M","N","C","100","0","0","1","","","1815867","5446517",
"Carterton District","2/883/8.415","200","E"," ","WILTONS ROAD","201434450","01/05/2014","Thu","1120","CB","4E1","110A 197A 331A 801 ","FV","R","W","O ","L "," "," ","L","100","0","0","0","","","1817665","5460260",
"Carterton District","2/883/8.603",""," ","I","EAST TARATAHI ROAD","201431113","24/02/2014","Mon","0810","JA","CW1C","309B 375B ","","R","D","B ","F ","T","G","L","100","0","0","0","","","1817519","5460141",
"Carterton District","2/883/9.935","1400","S"," ","WILTONS ROAD","201433857","14/04/2014","Mon","0750","CB","CN1","197A 801 ","FT","R","W","O ","L "," "," ","C","100","0","0","0","","","1816426","5459248",
"Carterton District","2/883/11.668","720","N"," ","HUGHES LINE N","201410208","05/01/2014","Sun","0904","DB","CS1","104A 110A ","P","M","W","O ","HS"," ","N","C","100","0","1","0","","","1815148","5458200",
"Carterton District","2/883/11.688","700","N"," ","HUGHES LINE","201412551","16/04/2014","Wed","1655","DA","CS1","131A 801 ","P","M","W","O ","L "," "," ","C","100","0","0","1","","","1815136","5458184",
"Carterton District","2/883/14.84",""," ","I","KENT ST","201437748","09/06/2014","Mon","1400","JA","VN1C","197A 302B 375B 901 ","","R","W","O ","H ","T","G","P","050","0","0","0","","","1812957","5456015",
"Carterton District","2/883/16.246","20","S"," ","REXWOOD ST","201438160","31/05/2014","Sat","1140","FD","4N1V4","181A ","","R","D","BF","F "," ","N","C","050","0","0","0","","","1812118","5454901",
"Carterton District","2/883/16.398","15","N"," ","CLIFTON AVENUE","201431263","09/02/2014","Sun","1425","MO","VN1V","371A ","M","R","W","OF","L "," ","N","C","050","0","0","0","","","1812023","5454782",
"Carterton District","2/883/17.144","25","N"," ","DIAMOND ST","201431371","15/01/2014","Wed","2350","CA","VN1","514A ","","R","D","DO","F "," ","N","C","050","0","0","0","","","1811548","5454206",
"Carterton District","2/883/17.943","10","N"," ","PHILIP ST","201412046","21/04/2014","Mon","1050","GD","CS1C","331A 358A ","","R","D","B ","F ","T","N","C","050","0","0","1","","","1811071","5453668",
"Central Hawkes Bay District","BLACK ROAD","2000","W"," ","ASHLEY CLINTON ROAD","201413420","28/06/2014","Sat","0903","BA","VW1C","129A 902 ","","R","D","B ","F "," "," ","N","100","0","0","3","","","","",
"Central Hawkes Bay District","BURNSIDE ROAD","430","N"," ","SH 2","201432240","13/02/2014","Thu","1630","DB","CS1","129A 134A 402A ","V","E","D","B ","F "," "," ","C","100","0","0","0","","","1886609","5565433",
"Central Hawkes Bay District","CHURCH ST",""," ","I","KENILWORTH ST","201430797","26/02/2014","Wed","0735","HA","CN2V","301B 375B ","","R","W","OF","F ","X","S","C","050","0","0","0","","","1906284","5572649",
"Central Hawkes Bay District","ELSTHORPE ROAD","1820","W"," ","MIDDLE ROAD","201413306","25/01/2014","Sat","2000","DA","CN1","129A 130A ","CV","M","D","DN","F "," "," ","C","100","0","0","1","","","1916098","5577524",
"Central Hawkes Bay District","FRANCIS DRAKE ST","100","E"," ","ST JOSEPH ST","201410515","25/01/2014","Sat","2030","CA","PE1","103A 112A 433A ","","R","D","DO","F "," ","N","N","050","0","0","1","","","1904045","5566643",
"Central Hawkes Bay District","MIDDLETON ROAD","3980","E"," ","PORANGAHAU ROAD","201412783","18/03/2014","Tue","1400","DA","CW1","131A 692A ","T","E","D","BN","F "," ","N","C","100","0","3","0","","","1903144","5558611",
"Central Hawkes Bay District","MOUNT HERBERT ROAD","750","N"," ","MANGATARATA ROAD","201431531","25/01/2014","Sat","0130","CC","CN1","139A 402A 410A ","TV","R","D","DN","F "," "," ","N","100","0","0","0","","","1906550","5567915",
"Central Hawkes Bay District","NGAHAPE ROAD",""," ","I","ARLINGTON ROAD","201413805","27/05/2014","Tue","1502","HA","VN1C","112A 302A 363A 902 ","FV","R","D","B ","F ","X","G","P","100","0","1","1","","","1897285","5561435",
"Central Hawkes Bay District","PORANGAHAU ROAD","3300","N"," ","LAKE ROAD","201410903","01/03/2014","Sat","2030","DA","CS1","101A 410A ","C","M","D","DN","F "," ","N","C","100","0","0","1","","","1900383","5553371",
"Central Hawkes Bay District","PORANGAHAU ROAD","190","N"," ","LAKE VIEW ROAD","201400098","24/04/2014","Thu","1955","CB","MN1","112A 130A ","K","R","D","DO","F "," "," ","C","050","1","0","0","","","1902997","5565522",
"Central Hawkes Bay District","PORANGAHAU ROAD","1000","S"," ","UGLY HILL ROAD","201411007","03/02/2014","Mon","0800","PE","CS1EEV","129A 363A 370A 642A 440D ","","R","D","B ","F "," "," ","C","100","0","0","2","66","","1903259","5547765",
"Central Hawkes Bay District","POURERERE ROAD",""," ","I","JOHNSON ST","201412329","04/04/2014","Fri","1800","JA","VW1C","302B 378B 836 ","","R","D","B ","F ","T","G","C","070","0","1","0","","","1908040","5572288",
"Central Hawkes Bay District","RUATANIWHA ST","70","W"," ","ST JOSEPH ST","201433856","17/04/2014","Thu","2325","DA","CE1C","111A 131A 923 ","M","E","W","DO","L ","D","N","C","050","0","0","0","","","1903855","5566617",
"Central Hawkes Bay District","SH 50","750","N"," ","MANGA O NUKU NO3 BR","201438185","26/05/2014","Mon","0445","EC","VS1","821 ","X","R","D","DN","FS"," ","N","L","100","0","0","0","","","","",
"Central Hawkes Bay District","SNEE ROAD","150","E"," ","ELLISON ROAD","201431749","18/01/2014","Sat","1505","EC","VW1","912 ","W","E","D","BN","F "," "," ","N","100","0","0","0","","","1871524","5566325",
"Central Hawkes Bay District","TIKOKINO ROAD","320","W"," ","CEMETERY ROAD","201431533","24/01/2014","Fri","0550","DB","VE1","102A 111A 131A ","F","M","D","TN","F "," "," ","C","100","0","0","0","","","1904821","5572281",
"Central Hawkes Bay District","WAKARARA ROAD","870","N"," ","PLANTATION ROAD N","201437814","06/04/2014","Sun","1414","FA","TW1O","181A 330A ","","R","D","B ","F "," ","N","C","100","0","0","0","","","1894522","5576848",
"Central Hawkes Bay District","2/707/4.858","100","S"," ","RACECOURSE ROAD","201432871","07/03/2014","Fri","1720","CB","CS1","129A 358A ","K","R","D","B ","F "," "," ","C","070","0","0","0","","","1907157","5573805",
"Central Hawkes Bay District","2/707/5.686",""," ","I","TAMUMU ROAD","201436145","18/03/2014","Tue","1700","GD","CN1C","181A 331A ","","E","D","B ","F ","T","G","C","050","0","0","0","","","1907023","5572988",
"Central Hawkes Bay District","2/707/5.974","120","S"," ","COLLINS ST","201431220","01/03/2014","Sat","2345","CB","CN1","410A ","P","R","D","DO","F "," ","N","C","050","0","0","0","","","1906901","5572735",
"Central Hawkes Bay District","2/707/11.019","50","N"," ","WAIPUKURAU OBR","201431530","25/01/2014","Sat","1715","DB","4S1","410A ","BG","E","D","BF","F "," "," ","L","070","0","0","0","","","1904546","5568492",
"Central Hawkes Bay District","2/707/11.774","100","N"," ","FORD ROAD","201434879","14/03/2014","Fri","0430","DA","CS1","136A 410A 620A ","G","M","D","DN","F "," ","N","L","100","0","0","0","","","1904226","5567829",
"Central Hawkes Bay District","2/707/13.068","60","S"," ","RUSSELL ST","201432872","28/02/2014","Fri","1320","MC","VN1C","372B ","","R","D","B ","F "," "," ","C","050","0","0","0","","","1903672","5566727",
"Central Hawkes Bay District","2/721/0.378","40","E"," ","RAILWAY ESPLANADE","201430374","13/01/2014","Mon","1000","FA","CE1C","505A 512A ","","R","D","B ","F "," ","N","C","050","0","0","0","","","1903289","5566767",
"Central Hawkes Bay District","RAILWAY ESPLANADE",""," ","I","2/721/0.418","201435807","31/03/2014","Mon","1511","HA","CS1C","302B 375B ","","M","D","BF","F ","X","G","C","050","0","0","0","","","1903250","5566777",
"Central Hawkes Bay District","2/721/6.173","200","E"," ","ASHCOTT ROAD","201410144","15/01/2014","Wed","0905","BO","CW1M","156A 197B 831 ","","E","D","B ","F "," "," ","C","100","0","1","0","","","1898368","5569260",
"Central Hawkes Bay District","2/729/10.765","390","E"," ","CHARLOTTE ST","201433138","29/03/2014","Sat","1600","CB","CW1","129A 130A ","F","R","D","O ","F "," "," ","C","100","0","0","0","","","1886815","5565141",
"Central Hawkes Bay District","2/729/13.161",""," ","I","SYDNEY ST","201410967","28/02/2014","Fri","1218","LB","OW1C","303B ","","R","D","BN","F ","T","G","C","100","0","0","2","","","1884493","5564559",
"Central Hawkes Bay District","2/743/5.156","250","S"," ","SNEE ROAD","201432856","20/02/2014","Thu","0230","DA","CN1","410A ","F","E","D","DN","F "," "," ","L","100","0","0","0","","","1878706","5564511",
"Central Hawkes Bay District","50/49/9.035","100","N"," ","GWAVAS ROAD","201436883","01/06/2014","Sun","1300","DA","4N1","131A ","FV","E","W","O ","F "," "," ","L","100","0","0","0","","","1897153","5590428",
"Central Otago District","CAIRNMUIR ROAD","50","E"," ","BANNOCKBURN ROAD","201400021","03/02/2014","Mon","1850","BF","ME1C","111A 120A 132A 137B ","","E","D","B ","F "," ","N","C","100","1","0","0","","","1298404","5000856",
"Central Otago District","CONROYS ROAD",""," ","I","CONROYS DAM ROAD","201432157","09/02/2014","Sun","2130","DA","CS1","111A 500A ","X","R","D","TN","F ","T","N","C","100","0","0","0","","","1312098","4979922",
"Central Otago District","DANSEYS PASS ROAD","2890","S"," ","DANSEYS PASS RESERVE ROAD","201434234","12/03/2014","Wed","1400","DB","4N1","111A 131A 138A ","C","M","D","B ","F "," "," ","N","100","0","0","0","","","1385210","5012683",