"TLA NAME","CRASH ROAD","CRASH DIST","CRASH DIRN","INTSN","SIDE ROAD","CRASH ID","CRASH DATE","CRASH DOW","CRASH TIME","MVMT","VEHICLES","CAUSES","OBJECTS STRUCK","ROAD CURVE","ROAD WET","LIGHT","WTHRa","JUNC TYPE","TRAF CTRL","ROAD MARK","SPD LIM","CRASH FATAL CNT","CRASH SEV CNT","CRASH MIN CNT","PERS AGE1","PERS AGE2","EASTING","NORTHING"
"Central Otago District","ENTERPRISE ST",""," ","I","ROYAL TERRACE","201410290","10/02/2014","Mon","0320","BC","SN1C","122A 404A ","","R","D","DF","F ","X","G","C","050","0","0","1","","24","1316439","4983266",
"Central Otago District","IDA VALLEY-OMAKAU ROAD","700","S"," ","IDA VALLEY BACK ROAD","201435964","11/04/2014","Fri","0630","EC","4S1","915 ","W","R","D","DF","F "," ","N","C","100","0","0","0","","","1352241","5007636",
"Central Otago District","INNISCORT ST",""," ","I","ACHIL ST","201431418","22/02/2014","Sat","0950","HA","CN2C","302A 382A ","","R","D","BF","F ","X","G","C","050","0","0","0","","","1301197","5004715",
"Central Otago District","KILLARNEY ST",""," ","I","BRANDON ST","201434158","11/04/2014","Fri","1509","HA","CE1C","301B 375B ","","E","D","B ","F ","X","S","C","050","0","0","0","","","1316980","4983055",
"Central Otago District","LADYSMITH ROAD",""," ","I","ROXBURGH EAST ROAD","201431114","19/02/2014","Wed","2328","DA","CN1","131A 400A ","","S","D","DN","F ","T","N","C","100","0","0","0","","","1312273","4951775",
"Central Otago District","MAORI POINT ROAD","1800","S"," ","SH 8A","201413139","04/04/2014","Fri","1340","DB","4S1","110A 138A 407A ","P","E","D","B ","F "," "," ","N","100","0","0","1","","","1312341","5028541",
"Central Otago District","MCKINLAY LANE","50","N"," ","MELMORE TERRACE","201432876","24/02/2014","Mon","0001","EA","CN1C","129A ","M","E","D","DO","F "," "," ","N","050","0","0","0","","","","",
"Central Otago District","PUKETOI ROAD","500","E"," ","PUKETOI RUNS ROAD","201434235","22/02/2014","Sat","1500","CC","CE1","138A 422A 433A ","F","R","D","O ","F "," "," ","N","100","0","0","0","","","1358370","4983077",
"Central Otago District","ROXBURGH EAST ROAD","200","S"," ","GILMOUR ROAD","201411232","08/02/2014","Sat","1545","DB","MN1","131A 681A ","","M","D","O ","F "," "," ","C","100","0","0","1","","","1312508","4954936",
"Central Otago District","SCOTT LANE","490","E"," ","KYEBURN RIVER ROAD","201413234","23/05/2014","Fri","1535","CB","TW1","110A 134A ","G","R","W","O ","L "," ","N","C","100","0","0","1","","","1383714","5000950",
"Central Otago District","SH 8","400","E"," ","ARCHIES FLAT ROAD","201411937","13/02/2014","Thu","1232","BC","CE1C","181A 197A ","","M","D","ON","F "," ","N","C","100","0","0","1","","","","",
"Central Otago District","SHORTCUT ROAD",""," ","I","LAKEVIEW TERRACE","201434919","20/01/2014","Mon","0815","DC","CE1","501A ","F","R","D","BF","F ","X","G","C","050","0","0","0","","","1300939","5006593",
"Central Otago District","SPRINGVALE ROAD","200","E"," ","SH 8","201437885","23/05/2014","Fri","1135","EC","CW1","132A 350A 912 ","W","M","W","O ","F "," ","N","N","100","0","0","0","","","1312226","4988997",
"Central Otago District","TIMA BURN ROAD","2000","N"," ","OVEN HILL ROAD","201410010","06/01/2014","Mon","1210","AB","MN14C","104A 156A 810 831 ","","E","D","B ","F "," "," ","N","100","0","1","0","","","1321178","4939574",
"Central Otago District","VENTRY ST","90","N"," ","BRANDON ST","201435157","16/03/2014","Sun","2030","EA","CS1C","386A ","M","R","D","DO","F "," ","N","C","050","0","0","0","","","1316455","4982737",
"Central Otago District","WINSTON PLACE","20","S"," ","MCKELLAR ST","201434509","17/03/2014","Mon","2300","DA","TS1","129A ","X","M","D","DO","F ","R","G","R","050","0","0","0","","","1316688","4983345",
"Central Otago District","6/942/0",""," ","A","SH 8B","201431547","08/01/2014","Wed","1010","JA","4S1C","302B 375B ","","R","D","O ","F ","T","G","C","080","0","0","0","","","1300057","5006224",
"Central Otago District","6/942/0.973","380","N"," ","RIPPONVALE ROAD N","201432435","09/02/2014","Sun","1600","KA","CN1C","308B 375B 927 ","","R","D","O ","F ","D"," ","C","100","0","0","0","","","1299271","5005659",
"Central Otago District","6/942/4.377","750","E"," ","PEARSON ROAD","201412723","18/03/2014","Tue","1730","AO","BW1S","183A ","","R","D","BF","F "," ","N","C","100","0","0","1","","23","1297042","5003483",
"Central Otago District","8/217/2.73","2010","S"," ","MT THOMAS STATION","201435302","25/02/2014","Tue","1230","AB","CN1C","153A 156A 831 ","","M","D","B ","F "," "," ","C","100","0","0","0","","","1331327","5058361",
"Central Otago District","8/217/11.186","1000","S"," ","DIP CRK BR","201410993","07/02/2014","Fri","1325","BB","VS1C","129A 410A ","","M","D","BN","F "," ","N","C","100","0","0","1","","","1324751","5054396",
"Central Otago District","8/233/2.722","6000","N"," ","GOODGER ROAD","201436128","07/05/2014","Wed","1645","EC","4S1","132A 801 901 ","X","R","W","O ","H "," "," ","C","100","0","0","0","","","1321660","5048733",
"Central Otago District","8/233/8.722",""," ","I","GOODGER ROAD","201437600","10/05/2014","Sat","0430","DB","CN1","131A 412A ","F","M","D","DN","F ","T","N","C","100","0","0","0","","","1322769","5044138",
"Central Otago District","8/233/9.722","1000","S"," ","GOODGER ROAD","201433903","07/04/2014","Mon","1203","CB","4S1","128A 665A ","","R","D","B ","F "," ","N","C","100","0","0","0","","","1323015","5043205",
"Central Otago District","8/233/10.977","10200","N"," ","CLUDEN HILL ROAD","201400032","16/02/2014","Sun","1730","DA","CN1","410A 692A ","FT","E","D","BN","F "," ","N","C","100","1","0","0","","","1323324","5042025",
"Central Otago District","8/247/10.343","2110","E"," ","PHILLIPS ROAD S","201413222","01/06/2014","Sun","1800","BF","CE1C","120A 134A 135A 120B 135B 802 905 ","","E","I","DN","SF"," ","N","C","100","0","0","1","","","1321209","5032986",
"Central Otago District","8/247/16.338",""," ","I","ARDGOUR ROAD N","201432158","06/02/2014","Thu","1210","DB","CE1","111A 350A 402A ","GP","E","D","B ","F ","T","G","C","100","0","0","0","","","1317561","5029103",
"Central Otago District","8/247/16.338",""," ","I","ARDGOUR ROAD N","201411948","29/03/2014","Sat","1018","BF","4E1V","111A 131A ","","S","D","ON","F ","T","G","C","100","0","0","1","","","1317561","5029103",
"Central Otago District","8/266/3.685","1150","N"," ","MAORI POINT ROAD","201432938","08/03/2014","Sat","2100","EC","BS1","195A 912 ","VW","R","D","DN","F "," "," ","C","100","0","0","0","","","1313202","5025364",
"Central Otago District","8/297/0",""," ","I","SH 8B","201430160","04/01/2014","Sat","1035","DA","CS14C","130A 205A 404A ","","R","D","B ","F ","T","G","C","080","0","0","0","","","1302535","5005750",
"Central Otago District","8/297/7.318","3700","S"," ","BREWERY CRK TUNNEL","201410101","17/01/2014","Fri","1755","CB","CN1","129A 130A 402A ","E","R","D","B ","F "," "," ","C","100","0","0","1","","","1305680","5000958",
"Central Otago District","8/310/8.399","1000","N"," ","HAZLETT ST","201432295","11/01/2014","Sat","1629","DA","CS1","131A 681A ","G","M","D","B ","F "," "," ","C","100","0","0","0","","","1311344","4989805",
"Central Otago District","8/310/8.499","900","N"," ","HAZLETT ST","201435532","03/05/2014","Sat","1000","DB","CN1","130A 357A 505A ","G","E","D","B ","F "," "," ","L","100","0","0","0","","","1311426","4989749",
"Central Otago District","8/310/17.048",""," ","I","CLUTHA ST","201435535","03/05/2014","Sat","1135","EA","VN1T","129A 330A 404A ","M","R","D","B ","F ","T","G","P","050","0","0","0","","","1316263","4983156",
"Central Otago District","8/310/17.048",""," ","I","CLUTHA ST","201413637","09/06/2014","Mon","1530","DA","CS1","131A 133A 402A 403A 801 ","CX","R","W","O ","L ","R","G","R","050","0","0","2","","","1316263","4983156",
"Central Otago District","8/310/17.068","20","S"," ","KILLARNEY ST","201434991","25/04/2014","Fri","1520","MC","CS1C","372B ","","E","D","OF","F "," ","N","C","050","0","0","0","","","1316276","4983141",
"Central Otago District","8/310/17.562","20","N"," ","BRANDON ST","201430338","02/01/2014","Thu","1400","MO","TS1","131A 385A 922 ","H","E","D","O ","F ","D","N","C","050","0","0","0","","","1316593","4982762",
"Central Otago District","LIMERICK ST",""," ","I","KELMAN ST","201432156","07/02/2014","Fri","1155","JA","CS1C","302B 375B ","","E","D","B ","F ","T","G","C","050","0","0","0","","","1316873","4982094",
"Central Otago District","8/328/12.265","650","N"," ","SYMES ROAD","201435534","03/05/2014","Sat","1100","CC","4S1","130A 631A ","F","R","D","B ","F "," "," ","C","100","0","0","0","","","1310394","4972929",
"Central Otago District","8/328/12.915",""," ","I","SYMES ROAD","201432632","22/03/2014","Sat","0305","EC","CN1","912 ","W","R","D","DN","F ","T","N","C","100","0","0","0","","","1310248","4972298",
"Central Otago District","8/350/11.206","1000","S"," ","TAMBLYN ROAD","201432436","05/02/2014","Wed","1525","GD","CS1C","333A 927 ","","R","D","O ","F ","D"," ","C","100","0","0","0","","","1311030","4956140",
"Central Otago District","8/381/8.615","5000","S"," ","MILLERS FLAT BRIDGE ROAD","201432294","12/01/2014","Sun","1650","CA","CN1","404A 410A ","VX","R","D","B ","F "," "," ","C","100","0","0","0","","","1322552","4932554",
"Central Otago District","8/381/12.289","3000","N"," ","MCCUNN ROAD","201410759","25/03/2014","Tue","1425","BF","CN1V","350A 410A ","","E","D","B ","F "," ","N","C","100","0","2","0","","","1324427","4929429",
"Central Otago District","8/381/13.289","2000","E"," ","MCCUNN ROAD","201436728","22/05/2014","Thu","1615","DB","4S1","130A 504A ","","E","D","O ","F "," ","N","C","100","0","0","0","","","1325261","4928878",
"Central Otago District","85/79/2.674","200","S"," ","RANFURLY-NASEBY ROAD","201412788","10/04/2014","Thu","2000","EC","CN1","912 ","W","R","D","DN","F "," ","N","C","100","0","0","1","","","1371267","5002863",
"Central Otago District","85/134/4.152","10","E"," ","HARVEY ST","201432615","09/03/2014","Sun","1530","MO","4E14","371A ","M","R","D","B ","F ","T","N","C","050","0","0","0","","","1332627","5000955",
"Central Otago District","87/110/4.039","300","S"," ","CEMETERY ROAD","201434989","16/04/2014","Wed","0635","EC","VN1","912 ","W","R","W","DN","L "," ","N","C","100","0","0","0","","","1384325","4995005",
"Central Otago District","8B/0/0.594",""," ","I","ALPHA ST","201434990","26/04/2014","Sat","1745","GD","CE14","181A ","","R","D","TF","F ","T","G","P","080","0","0","0","","","1301982","5005964",
"Central Otago District","90/0/0.7","700","W"," ","SH 8","201411976","26/03/2014","Wed","1815","CB","CW1","129A 134A ","F","R","D","BF","F "," ","N","C","100","0","1","0","","","1324817","4923386",
"Chatham Islands County","NORTH ROAD","9000","N"," ","WAIPAPA CRK BR","201437768","07/06/2014","Sat","1800","EC","CN1","915 ","W","R","D","DN","F "," "," ","N","080","0","0","0","","","2086567","5201456",
"Chatham Islands County","SH 1S",""," ","I","GARDINERS ROAD","201414108","17/04/2014","Thu","1846","JA","BW1C","302B 387B ","","E","W","TO","H ","T","G","R","080","0","0","1","","","","",
"Chatham Islands County","TIKITIKI HILL ROAD","280","S"," ","TV STN","201412900","25/05/2014","Sun","0230","DB","MN1","101A 433A 813 ","P","M","W","DN","L "," "," ","N","040","0","0","1","","","2081497","5176990",
"Chatham Islands County","WAITANGI TUKU ROAD","5340","S"," ","METEOROLOGICAL LANE","201431699","14/01/2014","Tue","0945","DB","4N1","131A 813 ","","S","D","O ","F "," "," ","N","080","0","0","0","","","2077849","5172857",
"Christchurch City","AKAROA ST",""," ","I","HILLS ROAD","201431085","03/02/2014","Mon","0752","JB","CE1S","302A 375A ","","R","D","B ","F ","T","G","C","050","0","0","0","","","1571834","5183651",
"Christchurch City","ALDWINS ROAD",""," ","I","EDMOND ST","201435732","10/04/2014","Thu","1957","FA","CN1C","103A 130A 331A 801 ","IPS","R","W","DO","L ","T","N","R","060","0","0","0","","","1573083","5179065",
"Christchurch City","ALDWINS ROAD","20","N"," ","HARROW ST","201432773","26/02/2014","Wed","1705","GA","4N1C","181A 142B 929 ","","R","D","B ","F ","D"," ","R","050","0","0","0","","","1573275","5179445",
"Christchurch City","ALDWINS ROAD",""," ","I","LINWOOD AVENUE","201433624","10/03/2014","Mon","0645","HA","CN1C","309A 350A 817 845 ","","R","D","DO","F ","X","T","C","050","0","0","0","","","1573588","5179885",
"Christchurch City","ALPORT PLACE",""," ","I","FERRY ROAD","201435717","28/04/2014","Mon","0952","MG","CS1C","330B 371B 801 817 ","","R","W","O ","L ","T","S","C","050","0","0","0","","","1574916","5177756",
"Christchurch City","ANTIGUA ST",""," ","I","BURKE ST","201431577","13/01/2014","Mon","1940","HA","CE2C","301A 357A 377A 839 ","","R","D","TF","F ","X","S","C","050","0","0","0","","","1569943","5178569",
"Christchurch City","ANTIGUA ST","30","N"," ","HAZELDEAN ROAD","201410836","30/01/2014","Thu","0826","LB","SN1C","303B 314B 377B 927 ","","R","D","B ","F ","D"," ","N","050","0","0","1","","53","1569940","5179048",
"Christchurch City","ANTIGUA ST","30","S"," ","ST ASAPH ST","201436810","24/04/2014","Thu","0530","MO","VN1C","371A ","M","R","D","DO","F "," "," ","C","050","0","0","0","","","1569914","5179517",
"Christchurch City","AORANGI ROAD",""," ","I","ILAM ROAD","201411293","10/03/2014","Mon","0710","JA","SN2C","302B ","","M","D","O ","F ","T","G","C","050","0","1","0","","51","1566469","5182585",
"Christchurch City","ARMAGH ST",""," ","I","FITZGERALD AVENUE W","201433958","30/03/2014","Sun","1655","HA","CN2C","322B 334B ","","R","D","O ","F ","X","T","R","050","0","0","0","","","1571755","5180407",
"Christchurch City","ATHOL TERRACE","80","E"," ","BRODIE ST","201436972","18/04/2014","Fri","0708","EA","CE1V","112A 129A 517A 901 ","M","R","W","DO","H "," "," ","C","050","0","0","0","","","1565257","5180862",
"Christchurch City","AVONSIDE DRIVE","10","E"," ","TRENT ST","201411297","05/03/2014","Wed","0650","AO","PW1C","198A ","","R","W","DO","HS","T","G","C","050","0","1","0","","","1572514","5180785",
"Christchurch City","BARBADOES ST",""," ","I","GLOUCESTER ST","201412441","15/04/2014","Tue","2003","HA","CS1S","322B 334B 801 ","","R","W","DO","L ","X","T","C","050","0","0","1","","34","1571368","5180284",
"Christchurch City","BARBADOES ST","30","N"," ","WORCESTER ST","201431736","03/01/2014","Fri","1630","NB","CS1E","506B 722B ","","R","D","BF","F "," "," ","C","050","0","0","0","","","1571369","5180192",
"Christchurch City","BARBADOES ST",""," ","I","WORCESTER ST","201410045","09/02/2014","Sun","1328","FE","4S1CC","101A 331A 353A ","","R","D","O ","F ","X","T","C","050","0","0","1","","","1571370","5180162",
"Christchurch City","BARRINGTON ROAD",""," ","I","RAHERON ST","201438314","24/05/2014","Sat","1300","GD","TS14","331A 370A ","","R","D","B ","F ","T","G","C","050","0","0","0","","","","",
"Christchurch City","BARRINGTON ST",""," ","I","COBHAM ST","201436992","17/05/2014","Sat","1711","JA","CN1C","302B ","","R","D","DO","F ","T","G","R","050","0","0","0","","","1568817","5177720",
"Christchurch City","BARRINGTON ST",""," ","I","FRANKLEIGH ST","201432770","22/02/2014","Sat","2010","LB","CN14","101B 303B ","","R","D","DO","F ","X","T","C","050","0","0","0","","","1569316","5177112",
"Christchurch City","BARRINGTON ST",""," ","I","FRANKLEIGH ST","201412230","31/03/2014","Mon","1311","GB","ON1C","142B ","","R","D","BF","F ","X","T","L","050","0","0","1","","","1569316","5177112",
"Christchurch City","BARRINGTON ST","200","S"," ","HAMMOND PLACE","201435837","03/02/2014","Mon","1730","FD","CS1C","181A ","","R","W","OF","L "," ","N","C","050","0","0","0","","","1568707","5177855",
"Christchurch City","BARRINGTON ST",""," ","I","MACANN LANE","201410743","25/02/2014","Tue","1735","GB","SS1C","112A 175B 830 ","","E","D","O ","F ","T","N","C","050","0","0","1","","47","1568540","5178050",
"Christchurch City","BARRINGTON ST",""," ","I","MACCAN LANE","201413249","20/05/2014","Tue","2150","GD","CN1C","181A 330A ","","E","D","DO","F ","T","N","C","050","0","0","2","","","","",
"Christchurch City","BARRINGTON ST",""," ","I","ROSE ST","201410430","15/01/2014","Wed","1050","GA","4S1C","181A 331A 930 ","KP","R","D","B ","F ","D","N","P","050","0","0","1","","","1569745","5176590",
"Christchurch City","BARRINGTON ST E","50","S"," ","JERROLD ST","201430355","15/01/2014","Wed","2014","AC","VS1C","381A ","","R","D","B ","F "," ","N","N","050","0","0","0","","","1568507","5178251",
"Christchurch City","BARTERS ROAD",""," ","I","MADDISONS ROAD","201430120","22/01/2014","Wed","1803","DA","CE2","131A 402A 614A ","V","R","D","BF","F ","T","G","C","080","0","0","0","","","1558095","5178967",
"Christchurch City","BATH ST",""," ","I","COLOMBO ST","201410604","20/02/2014","Thu","1620","NB","CE1E","133A 357A 512A 711B ","","R","D","B ","F ","T","N","C","050","0","0","1","53","","1570644","5179260",
"Christchurch City","BEALEY AVENUE",""," ","I","BARBADOES ST","201411272","10/03/2014","Mon","0959","HA","TS2C","322B 334B ","","R","D","O ","F ","X","T","R","050","0","0","1","","","1571370","5181288",
"Christchurch City","BEALEY AVENUE","30","E"," ","MADRAS ST","201436957","19/05/2014","Mon","1625","EC","TE1C","386A ","X","R","D","TF","F "," "," ","C","050","0","0","0","","","1571150","5181287",
"Christchurch City","BEALEY AVENUE",""," ","I","MADRAS ST","201431965","12/02/2014","Wed","1630","DB","CS2","131A 201A ","IPT","R","D","OF","F ","X","T","R","050","0","0","0","","","1571120","5181287",
"Christchurch City","BEALEY AVENUE",""," ","I","MADRAS ST","201411933","17/03/2014","Mon","1814","HA","CE1C","322A ","","R","D","BF","F ","X","T","C","050","0","0","1","","","1571120","5181287",
"Christchurch City","BEALEY AVENUE",""," ","I","MANCHESTER ST","201432571","16/01/2014","Thu","1620","GF","TW1C","179A 381A ","P","R","D","B ","F ","X","T","C","050","0","0","0","","","1570876","5181273",
"Christchurch City","BEALEY AVENUE",""," ","I","MANCHESTER ST","201411557","26/02/2014","Wed","0634","LB","CW14","303B 375B ","","R","D","TO","L ","X","T","R","050","0","0","1","","","1570876","5181273",
"Christchurch City","BEALEY AVENUE","40","E"," ","MONTREAL ST","201433478","17/03/2014","Mon","0812","NB","4W1E","711B 732B ","","R","W","OF","F "," ","N","R","050","0","0","0","","","1570184","5181268",
"Christchurch City","BEALEY AVENUE",""," ","I","MONTREAL ST","201430109","24/01/2014","Fri","1716","FD","CW1CC","181A 331A ","","R","D","BF","F ","T","T","R","050","0","0","0","","","1570144","5181268",
"Christchurch City","BEALEY AVENUE","50","W"," ","SHERBORNE ST","201434653","19/04/2014","Sat","1233","AO","TW1C","381A 671A ","","R","D","BF","F "," ","N","N","050","0","0","0","","","1570702","5181272",
"Christchurch City","BEALEY AVENUE",""," ","I","SHERBORNE ST","201432557","21/01/2014","Tue","0926","KB","CW1C","322B 334B ","","R","W","O ","F ","T","T","R","050","0","0","0","","","1570752","5181272",
"Christchurch City","BEALEY AVENUE",""," ","I","SHERBORNE ST","201432774","26/02/2014","Wed","0731","LB","VE1C","303B 801 ","","R","W","TO","L ","T","T","R","050","0","0","0","","","1570752","5181284",
"Christchurch City","BEALEY AVENUE",""," ","I","SHERBORNE ST","201433964","21/03/2014","Fri","1740","FE","VE1C","132A 387A ","","E","D","B ","F ","T","T","C","050","0","0","0","","","1570752","5181284",
"Christchurch City","BERWICK ST","70","W"," ","FORFAR ST","201437932","01/06/2014","Sun","2156","EA","4W1V","357A 386A 386 ","M","E","D","DO","M "," ","N","C","050","0","0","0","","","1570960","5182716",
"Christchurch City","BIRDWOOD AVENUE","30","N"," ","EASTERN TERRACE","201433954","06/03/2014","Thu","1930","CB","VS1","129A 500A 631A ","KS","R","D","DO","F "," ","N","R","050","0","0","0","","","1571117","5175769",
"Christchurch City","BIRMINGHAM DRIVE",""," ","I","ANNEX ROAD","201435710","04/05/2014","Sun","0400","DB","CS2","101A 111A 131A 402A 862 904 ","KT","M","W","DO","M ","X","G","C","050","0","0","0","","","1566338","5178695",
"Christchurch City","BLAKES ROAD",""," ","I","BELFAST ROAD","201413320","21/03/2014","Fri","0715","DB","4W1","111A 131A ","FT","R","D","DN","F ","X","S","C","080","0","0","1","","","1570801","5188908",
"Christchurch City","BLENHEIM ROAD",""," ","I","ACHERON DRIVE W","201412691","12/04/2014","Sat","1842","LB","CW1C","303B 375B ","","R","D","DO","F ","T","T","R","050","0","0","1","","","1566574","5179313",
"Christchurch City","BLENHEIM ROAD",""," ","I","ANNEX ROAD","201434855","05/03/2014","Wed","0720","LB","4W1C","303B 375B ","","R","W","OF","HS","T","T","R","060","0","0","0","","","1565780","5179229",
"Christchurch City","BLENHEIM ROAD",""," ","I","CLARENCE ST","201411285","15/03/2014","Sat","2030","LB","CE1C","303B 404B ","","R","W","DO","L ","X","T","R","060","0","0","1","","","1567930","5179478",
"Christchurch City","BLENHEIM ROAD",""," ","I","DEANS AVENUE","201412808","05/05/2014","Mon","1328","LB","TE1C","362A 303B 370B ","","R","D","O ","F ","X","T","R","050","0","0","1","","","1568682","5179126",
"Christchurch City","BLENHEIM ROAD",""," ","I","DEANS AVENUE","201412458","18/04/2014","Fri","1439","LB","CE1C","324A ","","R","W","O ","  ","X","T","C","060","0","0","1","","","1568682","5179126",
"Christchurch City","BLENHEIM ROAD",""," ","I","HANSONS LANE","201434044","07/04/2014","Mon","1850","LB","CE1C","303B 375B ","","R","W","DO","H ","T","T","R","060","0","0","0","","","1565644","5179227",
"Christchurch City","BLENHEIM ROAD",""," ","I","HANSONS LANE","201437575","04/05/2014","Sun","1400","LB","4E1V","303B ","","R","D","O ","F ","T","T","R","060","0","0","0","","","1565644","5179227",
"Christchurch City","BLENHEIM ROAD","40","E"," ","MANDEVILLE ST","201431983","22/01/2014","Wed","1703","FD","VS1CCC","181A 191B 181C ","","R","D","BF","F "," ","N","R","060","0","0","0","","","1568275","5179466",
"Christchurch City","BLENHEIM ROAD","5","W"," ","MANDEVILLE ST","201412460","16/04/2014","Wed","1136","FE","TE1C","331A 387A 801 ","","E","W","O ","L ","X","T","C","060","0","0","1","","","1568236","5179486",
"Christchurch City","BLENHEIM ROAD",""," ","I","MANDEVILLE ST","201437965","09/06/2014","Mon","1325","KB","VW14","324B 375B ","","E","W","O ","F ","X","T","R","060","0","0","0","","","1568240","5179485",
"Christchurch City","BLENHEIM ROAD",""," ","I","MATIPO ST","201410163","10/01/2014","Fri","2140","LB","CE1C","191A 602A 303B 375B ","","R","D","DO","F ","X","T","R","060","0","0","1","","","1567404","5179423",
"Christchurch City","BLENHEIM ROAD",""," ","I","MIDDLETON ROAD","201436956","14/05/2014","Wed","1500","LB","CE1C","303B ","","R","D","O ","F ","T","G","R","060","0","0","0","","","1566156","5179281",
"Christchurch City","BLENHEIM ROAD","10","E"," ","SH 73","201432655","18/02/2014","Tue","1125","FD","CW1CM","181A 191C ","","R","D","B ","F ","M","T","R","060","0","0","0","","","1565148","5179196",
"Christchurch City","BLENHEIM ROAD","30","E"," ","WHARENUI ROAD","201434857","21/03/2014","Fri","0805","FD","CE1CV","181A ","","R","D","BF","F "," ","N","R","060","0","0","0","","","1566687","5179338",
"Christchurch City","BLENHEIM ROAD","150","E"," ","WHARENUI ROAD","201434776","24/04/2014","Thu","1250","AA","CW1C","372A ","","R","D","BF","F "," ","N","R","060","0","0","0","","","1566807","5179342",
"Christchurch City","BLENHEIM ROAD",""," ","I","WHARENUI ROAD","201410410","06/01/2014","Mon","1505","HA","SN2C","322A ","","R","D","B ","F ","T","T","R","060","0","0","1","","17","1566659","5179322",
"Christchurch City","BLENHEIM ROAD","50","E"," ","WHITELEIGH AVENUE","201431973","04/02/2014","Tue","1130","FD","CW1C","331A ","","R","D","OF","F "," ","N","R","050","0","0","0","","","1567986","5179472",
"Christchurch City","BORDESLEY ST","60","E"," ","OLLIVIERS ROAD","201413632","19/05/2014","Mon","","NG","CS1E","330A 371A 730B 929 ","","R","D","B ","F ","D"," ","N","050","0","1","0","84","","1572939","5179757",
"Christchurch City","BOWER AVENUE",""," ","I","TRAVIS ROAD","201411052","31/01/2014","Fri","1053","HA","CE2P","302A 375A 402B ","","R","D","O ","F ","R","G","R","050","0","0","1","","","1576616","5184153",
"Christchurch City","BREENS ROAD",""," ","I","ISLEWORTH ROAD","201410220","11/01/2014","Sat","0750","DC","CW1","407A 500A ","FP","R","D","B ","F ","T","N","C","050","0","1","0","","","1565750","5184798",
"Christchurch City","BREEZES ROAD","50","E"," ","CARTERS ROAD","201433652","19/03/2014","Wed","1617","GD","4S1C","181A 331A 350A 929 ","","R","D","B ","F ","D"," ","C","050","0","0","0","","","1576270","5181267",
"Christchurch City","BREEZES ROAD","800","S"," ","SH 74","201432150","02/02/2014","Sun","0305","AD","CN1","103A 160A 402A ","P","E","D","DO","F "," ","N","C","070","0","0","0","","","1576660","5181029",
"Christchurch City","BREEZES ROAD","20","W"," ","SH 74","201431709","06/01/2014","Mon","0325","CA","CE1","112A 130A 514A ","IS","R","D","DO","F "," "," ","R","050","0","0","0","","","1577393","5180774",
"Christchurch City","BRIDGE ST",""," ","I","ESTUARY ROAD","201433753","11/03/2014","Tue","1809","DB","VS1","103A 131A 817 ","FX","R","D","O ","F ","R","G","C","050","0","0","0","","","1578404","5181045",
"Christchurch City","BRIDLE PATH ROAD","400","S"," ","MAIN ROAD","201433292","15/02/2014","Sat","1137","DB","VN1","109A 111A 131A ","FX","E","D","BF","F "," ","N","C","050","0","0","0","","","1576526","5176746",
"Christchurch City","BRIGGS ROAD",""," ","I","QUINNS ROAD","201412629","11/03/2014","Tue","1135","BA","CE1CC","410A ","","R","W","OF","L ","T","G","C","050","0","2","0","","","1572228","5184117",
"Christchurch City","BRISBANE ST","30","S"," ","KINGSLEY ST","201431683","03/02/2014","Mon","0936","EA","CN14","386A 445B ","M","R","D","B ","FS"," "," ","N","050","0","0","0","","","1571334","5178722",
"Christchurch City","BROOKSIDE TERRACE",""," ","I","AORANGI ROAD","201434963","22/04/2014","Tue","1022","HA","CS2V","302B 375B 901 ","","R","W","OF","H ","X","G","C","050","0","0","0","","","1566941","5182975",
"Christchurch City","BUCHAN ST",""," ","I","BYRON ST","201412241","09/05/2014","Fri","1358","NB","CS1E","711B ","","R","D","B ","F ","X","S","C","050","0","1","0","27","","1570777","5178869",
"Christchurch City","BUCHANANS ROAD","30","E"," ","LITTLE OAKS DRIVE","201433835","11/03/2014","Tue","1315","FA","CW1C","501A ","IJ","R","D","B ","F "," "," ","R","050","0","0","0","","","1561297","5180457",
"Christchurch City","BUCHANANS ROAD","100","N"," ","RACECOURSE ROAD","201434253","27/02/2014","Thu","1520","GD","CW1C","181A 331A 929 ","","R","D","B ","F ","D"," ","C","050","0","0","0","","","1563230","5179626",
"Christchurch City","BUCHANANS ROAD","30","E"," ","SH 1S","201410638","20/02/2014","Thu","0845","MO","VS1","330A 427A 929 ","","R","D","O ","M ","D","N","N","050","0","1","0","","","1562240","5180043",
"Christchurch City","BUCHANANS ROAD","30","E"," ","SH 73","201435468","20/04/2014","Sun","0324","CB","4E1","129A 359A ","V","R","W","DO","  "," "," ","C","100","0","0","0","","","1557998","5182203",