"TLA NAME","CRASH ROAD","CRASH DIST","CRASH DIRN","INTSN","SIDE ROAD","CRASH ID","CRASH DATE","CRASH DOW","CRASH TIME","MVMT","VEHICLES","CAUSES","OBJECTS STRUCK","ROAD CURVE","ROAD WET","LIGHT","WTHRa","JUNC TYPE","TRAF CTRL","ROAD MARK","SPD LIM","CRASH FATAL CNT","CRASH SEV CNT","CRASH MIN CNT","PERS AGE1","PERS AGE2","EASTING","NORTHING"
"Christchurch City","BUCHANANS ROAD W","70","E"," ","VANGUARD DRIVE","201413280","09/06/2014","Mon","1705","MC","CW1C","330B 372B ","","R","W","DO","F "," ","N","C","050","0","1","1","","","1561653","5180277",
"Christchurch City","BUCKLEYS ROAD","50","N"," ","LINWOOD AVENUE","201433650","12/02/2014","Wed","1000","MO","CN1C","386A 501A ","M","R","D","B ","F "," "," ","C","050","0","0","0","","","1573622","5179922",
"Christchurch City","BUCKLEYS ROAD",""," ","I","RUSSELL ST","201411051","23/01/2014","Thu","2101","MB","MS1C","303B 353B 801 ","","R","W","TO","L ","T","T","R","060","0","0","1","","","1573827","5180134",
"Christchurch City","BURWOOD ROAD",""," ","I","MAIREHAU ROAD","201431468","01/02/2014","Sat","1130","DA","CS1","111A 131A ","FK","R","D","ON","F ","R","G","C","050","0","0","0","","","1574220","5185532",
"Christchurch City","CAMBRIDGE TERRACE",""," ","I","HEREFORD ST","201431972","07/02/2014","Fri","2020","HA","CW2X","322A ","","R","D","DF","F ","X","T","C","050","0","0","0","","","1570335","5180035",
"Christchurch City","CAMDEN ST","80","W"," ","EALING ST","201412906","08/03/2014","Sat","1710","DA","4E1C","131A 652A ","M","M","D","B ","F "," "," ","N","050","0","0","1","","","1568528","5185651",
"Christchurch City","CARISBROOKE ST","20","W"," ","MATTINGLEY ST","201435398","18/04/2014","Fri","0525","DA","4E1","103A 410A ","P","E","D","DO","HS"," "," ","N","050","0","0","0","","","1576306","5182260",
"Christchurch City","CASHEL ST","5","W"," ","ENGLAND ST","201432214","12/01/2014","Sun","1657","MA","CW1C","373B ","","R","D","B ","F ","X","G","C","050","0","0","0","","","1572699","5179934",
"Christchurch City","CASHMERE ROAD","50","N"," ","BARRINGTON ST","201411215","20/01/2014","Mon","0950","BE","CS1C","130A 501A ","","R","D","B ","F "," "," ","C","050","0","0","1","","","1570181","5176155",
"Christchurch City","CASHMERE ROAD","70","E"," ","CORGWYN AVENUE","201437970","01/06/2014","Sun","1512","JA","MW1C","308B 831 926 ","","E","D","B ","F ","D","N","C","050","0","0","0","","","1566045","5173109",
"Christchurch City","CASHMERE ROAD",""," ","I","FAIRVIEW ST","201434023","08/04/2014","Tue","0821","LB","BE1CV","303B 375B ","","E","W","O ","F ","T","G","N","050","0","0","0","","","1569577","5175904",
"Christchurch City","CASHMERE ROAD",""," ","I","MAVIN ROAD","201430122","31/01/2014","Fri","1831","HA","CE1C","308B 386B 929 ","","R","D","OF","F ","D","T","N","050","0","0","0","","","1568709","5175327",
"Christchurch City","CASHMERE ROAD",""," ","I","PENRUDDOCK RISE","201438004","31/05/2014","Sat","0935","JA","4W1C","302B 902 ","","R","D","B ","F ","T","G","R","070","0","0","0","","","1567970","5175220",
"Christchurch City","CASHMERE ROAD","120","E"," ","VALLEY ROAD","201413643","27/05/2014","Tue","1150","MB","SE1C","350B 370B ","","E","D","B ","F "," "," ","P","050","0","1","0","","49","1569753","5176000",
"Christchurch City","CENTAURUS ROAD","50","E"," ","HOLLISS AVENUE","201412767","01/04/2014","Tue","1055","MD","4W1C","308B 357B 371B 929 ","","R","D","OF","F ","D","N","C","050","0","0","1","","","1570915","5175798",
"Christchurch City","CENTAURUS ROAD","20","E"," ","KOWHAI TERRACE","201410747","18/03/2014","Tue","1440","CB","4E1","102A 501A ","FT","R","D","B ","F "," ","N","C","050","0","0","1","","","1571660","5176518",
"Christchurch City","CHARTERIS BAY ROAD","100","W"," ","MARINE DRIVE","201410248","29/01/2014","Wed","1731","CA","ME1","101A 191A 840 ","","R","D","B ","F "," ","N","C","070","0","1","0","","","1575656","5166251",
"Christchurch City","CHARTERIS BAY ROAD","1000","W"," ","MARINE DRIVE","201413361","31/05/2014","Sat","0220","CB","CE1","103A 410A 801 ","T","R","W","DN","L "," "," ","C","100","0","0","1","","","1574946","5166086",
"Christchurch City","CHISLEHURST PLACE","180","S"," ","WAIRAKEI ROAD","201411870","21/03/2014","Fri","1718","MO","CN1","133A 357A ","","E","D","BN","F "," ","N","N","050","0","0","1","","","1567672","5182519",
"Christchurch City","CLAREMONT AVENUE",""," ","I","TOMES ROAD","201431912","08/02/2014","Sat","0149","DA","CW1","111A 131A ","P","E","D","DO","F ","T","N","N","050","0","0","0","","","1569206","5183401",
"Christchurch City","CLARENCE ST",""," ","I","BLENHEIM ROAD","201413719","26/05/2014","Mon","1420","LB","CN1M","303B 382B ","","R","W","OF","L ","X","T","R","050","0","0","1","","","","",
"Christchurch City","CLARENCE ST N",""," ","I","BLENHEIM ROAD","201410246","31/01/2014","Fri","1819","LB","SN1C","303B 375B ","","R","D","O ","F ","X","T","R","060","0","0","1","","41","1567930","5179478",
"Christchurch City","CLYDE ROAD",""," ","I","CREYKE ROAD","201410934","18/02/2014","Tue","1145","LB","CN1S","303B ","","R","D","BF","F ","X","T","C","050","0","0","1","","19","1566817","5181090",
"Christchurch City","CLYDE ROAD","270","N"," ","FENDALTON ROAD","201414109","15/04/2014","Tue","1306","FC","CN1C","331A 350A ","","R","D","OF","F "," ","N","X","050","0","0","1","","","1566922","5181793",
"Christchurch City","CLYDE ROAD",""," ","I","MEMORIAL AVENUE","201411851","09/02/2014","Sun","1420","NA","VN1K","717B ","","E","D","BF","F ","X","G","X","050","0","0","1","15","","1566896","5181525",
"Christchurch City","CLYDE ROAD",""," ","I","MEMORIAL AVENUE","201411152","29/03/2014","Sat","1240","NA","CN1K","717B ","","M","D","O ","F ","X","T","X","050","0","0","1","12","","1566896","5181525",
"Christchurch City","CLYDE ROAD","50","N"," ","RICCARTON ROAD","201430500","13/01/2014","Mon","1012","AC","VS1C","159A ","","R","D","B ","F "," "," ","N","050","0","0","0","","","1566613","5180207",
"Christchurch City","CLYDE ROAD",""," ","I","TOTARA ST","201410245","29/01/2014","Wed","0644","MA","SS1T","330B 373B ","","R","D","B ","F ","T","N","N","050","0","0","1","","2","1566623","5180341",
"Christchurch City","COLOMBO ST","10","N"," ","AYLMER ST","201436469","09/05/2014","Fri","0754","FD","CN14","331A 354A ","","R","D","BF","F ","T","G","C","050","0","0","0","","","1570673","5176984",
"Christchurch City","COLOMBO ST","40","S"," ","BATTERSEA ST","201432585","28/02/2014","Fri","1332","FA","VN1C","181A 351A ","","R","W","O ","F "," ","N","C","050","0","0","0","","","1570647","5178709",
"Christchurch City","COLOMBO ST",""," ","I","BYRON ST","201410933","17/02/2014","Mon","1230","HA","CW2B","322B ","","R","D","OF","F ","X","T","C","050","0","0","1","","","1570646","5178868",
"Christchurch City","COLOMBO ST",""," ","I","CANON ST","201413131","01/05/2014","Thu","1642","HA","CE2V","321A ","","R","D","B ","F ","X","S","C","050","0","0","1","","","1570628","5181851",
"Christchurch City","COLOMBO ST",""," ","I","DEVON ST","201411559","08/02/2014","Sat","1522","CC","CN1CC","137A ","","R","D","BF","F ","T","G","C","050","0","0","2","","","1570665","5177633",
"Christchurch City","COLOMBO ST",""," ","I","ELGIN ST","201433477","17/03/2014","Mon","1210","GD","TS1C","181A 333A ","","R","D","BF","F ","T","G","C","050","0","0","0","","","1570648","5178506",
"Christchurch City","COLOMBO ST","30","S"," ","HASTINGS ST","201412228","17/04/2014","Thu","1401","FD","CN1CCC","181A 427A ","","R","W","OF","H "," ","N","P","050","0","0","1","","","1570654","5178152",
"Christchurch City","COLOMBO ST",""," ","I","HUXLEY ST","201412690","11/04/2014","Fri","1444","LB","VW2C","303B ","","R","D","OF","F ","X","T","R","050","0","0","1","","","1570658","5177997",
"Christchurch City","COLOMBO ST",""," ","I","MILTON ST","201431467","22/02/2014","Sat","1150","HA","CE2C","322B ","","R","D","BF","F ","X","T","R","050","0","0","0","","","1570658","5177997",
"Christchurch City","COLOMBO ST",""," ","I","MILTON ST","201411939","03/04/2014","Thu","1140","FE","CN1C","331A 358A ","","R","D","BF","F ","X","T","R","050","0","0","1","","","1570658","5177997",
"Christchurch City","COLOMBO ST","30","N"," ","SOMERFIELD ST","201436471","28/04/2014","Mon","1400","JA","CS1C","308B 377B 839 930 ","","R","W","OF","H ","D","N","C","050","0","0","0","","","1570669","5177275",
"Christchurch City","COLOMBO ST",""," ","I","SOMERFIELD ST","201438354","11/06/2014","Wed","1255","JA","CN1C","322A 334A ","","E","D","O ","F ","T","T","X","050","0","0","0","","","1570670","5177245",
"Christchurch City","COLOMBO ST",""," ","I","ST ASAPH ST","201438050","09/06/2014","Mon","1320","HA","CW24","322B 334B ","","R","W","O ","L ","X","T","C","050","0","0","0","","","1570642","5179552",
"Christchurch City","COLOMBO ST",""," ","I","STRICKLAND ST","201433960","27/03/2014","Thu","1709","FB","SN1C","181A 330A 132B 353B ","","R","D","B ","F ","T","G","C","050","0","0","0","","","1570670","5177245",
"Christchurch City","COLOMBO ST",""," ","I","STRICKLAND ST","201433833","21/03/2014","Fri","0450","FE","CN1C","103A 181A ","","R","D","DO","F ","T","T","C","050","0","0","0","","","1570670","5177245",
"Christchurch City","COLOMBO ST",""," ","I","TENNYSON ST","201434076","17/04/2014","Thu","1700","LB","VS1C","303B 375B ","","R","W","DO","F ","T","T","C","050","0","0","0","","","1570671","5177155",
"Christchurch City","COLOMBO ST",""," ","I","TENNYSON ST","201412598","06/05/2014","Tue","0710","JA","CS1C","334A 334B ","","R","D","B ","F ","T","T","C","050","0","0","2","","","1570671","5177155",
"Christchurch City","COLOMBO ST","10","N"," ","WOODBRIDGE ROAD","201434092","10/04/2014","Thu","0120","CB","CS1","112A 129A ","K","R","W","DO","L ","T","N","P","050","0","0","0","","","1570574","5176170",
"Christchurch City","CONDELL AVENUE","40","E"," ","JENNIFER ST","201431196","04/03/2014","Tue","2020","CC","CW1C","137A 195A ","M","R","W","DO","H "," ","N","N","050","0","0","0","","","1567347","5183808",
"Christchurch City","COPPELL PLACE","60","N"," ","HOON HAY ROAD","201411314","01/04/2014","Tue","1735","JA","SN1C","204A 377B 833 835 929 ","","R","D","OF","F ","D","N","N","050","0","0","1","","13","1567285","5177473",
"Christchurch City","CORONATION ST","40","W"," ","GARNETT AVENUE","201434818","01/04/2014","Tue","2016","EA","CW1C","129A ","M","R","D","DO","F "," ","N","N","050","0","0","0","","","1568938","5177685",
"Christchurch City","COURTENAY ST","15","N"," ","TRAFALGAR ST","201411164","04/01/2014","Sat","2235","CA","MS1","102A 112A 132A 514A ","","R","D","DO","F "," "," ","R","050","0","1","0","","","1570354","5182642",
"Christchurch City","CRANBROOK AVENUE",""," ","I","APPLEBY CRESCENT N","201413799","11/06/2014","Wed","1910","DA","CN1","111A 131A ","F","E","W","DO","F ","T","N","N","050","0","0","1","","","1565497","5183699",
"Christchurch City","CRANFORD ST","50","N"," ","CORNWALL ST","201431062","17/02/2014","Mon","0940","FD","BS1TC","132A 181A 191B ","","R","D","B ","F "," ","N","C","050","0","0","0","","","1570763","5182285",
"Christchurch City","CRANFORD ST",""," ","I","EDGEWARE ROAD","201436794","28/05/2014","Wed","1803","LB","4N1C","303B 375B ","","R","D","DO","F ","X","T","R","050","0","0","0","","","1570747","5182104",
"Christchurch City","CRANFORD ST","400","E"," ","FRASER ST","201411693","17/03/2014","Mon","0815","FD","CE1CC","181A ","","R","W","BN","F "," ","N","C","050","0","0","2","","","1569461","5184557",
"Christchurch City","CRANFORD ST","280","S"," ","FRASER ST","201432556","23/01/2014","Thu","1520","JA","CS1C","308B 377B 839 926 ","","R","D","O ","F ","D","N","C","050","0","0","0","","","1569375","5184640",
"Christchurch City","CRANFORD ST",""," ","I","INNES ROAD","201411298","04/03/2014","Tue","0854","HA","VE2C","322A 334A ","","R","W","O ","H ","X","T","C","050","0","0","1","","","1570308","5183305",
"Christchurch City","CRANFORD ST","20","N"," ","MCFADDENS ROAD","201410746","17/03/2014","Mon","0842","FD","CS1C","181A 330A 191B ","","R","D","B ","F "," ","N","C","060","0","0","1","","","1570071","5183670",
"Christchurch City","CRANFORD ST","60","S"," ","MCFADDENS ROAD","201410249","27/01/2014","Mon","0729","CA","MS1","132A 191A 402A ","","R","W","O ","F "," ","N","C","050","0","0","1","","","1570113","5183602",
"Christchurch City","CRANFORD ST",""," ","I","MCFADDENS ROAD","201432776","23/02/2014","Sun","2241","HA","CW2C","321A 335A ","","R","D","DO","F ","X","S","R","050","0","0","0","","","1570083","5183654",
"Christchurch City","CRANFORD ST",""," ","I","WESTMINSTER ST","201410792","29/03/2014","Sat","1336","HA","CS14C","322A 334A ","","R","D","B ","F ","X","T","C","050","0","0","2","","","1570595","5182878",
"Christchurch City","CRANFORD ST",""," ","I","WESTON ROAD","201434079","18/04/2014","Fri","2120","GD","CN1C","331A 358A ","","R","W","DO","F ","X","G","C","050","0","0","0","","","1570185","5183486",
"Christchurch City","CREYKE ROAD","80","E"," ","ILAM ROAD","201433593","08/03/2014","Sat","1200","CB","CE1","501A ","FJK","R","D","BN","F "," ","N","N","050","0","0","0","","","1566056","5181408",
"Christchurch City","CREYKE ROAD",""," ","I","KOTARE ST","201410742","14/02/2014","Fri","0620","LB","CE1V","303B 375B ","","R","W","O ","F ","X","T","C","050","0","0","1","","","1566817","5181090",
"Christchurch City","DARVEL ST",""," ","I","MATAI ST","201410609","08/02/2014","Sat","0143","DC","CN1","112A 514A ","HJ","R","W","DO","F ","T","N","N","050","0","0","1","","","1568482","5180789",
"Christchurch City","DEANS AVENUE",""," ","I","BARTLETT ST","201430845","05/01/2014","Sun","0036","GF","CS1C","111A 512A 514A 517A ","","E","D","DO","F ","T","G","R","050","0","0","0","","","1568674","5180304",
"Christchurch City","DEANS AVENUE",""," ","I","RICCARTON AVENUE","201412425","10/04/2014","Thu","2348","DA","CN2","104A 131A 402A 801 ","X","M","W","DO","L ","R","G","R","050","0","1","0","","","1568675","5180382",
"Christchurch City","DEANS AVENUE",""," ","I","RICCARTON AVENUE","201413649","28/05/2014","Wed","1155","KB","CN1S","302A 375A ","","S","D","O ","F ","R","G","R","050","0","0","1","","26","1568662","5180380",
"Christchurch City","DEANS AVENUE",""," ","I","RICCARTON ROAD","201410611","14/02/2014","Fri","1125","FB","CN1C","181A 387A ","","R","D","B ","F ","R","G","C","050","0","0","1","","","1568662","5180375",
"Christchurch City","DRAPER ST","50","W"," ","STANMORE ROAD","201430364","13/01/2014","Mon","1420","EA","CE1C","129A 350A ","M","R","D","B ","F "," ","N","N","050","0","0","0","","","1572214","5180975",
"Christchurch City","DURHAM ST",""," ","I","LICHFIELD ST","201436814","12/05/2014","Mon","1205","MO","BS1","386A 502A ","IS","M","D","B ","F ","M","T","R","050","0","0","0","","","1570390","5179793",
"Christchurch City","DURHAM ST",""," ","I","SANDYFORD ST","201413715","30/05/2014","Fri","1256","HA","VN1C","301B 382B ","","R","D","BF","F ","X","S","R","050","0","0","1","","","1570399","5178867",
"Christchurch City","DURY ROAD","100","W"," ","PERIMETER ROAD","201435661","06/04/2014","Sun","1210","MO","CW1CV","130A 653A ","QX","R","D","B ","F "," "," ","C","050","0","0","0","","","1562739","5184756",
"Christchurch City","DYERS PASS ROAD",""," ","I","CENTAURUS ROAD","201412705","07/04/2014","Mon","1633","HA","CN1S","302A ","","R","W","OF","L ","R","G","C","050","0","1","0","","40","1570510","5176094",
"Christchurch City","DYERS PASS ROAD","1820","N"," ","GOVERNORS BAY ROAD","201436872","22/04/2014","Tue","2258","DB","CE1","111A 131A 632A 801 ","T","E","W","DN","L "," "," ","C","100","0","0","0","","","1571783","5171101",
"Christchurch City","DYERS PASS ROAD","600","S"," ","PENTRE TERRACE","201438048","08/06/2014","Sun","0900","DB","CN1","131A 197A 632A 800 ","E","M","W","O ","M "," "," ","C","070","0","0","0","","","1570752","5174017",
"Christchurch City","DYERS PASS ROAD","40","N"," ","SUMMIT ROAD","201412738","11/03/2014","Tue","0752","CA","MN1","191A ","","R","W","OF","L "," ","N","C","070","0","1","0","","","1571381","5171845",
"Christchurch City","DYERS PASS ROAD","800","N"," ","SUMMIT ROAD","201412784","19/04/2014","Sat","1030","DA","SN1","111A 132A 137A 926 ","","M","W","BN","F ","D","N","C","070","0","0","1","","47","1571151","5172462",
"Christchurch City","DYERS PASS ROAD","1500","N"," ","SUMMIT ROAD","201437574","18/05/2014","Sun","1704","DA","CN1","131A 352A 402A ","G","E","D","TN","F "," "," ","C","080","0","0","0","","","1571104","5173051",
"Christchurch City","DYERS PASS ROAD","3000","N"," ","SUMMIT ROAD","201436959","01/05/2014","Thu","2100","DA","CN1","111A 131A 402A ","C","M","D","DN","F "," "," ","C","070","0","0","0","","","1570703","5174063",
"Christchurch City","DYERS PASS ROAD","570","S"," ","SUMMIT ROAD","201410837","18/01/2014","Sat","2145","DA","CS1","111A 131A 402A ","E","M","D","DN","F "," "," ","C","070","0","0","1","","","1571557","5171334",
"Christchurch City","DYERS PASS ROAD","580","S"," ","SUMMIT ROAD","201437471","08/05/2014","Thu","2020","DB","CN1","103A 111A 131A 359A 901 ","","M","W","DN","H "," "," ","C","100","0","0","0","","","1571564","5171326",
"Christchurch City","DYERS PASS ROAD","800","S"," ","SUMMIT ROAD","201434259","01/03/2014","Sat","0450","DB","CE1","103A 111A 131A 433A 862 ","T","S","D","DO","F "," "," ","C","100","0","0","0","","","1571620","5171121",
"Christchurch City","EAST ELLINGTON DRIVE","80","W"," ","HILLS ROAD","201437492","27/04/2014","Sun","1710","DB","CW1","131A 363A 402A 902 ","FTX","E","D","B ","F "," "," ","N","050","0","0","0","","","1571428","5184365",
"Christchurch City","EASTERN TERRACE","40","E"," ","BOWENVALE AVENUE","201412462","25/04/2014","Fri","2355","DA","CW1","103A 111A 131A 514A 517A ","P","E","D","DO","F "," "," ","C","050","0","0","2","","","1571234","5175810",
"Christchurch City","EDGEWARE ROAD",""," ","I","BARBADOES ST","201435677","18/04/2014","Fri","2110","HA","CS2C","112B 322B 350B 801 ","","R","W","DO","L ","X","T","C","050","0","0","0","","","1571383","5182107",
"Christchurch City","EFFINGHAM ST",""," ","I","PACIFIC ROAD","201431968","11/02/2014","Tue","1240","HA","CE2C","116A 339A 817 ","","R","D","BF","F ","X","S","C","050","0","0","0","","","1577265","5184610",
"Christchurch City","ENSORS ROAD","20","S"," ","CHARLES ST","201435709","01/05/2014","Thu","2200","AA","CS14","372A 130B ","FI","R","D","DO","F "," "," ","R","050","0","0","0","","","1572762","5178572",
"Christchurch City","ENSORS ROAD",""," ","I","GRENVILLE ST","201437533","30/05/2014","Fri","0220","DC","CE2","103A 357A 512A ","P","E","D","DO","F ","T","N","R","050","0","0","0","","","1572828","5178679",
"Christchurch City","ENSORS ROAD","50","S"," ","MACKENZIE AVENUE","201432215","01/02/2014","Sat","0305","CB","CN1V","103A 130A ","M","R","D","DO","F "," "," ","R","050","0","0","0","","","1572729","5178534",
"Christchurch City","EPSOM ROAD","110","S"," ","CARBINE PLACE","201434022","08/04/2014","Tue","1632","DA","CN1C","131A 350A 500A ","FM","M","W","O ","F "," ","N","C","050","0","0","0","","","1563540","5179748",
"Christchurch City","EPSOM ROAD",""," ","I","GREENHURST ST","201434614","13/03/2014","Thu","1435","JA","CS1C","377B 839 ","","R","D","BF","F ","T","N","C","050","0","0","0","","","1563805","5179371",
"Christchurch City","EPSOM ROAD",""," ","I","MAIN SOUTH ROAD","201431083","14/02/2014","Fri","0835","FB","CS1C","181A 387A ","","E","W","O ","F ","R","G","R","050","0","0","0","","","1563938","5179201",
"Christchurch City","ESTUARY ROAD","100","N"," ","CRADOCK ST","201431707","12/01/2014","Sun","1006","MO","TN1","386A ","P","R","D","B ","F "," "," ","C","050","0","0","0","","","1578431","5180935",
"Christchurch City","ESTUARY ROAD","30","N"," ","HALSEY ST","201413224","30/05/2014","Fri","1850","CC","CN1","112A 402A ","P","R","D","DO","F "," ","N","C","050","0","0","1","","","1578769","5179881",
"Christchurch City","EVANS PASS ROAD","10","S"," ","HEBERDEN AVENUE","201432560","16/01/2014","Thu","1953","DA","CS1","101A 131A ","G","S","D","TN","F ","T","N","C","070","0","0","0","","","1580340","5174512",
"Christchurch City","FALSGRAVE ST",""," ","I","LISMORE ST","201432599","10/03/2014","Mon","0028","DB","CS1","111A 402A 514A ","GT","M","D","DO","F ","T","N","C","050","0","0","0","","","1571771","5178834",
"Christchurch City","FARRINGTON AVENUE",""," ","I","ISLEWORTH ROAD","201435010","10/04/2014","Thu","1035","CB","CN1","112A 130A ","P","R","W","O ","F ","T","N","C","050","0","0","0","","","1566359","5184401",
"Christchurch City","FARRINGTON AVENUE",""," ","I","WAIRAKEI ROAD","201410708","19/02/2014","Wed","1810","KA","SS1C","302B 375B ","","R","D","B ","F ","T","G","C","050","0","0","1","","62","1565831","5184057",
"Christchurch City","FENDALTON ROAD",""," ","I","STRAVEN ROAD","201431194","03/03/2014","Mon","1641","FE","CE14","181A 324A 191B ","","R","W","O ","F ","X","T","N","050","0","0","0","","","1567769","5181400",
"Christchurch City","FERRY ROAD","50","E"," ","FITZGERALD AVENUE","201412590","25/02/2014","Tue","1510","NB","4E1E","712B 713B ","","R","D","O ","F "," "," ","C","050","0","1","0","13","","1571821","5179330",
"Christchurch City","FERRY ROAD","20","E"," ","HARGOOD ST","201431982","22/01/2014","Wed","1229","AA","VE1V","184A ","","R","D","OF","F "," ","N","C","050","0","0","0","","","1574093","5178346",
"Christchurch City","FERRY ROAD","150","E"," ","HARGOOD ST","201431287","12/02/2014","Wed","1045","AO","4E1V","381A ","","R","D","BF","F "," ","N","C","050","0","0","0","","","1574199","5178270",
"Christchurch City","FERRY ROAD",""," ","I","HARGOOD ST","201432561","22/01/2014","Wed","2118","HA","CS2C","322A 334A ","","R","D","DO","F ","X","T","L","050","0","0","0","","","1574077","5178357",
"Christchurch City","FERRY ROAD","50","W"," ","HOPKINS ST","201434481","23/04/2014","Wed","0732","CC","CE1","501A ","H","R","D","B ","F "," "," ","P","050","0","0","0","","","1573462","5178611",
"Christchurch City","FERRY ROAD",""," ","I","HOPKINS ST","201413141","09/05/2014","Fri","0907","JA","CW1CC","302B 382B ","","R","D","B ","F ","T","G","P","050","0","0","1","","","1573506","5178588",
"Christchurch City","FERRY ROAD","100","W"," ","HUMPHREYS DRIVE","201412937","05/05/2014","Mon","1030","QG","TW1C","682A ","M","R","D","B ","F "," "," ","C","050","0","0","1","","","1576124","5177195",
"Christchurch City","FERRY ROAD","90","E"," ","MACKWORTH ST","201411994","25/03/2014","Tue","0728","FD","CW1CCC","181A 181C ","","R","D","OF","F "," ","N","C","050","0","0","1","","","1573395","5178645",
"Christchurch City","FERRY ROAD","10","E"," ","MANNING PLACE","201433780","17/03/2014","Mon","0653","EB","TW1C","331A ","M","R","W","DO","F ","T","N","N","050","0","0","0","","","1573169","5178763",
"Christchurch City","FERRY ROAD","40","S"," ","MARONAN ST","201432593","14/03/2014","Fri","0912","KA","CS1C","308B 375B 930 ","","R","D","B ","F ","D","N","R","050","0","0","0","","","1574599","5177983",
"Christchurch City","FERRY ROAD","5","W"," ","OSBORNE ST","201431134","14/02/2014","Fri","1739","FD","4E1CC","331A 352A ","","R","D","O ","F ","T","N","P","050","0","0","0","","","1572712","5178998",
"Christchurch City","FERRY ROAD","40","E"," ","PORTMAN ST","201432213","24/01/2014","Fri","1536","GF","TE1C","671A 158B 925 ","","R","D","B ","F ","D"," ","C","050","0","0","0","","","1574326","5178179",
"Christchurch City","FERRY ROAD",""," ","I","RICHARDSON TERRACE","201437597","13/05/2014","Tue","0850","GD","TE1C","331A 352A ","","R","D","O ","F ","T","N","P","050","0","0","0","","","1573955","5178427",
"Christchurch City","FERRY ROAD","100","W"," ","SETTLERS CRESCENT W","201412565","10/04/2014","Thu","0732","LB","SW1V","303B 314B 377B 927 ","","R","D","O ","F ","D"," ","R","050","0","1","0","","49","1575997","5177225",
"Christchurch City","FERRY ROAD","5","W"," ","SMITH ST","201432620","25/02/2014","Tue","1550","FD","CW1CC","181A 331A ","","R","D","B ","F ","T","N","C","050","0","0","0","","","1573432","5178626",
"Christchurch City","FERRY ROAD","80","W"," ","ST JOHNS ST","201411930","21/03/2014","Fri","0642","MC","PW1C","373B ","","R","D","DO","F "," ","N","P","050","0","0","1","","","1574433","5178102",
"Christchurch City","FERRY ROAD","150","W"," ","ST JOHNS ST","201433963","26/03/2014","Wed","1559","MO","VE1C","386A 926 ","","R","D","B ","F ","D","N","P","050","0","0","0","","","1574376","5178143",
"Christchurch City","FERRY ROAD","100","E"," ","WATERMAN PLACE","201412041","26/03/2014","Wed","0547","MC","CE1C","330B 372B ","","R","D","DO","F "," ","N","C","050","0","0","1","","","1575635","5177313",
"Christchurch City","FITZGERALD AVENUE","50","S"," ","BEALEY AVENUE","201434777","25/04/2014","Fri","0230","DA","CN1","103A 111A 131A ","FP","E","D","DO","F "," ","N","C","050","0","0","0","","","1571750","5181234",
"Christchurch City","FITZGERALD AVENUE",""," ","I","BEALEY AVENUE","201410037","03/02/2014","Mon","1545","FE","CN1CC","130A 423A ","","R","D","B ","F ","X","T","C","050","0","0","2","","","1571749","5181284",
"Christchurch City","FITZGERALD AVENUE","100","S"," ","CASHEL ST","201434965","01/02/2014","Sat","0924","CC","CN1","129A 350A ","IT","R","W","OF","L "," ","N","R","050","0","0","0","","","1571759","5179823",
"Christchurch City","FITZGERALD AVENUE",""," ","I","CASHEL ST","201411149","22/03/2014","Sat","1445","HA","CW2C","322B 334B ","","R","D","B ","F ","X","T","R","050","0","0","3","","","1571770","5179923",
"Christchurch City","FITZGERALD AVENUE",""," ","I","FERRY ROAD","201433485","13/03/2014","Thu","1404","LB","CE24","303B 375B ","","R","D","BF","F ","X","T","R","050","0","0","0","","","1571762","5179350",
"Christchurch City","FITZGERALD AVENUE",""," ","I","HEREFORD ST","201412461","22/04/2014","Tue","0958","HA","CW2C","322B 334B 801 ","","R","W","O ","L ","X","T","C","050","0","0","2","","","1571769","5180044",
"Christchurch City","FITZGERALD AVENUE",""," ","I","HEREFORD ST","201431792","01/01/2014","Wed","1822","LB","CN1C","303B 375B ","","R","D","O ","F ","X","T","R","050","0","0","0","","","1571757","5180044",
"Christchurch City","FITZGERALD AVENUE","5","S"," ","LICHFIELD ST","201432589","18/02/2014","Tue","0900","FD","CS1CC","181A 350A ","","R","D","B ","F ","T","T","C","050","0","0","0","","","1571771","5179797",
"Christchurch City","FITZGERALD AVENUE",""," ","I","TUAM ST","201434474","12/04/2014","Sat","1204","LB","CS1C","303B 375B 801 ","","R","W","O ","L ","X","T","R","050","0","0","0","","","1571771","5179667",
"Christchurch City","FORTH ST",""," ","I","VOGEL ST","201436781","21/05/2014","Wed","0010","EA","CE1C","111A ","M","M","D","DN","F ","T","N","N","050","0","0","0","","","1572462","5181475",
"Christchurch City","GARDINERS ROAD",""," ","I","SAWYERS ARMS ROAD","201436954","05/05/2014","Mon","0908","HA","CS1T","321A ","","R","D","O ","F ","X","S","C","050","0","0","0","","","1566426","5186001",