"TLA NAME","CRASH ROAD","CRASH DIST","CRASH DIRN","INTSN","SIDE ROAD","CRASH ID","CRASH DATE","CRASH DOW","CRASH TIME","MVMT","VEHICLES","CAUSES","OBJECTS STRUCK","ROAD CURVE","ROAD WET","LIGHT","WTHRa","JUNC TYPE","TRAF CTRL","ROAD MARK","SPD LIM","CRASH FATAL CNT","CRASH SEV CNT","CRASH MIN CNT","PERS AGE1","PERS AGE2","EASTING","NORTHING"
"Christchurch City","GASSON ST",""," ","I","BYRON ST","201433754","24/03/2014","Mon","1649","HA","CS1C","301B ","","R","D","B ","F ","X","S","N","050","0","0","0","","","1571130","5178871",
"Christchurch City","GASSON ST",""," ","I","CARLYLE ST","201437742","03/06/2014","Tue","0915","HA","VS1C","301B 363B 370B 902 ","","R","D","B ","F ","X","S","C","050","0","0","0","","","1571130","5178992",
"Christchurch City","GASSON ST",""," ","I","MOORHOUSE AVENUE","201432654","23/02/2014","Sun","1940","HA","CN1CC","322B 334B ","","R","W","B ","F ","X","T","C","050","0","0","0","","","1571132","5179156",
"Christchurch City","GEBBIES PASS ROAD","500","S"," ","SUMMIT ROAD","201412640","30/03/2014","Sun","1237","DA","MW1M","132A 137A 132B 137B ","","M","D","BN","F "," ","N","N","100","0","1","1","","","1570728","5162218",
"Christchurch City","GILBERTHORPES ROAD","200","S"," ","KANIERE AVENUE S","201436968","03/05/2014","Sat","1955","EA","4N1C","410A ","M","R","D","DO","F "," "," ","C","050","0","0","0","","","1561079","5179560",
"Christchurch City","GLANDOVEY ROAD","80","W"," ","IDRIS ROAD","201434779","11/04/2014","Fri","1910","EA","CW1CC","358A 403A 645A ","M","R","W","DO","L "," ","N","C","050","0","0","0","","","1567922","5181973",
"Christchurch City","GLANDOVEY ROAD",""," ","I","IDRIS ROAD","201410682","06/02/2014","Thu","0815","KA","SS14","302B 375B ","","R","D","B ","F ","R","G","C","050","0","1","0","","59","1568006","5182007",
"Christchurch City","GLOUCESTER ST","130","W"," ","ENGLAND ST","201412081","22/02/2014","Sat","0900","EA","SE1C","350A 363A 902 ","M","R","D","B ","F "," ","N","C","050","0","1","0","","15","1572572","5180290",
"Christchurch City","GLOUCESTER ST","200","E"," ","FITZGERALD AVENUE","201411690","15/03/2014","Sat","1949","EE","SE1X","525B ","Q","R","W","DO","L "," ","N","C","050","0","0","1","","54","1571967","5180288",
"Christchurch City","GLOUCESTER ST","50","E"," ","TANCRED ST","201413322","10/04/2014","Thu","2156","CC","CE1C","195A 410A 801 ","M","R","W","DO","L "," "," ","C","050","0","0","1","","","1572933","5180290",
"Christchurch City","GORDON AVENUE","10","E"," ","BRISTOL ST","201433298","08/03/2014","Sat","1235","MO","CE1","133A 407A 420A ","H","R","D","BF","F ","T","N","N","050","0","0","0","","","1569814","5182154",
"Christchurch City","GOVERNORS BAY ROAD","650","N"," ","MAIN ROAD","201431140","30/01/2014","Thu","1150","DB","OW1","131A 687A 810 ","","S","D","O ","F "," ","N","C","050","0","0","0","","","1572198","5170612",
"Christchurch City","GOVERNORS BAY TEDDINGTON","10","S"," ","BAMFORDS ROAD","201411686","01/03/2014","Sat","1200","JA","MS14","929 ","","E","D","BF","F ","D","N","C","070","0","1","0","","","1571726","5167599",
"Christchurch City","GRAHAMS ROAD",""," ","I","AVONHEAD ROAD","201411692","06/03/2014","Thu","2034","HA","CW1S","302A 375A ","","R","D","BF","F ","R","G","R","050","0","0","1","","31","1564671","5182453",
"Christchurch City","GRAHAMS ROAD","50","S"," ","RUBENS PLACE","201436920","11/05/2014","Sun","1050","FC","CN14C","181A 181B ","","R","D","B ","F "," "," ","R","050","0","0","0","","","1565528","5183080",
"Christchurch City","GRAHAMS ROAD",""," ","I","WAIRAKEI ROAD","201412706","14/04/2014","Mon","1505","HA","SE1V","204A 375A ","","M","D","OF","F ","X","G","R","050","0","0","1","","10","1566286","5183773",
"Christchurch City","GRAHAMS ROAD E","20","S"," ","GREGAN CRESCENT","201412010","05/04/2014","Sat","2330","GA","CS1C","101A 331A 358A ","","M","W","DO","L ","T","N","C","050","0","0","1","","","1566101","5183696",
"Christchurch City","GRAMPIAN ST","50","S"," ","CLARIDGES ROAD","201435703","23/04/2014","Wed","1407","MC","VS1C","372B 378B ","","R","D","B ","F "," "," ","C","050","0","0","0","","","1567996","5186020",
"Christchurch City","GREERS ROAD","10","S"," ","CONDELL AVENUE","201413199","05/05/2014","Mon","1950","BE","CS14","103A 130A 353A ","","R","D","DO","F ","T","G","N","050","0","1","1","","","1566850","5184134",
"Christchurch City","GREERS ROAD","30","S"," ","CONDELL AVENUE","201411150","08/02/2014","Sat","1745","EA","CS1CC","112A 129A 358A ","MP","R","D","O ","F "," "," ","C","050","0","0","1","","","1566840","5184117",
"Christchurch City","GREERS ROAD","80","N"," ","COTTESMORE CLOSE","201412426","24/02/2014","Mon","0724","PO","XN1EE","130A 197A 350A ","","R","D","B ","F "," "," ","P","050","0","1","1","13","","1565946","5182779",
"Christchurch City","GREERS ROAD",""," ","I","GRAHAMS ROAD","201410044","07/02/2014","Fri","1615","JA","CS1C","301B 382B 402B ","","E","D","O ","F ","T","S","L","050","0","0","1","","","1566727","5183920",
"Christchurch City","GREERS ROAD","15","S"," ","HAREWOOD ROAD","201410429","16/01/2014","Thu","0705","AF","CN1S","158B ","","R","D","O ","F "," "," ","C","050","0","0","1","","82","1567133","5184640",
"Christchurch City","GREERS ROAD",""," ","I","HAREWOOD ROAD","201412417","06/03/2014","Thu","1334","LB","CN1C","303B 377B ","","R","D","B ","F ","X","T","R","050","0","1","0","","","1567141","5184653",
"Christchurch City","GREERS ROAD",""," ","I","LANGDONS ROAD","201431059","16/02/2014","Sun","2245","DA","CW1","129A 359A ","G","M","D","DO","F ","T","S","R","050","0","0","0","","","1567294","5184876",
"Christchurch City","GREERS ROAD",""," ","I","MEMORIAL AVENUE","201438047","08/06/2014","Sun","0845","HA","CN1C","322B ","F","R","W","O ","L ","X","T","R","050","0","0","0","","","1565717","5182514",
"Christchurch City","GREERS ROAD","10","N"," ","REYNOLDS AVENUE","201412910","23/04/2014","Wed","1753","NA","CN1E","711B ","","R","D","DO","F ","T","G","C","050","0","0","1","16","","1567286","5184865",
"Christchurch City","GREERS ROAD","30","S"," ","SAFFRON ST","201411274","25/02/2014","Tue","2119","MD","SN1C","204A 308B 929 ","","R","D","DO","F ","D","N","C","050","0","0","1","","24","1566635","5183767",
"Christchurch City","GREERS ROAD",""," ","I","SAFFRON ST","201410697","06/03/2014","Thu","1750","LB","CS1C","303B 375B ","","R","D","B ","F ","T","N","C","050","0","0","1","","","1566651","5183793",
"Christchurch City","GREERS ROAD","30","E"," ","TUDOR AVENUE","201436466","18/04/2014","Fri","1050","DA","CW1","111A 131A ","FT","E","W","OF","H "," ","N","C","050","0","0","0","","","1565506","5182193",
"Christchurch City","GREERS ROAD",""," ","I","WAIRAKEI ROAD","201433603","28/03/2014","Fri","1010","GD","VS1CV","111A 331A 817 ","","R","D","BF","F ","X","T","C","050","0","0","0","","","1566549","5183621",
"Christchurch City","GRIMSEYS ROAD","80","N"," ","EXTON ST","201433487","13/03/2014","Thu","1347","EA","CS1C","129A 358A ","M","R","D","BF","F "," ","N","C","050","0","0","0","","","1569885","5186868",
"Christchurch City","GROYNES DRIVE","30","N"," ","SH 1S","201432584","31/01/2014","Fri","1445","CC","CN1","102A 410A 504A ","T","R","D","B ","F "," ","N","N","030","0","0","0","","","1568518","5188877",
"Christchurch City","HAGLEY AVENUE","90","N"," ","MOORHOUSE AVENUE","201434252","19/02/2014","Wed","1006","KB","CS1C","308B 375B 930 ","","R","D","B ","F ","D"," ","N","050","0","0","0","","","1569204","5179210",
"Christchurch City","HAGLEY AVENUE",""," ","I","RICCARTON AVENUE","201432582","16/03/2014","Sun","1426","DB","CN1","110A 122A 135A 801 901 ","GS","M","W","O ","H ","X","G","C","050","0","0","0","","","1569802","5179703",
"Christchurch City","HAGLEY AVENUE","20","S"," ","TUAM ST","201435028","20/03/2014","Thu","0910","MA","BS14","373B ","","R","D","O ","F "," ","N","C","050","0","0","0","","","1569786","5179691",
"Christchurch City","HALBERG ST","40","E"," ","SNELL PLACE","201410069","03/01/2014","Fri","1040","BE","CE1C","131A 138A 402A ","","R","D","B ","F "," "," ","N","050","0","0","1","","","1573909","5181802",
"Christchurch City","HALSWELL JUNCTION ROAD",""," ","I","MURPHYS ROAD","201431967","07/02/2014","Fri","0110","DB","CN1","103A 116A 817 ","P","R","D","DO","F ","T","G","C","060","0","0","0","","","1563969","5174989",
"Christchurch City","HALSWELL JUNCTION ROAD","20","S"," ","WATERLOO ROAD","201411868","08/03/2014","Sat","1730","CB","MS1C","103A 129A ","M","R","D","BN","F "," ","N","C","050","0","0","1","","","1560265","5178917",
"Christchurch City","HANSONS LANE","10","S"," ","ARTHUR ST","201413275","29/05/2014","Thu","0920","NA","VS1E","711B ","","R","D","B ","F ","T","N","C","050","0","0","1","66","","1565633","5179328",
"Christchurch City","HANSONS LANE","70","S"," ","ARTHUR ST","201432653","14/02/2014","Fri","0820","KA","CN1C","308B 375B 929 ","","R","D","B ","F ","D","N","C","050","0","0","0","","","1565640","5179269",
"Christchurch City","HAREWOOD ROAD","110","W"," ","BREENS ROAD","201434470","16/04/2014","Wed","1306","KA","CW1C","308B 377B 801 839 927 ","","R","W","O ","L ","D"," ","R","050","0","0","0","","","1565923","5185331",
"Christchurch City","HAREWOOD ROAD",""," ","I","GREERS ROAD","201433653","19/03/2014","Wed","2150","LB","CN1C","303B 387B ","","R","D","DO","F ","X","T","R","050","0","0","0","","","1567141","5184653",
"Christchurch City","HAREWOOD ROAD","20","W"," ","PAPANUI ROAD","201437577","12/05/2014","Mon","1520","MC","CW1C","372B ","","R","D","B ","F "," "," ","C","050","0","0","0","","","1568284","5183914",
"Christchurch City","HAREWOOD ROAD",""," ","I","PAPANUI ROAD","201433751","19/03/2014","Wed","2055","GB","CE1CC","113A 158A 514A ","","E","D","B ","F ","T","T","R","050","0","0","0","","","1568302","5183906",
"Christchurch City","HAREWOOD ROAD",""," ","I","RUSSLEY ROAD","201431139","05/02/2014","Wed","1514","FB","4W1C","181A 191B ","","R","W","O ","F ","R","G","C","080","0","0","0","","","1564132","5185917",
"Christchurch City","HARMANS TRACK","1250","W"," ","SH 75","201413256","30/05/2014","Fri","1733","CA","ME1","110A 138A 330A 840 ","","R","W","DN","F "," ","N","N","100","0","0","1","","","1588397","5156513",
"Christchurch City","HARPER AVENUE","100","S"," ","CARLTON MILL ROAD","201410138","06/01/2014","Mon","1538","FD","CN1C","331A 358A ","","R","D","B ","F "," "," ","R","050","0","0","1","","","1569688","5181212",
"Christchurch City","HARPER AVENUE","40","W"," ","CARLTON MILL ROAD","201431441","13/01/2014","Mon","1650","FD","CE1CCC","181A ","","R","D","BF","F "," ","N","R","050","0","0","0","","","1569734","5181251",
"Christchurch City","HARPER AVENUE",""," ","I","DEANS AVENUE","201411688","18/03/2014","Tue","0709","NA","CW1E","713B ","","R","W","DO","L ","T","T","R","050","0","0","1","17","","1568765","5180892",
"Christchurch City","HARROW ST","10","W"," ","GLASGOW ST","201432586","27/02/2014","Thu","2320","GA","VW1V","103A 181A 103B 929 ","","R","D","DO","F ","D","N","C","050","0","0","0","","","1573085","5179523",
"Christchurch City","HAWKE ST","60","W"," ","MARINE PARADE","201432772","18/02/2014","Tue","1555","JA","CW1C","308B 375B 925 ","","R","D","B ","F ","D"," ","C","050","0","0","0","","","1578150","5182949",
"Christchurch City","HAWKE ST","100","E"," ","SHAW AVENUE","201433755","25/03/2014","Tue","2031","LB","CW1C","303B 922 ","","R","W","DO","F ","D","N","N","050","0","0","0","","","1577978","5182893",
"Christchurch City","HAY ST","140","S"," ","BUTTERFIELD AVENUE","201436993","19/05/2014","Mon","1415","MD","CS1C","371B 834 929 ","","R","D","B ","F ","D","N","C","050","0","0","0","","","1574326","5179840",
"Christchurch City","HAYTON ROAD",""," ","I","MCALPINE ST","201433826","20/03/2014","Thu","1227","GE","CN1V","157A ","","R","D","O ","F ","T","N","C","050","0","0","0","","","1564412","5178649",
"Christchurch City","HEATHCOTE ST","20","S"," ","FERRY ROAD","201435391","03/05/2014","Sat","0030","CB","CN1","103A 130A ","FH","R","D","DO","F "," "," ","C","050","0","0","0","","","1574204","5178242",
"Christchurch City","HEREFORD ST","180","W"," ","STANMORE ROAD","201436949","01/05/2014","Thu","1748","MB","CE1CC","303B ","M","R","D","TO","F "," "," ","C","050","0","0","0","","","1572100","5180049",
"Christchurch City","HEREFORD ST",""," ","I","STANMORE ROAD","201412082","05/03/2014","Wed","1831","HA","CE1S","302A 375A ","","R","W","O ","F ","R","G","C","050","0","1","0","","","1572300","5180051",
"Christchurch City","HIGHSTED ROAD",""," ","I","BAINTON ST","201412911","16/04/2014","Wed","1630","KB","MN14","303B ","","R","W","O ","F ","T","N","C","050","0","0","1","","","1566787","5185059",
"Christchurch City","HILLS ROAD","30","S"," ","EDGEWARE ROAD","201432604","12/03/2014","Wed","0650","CB","TN1","129A ","P","R","D","O ","F "," ","N","C","050","0","0","0","","","1571845","5182082",
"Christchurch City","HILLS ROAD",""," ","I","EDGEWARE ROAD","201434256","13/02/2014","Thu","1625","FA","CS1C","181A 331A 194B 801 ","","R","W","O ","L ","T","G","C","050","0","0","0","","","1571845","5182112",
"Christchurch City","HILLS ROAD","20","N"," ","HENDON ST","201412907","25/03/2014","Tue","1218","CB","CS1C","130A 622A ","FJM","R","D","B ","F "," "," ","P","050","0","0","1","","","1571845","5182270",
"Christchurch City","HILLS ROAD",""," ","I","NORTH AVON ROAD","201430354","15/01/2014","Wed","1700","JA","CS1C","302B 375B ","","R","D","B ","F ","T","G","C","050","0","0","0","","","1571850","5181645",
"Christchurch City","HOMESTEAD LANE","100","W"," ","ILAM ROAD","201430359","19/01/2014","Sun","1406","CB","CW1","112A 129A ","P","R","D","B ","F "," ","N","N","030","0","0","0","","","1565902","5180799",
"Christchurch City","HOOD ST",""," ","I","ORAM AVENUE","201433475","15/03/2014","Sat","1550","HA","CN2C","302B 378B 834 ","","R","D","OF","F ","X","G","R","050","0","0","0","","","1578202","5182530",
"Christchurch City","HOON HAY ROAD",""," ","I","LEISTRELLA ROAD","201435715","24/04/2014","Thu","1810","EC","CS1","911 ","W","R","D","DO","F ","T","N","C","050","0","0","0","","","1568596","5175935",
"Christchurch City","HOPE ST",""," ","I","HERCULES ST","201435297","27/03/2014","Thu","1713","LB","CN1C","303B ","","R","D","B ","F ","X","G","C","050","0","0","0","","","1572487","5183018",
"Christchurch City","HORNSBY ST",""," ","I","FARRINGTON AVENUE","201434472","12/04/2014","Sat","0511","DA","VE1VC","103A 110A 131A 517A 801 ","MP","E","W","DO","L ","T","N","N","050","0","0","0","","","1566264","5184331",
"Christchurch City","HUXLEY ST",""," ","I","COLOMBO ST","201411184","28/03/2014","Fri","0802","LB","VW1C","113A 324A 303B 334B ","","R","D","B ","F ","X","T","C","050","0","0","1","","","1570658","5177997",
"Christchurch City","HUXLEY ST",""," ","I","COLOMBO ST","201434052","12/04/2014","Sat","0944","HA","VW1C","322B 334B ","","R","W","O ","F ","X","T","C","050","0","0","0","","","1570658","5177997",
"Christchurch City","ILAM ROAD","200","E"," ","AORANGI ROAD","201412628","28/02/2014","Fri","1600","CC","CS1C","129A ","MT","R","W","OF","L "," ","N","C","050","0","1","0","","","1566626","5182512",
"Christchurch City","ILAM ROAD","10","N"," ","ROUNTREE ST","201411931","31/03/2014","Mon","1430","NA","CN1E","306A ","","R","D","BF","F ","T","G","X","050","0","0","1","","","1566021","5180618",
"Christchurch City","ILAM ROAD","20","E"," ","ST WINIFREDS PLACE","201413623","19/05/2014","Mon","1655","GD","CE1C","331A 358A 402A 929 ","","R","D","TF","F ","D"," ","C","050","0","0","1","","","1567363","5182716",
"Christchurch City","INGOLDSBY ST","50","N"," ","HUXLEY ST","201430119","22/01/2014","Wed","2051","CB","CS1","101A 130A ","F","R","D","TF","F "," ","N","N","050","0","0","0","","","1571128","5177872",
"Christchurch City","INNES ROAD","5","E"," ","BROWNS ROAD","201410617","26/01/2014","Sun","0150","EA","CW1V","103A 129A ","M","R","D","DO","F ","T","N","C","050","0","1","0","","","1569582","5182813",
"Christchurch City","INNES ROAD",""," ","I","CRANFORD ST","201433474","14/03/2014","Fri","1120","HA","CE14","322A ","","R","D","BF","F ","X","T","N","050","0","0","0","","","1570308","5183305",
"Christchurch City","INNES ROAD",""," ","I","MAHARS ROAD","201411873","21/03/2014","Fri","0730","LB","CS1C","303B 375B ","","R","D","BF","F ","X","G","C","050","0","0","1","","","1571129","5183857",
"Christchurch City","INNES ROAD","30","W"," ","MANUKA ST","201434651","19/04/2014","Sat","1444","MC","CW1C","372B ","","R","D","BF","F "," ","N","C","050","0","0","0","","","1571394","5184036",
"Christchurch City","INNES ROAD",""," ","I","RUTLAND ST","201412443","15/04/2014","Tue","1310","HA","CW1C","322A ","","R","D","O ","F ","X","T","R","050","0","0","1","","","1569889","5183020",
"Christchurch City","INNES ROAD",""," ","I","SEVERN ST","201412904","12/05/2014","Mon","0811","LB","PW1C","303B 902 ","","R","D","B ","F ","T","N","P","050","0","0","1","","","1570492","5183429",
"Christchurch City","JEFFREYS ROAD","40","W"," ","BRYNDWR ROAD","201430683","27/01/2014","Mon","1226","EA","CW1C","129A 350A ","M","R","D","B ","F "," ","N","C","050","0","0","0","","","1567285","5182158",
"Christchurch City","JEFFREYS ROAD",""," ","I","CLYDE ROAD","201434974","31/03/2014","Mon","1632","GF","VW1C","158A 387A ","","R","D","BF","F ","T","G","R","050","0","0","0","","","1566930","5182056",
"Christchurch City","JIPCHO ROAD",""," ","I","TENAHAUN PLACE","201410164","13/01/2014","Mon","1525","MC","MS14","372B ","","R","D","B ","F ","T","N","N","050","0","0","1","","","1565091","5178723",
"Christchurch City","KAHU ROAD","20","E"," ","TUI ST","201432646","20/02/2014","Thu","1529","JA","CE1C","308B 377B 839 930 ","","R","D","B ","F ","D","N","C","050","0","0","0","","","1567458","5180792",
"Christchurch City","KEIGHLEYS ROAD",""," ","I","KORORA ST","201410422","25/01/2014","Sat","2000","CA","MS1","103A 111A 131A ","K","R","D","O ","F ","T","G","N","050","0","0","1","","","1574592","5179644",
"Christchurch City","KEIGHLEYS ROAD","50","E"," ","LINWOOD AVENUE","201413307","05/05/2014","Mon","1210","QG","TE1","682A ","","R","D","O ","F "," "," ","N","050","0","0","1","","","1574604","5179067",
"Christchurch City","KEIGHLEYS ROAD","50","E"," ","MCGREGORS ROAD","201412009","04/04/2014","Fri","1940","CC","CE1C","112A 195A ","M","R","D","DO","F "," ","N","C","050","0","0","1","","","1574505","5179694",
"Christchurch City","KENDAL AVENUE","25","E"," ","CRANBROOK AVENUE","201432771","01/02/2014","Sat","1746","MC","CE1C","372B ","P","R","D","B ","F "," "," ","C","050","0","0","0","","","1565489","5183791",
"Christchurch City","KENDAL AVENUE","25","E"," ","HARTFORD ST","201413364","05/06/2014","Thu","1700","EA","CW1CC","103A 129A 351A ","M","M","D","TF","F "," "," ","C","050","0","0","1","","","1565153","5183576",
"Christchurch City","KENDAL AVENUE","200","S"," ","WAIRAKEI ROAD","201412711","14/04/2014","Mon","0930","GD","CW1V","331A 350A 929 ","","R","D","OF","F ","D","N","C","050","0","0","1","","","1565759","5183849",
"Christchurch City","KERRS ROAD","50","S"," ","DUNARNAN ST","201411276","02/02/2014","Sun","1500","CC","CS1C","501A ","M","R","D","B ","F "," "," ","R","050","0","0","1","","","1574248","5181086",
"Christchurch City","KILMARNOCK ST","15","W"," ","DEANS AVENUE","201434042","03/04/2014","Thu","2059","GD","CW1C","103A 181A 927 ","","E","D","DO","F ","D","N","C","050","0","0","0","","","1568662","5180625",
"Christchurch City","KILMARNOCK ST",""," ","I","MONA VALE AVENUE","201434839","04/04/2014","Fri","0700","JA","CW1C","321B 375B ","","R","D","DO","F ","X","S","C","050","0","0","0","","","1568370","5180599",
"Christchurch City","KILMORE ST","100","W"," ","COLOMBO ST","201432600","03/03/2014","Mon","0928","GD","CW14","181A 926 ","","R","D","B ","F ","D","N","C","050","0","0","0","","","1570535","5180641",
"Christchurch City","KILMORE ST",""," ","I","MANCHESTER ST","201411181","24/03/2014","Mon","1655","JA","CS2C","322A 334A 352A 817 ","","R","D","O ","F ","X","T","C","050","0","1","1","","","1570879","5180644",
"Christchurch City","LAURA KENT PLACE",""," ","I","GATES LANE","201432694","13/02/2014","Thu","1853","DA","TE1","131A ","P","E","W","O ","F ","T","N","R","030","0","0","0","","","1574157","5177982",
"Christchurch City","LENTON ST",""," ","I","SHORTLAND ST","201436961","07/05/2014","Wed","1240","DA","CN2","111A 131A 433A ","KP","E","D","B ","F ","T","N","N","050","0","0","0","","","1575735","5181363",
"Christchurch City","LICHFIELD ST",""," ","I","DURHAM ST","201432639","18/02/2014","Tue","2354","HA","CS2C","322B 350B ","","R","D","DO","F ","X","T","C","050","0","0","0","","","1570390","5179793",
"Christchurch City","LINCOLN ROAD",""," ","I","BARRINGTON ST","201436010","15/04/2014","Tue","1415","LB","CS1C","322A ","","R","D","OF","F ","X","T","R","050","0","0","0","","","1568400","5178551",
"Christchurch City","LINCOLN ROAD","100","W"," ","BERNARD ST","201430353","15/01/2014","Wed","1740","FD","CE1C","331A 352A ","","R","D","B ","F "," ","N","C","050","0","0","0","","","1568724","5178816",
"Christchurch City","LINCOLN ROAD","30","N"," ","CLARENCE ST SOUTH","201433480","05/03/2014","Wed","1307","DA","CN14","133A 402A 929 ","M","R","W","OF","L ","D","N","C","050","0","0","0","","","1568583","5178699",
"Christchurch City","LINCOLN ROAD","40","W"," ","CLARENCE ST SOUTH","201412036","09/04/2014","Wed","0954","EE","SE1C","330B 374B ","M","R","D","B ","F "," ","N","P","050","0","0","1","","34","1568528","5178655",
"Christchurch City","LINCOLN ROAD",""," ","I","CLARENCE ST SOUTH","201413710","21/05/2014","Wed","1703","FD","PS1C","181A ","","R","D","OF","F ","T","G","C","050","0","1","0","","","1568560","5178680",
"Christchurch City","LINCOLN ROAD",""," ","I","HARMAN ST","201410651","04/02/2014","Tue","1415","FE","CE1CV","350A 504A ","","R","D","B ","F ","T","T","R","050","0","0","2","","","1568888","5178953",
"Christchurch City","LINCOLN ROAD",""," ","A","HILLMORTON HOSP ACCESS","201400070","02/04/2014","Wed","0631","GB","SN1T","102B 372B 671B 930 ","","R","D","DO","F ","D","G","C","050","1","0","0","","22","1567448","5177773",
"Christchurch City","LINCOLN ROAD",""," ","I","LYTTELTON ST","201431093","14/02/2014","Fri","0027","CA","CW1","103A 132A 380A ","P","R","D","DO","F ","X","T","R","050","0","0","0","","","1567767","5178031",
"Christchurch City","LINCOLN ROAD",""," ","I","PARLANE ST","201411279","11/02/2014","Tue","1220","LB","4S1C","303B ","","R","D","B ","F ","T","N","C","050","0","0","2","","","1568670","5178771",
"Christchurch City","LINCOLN ROAD",""," ","I","SLIP ROAD","201430685","10/01/2014","Fri","1821","LB","CW1C","303B ","","R","D","B ","F ","X","T","R","050","0","0","0","","","1569119","5179139",
"Christchurch City","LINCOLN ROAD","20","N"," ","SPENCER ST","201433810","18/03/2014","Tue","0920","EA","CN1C","525A ","M","R","D","O ","F "," "," ","C","050","0","0","0","","","1568525","5178653",
"Christchurch City","LINCOLN ROAD","5","S"," ","SYLVAN ST","201435679","22/04/2014","Tue","1715","FD","CS1C","181A 331A ","","R","D","TF","F ","T","N","C","050","0","0","0","","","1567568","5177869",
"Christchurch City","LINCOLN ROAD",""," ","I","TORRENS ROAD","201433623","14/03/2014","Fri","0850","FD","CN1C","331A 352A ","","R","D","B ","F ","T","G","R","050","0","0","0","","","1567673","5177955",
"Christchurch City","LINCOLN ROAD",""," ","I","WHITELEIGH AVENUE","201411784","27/03/2014","Thu","0856","HA","VS1CC","322A 334A ","","R","D","B ","F ","X","T","C","050","0","0","2","","","1568400","5178551",
"Christchurch City","LINCOLN ROAD",""," ","I","WHITELEIGH AVENUE","201431294","20/02/2014","Thu","1528","FE","CE1CC","181A ","","R","D","BF","F ","X","T","C","050","0","0","0","","","1568400","5178551",
"Christchurch City","LINCOLN ROAD",""," ","I","WRIGHTS ROAD","201411869","22/03/2014","Sat","0945","LB","CN14","101A 303B 377B ","","R","D","BF","F ","X","T","R","050","0","1","1","","","1567767","5178031",
"Christchurch City","LINWOOD AVENUE",""," ","I","ALDWINS ROAD","201434483","26/04/2014","Sat","1950","LB","CN1C","303B 375B ","","R","D","DO","F ","X","T","R","050","0","0","0","","","1573580","5179876",
"Christchurch City","LINWOOD AVENUE",""," ","I","AVONSIDE DRIVE","201435733","11/05/2014","Sun","1115","FB","CN1C","331A 387A 402A ","","R","D","B ","F ","M","S","C","050","0","0","0","","","1572555","5180802",
"Christchurch City","LINWOOD AVENUE","30","E"," ","CHELSEA ST","201412785","03/05/2014","Sat","1450","CB","CW1CC","102A 129A ","MM","R","D","BF","F "," ","N","R","050","0","0","1","","","1573800","5179678",
"Christchurch City","LINWOOD AVENUE","80","E"," ","DAMIEN PLACE","201411978","16/03/2014","Sun","1151","FA","CE1C","181A ","T","E","W","OF","HS"," ","N","R","060","0","0","2","","","1574406","5179205",
"Christchurch City","LINWOOD AVENUE",""," ","I","HEREFORD ST","201436808","09/05/2014","Fri","1353","FE","CN1C","331A 351A ","","R","D","B ","F ","T","T","C","050","0","0","0","","","1573388","5180050",
"Christchurch City","LINWOOD AVENUE","40","E"," ","SMITH ST","201433830","21/01/2014","Tue","1645","FB","CE1C","181A 387A 930 ","","E","D","O ","F "," "," ","N","050","0","0","0","","","1574006","5179495",
"Christchurch City","LINWOOD AVENUE",""," ","I","ST JOHNS ST","201410266","14/01/2014","Tue","1528","KB","VS14","113B 301B 321B ","","R","D","B ","F ","X","S","C","050","0","0","1","","","1574998","5178745",
"Christchurch City","LINWOOD AVENUE","50","E"," ","TILFORD ST","201432695","28/03/2014","Fri","2003","EA","CW1C","129A 410A ","M","R","D","DO","F "," ","N","R","060","0","0","0","","","1574246","5179288",
"Christchurch City","LINWOOD AVENUE","40","W"," ","TILFORD ST","201410827","04/02/2014","Tue","1535","EE","SN1C","374B ","M","R","D","B ","F "," "," ","C","050","0","0","1","","52","1574178","5179346",
"Christchurch City","LOCKSLEY AVENUE",""," ","I","MCBRATNEYS ROAD","201430356","23/01/2014","Thu","0145","CC","CN1","112A 402A ","CT","R","D","DO","F ","T","N","N","050","0","0","0","","","1574335","5182215",
"Christchurch City","LOMOND PLACE",""," ","I","CLYDESDALE ST","201437576","20/04/2014","Sun","1830","CC","CW1","130A ","T","R","D","O ","F ","T","N","N","050","0","0","0","","","1574657","5178673",
"Christchurch City","LONG ST",""," ","I","BARTON ST","201435392","03/05/2014","Sat","1900","DA","CS1","111A 131A ","","M","D","DO","F ","T","N","N","050","0","0","0","","","1574681","5177321",
"Christchurch City","LYTTELTON ST",""," ","I","FRANKLEIGH ST","201433811","18/03/2014","Tue","1309","FB","CS1C","181A 387A ","","R","D","O ","F ","R","G","R","050","0","0","0","","","1568850","5176609",
"Christchurch City","LYTTELTON ST","10","S"," ","LINCOLN ROAD","201410832","15/02/2014","Sat","1120","MD","SS1C","204A 308B 370B 929 ","","R","D","B ","F ","D"," ","P","050","0","0","1","","18","1567771","5178022",
"Christchurch City","LYTTELTON ST",""," ","I","NEVILLE ST","201434255","12/02/2014","Wed","1518","HA","CS2CC","321A 335A ","","R","D","O ","F ","X","S","C","050","0","0","0","","","1568143","5177558",