"TLA NAME","CRASH ROAD","CRASH DIST","CRASH DIRN","INTSN","SIDE ROAD","CRASH ID","CRASH DATE","CRASH DOW","CRASH TIME","MVMT","VEHICLES","CAUSES","OBJECTS STRUCK","ROAD CURVE","ROAD WET","LIGHT","WTHRa","JUNC TYPE","TRAF CTRL","ROAD MARK","SPD LIM","CRASH FATAL CNT","CRASH SEV CNT","CRASH MIN CNT","PERS AGE1","PERS AGE2","EASTING","NORTHING"
"Christchurch City","MADDISONS ROAD","860","W"," ","KIRK ROAD","201437744","04/06/2014","Wed","0715","DA","CE1","111A 131A 802 ","V","M","I","B ","F "," "," ","N","100","0","0","0","","","1556105","5178440",
"Christchurch City","MADRAS ST",""," ","I","ARMAGH ST","201430366","17/01/2014","Fri","1432","HA","CN1C","322A 334A ","","R","D","B ","F ","X","T","N","050","0","0","0","","","1571124","5180403",
"Christchurch City","MADRAS ST",""," ","I","HEREFORD ST","201433781","29/03/2014","Sat","0128","DA","CN1","111A 131A 402A ","P","S","D","DO","F ","T","T","C","050","0","0","0","","","1571127","5180040",
"Christchurch City","MADRAS ST",""," ","I","HEREFORD ST","201436812","12/05/2014","Mon","1418","GF","CN1C","129A 129B ","","R","D","O ","F ","T","T","C","050","0","0","0","","","1571127","5180040",
"Christchurch City","MADRAS ST",""," ","I","KILMORE ST","201410036","19/01/2014","Sun","1317","DA","CW2","111A 131A 427A ","FT","R","D","B ","F ","X","T","C","050","0","0","1","","","1571122","5180647",
"Christchurch City","MADRAS ST","25","S"," ","LICHFIELD ST","201434854","28/02/2014","Fri","2116","AA","VN1C","372A ","","R","W","DO","L "," ","N","C","050","0","0","0","","","1571128","5179772",
"Christchurch City","MADRAS ST",""," ","I","PURCHAS ST","201410426","13/01/2014","Mon","0720","HA","VS1C","321B 902 ","","R","D","B ","F ","X","S","N","050","0","0","2","","","1571118","5181533",
"Christchurch City","MADRAS ST",""," ","I","TUAM ST","201431288","24/02/2014","Mon","1413","HA","CE2C","322A ","","R","D","BF","F ","X","T","C","050","0","0","0","","","1571129","5179677",
"Christchurch City","MAIDSTONE ROAD",""," ","I","ILAM ROAD","201434774","23/04/2014","Wed","1639","LB","CE1C","303B 375B ","","R","D","OF","F ","X","T","C","050","0","0","0","","","1565980","5181382",
"Christchurch City","MAIDSTONE ROAD","10","W"," ","SOLWAY AVENUE","201435436","10/05/2014","Sat","2119","EA","CW1C","129A 412A ","M","R","D","DO","F ","Y","N","N","050","0","0","0","","","1565110","5181678",
"Christchurch City","MAIDSTONE ROAD",""," ","I","WADELEY ROAD","201433646","13/03/2014","Thu","1245","FO","TS1X","197A 331A 353A 927 ","","R","D","B ","F ","D","G","P","050","0","0","0","","","1565748","5181495",
"Christchurch City","MAIDSTONE ROAD",""," ","I","WAIMAIRI ROAD","201412809","05/05/2014","Mon","2045","LB","CS2C","303B 351B 402B ","","R","D","TO","F ","X","T","C","050","0","0","2","","","1565413","5181702",
"Christchurch City","MAIN NORTH ROAD","20","S"," ","APOLLO PLACE","201430501","09/01/2014","Thu","1425","FD","CN1C","181A ","","R","D","B ","F "," "," ","C","050","0","0","0","","","1568773","5184672",
"Christchurch City","MAIN NORTH ROAD","160","N"," ","EMPIRE ROAD","201437991","19/05/2014","Mon","1445","DB","CN1","131A 330A ","GK","E","D","B ","F "," ","N","C","080","0","0","0","","","1571890","5192909",
"Christchurch City","MAIN NORTH ROAD","500","N"," ","EMPIRE ROAD","201410244","28/01/2014","Tue","1246","CB","VN1","330A 386A ","B","R","D","B ","F "," ","N","C","080","0","0","1","","","1571795","5193222",
"Christchurch City","MAIN NORTH ROAD","20","N"," ","HALLIWELL AVENUE","201431682","01/02/2014","Sat","1814","FC","CN1CCC","181A 181B 181C ","","R","D","B ","F "," "," ","C","050","0","0","0","","","1568582","5184400",
"Christchurch City","MAIN NORTH ROAD","100","N"," ","LANGDONS ROAD","201437493","14/01/2014","Tue","2348","CA","CN1","130A ","I","R","D","DO","F "," "," ","R","050","0","0","0","","","1568465","5184232",
"Christchurch City","MAIN NORTH ROAD",""," ","I","LINK ROAD","201411179","24/03/2014","Mon","0731","LB","SS1C","314B 377B ","","R","D","B ","F ","T","N","C","080","0","0","1","","53","1571784","5192130",
"Christchurch City","MAIN NORTH ROAD",""," ","I","LOFTUS ST","201413227","27/05/2014","Tue","1700","LB","PN1C","150A 204A 303B 922 ","","R","D","DO","F ","D","N","C","050","0","0","1","","","1568348","5184064",
"Christchurch City","MAIN NORTH ROAD",""," ","A","NORTHLANDS MALL ENT","201412197","16/04/2014","Wed","1822","GB","SN1C","172B 355B 925 ","","R","W","O ","F ","D","N","R","050","0","1","0","","60","1568571","5184383",
"Christchurch City","MAIN NORTH ROAD","30","S"," ","SAWYERS ARMS ROAD","201411277","17/02/2014","Mon","1550","NA","CS1E","711B 712B ","","R","D","B ","F "," "," ","C","050","0","0","1","12","","1568680","5184539",
"Christchurch City","MAIN NORTH ROAD","20","E"," ","SH 1S","201434508","01/03/2014","Sat","0657","CB","CW1","103A 410A ","G","R","D","BF","F "," ","N","C","080","0","0","0","","","1570710","5190557",
"Christchurch City","MAIN NORTH ROAD",""," ","I","SHEARER AVENUE","201410061","01/01/2014","Wed","0330","FA","CN1X","181A 331A 193B 351B ","F","R","D","DO","F ","T","G","C","050","0","0","1","","","1568732","5184612",
"Christchurch City","MAIN ROAD","30","S"," ","BEACHVILLE ROAD N","201412276","20/04/2014","Sun","0250","DA","CS1VC","103A 111A ","M","E","D","DO","F "," ","N","C","050","0","2","0","","","1578363","5177329",
"Christchurch City","MAIN SOUTH ROAD",""," ","I","COLMAN AVENUE","201433959","06/03/2014","Thu","2210","CB","CW1E","103A 129A ","","R","D","DO","F ","T","N","C","050","0","0","0","","","1564635","5179701",
"Christchurch City","MAIN SOUTH ROAD","20","E"," ","SH 73","201411282","01/02/2014","Sat","1845","NB","CW1E","711B ","","R","D","B ","F "," "," ","R","050","0","0","1","20","","1565062","5179983",
"Christchurch City","MAIN SOUTH ROAD","80","E"," ","SH 73","201414101","30/05/2014","Fri","1655","LB","SW1C","303B 377B 929 ","","R","D","TF","F ","D","N","C","050","0","0","1","","19","1565122","5179989",
"Christchurch City","MAJOR AITKEN DRIVE","120","E"," ","TRECASTLE LANE","201411812","09/02/2014","Sun","2136","DA","CN14","101A 111A 131A ","M","M","D","DO","F "," ","N","N","050","0","0","2","","","1571600","5175400",
"Christchurch City","MANCHESTER ST",""," ","I","CAMBRIDGE TERRACE","201434860","25/03/2014","Tue","1625","HA","CE2C","301A 314A 377A ","","R","W","OF","L ","X","S","C","050","0","0","0","","","1570880","5180523",
"Christchurch City","MANCHESTER ST",""," ","I","OXFORD TERRACE","201433828","29/03/2014","Sat","1055","HA","CN1C","302B ","","R","D","B ","F ","X","G","C","050","0","0","0","","","1570880","5180444",
"Christchurch City","MANCHESTER ST","5","S"," ","PETERBOROUGH ST","201413359","29/05/2014","Thu","0729","FD","VS1CC","331A 358A ","","R","D","B ","F ","X","S","C","050","0","0","1","","","1570879","5180760",
"Christchurch City","MANCHESTER ST",""," ","I","SALISBURY ST","201432152","06/02/2014","Thu","1558","HA","CE2C","322B 334B ","","R","D","B ","F ","X","T","C","050","0","0","0","","","1570878","5180886",
"Christchurch City","MANCHESTER ST",""," ","I","TUAM ST","201410428","21/01/2014","Tue","0816","HA","CE2C","427B ","","R","W","O ","L ","X","T","C","050","0","0","1","","","1570885","5179675",
"Christchurch City","MARINE DRIVE",""," ","I","WAIPAPA AVENUE","201433470","02/03/2014","Sun","0005","DB","CN1","111A 131A 402A ","T","E","D","DO","F ","Y","N","N","050","0","0","0","","","1578927","5169480",
"Christchurch City","MARINE PARADE","20","N"," ","PACIFIC ROAD","201412199","22/05/2014","Thu","1754","NB","CS1E","711B ","","R","D","DO","F "," "," ","N","050","0","1","0","58","","1577700","5184900",
"Christchurch City","MARLOW ROAD",""," ","I","HAMPSHIRE ST","201434968","13/04/2014","Sun","1728","DA","TN2","103A 111A 131A ","F","R","W","OF","L ","T","G","R","050","0","0","0","","","1575856","5182371",
"Christchurch City","MARSHLAND ROAD","600","N"," ","BELFAST ROAD","201431081","26/01/2014","Sun","1235","CC","CS1","134A 410A ","F","R","D","B ","F "," ","N","C","080","0","0","0","","","1572316","5188783",
"Christchurch City","MARSHLAND ROAD",""," ","I","BELFAST ROAD","201411874","19/03/2014","Wed","1357","JA","CN1C","302B 387B ","F","R","D","BF","F ","T","G","L","080","0","0","1","","","1572342","5188185",
"Christchurch City","MARSHLAND ROAD","100","N"," ","BRIGGS ROAD","201434852","28/02/2014","Fri","1645","LB","CN1C","324A 930 ","","R","W","OF","H ","D","T","R","050","0","0","0","","","1572623","5184310",
"Christchurch City","MARSHLAND ROAD",""," ","I","BRIGGS ROAD","201433473","14/03/2014","Fri","0747","LB","CN1C","303B 353B 375B ","","R","D","BF","F ","X","T","N","050","0","0","0","","","1572631","5184210",
"Christchurch City","MARSHLAND ROAD",""," ","I","CHENERY AVENUE","201437538","28/05/2014","Wed","0658","GD","VS1V","331A ","","R","D","DO","F ","T","N","C","080","0","0","0","","","1572052","5190261",
"Christchurch City","MARSHLAND ROAD",""," ","I","HERCULES ST","201410705","24/02/2014","Mon","1749","LB","MN1C","112A 303B 314B ","","R","D","B ","F ","T","N","P","050","0","0","2","","","1572726","5183022",
"Christchurch City","MARSHLAND ROAD",""," ","I","LAKE TERRACE ROAD","201431142","26/01/2014","Sun","1238","HA","CS1C","322B 505B 517B ","","R","D","O ","F ","X","T","R","050","0","0","0","","","1572631","5184210",
"Christchurch City","MARSHLAND ROAD",""," ","I","LOWER STYX ROAD","201433472","14/03/2014","Fri","1749","JA","CS1C","301B 375B ","","R","D","BF","F ","T","S","C","080","0","0","0","","","1572355","5187709",
"Christchurch City","MARSHLAND ROAD","30","N"," ","MCSAVENEYS ROAD","201412031","11/04/2014","Fri","2122","AD","CN1C","150A 431A 150B ","P","R","D","DO","F "," ","N","C","070","0","0","2","","","1572545","5185287",
"Christchurch City","MARSHLAND ROAD","30","N"," ","MCSAVENEYS ROAD","201432208","30/01/2014","Thu","1315","MC","CN1C","372B ","","R","D","O ","F "," "," ","C","070","0","0","0","","","1572545","5185287",
"Christchurch City","MARSHLAND ROAD","130","N"," ","MCSAVENEYS ROAD","201410166","11/01/2014","Sat","2150","CB","CN1","103A 130A 357A ","P","R","D","DO","F "," "," ","C","070","0","0","1","","","1572537","5185387",
"Christchurch City","MARSHLAND ROAD","20","N"," ","PRESTONS ROAD","201412653","15/03/2014","Sat","1100","NA","CS1E","711B 712B ","","R","D","BF","F ","R","T","P","030","0","1","0","54","","1572452","5186489",
"Christchurch City","MARSHLAND ROAD","500","N"," ","PRESTONS ROAD","201412761","20/04/2014","Sun","0420","CC","CN1","412A ","PT","R","D","DN","F "," ","N","C","080","0","0","1","","","1572414","5186968",
"Christchurch City","MATIPO ST","50","S"," ","BLENHEIM ROAD","201431984","03/02/2014","Mon","1735","LB","CN1V","303B 377B 922 ","","R","D","BF","F ","D","N","L","050","0","0","0","","","1567411","5179361",
"Christchurch City","MATIPO ST",""," ","I","BLENHEIM ROAD","201411981","20/03/2014","Thu","0756","LB","SS1C","322A ","","R","D","BF","F ","X","T","C","060","0","0","1","","22","1567404","5179423",
"Christchurch City","MATIPO ST",""," ","I","BLENHEIM ROAD","201430203","14/01/2014","Tue","2030","DB","TN1","386A ","P","E","D","TF","F ","X","T","C","050","0","0","0","","","1567405","5179411",
"Christchurch City","MATIPO ST","40","N"," ","MAXWELL ST","201410269","01/02/2014","Sat","1413","JA","CS1C","308B 375B 925 ","","R","D","O ","F ","D","N","P","050","0","0","1","","","1567338","5180036",
"Christchurch City","MATIPO ST",""," ","I","PEVEREL ST","201437537","29/05/2014","Thu","1616","JA","VS1C","301B ","","R","D","O ","F ","X","S","C","050","0","0","0","","","1567354","5179879",
"Christchurch City","MATIPO ST",""," ","A","RICCARTON MALL ENT/EXIT","201435734","04/05/2014","Sun","1505","JA","CS1C","302B 370B 925 ","","R","D","O ","F ","D","G","C","050","0","0","0","","","1567335","5180059",
"Christchurch City","MATIPO ST","200","S"," ","RICCARTON ROAD","201437534","30/05/2014","Fri","1256","KA","CS1C","308B 926 ","","R","D","B ","F ","D","N","P","050","0","0","0","","","1567338","5180037",
"Christchurch City","MCLEANS ISLAND ROAD","100","E"," ","MCARTHURS ROAD","201435438","09/05/2014","Fri","1812","DA","CE1","129A 404A ","F","E","D","DN","F "," ","N","N","100","0","0","0","","","1562575","5186878",
"Christchurch City","MEMORIAL AVENUE",""," ","I","CLYDE ROAD","201430684","27/01/2014","Mon","1300","JC","CE1C","302A ","","R","D","B ","F ","X","G","C","050","0","0","0","","","1566896","5181525",
"Christchurch City","MEMORIAL AVENUE",""," ","I","GREERS ROAD","201431724","04/01/2014","Sat","0100","LB","XE1C","101B 303B ","","R","D","DO","F ","X","T","R","060","0","0","0","","","1565717","5182514",
"Christchurch City","MEMORIAL AVENUE",""," ","I","GREERS ROAD","201435020","15/03/2014","Sat","0400","LB","CW1C","313A ","","R","D","DO","F ","X","T","R","050","0","0","0","","","1565717","5182514",
"Christchurch City","MEMORIAL AVENUE",""," ","I","KENDAL AVENUE","201431068","18/02/2014","Tue","1700","KA","4S1C","302B 375B ","","R","D","B ","F ","T","G","R","060","0","0","0","","","1564704","5183385",
"Christchurch City","MEMORIAL AVENUE","50","S"," ","LOTHIAN ST","201431094","10/02/2014","Mon","1527","FD","CN1CC","132A 181A ","","R","D","B ","F "," ","N","P","050","0","0","0","","","1566349","5181974",
"Christchurch City","MIDDLEPARK ROAD","20","N"," ","GLADSON AVENUE","201434260","08/02/2014","Sat","0245","CB","CS1","103A 130A 412A ","P","R","D","DO","F "," "," ","C","050","0","0","0","","","1564310","5180369",
"Christchurch City","MIDDLEPARK ROAD","70","S"," ","SH 73","201434462","26/03/2014","Wed","2205","EA","CS1C","501A ","M","R","D","DO","F "," "," ","C","050","0","0","0","","","1564320","5180395",
"Christchurch City","MIDDLETON ROAD",""," ","I","RICCARTON ROAD","201435393","04/05/2014","Sun","1550","FB","CN1C","112B 130B ","F","R","D","O ","F ","X","G","R","050","0","0","0","","","1566054","5180095",
"Christchurch City","MIDDLETON ROAD N",""," ","I","BLENHEIM ROAD","201434089","02/04/2014","Wed","1600","FB","CS1C","181A 387A ","","R","D","B ","F ","T","S","R","050","0","0","0","","","1566156","5179281",
"Christchurch City","MILLERS ROAD","300","S"," ","GEBBIES PASS ROAD","201432151","02/02/2014","Sun","1340","CA","MN1","101A 330A 810 ","","R","D","B ","F "," ","N","C","100","0","0","0","","","1569324","5160909",
"Christchurch City","MILTON ST","50","E"," ","BARRINGTON ST","201410782","11/02/2014","Tue","1045","FD","CW1CTC","181A 353A ","","R","D","B ","F "," ","N","P","050","0","2","1","","","1569355","5177143",
"Christchurch City","MILTON ST","50","W"," ","COLOMBO ST","201412615","27/03/2014","Thu","1655","JA","TW1C","308B 377B 929 ","","R","D","BF","F ","D","N","R","050","0","0","1","","","1570613","5177975",
"Christchurch City","MILTON ST",""," ","I","COLOMBO ST","201412077","22/04/2014","Tue","0658","LB","CW14","303B 375B ","","R","W","DO","F ","X","T","R","050","0","0","1","","","1570658","5177997",
"Christchurch City","MILTON ST",""," ","I","COLOMBO ST","201434847","17/03/2014","Mon","0105","KA","CE1C","302B 375B ","","R","W","DO","L ","X","G","R","050","0","0","0","","","1570658","5177997",
"Christchurch City","MILTON ST",""," ","I","JOHNSON ST S","201437465","13/05/2014","Tue","0001","JA","SN1C","534A 602A 605A 302B 370B 830 901 ","","E","W","DO","H ","T","G","C","050","0","0","0","","","1570347","5177938",
"Christchurch City","MILTON ST","100","W"," ","SELWYN ST","201411121","26/03/2014","Wed","0803","FD","CE1CC","331A 363A 902 ","","R","D","B ","F "," "," ","C","050","0","0","1","","","1569806","5177515",
"Christchurch City","MILTON ST",""," ","I","SIMEON ST","201412905","13/05/2014","Tue","1800","LB","MW1C","303B ","","R","W","DO","H ","X","G","C","050","0","0","1","","","1569582","5177330",
"Christchurch City","MONTREAL ST","30","N"," ","BURKE ST","201411540","03/03/2014","Mon","0721","JA","PN1C","308B 375B 927 ","","R","W","OF","L ","D","N","C","050","0","0","1","","","1570159","5178595",
"Christchurch City","MONTREAL ST",""," ","I","GLOUCESTER ST","201431964","06/02/2014","Thu","1620","MO","CN1C","371A 404A ","Q","R","D","BF","F ","X","T","N","050","0","0","0","","","1570151","5180276",
"Christchurch City","MONTREAL ST",""," ","I","OXFORD TERRACE","201433752","22/03/2014","Sat","0110","HA","XE2C","322B 410B ","","R","D","DO","F ","X","T","C","050","0","0","0","","","1570154","5179713",
"Christchurch City","MONTREAL ST",""," ","I","ST DAVID ST","201437578","11/05/2014","Sun","0200","DB","CN1","103A 111A 514A ","HP","R","D","DO","F ","T","N","C","050","0","0","0","","","1570157","5179258",
"Christchurch City","MOORHOUSE AVENUE","40","E"," ","ANTIGUA ST","201433965","20/03/2014","Thu","1730","FD","CE1CC","181A 350A ","","R","D","O ","F "," ","N","C","050","0","0","0","","","1569981","5179160",
"Christchurch City","MOORHOUSE AVENUE",""," ","I","ANTIGUA ST S","201436792","28/05/2014","Wed","1104","HA","CN2C","322B 334B ","","R","D","B ","F ","X","T","C","050","0","0","0","","","1569941","5179148",
"Christchurch City","MOORHOUSE AVENUE","50","E"," ","BARBADOES ST","201431684","15/02/2014","Sat","1826","EC","CE1C","827 ","X","R","D","B ","F "," "," ","R","050","0","0","0","","","1571426","5179170",
"Christchurch City","MOORHOUSE AVENUE","20","W"," ","BARBADOES ST","201430126","26/01/2014","Sun","1724","FD","CE1CC","331A 353A ","","R","D","OF","F "," ","N","R","050","0","0","0","","","1571356","5179169",
"Christchurch City","MOORHOUSE AVENUE",""," ","I","COLOMBO ST","201411876","18/03/2014","Tue","1930","LB","CW1C","206B 375B ","","R","D","TF","F ","X","T","C","050","0","0","1","","","1570456","5179151",
"Christchurch City","MOORHOUSE AVENUE","100","E"," ","DEANS AVENUE","201430362","04/01/2014","Sat","0200","MC","VE1C","372B 382B ","","R","D","DO","F "," ","N","P","050","0","0","0","","","1568779","5179144",
"Christchurch City","MOORHOUSE AVENUE",""," ","I","DURHAM ST","201410505","09/01/2014","Thu","0835","LB","VW1C","303B 382B ","","R","D","OF","F ","X","T","R","050","0","0","1","","","1570399","5179151",
"Christchurch City","MOORHOUSE AVENUE",""," ","I","DURHAM ST","201431297","21/02/2014","Fri","0617","LB","CW1V","303B ","","R","W","DO","M ","X","T","N","050","0","0","0","","","1570399","5179151",
"Christchurch City","MOORHOUSE AVENUE","20","W"," ","FITZGERALD AVENUE","201436944","13/05/2014","Tue","2036","FD","CE1C","331A ","","R","W","DO","L "," "," ","P","050","0","0","0","","","1571743","5179172",
"Christchurch City","MOORHOUSE AVENUE",""," ","I","FITZGERALD AVENUE","201411982","20/03/2014","Thu","1147","LB","VW1CT","303B 375B ","Q","R","D","BF","F ","X","T","R","050","0","0","1","","","1571769","5179167",
"Christchurch City","MOORHOUSE AVENUE","20","W"," ","FITZGERALD AVENUE S","201431133","20/02/2014","Thu","0620","CB","BE1","129A 500A ","F","R","D","DO","F "," ","N","N","050","0","0","0","","","1571751","5179173",
"Christchurch City","MOORHOUSE AVENUE",""," ","I","LINCOLN ROAD","201437531","06/06/2014","Fri","1749","LB","CW1C","303B ","","R","W","DO","L ","X","T","C","050","0","0","0","","","1569119","5179139",
"Christchurch City","MOORHOUSE AVENUE",""," ","I","LINCOLN ROAD","201436974","13/05/2014","Tue","1918","LB","CS24","303B 901 ","","R","W","DO","H ","X","T","C","050","0","0","0","","","1569119","5179139",
"Christchurch City","MOORHOUSE AVENUE","20","W"," ","MANCHESTER ST","201413650","23/05/2014","Fri","1229","FD","CE14","181A 410A ","","R","D","B ","F "," "," ","R","050","0","0","1","","","1570868","5179167",
"Christchurch City","MOORHOUSE AVENUE","150","W"," ","MANCHESTER ST","201433756","25/03/2014","Tue","1556","FD","BW1TCV","181A 181B 181C ","","R","W","O ","L "," "," ","N","050","0","0","0","","","1570738","5179166",
"Christchurch City","MOORHOUSE AVENUE",""," ","I","MANCHESTER ST","201431289","01/02/2014","Sat","0046","JA","CE1C","322A ","","R","D","DO","F ","X","T","P","050","0","0","0","","","1570888","5179167",
"Christchurch City","MOORHOUSE AVENUE","30","E"," ","MONTREAL ST","201410645","17/02/2014","Mon","0854","MA","SE1C","387A 407A 448B ","","R","D","O ","F "," ","N","R","050","0","1","0","","48","1570187","5179162",
"Christchurch City","MOORHOUSE AVENUE",""," ","I","MONTREAL ST","201435397","20/04/2014","Sun","1140","HA","CN2C","322B 355B ","","R","D","B ","F ","X","T","N","050","0","0","0","","","1570157","5179150",
"Christchurch City","MOORHOUSE AVENUE","60","W"," ","SELWYN ST","201412935","16/05/2014","Fri","0445","CC","CW1CC","101A 130A ","M","R","D","DO","FF"," "," ","R","050","0","1","0","","","1569385","5179145",
"Christchurch City","MOORHOUSE AVENUE","100","W"," ","SELWYN ST","201411685","07/03/2014","Fri","0140","GB","CW1T","103A 158A 927 ","","R","D","DO","F ","D","N","C","050","0","0","1","","","1569345","5179145",
"Christchurch City","MOORHOUSE AVENUE",""," ","I","SELWYN ST","201434036","07/04/2014","Mon","0738","LB","CW1C","303B 375B ","","R","D","O ","F ","X","T","R","050","0","0","0","","","1569445","5179145",
"Christchurch City","MOORHOUSE AVENUE",""," ","I","WALLER TERRACE","201433469","07/03/2014","Fri","1100","MG","VS2C","371B ","","R","D","BF","F ","T","N","C","050","0","0","0","","","1569606","5179158",
"Christchurch City","NEW BRIGHTON ROAD",""," ","I","LAKE TERRACE ROAD","201434670","16/03/2014","Sun","0909","DB","CW1","103A 131A ","","E","W","OF","L ","Y","N","R","050","0","0","0","","","1574489","5183544",
"Christchurch City","NEW BRIGHTON ROAD",""," ","I","PAGES ROAD","201434836","05/04/2014","Sat","1345","KA","CN1C","302B 377B ","","R","D","OF","F ","R","G","C","050","0","0","0","","","1577506","5182615",
"Christchurch City","NEW BRIGHTON ROAD",""," ","I","SHIRLEY ROAD","201411683","13/03/2014","Thu","2136","LB","MW1C","103A 303B 377B ","","R","D","DO","F ","X","T","C","050","0","1","0","","","1572748","5182710",
"Christchurch City","NICHOLAS DRIVE",""," ","I","COULTER ST","201411182","02/03/2014","Sun","0410","BO","4N2C","357A 434A 512A 205B ","","M","D","DO","F ","T","G","R","050","0","0","1","","","1574536","5180811",
"Christchurch City","NICHOLAS DRIVE","40","E"," ","GRIFFITHS AVENUE","201412813","11/04/2014","Fri","2035","PF","XE1E","383A 105B 720B ","","R","D","DO","F "," "," ","C","050","0","0","1","21","","1574691","5180802",
"Christchurch City","NICHOLLS ROAD","60","E"," ","OAKRIDGE ST","201437664","31/01/2014","Fri","1708","AB","4W1VC","153A 159A ","","R","D","B ","F "," "," ","C","050","0","0","0","","","1564826","5174689",
"Christchurch City","NORTH PARADE","30","N"," ","BANKS AVENUE","201410703","25/02/2014","Tue","1500","NB","CS1E","402A 711B ","","R","D","B ","F "," ","N","R","050","0","0","1","14","","1572761","5182533",
"Christchurch City","NORTHCOTE ROAD","120","W"," ","MAIN NORTH ROAD","201410748","15/03/2014","Sat","1445","CB","CW1","130A 410A ","P","R","D","B ","F "," ","N","C","050","0","0","1","","","1568846","5185315",
"Christchurch City","NUNWEEK BOULEVARD","70","S"," ","HAREWOOD ROAD","201410421","27/01/2014","Mon","1713","EA","CN1C","501A ","M","R","D","B ","F "," "," ","R","050","0","0","1","","","1565534","5185470",
"Christchurch City","OFFICE ROAD","10","W"," ","PAPANUI ROAD","201435716","26/04/2014","Sat","0930","EA","TW1CC","386A 818 ","M","R","D","O ","F ","T","N","R","050","0","0","0","","","1569458","5182167",
"Christchurch City","OKAINS BAY ROAD","2050","N"," ","NGAIO GROVE","201432588","24/02/2014","Mon","0935","BB","CS1T","123A ","","M","D","B ","F "," ","N","C","100","0","0","0","","","1597349","5156029",
"Christchurch City","OPAWA ROAD","30","W"," ","ENSORS ROAD","201434781","17/04/2014","Thu","0716","EA","VE1C","129A 358A ","M","R","D","OF","F "," ","N","C","050","0","0","0","","","1572439","5178039",
"Christchurch City","ORCHARD ROAD",""," ","I","DURY ROAD","201434128","13/04/2014","Sun","1045","KB","CS1C","302A 501A ","","E","D","O ","F ","R","G","C","050","0","0","0","","","1563191","5184736",
"Christchurch City","OXFORD TERRACE",""," ","I","MONTREAL ST","201430682","29/01/2014","Wed","1113","GF","CE1C","381B ","","E","D","B ","F ","X","T","N","050","0","0","0","","","1570154","5179713",
"Christchurch City","OXFORD TERRACE",""," ","I","RICCARTON AVENUE","201414105","12/06/2014","Thu","0340","DB","CS24","103A ","M","M","W","DO","L ","X","T","C","050","0","0","2","","","1569802","5179703",
"Christchurch City","PAGES ROAD","60","S"," ","BREEZES ROAD","201431060","18/02/2014","Tue","1726","FD","CE1C","101A 359A ","","R","D","B ","F "," ","N","C","050","0","0","0","","","1575849","5181660",
"Christchurch City","PAGES ROAD","90","S"," ","CUFFS ROAD","201410137","07/01/2014","Tue","1656","KA","CN1C","308B 370B 923 ","","R","D","B ","F ","D","N","R","060","0","0","1","","","1574597","5180920",
"Christchurch City","PAGES ROAD",""," ","I","FIR TREE LANE","201411660","11/02/2014","Tue","1852","GD","VW1C","181A ","","R","D","BF","F ","T","N","C","050","0","1","1","","","1576130","5181833",
"Christchurch City","PAPANUI ROAD","50","N"," ","BEALEY AVENUE","201433651","01/03/2014","Sat","1350","FD","CS1C4","181A 331A ","","R","D","O ","F "," "," ","C","050","0","0","0","","","1569916","5181322",
"Christchurch City","PAPANUI ROAD","30","S"," ","BLAIR AVENUE","201430687","15/01/2014","Wed","1107","MC","CN1C","372B ","","R","D","B ","F "," ","N","C","050","0","0","0","","","1568450","5183687",
"Christchurch City","PAPANUI ROAD",""," ","I","BLAIR AVENUE","201431298","22/02/2014","Sat","1149","KB","VS1C","302B 353B 377B ","","R","D","BF","F ","T","G","P","050","0","0","0","","","1568433","5183712",
"Christchurch City","PAPANUI ROAD","60","N"," ","CLARE ROAD","201431390","02/03/2014","Sun","0315","BA","CS1X","103A 125A ","","R","D","DO","F "," ","N","C","050","0","0","0","","","1569781","5181577",
"Christchurch City","PAPANUI ROAD","20","N"," ","DERBY ST","201410753","13/03/2014","Thu","1853","GB","SN1C","142B 370B 402B 923 ","","R","D","B ","F ","D","N","C","050","0","0","1","","40","1569882","5181386",
"Christchurch City","PAPANUI ROAD","50","N"," ","HALTON ST","201432777","26/02/2014","Wed","2239","EA","VS1C","101A 129A 903 ","FM","R","D","DO","FS"," "," ","C","050","0","0","0","","","1568768","5183216",
"Christchurch City","PAPANUI ROAD",""," ","I","HEATON ST","201431295","20/02/2014","Thu","1303","LB","TS1C","303B 382B ","","R","D","BF","F ","X","T","N","050","0","0","0","","","1569211","5182564",
"Christchurch City","PAPANUI ROAD","60","N"," ","HOLLY ROAD","201435701","08/04/2014","Tue","0610","GD","CN1X","181A 331A 801 927 ","","R","W","DO","L ","D"," ","C","050","0","0","0","","","1569694","5181743",
"Christchurch City","PAPANUI ROAD","70","S"," ","INNES ROAD","201412577","31/03/2014","Mon","1212","PC","CW1E","311A 330A 350A 927 ","","R","D","B ","F ","D"," ","C","050","0","1","0","70","","1569250","5182506",
"Christchurch City","PAPANUI ROAD","10","N"," ","PAPAROA ST","201412704","05/04/2014","Sat","1345","NB","CN1EE","209A 711B 712B 711C 712C ","","R","D","OF","F ","T","G","C","050","0","2","0","10","","1568708","5183306",