"TLA NAME","CRASH ROAD","CRASH DIST","CRASH DIRN","INTSN","SIDE ROAD","CRASH ID","CRASH DATE","CRASH DOW","CRASH TIME","MVMT","VEHICLES","CAUSES","OBJECTS STRUCK","ROAD CURVE","ROAD WET","LIGHT","WTHRa","JUNC TYPE","TRAF CTRL","ROAD MARK","SPD LIM","CRASH FATAL CNT","CRASH SEV CNT","CRASH MIN CNT","PERS AGE1","PERS AGE2","EASTING","NORTHING"
"Christchurch City","PAPANUI ROAD","30","S"," ","RUGBY ST","201412030","03/04/2014","Thu","1937","MC","CN1C","330B 372B ","","R","D","DO","F "," ","N","C","050","0","0","1","","","1569532","5182048",
"Christchurch City","PAPANUI ROAD",""," ","I","WEBB ST","201412989","17/05/2014","Sat","1230","GB","PS1V","158A 208A 372B ","","R","D","B ","F ","T","N","P","050","0","0","1","","","1569634","5181856",
"Christchurch City","PARKHOUSE ROAD","20","E"," ","MICHELLE ROAD","201433834","12/03/2014","Wed","1811","GC","4W1T","160A 927 ","","R","D","O ","F ","D","N","P","050","0","0","0","","","1564930","5178472",
"Christchurch City","PARKHOUSE ROAD","80","W"," ","SH 73","201431296","21/02/2014","Fri","1424","AC","TE14","372A 671A ","","R","D","BF","F "," ","N","N","050","0","0","0","","","1565253","5178732",
"Christchurch City","PATTEN ST","100","N"," ","WOODHAM ROAD","201436948","07/05/2014","Wed","0837","DA","CS1C","131A 501A ","M","E","D","B ","F "," "," ","N","050","0","0","0","","","1572942","5180867",
"Christchurch City","PEGASUS AVENUE",""," ","I","ROYALIST AVENUE","201435666","27/04/2014","Sun","0713","DB","CN2","103A 111A 131A 904 ","KT","E","D","O ","M ","T","N","N","050","0","0","0","","","1577031","5185036",
"Christchurch City","PETERBOROUGH ST",""," ","I","MANCHESTER ST","201435711","01/04/2014","Tue","1400","HA","TE1C","112A 321A 330A ","","R","D","O ","F ","X","S","C","050","0","0","0","","","1570878","5180765",
"Christchurch City","PEVEREL ST",""," ","I","TIKA ST","201413223","31/05/2014","Sat","1751","NB","CE1E","352A 105B 724B 862 ","","E","D","DO","F ","T","N","C","050","0","0","1","51","","1566884","5179708",
"Christchurch City","PHILPOTTS ROAD","490","S"," ","SH 74","201410424","12/01/2014","Sun","1018","CB","CN1","129A 358A ","KP","R","D","B ","F "," "," ","C","050","0","0","1","","","1570551","5184408",
"Christchurch City","PORT HILLS ROAD",""," ","I","LAING CRESCENT","201413716","15/04/2014","Tue","0630","JA","SS1C","302B 375B ","","E","W","DO","F ","T","G","R","050","0","0","1","","37","1575306","5175660",
"Christchurch City","POULSON ST","15","W"," ","CHURCH SQUARE W","201430124","25/01/2014","Sat","1310","MO","CE1C","371A 386A ","M","R","D","BF","F "," ","N","C","050","0","0","0","","","1569077","5178655",
"Christchurch City","POUND ROAD",""," ","I","RYANS ROAD","201410857","25/01/2014","Sat","0350","EA","CN1CE","129A 370A ","M","R","D","DO","F ","X","S","C","100","0","0","2","19","","1560665","5183019",
"Christchurch City","POUND ROAD","150","S"," ","SH 73","201411691","16/03/2014","Sun","1543","JA","CN1C","103B 308B 929 ","","R","W","OF","L ","D","N","C","070","0","0","1","","","1560244","5182003",
"Christchurch City","PRESTONS ROAD",""," ","I","AZTEC PLACE","201435437","06/05/2014","Tue","1302","GB","PE1C","142B 157B 175B ","","R","D","BN","F ","T","N","C","050","0","0","0","","","1569632","5186479",
"Christchurch City","PRESTONS ROAD","60","E"," ","BLUESTONE DRIVE","201412080","30/03/2014","Sun","2120","DA","ME1","103A 111A ","F","E","D","DO","F "," ","N","C","060","0","1","0","","","1573610","5186477",
"Christchurch City","PRESTONS ROAD","500","E"," ","GRIMSEYS ROAD","201410931","24/02/2014","Mon","0912","MD","SE1C","308B 375B 929 ","","R","D","BF","F ","D","N","N","050","0","0","1","","32","1570361","5186433",
"Christchurch City","PRESTONS ROAD",""," ","I","GRIMSEYS ROAD","201434468","05/04/2014","Sat","1025","GD","VE1C","181A 333A 402A ","","R","D","O ","F ","X","S","R","050","0","0","0","","","1569863","5186463",
"Christchurch City","PRESTONS ROAD","30","N"," ","MARSHLAND ROAD","201435416","06/05/2014","Tue","1438","AO","CE1T","110B 150B 110 150 817 ","","R","D","BF","F ","R","G","R","080","0","0","0","","","1572494","5186462",
"Christchurch City","PURCHAS ST",""," ","I","MADRAS ST","201413281","09/06/2014","Mon","0745","HA","CN2CC","301B 375B ","","R","W","O ","L ","X","S","C","050","0","1","0","","","1571118","5181533",
"Christchurch City","PURIRI ST",""," ","I","HINAU ST","201434966","13/01/2014","Mon","1732","JA","CS1S","301A 375A ","","R","D","BF","F ","X","S","C","050","0","0","0","","","1566976","5180563",
"Christchurch City","QUAIDS ROAD","300","N"," ","PRESTONS ROAD","201411555","22/02/2014","Sat","1738","GC","CN1V","303B 381B 929 ","","R","D","BF","F ","D","N","C","080","0","0","1","","","1571796","5186709",
"Christchurch City","QUEENSPARK DRIVE",""," ","I","BRANKSOME PLACE","201435707","28/04/2014","Mon","1305","MC","CW1C","372B 501B 901 ","F","R","W","O ","H ","T","G","C","050","0","0","0","","","1575577","5185958",
"Christchurch City","QUEENSPARK DRIVE",""," ","I","CHADBURY ST","201412427","17/03/2014","Mon","1513","LB","SS1C","204A 330A 370B ","","R","D","B ","F ","T","N","C","050","0","0","1","","12","1576108","5185705",
"Christchurch City","QUINNS ROAD","60","N"," ","ORION ST","201410085","03/02/2014","Mon","1630","JA","CN1S","308B 370B 929 ","","R","D","B ","F ","D"," ","N","050","0","1","0","","16","1572336","5183334",
"Christchurch City","RADLEY ST","110","W"," ","CUMNOR TERRACE","201434969","04/04/2014","Fri","0930","MO","CW1CC","386A ","M","R","W","OF","F "," ","N","C","050","0","0","0","","","1573881","5178125",
"Christchurch City","RADLEY ST",""," ","I","CUMNOR TERRACE","201431048","06/02/2014","Thu","2052","CB","CN1","103A 112A ","F","R","D","TO","F ","T","N","C","050","0","0","0","","","1573952","5178209",
"Christchurch City","REX ST","20","E"," ","WAINUI ST","201437702","24/05/2014","Sat","0122","EA","CE1C","129A 433A ","M","R","D","DO","F "," "," ","N","050","0","0","0","","","1567215","5179497",
"Christchurch City","RICCARTON AVENUE","400","E"," ","DEANS AVENUE","201414100","11/06/2014","Wed","2347","DA","CE1","103A 111A 131A ","FGP","E","W","DO","L "," ","N","P","050","0","0","1","","","1568967","5180126",
"Christchurch City","RICCARTON AVENUE","300","S"," ","DEANS AVENUE","201434075","15/04/2014","Tue","1537","MA","CN1CC","373B ","M","R","D","O ","F "," ","N","C","050","0","0","0","","","1568878","5180170",
"Christchurch City","RICCARTON ROAD","60","E"," ","AUBURN AVENUE","201413284","23/05/2014","Fri","0654","JA","ME1C","308B 375B 922 ","","R","D","DO","F ","D","N","C","050","0","1","0","","","1565729","5180058",
"Christchurch City","RICCARTON ROAD","10","E"," ","BALGAY ST","201433488","09/03/2014","Sun","1435","CB","CW1","133A 423A ","FJ","R","D","OF","F ","T","G","C","050","0","0","0","","","1566239","5180116",
"Christchurch City","RICCARTON ROAD","100","E"," ","BALGAY ST","201435836","15/01/2014","Wed","1610","GD","CE1C","331A 350A 929 ","","R","D","BF","F ","D","N","C","050","0","0","0","","","1566328","5180126",
"Christchurch City","RICCARTON ROAD","50","W"," ","DEANS AVENUE","201430502","14/01/2014","Tue","1940","MC","CW1C","372B ","","R","D","TF","F "," "," ","C","050","0","0","0","","","1568608","5180381",
"Christchurch City","RICCARTON ROAD",""," ","I","HANSONS LANE","201436943","13/05/2014","Tue","1800","KA","CW1V","322A ","","R","W","DO","L ","T","T","R","050","0","0","0","","","1565554","5180038",
"Christchurch City","RICCARTON ROAD","20","W"," ","ILAM ROAD","201411871","22/03/2014","Sat","0945","CB","PE1","132A 181A 532A ","K","R","D","BF","F "," ","N","C","050","0","0","1","","","1566060","5180096",
"Christchurch City","RICCARTON ROAD",""," ","I","ILAM ROAD","201434257","27/02/2014","Thu","1810","FE","CE14CC","331A 427A ","","R","D","B ","F ","X","T","C","050","0","0","0","","","1566080","5180098",
"Christchurch City","RICCARTON ROAD","40","W"," ","KAURI ST","201437806","25/05/2014","Sun","1655","CA","PE1","132A ","","R","W","DO","H "," ","N","C","050","0","0","0","","","1567431","5180249",
"Christchurch City","RICCARTON ROAD",""," ","I","MAIN SOUTH ROAD","201435708","01/05/2014","Thu","1435","JA","CN14C","130A 302B 370B ","CT","M","D","O ","F ","T","G","R","050","0","0","0","","","1565418","5180023",
"Christchurch City","RICCARTON ROAD","30","E"," ","MATIPO ST","201436962","14/05/2014","Wed","1222","FD","CE1CC","181A 181B ","","R","D","O ","F "," "," ","N","050","0","0","0","","","1567346","5180239",
"Christchurch City","RICCARTON ROAD","50","E"," ","MATIPO ST","201438148","16/05/2014","Fri","1205","NB","4W1E","711B 712B ","","R","D","BF","F "," ","N","C","050","0","0","0","","","1567366","5180241",
"Christchurch City","RICCARTON ROAD","110","W"," ","MIDDLETON ROAD","201411148","27/03/2014","Thu","1020","FD","CE14CC","110A 331A 191B ","","R","D","B ","F "," "," ","P","050","0","0","2","","","1565945","5180083",
"Christchurch City","RICCARTON ROAD","100","E"," ","PICTON AVENUE","201431966","05/02/2014","Wed","1820","MA","CW1B","373B 671B ","","R","D","ON","F "," ","N","C","050","0","0","0","","","1568128","5180328",
"Christchurch City","RICCARTON ROAD",""," ","I","STRAVEN ROAD","201436470","03/04/2014","Thu","2040","LB","VE1C","303B ","","R","D","DO","F ","X","T","C","050","0","0","0","","","1567834","5180294",
"Christchurch City","RICCARTON ROAD",""," ","I","WAIMAIRI ROAD","201433296","01/03/2014","Sat","0900","KA","CE1L","324A ","","R","D","BF","F ","T","T","N","050","0","0","0","","","1565601","5180044",
"Christchurch City","RICHMOND HILL ROAD","400","S"," ","NAYLAND ST","201436946","12/05/2014","Mon","0330","DB","CS1C","103A 131A ","CM","S","D","DN","F "," "," ","C","050","0","0","0","","","1580203","5175754",
"Christchurch City","ROBERTS ROAD",""," ","I","BRUNNER ST","201413622","23/05/2014","Fri","1750","JA","4N1C","197A 309B 377B 839 ","","R","D","DO","F ","T","N","C","050","0","0","2","","","1560866","5179637",
"Christchurch City","ROOKWOOD AVENUE","10","E"," ","BOWER AVENUE","201412043","13/04/2014","Sun","0550","EA","CW14C4","103A 129A ","M","E","D","DO","F ","R","G","C","050","0","0","1","","","1576646","5184149",
"Christchurch City","ROTHESAY ROAD","40","W"," ","TATAHI ST","201434819","01/04/2014","Tue","0930","CB","VE1","414A ","F","R","D","OF","F "," ","N","R","050","0","0","0","","","1574312","5186193",
"Christchurch City","ROYDVALE AVENUE","15","N"," ","HOMERSHAM PLACE","201435714","15/04/2014","Tue","1838","EA","CS1C","129A 130A 358A 800 801 ","M","R","W","DO","L "," "," ","C","050","0","0","0","","","1564837","5184485",
"Christchurch City","RUTLAND ST","5","N"," ","WESTON ROAD","201435469","07/04/2014","Mon","0834","FC","CS1C","330A 427A ","","R","D","OF","F ","X","G","N","050","0","0","0","","","1569753","5183210",
"Christchurch City","SANDRINGHAM PLACE",""," ","I","DERWENT ST","201432105","22/02/2014","Sat","2035","DC","CN1","112A 514A ","KT","R","D","TO","F ","T","N","N","050","0","0","0","","","1566328","5183637",
"Christchurch City","SANDYFORD ST",""," ","I","COLOMBO ST","201437964","27/05/2014","Tue","0900","HA","4S2C","322B 334B ","","R","D","B ","F ","X","T","C","050","0","0","0","","","1570646","5178868",
"Christchurch City","SANTA ROSA AVENUE","25","N"," ","GORE ST","201434831","28/03/2014","Fri","1102","DA","CS1","131A 354A ","P","E","D","BF","F "," ","N","N","050","0","0","0","","","1564430","5175120",
"Christchurch City","SAWYERS ARMS ROAD",""," ","I","GARDINERS ROAD","201436967","02/05/2014","Fri","2110","HA","CW1C","321B ","","R","D","DF","F ","X","S","C","050","0","0","0","","","1566426","5186001",
"Christchurch City","SAWYERS ARMS ROAD",""," ","I","SH 1S","201413621","19/05/2014","Mon","0615","FB","ME1C","181A 331A 387A ","","R","D","DO","F ","R","G","C","060","0","1","0","","","1565238","5186689",
"Christchurch City","SELWYN ST",""," ","I","DISRAELI ST","201435680","22/04/2014","Tue","1210","HA","CS1CC","302B 375B 400B 801 ","","R","W","O ","L ","X","G","R","050","0","0","0","","","1569447","5178909",
"Christchurch City","SELWYN ST","50","N"," ","SH 76","201411556","02/02/2014","Sun","1809","EE","PN1C","374B 375B ","Q","R","D","BF","F "," ","N","C","050","0","0","1","","","1569451","5178378",
"Christchurch City","SH 73",""," ","I","AVONHEAD ROAD","201413679","10/03/2014","Mon","2348","DA","CS2","129A 385A ","IP","R","D","DO","F ","T","T","R","060","0","0","1","","","","",
"Christchurch City","SH 73",""," ","I","CURLETTS ON EBD","201412003","06/04/2014","Sun","0149","DA","CE1","103A 110A ","I","M","W","DO","F ","R","G","R","100","0","0","2","","","1565913","5178244",
"Christchurch City","SH 73A",""," ","I","MAIN SOUTH ROAD","201433476","14/03/2014","Fri","1524","AA","CE1C","372A 381A ","","R","D","BF","F ","R","G","R","060","0","0","0","","","1564008","5179183",
"Christchurch City","SH 76","100","W"," ","ENSONS ROAD","201414104","06/06/2014","Fri","2140","DA","CE1","101A 133A ","P","E","D","DO","F "," ","N","R","050","0","0","1","","","","",
"Christchurch City","SH 76",""," ","I","HALSWELL JUNCTION ROAD","201413846","15/03/2014","Sat","1352","DB","CE1","111A 131A ","IK","M","D","O ","F ","R","G","R","070","0","1","0","","","","",
"Christchurch City","SHAKESPEARE ROAD",""," ","I","THACKERAY ST","201432212","25/01/2014","Sat","1150","GB","4E1T","387A 175B ","","R","D","B ","F ","T","S","C","050","0","0","0","","","1571739","5178497",
"Christchurch City","SHANDS ROAD",""," ","I","GOULDING AVENUE","201411185","24/03/2014","Mon","0630","HA","CS1S","322B 426B ","","E","D","DO","F ","X","T","R","050","0","1","0","","17","1561618","5178544",
"Christchurch City","SHORTLAND ST",""," ","I","ROWSES ROAD","201411853","19/01/2014","Sun","1950","BF","CE2V","101A 111A 131A 433A ","","R","D","OF","F ","T","N","N","050","0","0","2","","","1575883","5181159",
"Christchurch City","SIOUX AVENUE",""," ","I","HURRICANE WAY","201434035","05/04/2014","Sat","1827","AO","CS1C","103A 193A ","","R","W","DO","F ","T","N","C","050","0","0","0","","","1562948","5177912",
"Christchurch City","SMARTS ROAD",""," ","I","WATERLOO ROAD","201435440","06/05/2014","Tue","1517","GF","TN1C","179A 381A 158B 387B ","","R","D","BF","F ","T","N","N","050","0","0","0","","","1561687","5179265",
"Christchurch City","SOMERFIELD ST",""," ","I","COLOMBO ST","201436809","28/04/2014","Mon","1527","BC","CE1C","504A 801 ","","E","W","O ","L ","T","T","L","050","0","0","0","","","1570670","5177245",
"Christchurch City","SOMERFIELD ST","20","W"," ","STRICKLAND ST","201414111","22/05/2014","Thu","1940","EA","SW1C","374B ","Q","R","D","DO","F "," ","N","C","050","0","0","1","","22","1570626","5177239",
"Christchurch City","SPARKS ROAD",""," ","I","MARYHILL AVENUE","201412240","02/05/2014","Fri","0904","GE","MW1C","112A 160A ","","R","D","B ","F ","T","G","C","050","0","0","1","","","1568006","5176255",
"Christchurch City","SPENCERVILLE ROAD","200","E"," ","FARRELLS ROAD","201434050","06/04/2014","Sun","1915","CC","CE1","129A 330A 402A ","","R","D","DN","F "," ","N","C","100","0","0","0","","","1572372","5191051",
"Christchurch City","SPENCERVILLE ROAD","310","E"," ","FARRELLS ROAD","201412616","05/04/2014","Sat","1730","DA","CW1","111A 131A ","T","E","W","ON","L "," ","N","N","080","0","0","1","","","1572481","5191033",
"Christchurch City","SPENCERVILLE ROAD","300","W"," ","TURNERS ROAD","201436945","04/05/2014","Sun","1645","MC","CE1C","372B ","","R","W","O ","F "," "," ","C","080","0","0","0","","","1573403","5191085",
"Christchurch City","SPRINGFIELD ROAD",""," ","I","EDGEWARE ROAD","201411542","03/03/2014","Mon","1737","HA","CW2C","301A 375A ","","R","W","OF","L ","X","S","C","050","0","1","1","","","1570297","5182104",
"Christchurch City","SPRINGS ROAD",""," ","I","AMYES ROAD","201413362","08/06/2014","Sun","1240","DA","MS1","131A 191A 402A 901 ","","R","W","O ","H ","T","G","C","050","0","0","1","","","1562346","5177746",
"Christchurch City","SPRINGS ROAD","10","N"," ","BOSTON AVENUE","201434473","06/04/2014","Sun","0340","CB","CN1C","103A 130A ","M","R","D","DO","F ","T","G","C","050","0","0","0","","","1562126","5177345",
"Christchurch City","SPRINGS ROAD","140","S"," ","BUSCH LANE","201412459","17/04/2014","Thu","1630","FD","CN1C","331A 901 903 ","","R","W","O ","HS"," "," ","C","080","0","0","1","","","1561520","5175997",
"Christchurch City","SPRINGS ROAD","100","N"," ","MARSHS ROAD","201410935","14/02/2014","Fri","0827","FD","TN1C","181A ","","R","W","OF","L "," ","N","C","080","0","0","2","","","1561444","5175864",
"Christchurch City","SPRINGS ROAD",""," ","I","MARSHS ROAD","201436951","13/05/2014","Tue","0744","HA","CS1V","301B 314B ","","R","D","O ","F ","X","S","C","080","0","0","0","","","1561395","5175778",
"Christchurch City","SPRINGS ROAD",""," ","I","MARSHS ROAD","201412246","02/05/2014","Fri","2035","LB","CN1C","303B 375B ","","R","D","DO","F ","X","G","C","080","0","0","2","","","1561395","5175778",
"Christchurch City","ST ALBANS ST",""," ","I","RUTLAND ST","201437966","30/05/2014","Fri","0434","DB","CE1","101A 358A ","T","R","W","DO","L ","R","G","C","050","0","0","0","","","1570180","5182599",
"Christchurch City","ST ALBANS ST",""," ","I","SOMME ST","201410247","30/01/2014","Thu","2026","JA","VE1T","309B 375B ","","R","D","TF","F ","T","N","C","050","0","0","2","","","1570032","5182500",
"Christchurch City","ST ASAPH ST",""," ","I","BARBADOES ST","201435678","19/04/2014","Sat","1540","HA","CW14","112A 322A 334A 404A 817 ","","R","D","B ","F ","X","T","C","050","0","0","0","","","1571373","5179557",
"Christchurch City","ST ASAPH ST",""," ","I","MANCHESTER ST","201411541","01/03/2014","Sat","1934","HA","CW1C","322B ","","R","D","TF","F ","X","T","C","050","0","0","1","","","1570886","5179554",
"Christchurch City","ST ASAPH ST",""," ","I","MANCHESTER ST","201437969","07/06/2014","Sat","0915","HA","CN2C","322A 334A ","","R","W","O ","F ","X","T","C","050","0","0","0","","","1570886","5179554",
"Christchurch City","ST JAMES AVENUE","120","N"," ","DALRIADA ST","201435439","01/05/2014","Thu","1328","DB","CS1","134A 351A ","T","M","D","BF","F "," ","N","C","050","0","0","0","","","1567911","5183742",
"Christchurch City","ST JOHNS ST",""," ","I","LINWOOD AVENUE","201413358","25/05/2014","Sun","1608","HA","CE2CM","301B 363B 375B 902 ","","R","D","O ","F ","X","S","P","060","0","0","1","","","1574998","5178745",
"Christchurch City","ST MARTINS ROAD","50","S"," ","BURNBRAE ST","201411558","13/02/2014","Thu","2347","DB","CS1","103A 111A 131A 632A ","T","M","D","DO","F "," ","N","C","050","0","0","2","","","1571649","5177058",
"Christchurch City","ST MARTINS ROAD",""," ","I","BUXTON TERRACE","201436796","30/05/2014","Fri","1250","GD","CS1T","112A 181A ","","R","D","B ","F ","T","N","C","050","0","0","0","","","1571770","5176872",
"Christchurch City","ST MARTINS ROAD",""," ","I","WILSONS ROAD","201434039","08/04/2014","Tue","1030","HA","CN24","302A 375A ","","R","W","O ","L ","R","G","R","050","0","0","0","","","1571891","5177441",
"Christchurch City","STANMORE ROAD",""," ","I","CASHEL ST","201411296","12/03/2014","Wed","0741","HA","BW1S","302A ","","E","D","O ","F ","R","G","N","050","0","0","1","","50","1572293","5179943",
"Christchurch City","STANMORE ROAD",""," ","I","HEREFORD ST","201412812","08/05/2014","Thu","0801","HA","CN1S","302A 370A 640A ","","R","D","O ","F ","R","G","C","050","0","0","1","","49","1572290","5180041",
"Christchurch City","STANMORE ROAD","50","S"," ","LONDON ST","201430506","10/01/2014","Fri","1037","MC","CN1V","372B ","","R","D","B ","F "," "," ","N","050","0","0","0","","","1572229","5181339",
"Christchurch City","STANMORE ROAD","80","S"," ","LYCHGATE CLOSE","201411866","14/04/2014","Mon","0820","NA","CS1E","711B 817 ","","R","D","OF","F "," ","N","C","050","0","0","1","39","","1572288","5180642",
"Christchurch City","STANMORE ROAD",""," ","I","WARWICK ST","201431193","03/03/2014","Mon","2143","AC","CN1C","372A 381A ","","R","W","DO","F ","T","G","N","050","0","0","0","","","1572231","5181283",
"Christchurch City","STEADMAN ROAD","20","E"," ","CARMEN ROAD","201432525","12/01/2014","Sun","0205","CC","CW1","190A 371A ","FH","R","D","DN","F "," ","N","C","050","0","0","0","","","1562396","5180618",
"Christchurch City","STONY BAY ROAD","610","S"," ","PURPLE PEAK ROAD","201433749","14/03/2014","Fri","2355","DA","4S1","101A 131A 692A ","F","E","D","DN","F "," "," ","N","100","0","0","0","","","1598682","5148839",
"Christchurch City","STRAVEN ROAD",""," ","I","KAHU ROAD","201412140","01/05/2014","Thu","2149","HA","CE2C","102A 322B 330B ","","R","D","DO","F ","X","T","C","050","0","0","1","","","1567850","5180556",
"Christchurch City","STRAVEN ROAD","20","N"," ","KILMARNOCK ST","201412196","18/02/2014","Tue","1235","EE","SN14S","374B ","M","R","D","B ","F "," "," ","C","050","0","1","1","","68","1567851","5180576",
"Christchurch City","STRAVEN ROAD",""," ","I","RICCARTON ROAD","201411214","27/01/2014","Mon","0822","CA","MS1","135A 806 850 ","","R","W","O ","L ","X","T","C","050","0","1","0","","","1567834","5180294",
"Christchurch City","STRAVEN ROAD","50","S"," ","ROCHDALE ST","201436811","27/04/2014","Sun","0730","CB","4N1","410A ","FKP","R","D","B ","F "," "," ","P","050","0","0","0","","","1567823","5180973",
"Christchurch City","STRICKLAND ST",""," ","I","BLETSOE AVENUE","201436953","11/05/2014","Sun","0140","DA","CN1","103A 111A 131A ","S","E","D","DO","F ","X","S","C","050","0","0","0","","","1569942","5178141",
"Christchurch City","STRICKLAND ST",""," ","I","MILTON ST","201434271","13/02/2014","Thu","1800","DB","CS2C","103A 122A 130A 402A ","","M","D","O ","F ","X","T","P","050","0","0","0","","","1570174","5177818",
"Christchurch City","STRICKLAND ST","60","N"," ","SOMERFIELD ST","201431073","20/02/2014","Thu","1705","MO","VN1C","330A 386A 923 ","Q","R","D","B ","F ","D","N","C","050","0","0","0","","","1570606","5177291",
"Christchurch City","STROWAN ROAD",""," ","I","NORMANS ROAD","201412463","25/04/2014","Fri","1727","KA","SS1C","302B 363B 375B 902 ","","E","D","B ","F ","T","G","P","050","0","0","1","","25","1568194","5182484",
"Christchurch City","SUMMIT ROAD","1620","N"," ","CAMERONS TRACK","201430118","28/01/2014","Tue","1622","BF","CS1C","129A 130A 404A ","","M","D","BN","F "," ","N","C","100","0","0","0","","","1598109","5157421",
"Christchurch City","SUMMIT ROAD","100","W"," ","DYERS PASS ROAD","201438049","09/06/2014","Mon","2050","DA","CE1","131A 191A 402A 801 901 ","E","M","W","DN","H "," "," ","C","070","0","0","0","","","1571292","5171773",
"Christchurch City","SUMMIT ROAD","110","W"," ","GEBBIES PASS ROAD","201434029","09/03/2014","Sun","1435","DB","CE1","111A 131A ","ET","S","D","O ","F "," ","N","C","100","0","0","0","","","1570822","5162442",
"Christchurch City","SUVA ST","10","E"," ","RENFREW ST","201431092","09/02/2014","Sun","0615","CC","CW1C","125A 195A ","MT","R","D","TO","F ","T","N","C","050","0","0","0","","","1565870","5179664",
"Christchurch City","TENNYSON ST",""," ","I","PALATINE TERRACE","201436969","03/05/2014","Sat","1535","DA","VE1T","131A 433A ","","E","D","B ","F ","T","S","C","050","0","0","0","","","","",
"Christchurch City","TUAM ST","100","W"," ","COLOMBO ST","201412908","05/04/2014","Sat","1955","CA","CW1","103A 130A 206A 817 ","STX","R","W","DO","L "," "," ","L","050","0","0","1","","","1570542","5179673",
"Christchurch City","TUAM ST",""," ","I","STANMORE ROAD","201400115","22/05/2014","Thu","1607","ND","VW1E","353A 370A 711B ","","M","D","B ","F ","T","G","R","050","1","0","0","83","","1572294","5179664",
"Christchurch City","UPPER MAJOR HORNBROOK ROA","50","E"," ","RIDGEVIEW LANE","201431191","17/01/2014","Fri","0600","CB","CE1","112A 433A ","X","R","D","DO","F "," ","N","N","050","0","0","0","","","1577709","5175037",
"Christchurch City","VAGUES ROAD","20","W"," ","MAIN NORTH ROAD","201413269","03/06/2014","Tue","0821","MC","CW1C","330B 372B ","","R","D","B ","F "," ","N","C","050","0","0","1","","","1568831","5184789",
"Christchurch City","VAGUES ROAD","90","S"," ","NORTHCOTE ROAD","201433832","16/03/2014","Sun","1216","EA","CN1C","131A 402A 901 903 ","M","R","W","O ","HS"," "," ","C","050","0","0","0","","","1568219","5185260",
"Christchurch City","VEITCHES ROAD",""," ","I","GRAMPIAN ST","201411854","06/03/2014","Thu","1650","GB","PW1C","102A 158A 333A 387A 930 ","","R","D","OF","F ","D","N","R","050","0","0","1","","","1567861","5185670",
"Christchurch City","VICKERYS ROAD","10","N"," ","WASHBOURNES ROAD","201413268","31/05/2014","Sat","0129","DA","CN1T","111A 692A 692B ","M","E","D","DO","FF","T","N","N","050","0","0","1","","","1563757","5178671",
"Christchurch City","VICTORIA ST","120","S"," ","PETERBOROUGH ST","201437571","24/05/2014","Sat","0230","MO","CN1C","103A 371A ","M","R","D","DO","F "," "," ","C","050","0","0","0","","","1570355","5180676",
"Christchurch City","VOELAS ROAD","100","E"," ","DALLEYS LANE","201413357","23/05/2014","Fri","1655","QD","VS1C","420A ","FHM","R","D","TF","F "," "," ","N","050","0","0","1","","","1576664","5172260",
"Christchurch City","WAIMAIRI ROAD","30","N"," ","GREERS ROAD","201433512","04/02/2014","Tue","0733","FC","CN1C","181A ","","R","D","BF","F "," ","N","X","050","0","0","0","","","1565358","5182197",
"Christchurch City","WAIMAIRI ROAD",""," ","I","HOMESTEAD LANE","201410268","18/02/2014","Tue","1135","GD","CN1C","181A 350A ","","R","D","B ","F ","T","G","C","050","0","0","1","","","1565521","5180752",
"Christchurch City","WAIMAIRI ROAD","20","S"," ","LESLIE ST","201431089","05/02/2014","Wed","1700","KB","CN1C","308B 377B 830 927 ","","R","W","O ","L ","D","G","P","050","0","0","0","","","1565590","5180142",
"Christchurch City","WAIMAIRI ROAD",""," ","I","MAIDSTONE ROAD","201433294","04/02/2014","Tue","1257","HA","CN1C","322B 334B 353B ","","R","D","BF","F ","X","T","C","050","0","0","0","","","1565413","5181702",
"Christchurch City","WAIMAIRI ROAD",""," ","I","MAIDSTONE ROAD","201410251","19/01/2014","Sun","1610","LB","CS1C","303B 350B ","","R","D","B ","F ","X","T","C","050","0","0","2","","","1565413","5181702",
"Christchurch City","WAIMAIRI ROAD","20","N"," ","MAYDELL ST","201430507","01/01/2014","Wed","0514","CB","CS1C","195A ","M","R","D","TF","F "," "," ","C","050","0","0","0","","","1565437","5181507",
"Christchurch City","WAIMAIRI ROAD","10","S"," ","PEER ST","201410698","03/03/2014","Mon","1546","FE","CN1C","331A 352A ","","E","W","O ","F ","M","T","L","050","0","0","1","","","1565500","5180944",
"Christchurch City","WAIMAIRI ROAD",""," ","I","PEER ST","201413343","08/05/2014","Thu","1730","FE","CS1C","387A 801 ","","E","W","DO","L ","T","T","C","050","0","0","1","","","1565499","5180954",
"Christchurch City","WAIMAIRI ROAD",""," ","I","ROUNTREE ST","201412902","13/05/2014","Tue","1718","LB","MS1C","303B ","","R","W","DO","L ","T","N","C","050","0","0","1","","","1565547","5180520",