"TLA NAME","CRASH ROAD","CRASH DIST","CRASH DIRN","INTSN","SIDE ROAD","CRASH ID","CRASH DATE","CRASH DOW","CRASH TIME","MVMT","VEHICLES","CAUSES","OBJECTS STRUCK","ROAD CURVE","ROAD WET","LIGHT","WTHRa","JUNC TYPE","TRAF CTRL","ROAD MARK","SPD LIM","CRASH FATAL CNT","CRASH SEV CNT","CRASH MIN CNT","PERS AGE1","PERS AGE2","EASTING","NORTHING"
"Christchurch City","WAINONI ROAD","25","E"," ","KERRS ROAD","201433648","07/01/2014","Tue","1153","CB","CS1","130A 517A ","P","R","D","B ","F ","T","G","C","050","0","0","0","","","1574265","5181251",
"Christchurch City","WAINONI ROAD","15","N"," ","SH 74","201432209","23/01/2014","Thu","1629","EE","CS1C","525B 801 ","Q","R","W","O ","L "," "," ","L","050","0","0","0","","","1576235","5183147",
"Christchurch City","WAIRAKEI ROAD","50","W"," ","AORANGI ROAD","201411941","28/03/2014","Fri","0627","ED","CE1T","331A 387A ","Q","E","D","DO","F "," ","N","P","050","0","0","1","","","1567134","5183213",
"Christchurch City","WAIRAKEI ROAD",""," ","I","FARRINGTON AVENUE","201411183","26/03/2014","Wed","0757","LB","SS1C","303B 375B ","","R","D","B ","F ","T","G","C","050","0","0","1","","16","1565831","5184057",
"Christchurch City","WAIRAKEI ROAD","80","E"," ","GRAHAMS ROAD","201411166","14/03/2014","Fri","1616","FD","ME1C","130A 191A ","","R","D","B ","F "," "," ","C","050","0","1","0","","","1566356","5183734",
"Christchurch City","WAIRAKEI ROAD",""," ","I","IDRIS ROAD","201434463","12/03/2014","Wed","2100","HA","VN2C","324B ","","R","D","DO","F ","X","T","C","050","0","0","0","","","1567861","5182582",
"Christchurch City","WAIRAKEI ROAD",""," ","I","IDRIS ROAD","201412226","29/04/2014","Tue","1615","LB","CW1C","144B 303B ","","R","W","TF","L ","X","T"," ","050","0","0","1","","","1567861","5182582",
"Christchurch City","WAIRAKEI ROAD","50","E"," ","KENDAL AVENUE","201411278","24/02/2014","Mon","1845","DA","MW1","103A 131A ","F","E","D","O ","F "," "," ","C","050","0","0","1","","","1565959","5183920",
"Christchurch City","WAIRAKEI ROAD",""," ","I","WOOLDRIDGE ROAD","201436472","06/05/2014","Tue","1402","AO","TE1S","183A ","","R","D","BF","F ","R","G","R","050","0","0","0","","","1564902","5184780",
"Christchurch City","WAIRARAPA TERRACE","15","N"," ","FENDALTON ROAD","201434636","20/03/2014","Thu","0645","DA","CN1","131A 357A 929 ","P","R","D","DO","F ","D","N","N","050","0","0","0","","","1568316","5181329",
"Christchurch City","WALTHAM ROAD","10","S"," ","COLERIDGE ST","201434025","11/04/2014","Fri","2153","CC","CN1","103A 125A ","FJ","R","D","DO","F ","T","N","C","050","0","0","0","","","1571464","5178501",
"Christchurch City","WALTHAM ROAD",""," ","I","HASTINGS ST","201430681","31/01/2014","Fri","0908","FD","TN1T","181A 423A ","","R","D","O ","F ","X","T","R","050","0","0","0","","","1571466","5178223",
"Christchurch City","WASHINGTON WAY","40","E"," ","GASSON ST","201432211","28/01/2014","Tue","1157","GD","CW1C","331A 358A 927 ","","R","D","B ","F ","D"," ","C","050","0","0","0","","","1571171","5179094",
"Christchurch City","WATERLOO ROAD","20","E"," ","GILBERTHORPES ROAD","201438046","07/06/2014","Sat","0510","DA","CW1","101A 131A ","X","E","D","DO","M "," "," ","C","050","0","0","0","","","1560871","5179013",
"Christchurch City","WATERLOO ROAD",""," ","I","RACECOURSE ROAD","201431529","09/01/2014","Thu","1445","FB","4E1C","434A 405B ","","E","D","BF","F ","T","S","P","050","0","0","0","","","1563434","5179438",
"Christchurch City","WESTMINSTER ST",""," ","I","FLOCKTON ST","201433684","06/04/2014","Sun","1701","JA","CW1C","309B 375B ","","R","D","B ","F ","T","N","C","050","0","0","0","","","1571112","5183228",
"Christchurch City","WHITELEIGH AVENUE","20","S"," ","LEAMINGTON ST","201432587","17/02/2014","Mon","1245","FA","CS1CC","130A 501A ","M","R","D","B ","F "," ","N","C","050","0","0","0","","","1568154","5178853",
"Christchurch City","WHITELEIGH AVENUE",""," ","I","LINCOLN ROAD","201412012","11/04/2014","Fri","1545","LB","CS1C","303B 375B ","","R","D","O ","F ","X","T","C","050","0","0","1","","","1568400","5178551",
"Christchurch City","WHITELEIGH AVENUE","300","S"," ","TROUP DRIVE","201413718","25/05/2014","Sun","0736","EC","PS1","400A ","X","R","D","BN","F "," ","N","R","050","0","0","1","","","1568108","5178910",
"Christchurch City","WHITMORE ST","30","S"," ","WHITMORE LANE S","201412597","25/03/2014","Tue","1103","MC","VN1C","355B 372B ","","E","D","O ","F "," "," ","P","050","0","0","1","","","1571757","5181441",
"Christchurch City","WILFRID ST","90","E"," ","ILAM ROAD","201430961","16/02/2014","Sun","2008","DB","CW1","103A 111A 131A ","FT","M","D","OF","F "," ","N","N","050","0","0","0","","","1566011","5181590",
"Christchurch City","WILSONS ROAD",""," ","I","HORNBROOK ST","201433535","24/02/2014","Mon","","LB","CS1C","303B ","","R","D","BF","F ","T","G","C","050","0","0","0","","","1571949","5178186",
"Christchurch City","WILSONS ROAD",""," ","I","LISMORE ST","201410070","19/01/2014","Sun","2225","CA","MS1","103A 112A 133A 402A ","","R","D","DO","F ","X","S","C","050","0","1","0","","","1572125","5178717",
"Christchurch City","WILSONS ROAD",""," ","I","ST MARTINS ROAD","201411934","27/03/2014","Thu","2019","HA","CE1C","302A 375A ","","R","D","DO","F ","R","G","R","050","0","0","1","","","1571891","5177441",
"Christchurch City","WILTON CRESCENT S","150","N"," ","TWYFORD ST","201431710","01/01/2014","Wed","1426","CB","CS1","501A ","P","R","D","B ","F "," "," ","N","050","0","0","0","","","1565721","5184544",
"Christchurch City","WITHELLS ROAD",""," ","I","MAIDSTONE ROAD","201411772","11/03/2014","Tue","1215","JA","CS1C","145A 302B 387B ","","R","D","O ","F ","T","G","C","050","0","1","0","","","1563889","5181785",
"Christchurch City","WOODHAM ROAD",""," ","I","LINWOOD AVENUE","201438044","03/06/2014","Tue","0945","LB","TS2B","303B 902 ","","R","D","B ","F ","X","G","R","050","0","0","0","","","1572555","5180802",
"Christchurch City","WOODHAM ROAD","10","W"," ","NGARIMU ST","201410861","15/01/2014","Wed","1146","NA","CE1E","377A 712B 839 ","","R","D","B ","F ","T","N","C","050","0","1","0","33","","1573667","5180810",
"Christchurch City","WOODHAM ROAD","5","W"," ","WORCESTER ST","201411299","03/03/2014","Mon","0712","NA","TE1E","306A ","","R","W","O ","H ","T","G","X","050","0","0","1","20","","1573821","5180810",
"Christchurch City","WORCESTER ST",""," ","I","MANCHESTER ST","201433591","13/03/2014","Thu","0800","CB","CE14","363A 902 ","M","R","D","BF","F ","X","T","C","050","0","0","0","","","1570882","5180159",
"Christchurch City","WORCESTER ST","10","S"," ","NORWICH ST","201433601","19/03/2014","Wed","1654","LB","CS1CV","197A 130B 303B 402B ","","R","D","BF","F ","T","N","N","050","0","0","0","","","1573354","5180285",
"Christchurch City","WORDSWORTH ST","10","W"," ","COLOMBO ST","201431974","04/02/2014","Tue","1230","MO","CW1CC","371A ","MQ","R","D","BF","F ","X","T","C","050","0","0","0","","","1570637","5178626",
"Christchurch City","WRIGHTS ROAD",""," ","I","BIRMINGHAM DRIVE","201412821","06/05/2014","Tue","1330","KA","XN1S","302A 375A ","","E","D","B ","F ","R","G","C","050","0","0","1","","19","1567261","5178668",
"Christchurch City","WRIGHTS ROAD","50","N"," ","HILLMORTON ST","201435681","22/04/2014","Tue","1310","MC","CS1C","372B 381B 801 ","","R","W","O ","L "," "," ","C","050","0","0","0","","","1567492","5178390",
"Christchurch City","WRIGHTS ROAD",""," ","I","LINCOLN ROAD","201436952","16/05/2014","Fri","1456","DB","CN2","501A ","PS","R","D","B ","F ","X","T","R","050","0","0","0","","","1567767","5178031",
"Christchurch City","WYNDHAM ST",""," ","I","PAPANUI ROAD","201412912","19/05/2014","Mon","1800","NA","CW1E","711B 731B ","","R","D","DO","F ","T","S","C","050","0","0","1","55","","1568356","5183826",
"Christchurch City","YALDHURST ROAD",""," ","I","MAIN SOUTH ROAD","201434970","17/04/2014","Thu","1929","JA","4W1C","302B ","","M","W","DO","H ","T","G","R","050","0","0","0","","","1565418","5180023",
"Christchurch City","Z CPK BARRINGTON MALL","90","N"," ","ATHELSTAN ST","201413150","13/05/2014","Tue","1615","BO","SE1C","105A 131A 370A 801 ","","R","W","O ","L "," "," ","N","030","0","0","1","","44","1569381","5177402",
"Christchurch City","Z CPK NORTHLANDS MALL","80","N"," ","LANGDONS ROAD","201413633","10/05/2014","Sat","1912","QO","4N1C","130A 402A 501A ","PX","R","D","DO","F "," "," ","N","030","0","1","1","","","1568354","5184325",
"Christchurch City","Z CPK PIZZA FERRY ROAD","40","E"," ","PORTMAN ST","201434030","18/03/2014","Tue","1752","MO","CE1C","386A 924 ","","R","D","B ","F ","D","N","N","050","0","0","0","","","1574297","5178199",
"Christchurch City","Z ISSAC CONSTRUCTION","30","E"," ","MCARTHURS ROAD S","201410427","21/01/2014","Tue","1421","DA","TE1","501A ","X","E","W","O ","F "," "," ","N","030","0","0","1","","","1562355","5186886",
"Christchurch City","ZCPK MITRE 10 MAIN SOUTH","50","E"," ","CARMEN ROAD","201437968","01/06/2014","Sun","1329","MO","CW1CC4","130A 650A 927 ","M","R","D","B ","F ","D","N","R","020","0","0","0","","","1561852","5178804",
"Christchurch City","1S/327/0.431","1000","S"," ","TRAM OBR","201431396","18/02/2014","Tue","0830","CB","TS1","137A 181A 400A ","B","R","D","BF","F "," ","N","C","100","0","0","0","","","1571428","5192839",
"Christchurch City","1S/327/0.973","2000","N"," ","DICKEYS ROAD","201411275","24/02/2014","Mon","1610","CA","4N1","130A 406A ","","R","D","B ","F "," "," ","C","100","0","1","0","","","1571537","5192309",
"Christchurch City","1S/327/1.439","100","N"," ","CHANEYS ON RAMP","201412630","26/03/2014","Wed","1031","FD","CN1C","181A ","","R","D","BF","F "," ","N","C","100","0","1","1","","","1571472","5191851",
"Christchurch City","1S/327/3.052",""," ","I","DICKEYS ROAD","201412500","09/04/2014","Wed","1135","LB","VS1CC","197A 303B 353B ","","R","D","O ","F ","X","S","R","060","0","0","1","","","1570692","5190565",
"Christchurch City","1S/327/3.173","200","S"," ","DICKEYS ROAD","201430110","25/01/2014","Sat","1130","FD","CN1C","181A 331A 929 ","","R","D","BF","F ","D","N","R","060","0","0","0","","","1570583","5190396",
"Christchurch City","1S/327/3.797",""," ","I","FACTORY ROAD","201436973","11/04/2014","Fri","0914","FD","CS14","331A 353A ","","R","W","O ","L ","T","G","R","060","0","0","0","","","1570362","5189898",
"Christchurch City","1S/327/3.797",""," ","I","FACTORY ROAD","201412703","14/03/2014","Fri","0658","LB","PS1V","303B 377B ","","R","D","DO","F ","T","G","R","050","0","1","0","","","1570362","5189898",
"Christchurch City","1S/327/3.885",""," ","I","DARROCH ST","201412839","22/04/2014","Tue","1150","FD","CS1C","181A 331A 801 ","","R","W","O ","L ","T","S","C","060","0","0","1","","","1570324","5189818",
"Christchurch City","1S/327/3.964","30","N"," ","RICHILL ST","201433479","17/03/2014","Mon","1234","FE","VS14","181A 331A ","","R","D","BF","F ","T","T","R","060","0","0","0","","","1570291","5189747",
"Christchurch City","1S/332/0.865","15","W"," ","CONNEMARA DRIVE","201410835","20/01/2014","Mon","1308","BE","CE14","109A 130A 197B ","","R","D","B ","F "," "," ","C","080","0","1","1","","","1569086","5188917",
"Christchurch City","1S/332/3.084","350","W"," ","CLEARWATER AVENUE","201434261","02/02/2014","Sun","0058","DA","CN1","102A 131A ","P","E","D","DO","F "," "," ","C","080","0","0","0","","","1567069","5188214",
"Christchurch City","1S/332/4.354","1000","W"," ","GARDINERS ROAD","201433592","05/03/2014","Wed","0439","BF","CW1C","135A 823 ","L","M","W","DO","H "," ","N","C","080","0","0","0","","","1566146","5187405",
"Christchurch City","1S/332/6.985",""," ","I","HAREWOOD ROAD","201432779","17/02/2014","Mon","0430","AO","TS1C","380A 181B ","","M","D","DO","F ","R","G","R","080","0","0","0","","","1564116","5185943",
"Christchurch City","1S/332/7.859",""," ","I","WAIRAKEI ROAD","201410393","15/01/2014","Wed","1228","DA","PS1","131A 136A 660A ","","M","D","BF","F ","R","G","R","080","0","1","0","","","1563931","5185099",
"Christchurch City","1S/332/7.894",""," ","I","WAIRAKEI ROAD","201433595","18/04/2014","Fri","1455","DA","CS1","111A 135A 804 ","","E","W","OF","L ","R","G","C","080","0","0","0","","","1563887","5185077",
"Christchurch City","1S/332/8.337","400","S"," ","WAIRAKEI ROAD","201432204","01/02/2014","Sat","1015","AC","CS1C","184A ","","R","D","O ","F "," "," ","C","080","0","0","0","","","1563753","5184695",
"Christchurch City","1S/332/8.709",""," ","I","MEMORIAL AVENUE","201430504","10/01/2014","Fri","1632","GE","4S1V","171B 404B ","","M","D","B ","F ","R","G","R","080","0","0","0","","","1563614","5184350",
"Christchurch City","1S/332/8.709",""," ","I","MEMORIAL AVENUE","201432775","28/02/2014","Fri","1215","GC","CS1C","171B 340B 404B ","","E","D","O ","F ","R","G","R","080","0","0","0","","","1563614","5184350",
"Christchurch City","1S/332/8.709",""," ","I","MEMORIAL AVENUE","201434518","22/02/2014","Sat","0440","DA","TS1","111A 131A ","","R","D","DO","F ","R","G","R","080","0","0","0","","","1563625","5184339",
"Christchurch City","1S/332/8.709",""," ","I","MEMORIAL AVENUE","201434258","01/03/2014","Sat","0720","HA","CE1C","302A 386A 402A ","","E","D","TF","F ","R","G","R","080","0","0","0","","","1563614","5184350",
"Christchurch City","1S/332/8.709",""," ","I","MEMORIAL AVENUE","201431195","05/03/2014","Wed","0815","GC","VS1T","171B 381B ","","R","W","O ","H ","R","G","N","080","0","0","0","","","1563614","5184350",
"Christchurch City","1S/332/8.709",""," ","I","MEMORIAL AVENUE","201432583","28/02/2014","Fri","1956","DA","CN1","110A 133A ","P","E","W","O ","H ","R","G","R","080","0","0","0","","","1563625","5184339",
"Christchurch City","1S/332/8.709",""," ","I","MEMORIAL AVENUE","201433596","13/04/2014","Sun","1317","FB","4N1C","181A ","","R","D","OF","F ","R","G","R","080","0","0","0","","","1563616","5184354",
"Christchurch City","MEMORIAL AVENUE",""," ","I","RUSSLEY ROAD","201410745","12/03/2014","Wed","1636","HA","CE1M","302A 375A ","","R","D","O ","F ","R","G","C","100","0","0","1","","","1563596","5184348",
"Christchurch City","1S/332/9.174","400","S"," ","MEMORIAL AVENUE","201410221","13/01/2014","Mon","1635","FD","VN1TT","181A 503A ","","R","D","B ","F "," ","N","C","080","0","1","0","","","1563447","5183941",
"Christchurch City","1S/332/9.572","270","S"," ","AVONHEAD ROAD","201433827","25/03/2014","Tue","0540","FA","VS1T","331A 358A ","","R","D","DO","F "," "," ","R","080","0","0","0","","","1563291","5183562",
"Christchurch City","1S/332/11.284","200","S"," ","RYANS ROAD","201431082","31/01/2014","Fri","0005","CB","CN1","129A 410A ","F","R","D","DO","F "," ","N","R","060","0","0","0","","","1562635","5181986",
"Christchurch City","1S/332/11.46","200","N"," ","BENTLEY ST","201411165","21/03/2014","Fri","1710","FD","CS1CV","331A 352A ","","R","D","B ","F "," "," ","R","060","0","1","2","","","1562565","5181819",
"Christchurch City","1S/332/11.832","200","N"," ","YALDHURST ROAD","201410834","22/01/2014","Wed","1300","EA","CN14","130A 350A ","M","R","D","B ","F "," "," ","R","060","0","0","1","","","1562424","5181479",
"Christchurch City","1S/332/12.028",""," ","I","SH 73 YALDHURST ST","201434059","11/04/2014","Fri","0101","CC","CS1","110A 514A ","T","R","W","DO","F ","R","G","R","080","0","0","0","","","1562348","5181294",
"Christchurch City","1S/332/12.032",""," ","I","SH 73","201436147","04/04/2014","Fri","1223","LB","VN1C","303B ","","R","D","B ","F ","X","T","R","060","0","0","0","","","1562348","5181294",
"Christchurch City","1S/344/0.733",""," ","I","STEADMAN ROAD","201431190","13/01/2014","Mon","0105","BC","CN14","103A 122A ","","E","D","DO","F ","T","G","C","080","0","0","0","","","1562376","5180615",
"Christchurch City","1S/344/1.33",""," ","I","BUCHANANS ROAD","201410603","20/02/2014","Thu","0835","NA","CN1E","713B ","","R","D","O ","F ","X","G","C","050","0","1","0","43","","1562184","5180059",
"Christchurch City","1S/344/1.33",""," ","I","BUCHANANS ROAD","201433486","12/03/2014","Wed","1209","LB","CN1C","322A ","","S","D","OF","F ","X","T","R","050","0","0","0","","","1562184","5180059",
"Christchurch City","1S/344/1.533","50","S"," ","HALWYN DRIVE","201434041","10/04/2014","Thu","1530","FD","4N1C4","181A 330A ","","R","D","O ","F "," ","N","C","050","0","0","0","","","1562113","5179870",
"Christchurch City","1S/344/1.562","100","N"," ","BELLA ROSA DRIVE","201411170","07/02/2014","Fri","2308","EC","CS1","103A 330A 817 ","X","E","D","DO","F "," "," ","R","050","0","0","1","","","1562102","5179843",
"Christchurch City","1S/344/2.712","30","N"," ","MAIN SOUTH ROAD N","201434037","07/04/2014","Mon","1223","AA","CS1V","372A 381A ","","R","W","O ","F "," ","N","N","050","0","0","0","","","1561695","5178772",
"Christchurch City","1S/344/2.741",""," ","I","MAIN SOUTH ROAD","201436950","14/05/2014","Wed","1332","KA","VN1C","302B ","","R","D","O ","F ","T","G","R","050","0","0","0","","","1561686","5178744",
"Christchurch City","1S/347/0.836","50","W"," ","PARKER ST","201434775","24/04/2014","Thu","1829","FD","VE1CC","331A 352A ","","R","D","DO","F "," ","N","P","060","0","0","0","","","1560859","5178584",
"Christchurch City","1S/347/1.908",""," ","I","FOREMANS ROAD","201412936","25/04/2014","Fri","1650","GD","CW1C","331A ","","R","D","O ","F ","T","S","C","070","0","0","2","","","1559799","5178440",
"Christchurch City","1S/347/1.908",""," ","I","FOREMANS ROAD","201410431","08/01/2014","Wed","0836","GD","CW1T","181A 331A ","","R","D","B ","F ","T","S","C","070","0","1","0","","","1559799","5178440",
"Christchurch City","1S/350/1.113",""," ","I","TRENTS ROAD","201414103","06/06/2014","Fri","2152","KB","CE1T","101B 301B ","","R","W","DO","M ","X","S","R","070","0","0","1","","","1557532","5177478",
"Christchurch City","73/0/0.079",""," ","A","CURLETTS OFF EBD","201432783","02/02/2014","Sun","1436","DA","CN1","111A 131A ","G","M","D","B ","F ","R","G","R","100","0","0","0","","","1565880","5178245",
"Christchurch City","73/0/0.079",""," ","I","CURLETTS OFF EBD","201433604","16/03/2014","Sun","0820","EC","CN1","111A 131A 823 901 903 ","GL","E","W","OF","HS","R","G","C","070","0","0","0","","","1565880","5178245",
"Christchurch City","73/0/0.101","500","S"," ","LUNNS ROAD","201437535","29/05/2014","Thu","2225","DA","CN1","111A 131A ","G","E","D","DO","F "," "," ","C","100","0","0","0","","","1565871","5178285",
"Christchurch City","73/0/0.401","200","S"," ","LUNNS ROAD","201437598","11/06/2014","Wed","0745","FD","CN1CCC","181A 350A 181B 181C ","","R","D","TN","F "," "," ","C","100","0","0","0","","","1565650","5178486",
"Christchurch City","73/0/1.103","500","S"," ","LUNNS ROAD","201436958","21/05/2014","Wed","2000","DA","CS1","111A 131A ","CS","M","D","DO","F "," "," ","C","100","0","0","0","","","1565159","5178980",
"Christchurch City","BLENHEIM ROAD",""," ","I","73/0/1.332","201412440","13/04/2014","Sun","1315","HA","CN2C","322B 334B ","","R","D","O ","F ","X","T","C","060","0","0","1","","","1565125","5179196",
"Christchurch City","73/1/0.378",""," ","I","SUVA ST","201430505","13/01/2014","Mon","1349","FD","CS1CCC","181A 181B 181C ","","R","D","B ","F ","T","G","N","050","0","0","0","","","1565088","5179583",
"Christchurch City","73/1/0.628","150","S"," ","MAIN SOUTH ROAD","201411852","08/02/2014","Sat","1815","MA","CN14","373B 375B ","","R","D","ON","F "," ","N","C","050","0","0","1","","","1565059","5179832",
"Christchurch City","73/1/0.658","120","S"," ","MAIN SOUTH ROAD","201411562","05/02/2014","Wed","1310","FD","PN1C","331A ","","R","W","OF","L "," ","N","C","050","0","0","1","","","1565056","5179861",
"Christchurch City","73/1/0.658","120","S"," ","MAIN SOUTH ROAD","201434043","03/04/2014","Thu","0800","FD","CN1VC","358A 423A ","","R","D","O ","F "," ","N","C","050","0","0","0","","","1565056","5179861",
"Christchurch City","MAIN SOUTH ROAD",""," ","I","73/1/0.778","201433831","31/01/2014","Fri","2255","HA","CE1C","334A 334B ","","R","D","DO","F ","X","T","C","050","0","0","0","","","1565042","5179981",
"Christchurch City","73/1/0.778",""," ","I","MAIN SOUTH ROAD","201435834","08/04/2014","Tue","1513","LB","CW2C","322A ","","R","W","OF","L ","X","T","C","050","0","0","0","","","1565042","5179981",
"Christchurch City","73/1/0.97",""," ","I","SH 73 YALDHURST","201434999","05/04/2014","Sat","2030","FB","CN1C","181A 103B ","","R","W","DO","L ","X","G","R","050","0","0","0","","","1565104","5180153",
"Christchurch City","73/1/0.97",""," ","I","CURLETTS ROAD","201412811","08/04/2014","Tue","1450","LB","CN2C","303B 375B 801 ","","R","W","O ","L ","X","T","R","050","0","0","1","","","1565104","5180153",
"Christchurch City","73/1/1","30","W"," ","CURLETTS ROAD","201433750","14/03/2014","Fri","1630","FO","CE14","372A ","","R","D","B ","F "," "," ","R","060","0","0","0","","","1565075","5180158",
"Christchurch City","73/1/1.174",""," ","I","BRODIE ST","201434254","21/02/2014","Fri","0923","LB","CE1C","303B 314B 375B ","","R","D","O ","F ","T","S","R","060","0","0","0","","","1564912","5180239",
"Christchurch City","73/1/1.174",""," ","I","BRODIE ST","201412019","24/03/2014","Mon","0740","FA","CE1C","358A 613A ","","R","D","B ","F ","T","S","R","060","0","0","1","","","1564912","5180239",
"Christchurch City","73/1/1.699","90","E"," ","MIDDLEPARK ROAD","201411661","19/02/2014","Wed","2315","CC","CW1","129A 359A ","T","R","D","DO","L "," ","N","R","050","0","1","0","","","1564430","5180425",
"Christchurch City","73/1/1.739","50","E"," ","MIDDLEPARK ROAD","201412442","14/04/2014","Mon","1746","FD","CW1CV","331A 358A ","","R","D","TO","F "," "," ","R","060","0","0","1","","","1564393","5180441",
"Christchurch City","73/1/1.847",""," ","I","AVONHEAD ROAD","201433295","19/01/2014","Sun","2203","AA","CE1C","372A ","","R","D","DO","F ","T","T","R","050","0","0","0","","","1564291","5180496",
"Christchurch City","73/1/1.994","140","W"," ","AVONHEAD ROAD","201411545","31/01/2014","Fri","2123","CC","CW1","103A 129A ","T","R","D","DO","F "," ","N","R","050","0","0","1","","","1564157","5180538",
"Christchurch City","73/1/2.713",""," ","I","WITHELLS ROAD","201413720","24/05/2014","Sat","1200","JA","CE1C","301B 377B ","","R","D","BF","F ","T","S","C","050","0","0","1","","","1563491","5180824",
"Christchurch City","73/1/2.713",""," ","I","WITHELLS ROAD","201431143","15/02/2014","Sat","0925","JA","4E1V","302B 375B ","","R","D","B ","F ","T","G","C","060","0","0","0","","","1563491","5180824",
"Christchurch City","73/1/2.713",""," ","I","WITHELLS ROAD","201413798","26/04/2014","Sat","1521","JA","CE1C","302B 377B ","","R","D","BF","F ","T","G","R","050","0","0","1","","","1563491","5180824",
"Christchurch City","73/1/2.821","100","W"," ","WITHELLS ROAD","201437532","08/06/2014","Sun","1700","MC","CW1C","372B ","","R","W","TF","L "," "," ","P","060","0","0","0","","","1563398","5180862",
"Christchurch City","73/5/0",""," ","I","SH 1S","201430186","09/01/2014","Thu","0848","LB","CE1C","303B 377B ","","R","D","OF","F ","X","T","R","060","0","0","0","","","1562348","5181294",
"Christchurch City","73/5/0.02","20","W"," ","SH 1S","201433836","17/03/2014","Mon","0905","KB","TW14","308B 922 ","","R","D","B ","F ","D","N","R","060","0","0","0","","","1562330","5181302",
"Christchurch City","73/5/4.589",""," ","I","BUCHANANS ROAD","201432769","01/03/2014","Sat","0938","HA","CE1C","301B 355B 375B ","","R","D","B ","F ","X","S","C","100","0","0","0","","","1557970","5182214",
"Christchurch City","SH 73",""," ","I","73A/0/0","201432210","29/01/2014","Wed","0816","HA","TE24","322A ","","R","D","B ","F ","X","T","R","050","0","0","0","","","1565130","5179208",
"Christchurch City","BLENHEIM ROAD",""," ","I","ALLOY ST","201434040","06/04/2014","Sun","0151","DA","CW1","110A 514A ","FK","M","D","DO","F ","R","G","R","060","0","0","0","","","1563991","5179151",
"Christchurch City","73A/0/1.175",""," ","I","ALLOY ST","201433961","27/03/2014","Thu","1110","GA","4S1C","386A ","P","E","D","B ","F ","R","G","R","060","0","0","0","","","1563965","5179148",
"Christchurch City","73A/0/1.204",""," ","I","EPSOM ROAD","201431354","26/02/2014","Wed","1235","GB","CE1C","333A 387A ","","E","D","BF","F ","R","G","R","060","0","0","0","","","1563943","5179200",
"Christchurch City","73A/0/1.218",""," ","I","EPSOM ROAD","201432652","28/02/2014","Fri","1525","AC","CE14","124A ","","M","D","O ","F ","R","G","C","050","0","0","0","","","1563941","5179193",
"Christchurch City","73A/0/1.271",""," ","I","RACECOURSE ROAD","201410858","28/01/2014","Tue","0807","GB","CW1S","170A 387A ","","E","D","B ","F ","T","N","C","060","0","1","0","","30","1563875","5179154",
"Christchurch City","73A/0/1.722","300","E"," ","SPRINGS ROAD","201436011","11/04/2014","Fri","0200","EA","VE1C","103A 129A ","M","R","D","DO","F "," ","N","P","060","0","0","0","","","1563522","5178911",
"Christchurch City","73A/0/3.615",""," ","I","SH 1S","201435475","11/05/2014","Sun","1727","DB","CW1","103A 410A ","FHI","E","D","TF","F ","X","T","R","050","0","0","0","","","1561681","5178728",
"Christchurch City","73A/0/3.623",""," ","I","SH 1S","201435027","05/04/2014","Sat","1900","LB","4E14","303B 375B ","","R","W","DO","F ","X","T","R","050","0","0","0","","","1561686","5178744",
"Christchurch City","74/0/0.176",""," ","I","SWIFT ST","201435395","24/04/2014","Thu","2248","KA","VN1C","103A 112A ","FKS","R","D","DO","F ","T","G","R","060","0","0","0","","","1569860","5188857",
"Christchurch City","74/0/0.779","15","S"," ","ENGLEFIELD ROAD","201412909","29/04/2014","Tue","1105","GB","CN1C","158A 331A 387A 929 ","","E","W","O ","H ","D","N","C","060","0","0","1","","","1569603","5188311",
"Christchurch City","74/0/1.168",""," ","I","RADCLIFFE ROAD","201437536","25/05/2014","Sun","1252","HA","CW2C","322B 334B ","","R","D","B ","F ","X","T","R","060","0","0","0","","","1569448","5187955",
"Christchurch City","74/0/1.169",""," ","I","NORTHWOOD BOULEVARD","201412694","12/03/2014","Wed","1715","LB","CN1V","303B 377B ","","R","W","OF","L ","X","T","C","050","0","0","1","","","1569436","5187958",
"Christchurch City","74/0/1.934",""," ","I","STYX MILL ROAD","201437804","20/05/2014","Tue","0736","LB","CN1CC","322A 334A ","","R","D","O ","F ","X","T","R","060","0","0","0","","","1569112","5187265",
"Christchurch City","74/0/1.934",""," ","I","STYX MILL ROAD","201435441","02/05/2014","Fri","1808","LB","CN1C","303B 375B ","","R","D","DO","F ","T","T","R","060","0","0","0","","","1569112","5187265",
"Christchurch City","STYX MILL ROAD",""," ","I","74/0/1.934","201435839","03/03/2014","Mon","1640","FB","CE2P","331A 353A ","","E","D","OF","F ","T","G","C","060","0","0","0","","","1569112","5187265",
"Christchurch City","74/0/3.151","50","N"," ","DANIELS ROAD","201412076","25/03/2014","Tue","0845","CA","PS1","132A 137A 194A ","","R","W","O ","F "," ","N","R","060","0","1","0","","","1569019","5186051",