"TLA NAME","CRASH ROAD","CRASH DIST","CRASH DIRN","INTSN","SIDE ROAD","CRASH ID","CRASH DATE","CRASH DOW","CRASH TIME","MVMT","VEHICLES","CAUSES","OBJECTS STRUCK","ROAD CURVE","ROAD WET","LIGHT","WTHRa","JUNC TYPE","TRAF CTRL","ROAD MARK","SPD LIM","CRASH FATAL CNT","CRASH SEV CNT","CRASH MIN CNT","PERS AGE1","PERS AGE2","EASTING","NORTHING"
"Christchurch City","74/0/3.202",""," ","I","DANIELS ROAD","201412903","06/05/2014","Tue","0742","LB","PS1C","303B 377B ","","R","D","B ","F ","T","T","R","060","0","0","1","","","1569016","5186001",
"Christchurch City","MAIN NORTH ROAD",""," ","I","NORTHCOTE ROAD","201412810","29/04/2014","Tue","2107","LB","CE2C","303B 375B 801 ","","R","W","DO","L ","X","T","R","050","0","0","1","","","1568965","5185302",
"Christchurch City","NORTHCOTE ROAD",""," ","I","MAIN NORTH ROAD","201435394","09/04/2014","Wed","1326","LB","CW1C","303B ","","R","D","O ","F ","X","T","R","060","0","0","0","","","1568965","5185302",
"Christchurch City","NORTHCOTE ROAD",""," ","I","74/0/3.907","201431141","13/01/2014","Mon","0934","QG","TE1TC","330A 682A ","","R","D","B ","F ","T","T","R","050","0","0","0","","","1568965","5185302",
"Christchurch City","74/0/3.907",""," ","I","NORTHCOTE ROAD","201435812","20/03/2014","Thu","1845","AC","CS1C","357A 381A ","","R","D","BF","F ","T","T","C","050","0","0","0","","","1568965","5185302",
"Christchurch City","74/0/5.144","200","W"," ","WINTERS ROAD","201436960","02/05/2014","Fri","1200","BF","VE1C","131A 406A ","","E","D","O ","F "," "," ","C","080","0","0","0","","","1570175","5185075",
"Christchurch City","74/0/6.239","600","W"," ","HILLS ROAD","201434971","10/04/2014","Thu","0730","KA","CE1T","308B 387B 927 ","","R","W","OF","L ","D","N","C","080","0","0","0","","","1571219","5184925",
"Christchurch City","74/0/6.839",""," ","I","HILLS ROAD","201430367","01/01/2014","Wed","0200","CB","CE1","112A 351A ","G","R","D","DO","F ","T","N","R","080","0","0","0","","","1571799","5184785",
"Christchurch City","74/0/7.142",""," ","I","INNES ROAD","201435442","16/03/2014","Sun","1141","DA","CE1","110A 131A ","PT","M","W","O ","F ","R","G","C","080","0","0","0","","","1572050","5184712",
"Christchurch City","74/0/7.436","200","W"," ","MARSHLAND ROAD","201412901","21/05/2014","Wed","0705","FD","CW1CCC","181A 331A 181B 181C ","","R","D","O ","F "," "," ","C","080","0","0","2","","","1572391","5184754",
"Christchurch City","74/0/7.436","200","W"," ","MARSHLAND ROAD","201412710","02/04/2014","Wed","1722","FD","CE1CCV","181A ","","R","D","OF","F "," ","N","C","080","0","0","3","","","1572391","5184754",
"Christchurch City","74/0/7.636",""," ","I","MARSHLAND ROAD","201413129","15/05/2014","Thu","1350","FE","CE1C","181A 191B ","","R","D","B ","F ","X","T","C","080","0","0","2","","","1572589","5184748",
"Christchurch City","74/0/7.696","60","E"," ","MARSHLAND ROAD","201411186","10/03/2014","Mon","1552","AC","TE1M","372A 671A ","","R","D","B ","F "," "," ","R","080","0","1","0","","","1572649","5184749",
"Christchurch City","74/0/8.677","1000","E"," ","MARSHLAND ROAD","201413283","20/05/2014","Tue","0750","FD","MW14","110A 181A 191B ","","R","D","B ","F "," ","N","C","080","0","0","1","","","1573583","5184704",
"Christchurch City","74/0/9.243","300","W"," ","BURWOOD ROAD","201412596","24/03/2014","Mon","0623","BA","CW1C","205A 357A 410A ","","R","D","DO","F "," "," ","C","080","0","2","0","","","1574149","5184502",
"Christchurch City","BURWOOD ROAD",""," ","I","74/0/9.61","201434469","08/04/2014","Tue","1905","LB","CN1C","303B 382B 801 ","","R","W","DO","L ","X","T","C","050","0","0","0","","","1574465","5184495",
"Christchurch City","74/0/9.802","190","E"," ","BURWOOD ROAD","201435731","10/04/2014","Thu","0721","AD","CE1T","130A 150A 159A 184A 801 ","KS","R","W","O ","L "," "," ","R","050","0","0","0","","","1574672","5184475",
"Christchurch City","74/0/10.41","20","E"," ","TRAVIS COUNTRY DRIVE E","201411780","27/03/2014","Thu","1155","EA","CW1C","129A ","MJ","R","D","B ","F "," "," ","P","050","0","0","1","","","1575254","5184413",
"Christchurch City","FROSTS ROAD",""," ","I","TRAVIS ROAD","201412639","01/03/2014","Sat","0935","HA","CS1M","302A 382A ","","E","D","BF","F ","R","G","C","050","0","0","1","","","1575896","5184373",
"Christchurch City","74/0/11.046",""," ","I","FROSTS ROAD","201435712","25/04/2014","Fri","1650","GC","CS2C","171B ","","R","D","B ","F ","R","G","R","050","0","0","0","","","1575896","5184373",
"Christchurch City","74/0/11.214","90","S"," ","TRAVIS ROAD","201434832","27/03/2014","Thu","1635","MC","VS1C","361B 372B ","CS","R","D","BF","F "," ","N","R","050","0","0","0","","","1575888","5184233",
"Christchurch City","74/0/11.746","90","N"," ","NEW BRIGHTON ROAD","201432551","16/02/2014","Sun","1100","MC","CN1C","372B 381B ","","R","D","B ","F "," ","N","N","080","0","0","0","","","1575840","5183704",
"Christchurch City","74/0/11.816","20","N"," ","NEW BRIGHTON ROAD","201431131","18/02/2014","Tue","0127","CB","VS1","103A 112A 357A 517A ","P","R","D","DO","F "," ","N","C","050","0","0","0","","","1575834","5183634",
"Christchurch City","74/0/13.688",""," ","I","PAGES ROAD","201436464","11/05/2014","Sun","1546","LB","CN1C","303B 377B ","","R","D","OF","FS","X","T","C","050","0","0","0","","","1577061","5182367",
"Christchurch City","74/0/17.872","120","S"," ","EDISON PLACE","201410860","17/01/2014","Fri","0955","AO","TN1S","129A 330A ","K","E","D","O ","F "," "," ","C","070","0","1","0","","60","1575814","5178935",
"Christchurch City","74/26/0.29",""," ","I","CANTERBURY ST","201410639","08/02/2014","Sat","2138","PO","CE1K","722B ","","R","D","DO","F ","T","S","C","050","0","0","1","34","","1577405","5172133",
"Christchurch City","FERRY ROAD",""," ","I","PALINURUS ROAD","201435402","23/03/2014","Sun","2254","HA","CS2C","322A 334A 359A ","","R","D","DO","F ","X","T","C","050","0","0","0","","","1574734","5177887",
"Christchurch City","74A/0/1.194",""," ","I","JUBILEE ST","201433468","21/03/2014","Fri","0720","LB","SS1C","303B 353B 377B ","","E","D","DO","F ","T","G","P","050","0","0","0","","","1574318","5177327",
"Christchurch City","75/0/0.126",""," ","I","CURLETTS ON WBD","201431088","13/02/2014","Thu","1840","HA","CW1M","302A 375A ","","M","D","O ","F ","R","G","C","100","0","0","0","","","1566036","5178175",
"Christchurch City","75/0/1.424",""," ","I","CURLETTS ROAD","201430503","10/01/2014","Fri","1449","LB","CN1C","303B ","","R","D","B ","F ","X","T","R","050","0","0","0","","","1567101","5177492",
"Christchurch City","75/0/1.879",""," ","I","WARREN CRESCENT N","201412170","26/03/2014","Wed","0704","KA","SN1V","302B ","","R","D","DO","F ","T","G","C","050","0","0","1","","25","1566755","5177199",
"Christchurch City","75/0/2.656",""," ","I","HENDERSONS ROAD","201413360","29/05/2014","Thu","0838","LB","SS14","303B 375B ","","R","D","B ","F ","T","G","C","050","0","0","1","","31","1566161","5176712",
"Christchurch City","DUNBARS ROAD",""," ","I","75/0/4.007","201434247","04/03/2014","Tue","1920","FB","CE1C","331A 387A 901 ","","E","W","O ","H ","T","G","C","050","0","0","0","","","1565389","5175608",
"Christchurch City","75/0/5.685",""," ","I","HALSWELL JUNCTION ROAD","201412231","06/04/2014","Sun","1713","LB","VN1C","303B 375B ","","E","D","BF","F ","X","T","C","060","0","0","1","","","1565352","5174087",
"Christchurch City","75/8/0.011",""," ","A","HALSWELL RIV BR","201410859","31/01/2014","Fri","0215","CB","CN1","130A 812 ","T","R","D","DN","F "," "," ","C","100","0","1","0","","","1564425","5171717",
"Christchurch City","75/24/0.045","250","E"," ","FIDDLERS ROAD","201411300","16/02/2014","Sun","0210","CC","CW1","103A 410A ","V","R","D","DN","F "," ","N","C","100","0","1","1","","","1567320","5158454",
"Christchurch City","75/24/2.33","400","E"," ","MILLERS ROAD","201410165","11/01/2014","Sat","1700","DB","CN1","131A 412A ","FZ","M","D","B ","F "," "," ","C","100","0","0","1","","","1568879","5157763",
"Christchurch City","75/35/14.748","1300","S"," ","KINLOCH ROAD","201434817","01/04/2014","Tue","2345","CB","CN1","129A ","V","R","D","DO","F "," ","N","C","100","0","0","0","","","1582043","5152339",
"Christchurch City","75/35/16.677","160","S"," ","COUNCIL HILL ROAD","201434464","08/04/2014","Tue","1215","GD","CS1C","333A 402A 801 927 ","","R","W","O ","L ","D"," ","C","070","0","0","0","","","1583225","5153758",
"Christchurch City","75/52/2.347","100","W"," ","PUAHA ROAD","201435841","05/04/2014","Sat","2000","DA","CE1","135A 823 ","LX","S","W","DN","H "," ","N","C","100","0","0","0","","","1585351","5155621",
"Christchurch City","75/52/8.659",""," ","I","HARMANS TRACK","201412445","08/04/2014","Tue","1035","DB","CW1","131A 404A 801 ","CF","M","W","O ","L ","T","N","C","100","0","0","1","","","1589170","5156058",
"Christchurch City","75/61/0.034","50","E"," ","SUMMIT ROAD","201434465","09/04/2014","Wed","1005","DA","CS1","135A 800 904 ","C","M","W","O ","M "," "," ","C","100","0","0","0","","","1589326","5156060",
"Christchurch City","75/61/1.594","1610","S"," ","SUMMIT ROAD","201411294","08/03/2014","Sat","1330","DA","MN1","101A 131A 804 ","","M","D","O ","F "," "," ","C","100","0","0","1","","","1589958","5155005",
"Christchurch City","75/61/13.311","1400","S"," ","ROBINSONS BAY VALLEY ROAD","201434578","16/03/2014","Sun","1505","DA","VN1","135A 801 901 ","C","M","W","ON","H "," ","N","C","100","0","0","0","","","1596669","5153437",
"Christchurch City","76/0/0.349","150","E"," ","VEGA PLACE","201413648","30/05/2014","Fri","0225","DB","CE1","103A 111A 131A 801 ","P","E","W","DO","L "," "," ","C","050","0","0","1","","","1574741","5175772",
"Christchurch City","76/3/0.01","10","N"," ","GARLANDS ROAD","201433622","28/03/2014","Fri","2330","EC","CN1CCV","198A 331A 341A 817 820 ","X","E","D","DO","F ","X","T","R","050","0","0","0","","","1573388","5177454",
"Christchurch City","76/3/2.396","150","E"," ","BURLINGTON ST","201432145","21/01/2014","Tue","0814","FD","TW1CC","181A 427A ","","E","W","B ","H "," ","N","R","060","0","0","0","","","1571282","5178320",
"Christchurch City","76/3/2.654","100","W"," ","GASSON ST","201411295","16/03/2014","Sun","1530","FD","CE1V","331A 358A ","","R","W","O ","L "," "," ","R","060","0","0","2","","","1571032","5178331",
"Christchurch City","76/3/3.028",""," ","I","COLOMBO ST","201436815","15/05/2014","Thu","2107","LB","CW1C","303B 352B ","","R","D","DO","F ","X","T","R","060","0","0","0","","","1570651","5178315",
"Christchurch City","76/3/3.036",""," ","I","COLOMBO ST","201438002","23/05/2014","Fri","0625","AC","TE1C","372A 671A ","","R","D","DO","F ","X","T","C","060","0","0","0","","","1570650","5178327",
"Christchurch City","76/3/3.255","25","E"," ","DURHAM ST","201412709","26/03/2014","Wed","1632","FD","VE14C","181A ","","R","D","BF","F "," ","N","R","060","0","0","2","","","1570431","5178326",
"Christchurch City","76/3/3.576","20","E"," ","SCOTT ST","201412708","13/04/2014","Sun","1256","FD","CW1CC","181A ","","R","D","OF","F "," ","N","C","050","0","0","1","","","1570103","5178311",
"Christchurch City","76/3/3.741",""," ","I","ANTIGUA ST","201411980","17/03/2014","Mon","1428","FD","TE1C","181A ","","E","D","BF","F ","X","T","R","060","0","0","1","","","1569946","5178309",
"Christchurch City","76/3/3.741",""," ","I","ANTIGUA ST","201434026","20/03/2014","Thu","1720","LB","PE1C","303B 375B ","","R","D","O ","F ","X","T","C","060","0","0","0","","","1569946","5178309",
"Christchurch City","76/3/3.991","250","E"," ","SELWYN ST","201436473","06/05/2014","Tue","1753","FD","CW1C","181A ","","R","D","DO","F "," ","N","N","060","0","0","0","","","1569693","5178264",
"Christchurch City","76/3/4.101","50","W"," ","KIPLING ST","201411173","25/03/2014","Tue","1105","NA","VE1EC","194A 503B 711B 194C ","","R","D","O ","F "," "," ","R","060","0","0","1","76","","1569596","5178308",
"Christchurch City","76/3/4.149","100","E"," ","SELWYN ST","201430185","09/01/2014","Thu","0730","EA","CE1C","501A ","M","E","D","BF","F "," ","N","C","060","0","0","0","","","1569551","5178321",
"Christchurch City","76/3/4.241",""," ","I","SELWYN ST","201431130","17/02/2014","Mon","1650","FE","CW1C","181A 330A ","","R","D","O ","F ","X","T","C","060","0","0","0","","","1569451","5178316",
"Christchurch City","76/3/4.249",""," ","I","SELWYN ST","201432550","18/02/2014","Tue","0907","EC","CE1","911 ","W","R","D","B ","F ","X","T","P","050","0","0","0","","","1569451","5178328",
"Christchurch City","76/3/4.249",""," ","I","SELWYN ST","201434962","20/04/2014","Sun","2320","HA","VE1C","322A ","","R","D","DO","F ","X","T","C","050","0","0","0","","","1569451","5178328",
"Christchurch City","76/3/4.249",""," ","I","SELWYN ST","201434027","31/03/2014","Mon","1350","FE","VE1C","132A 181A 330A ","","R","D","B ","F ","X","T","R","060","0","0","0","","","1569451","5178328",
"Christchurch City","76/3/4.249",""," ","I","SELWYN ST","201412712","26/03/2014","Wed","1640","LB","VE1C","324A 303B 324B ","","R","D","BF","F ","X","T","C","050","0","0","1","","","1569451","5178328",
"Christchurch City","76/3/4.279","30","W"," ","SELWYN ST","201411273","27/02/2014","Thu","0015","EA","CE1T","102A 506A 512A ","M","R","D","TO","F "," "," ","R","060","0","0","1","","","1569421","5178328",
"Christchurch City","76/3/4.349","100","W"," ","SELWYN ST","201435435","10/05/2014","Sat","2330","DA","CE1","103A 410A ","PT","E","D","DO","F "," ","N","C","060","0","0","0","","","1569351","5178328",
"Christchurch City","76/3/4.624","50","E"," ","COLLINS ST","201433200","11/02/2014","Tue","0730","AC","TE1V","381A ","","R","D","OF","F "," ","N","R","060","0","0","0","","","1569076","5178327",
"Christchurch City","76/3/4.774","100","W"," ","BARRINGTON ON EBD","201412713","07/04/2014","Mon","1936","EC","CE1","912 ","W","R","W","DO","L "," ","N","C","060","0","0","1","","","1568927","5178313",
"Christchurch City","76/3/6.225","690","W"," ","BARRINGTON OFF EBD","201434045","11/04/2014","Fri","1734","FA","CE1C","132A 181A ","","R","D","O ","F "," ","N","C","100","0","0","0","","","1567491","5178375",
"Christchurch City","76/3/6.966","490","E"," ","CURLETTS ON EBD","201432559","17/01/2014","Fri","1155","AA","CE1T","372A 381A ","G","E","D","B ","F "," ","N","C","100","0","0","0","","","1566761","5178495",
"Christchurch City","76/11/0.434","400","W"," ","CURLETTS ROAD OBR","201436813","17/05/2014","Sat","0017","CA","CW1","103A 205A ","G","R","D","DO","F "," "," ","C","100","0","0","0","","","1565620","5177994",
"Christchurch City","76/11/4.184","1400","W"," ","AWATEA OBR","201410704","17/02/2014","Mon","1510","CC","CW1","101A 134A 410A ","GP","R","D","B ","F "," ","N","C","100","0","0","1","","","1562571","5176434",
"Christchurch City","76/11/4.487","20","E"," ","HALSWELL JUNCTION ROAD","201410032","29/01/2014","Wed","2050","AG","CW1C","103A 112A 177A 331A ","","R","D","TO","F ","R","G","R","070","0","0","1","","","1562273","5176484",
"Christchurch City","76/11/5.674",""," ","I","BRANSTON ST","201410267","07/01/2014","Tue","1723","GE","TN1S","137A 193B ","","R","D","B ","F ","T","N","P","070","0","1","0","","62","1561456","5177275",
"Christchurch City","SHANDS ROAD",""," ","I","76/11/6.449","201410035","01/02/2014","Sat","1639","LB","VE2C","303B 386B ","","R","D","B ","F ","X","T","R","070","0","0","1","","","1560957","5177868",
"Clutha District","BAXTER ST",""," ","I","BARR ST","201434903","04/04/2014","Fri","1539","KA","CE1C","301B 375B ","","R","D","ON","F ","T","S","C","050","0","0","0","","","","",
"Clutha District","CANNIBAL BAY ROAD","4480","S"," ","MUDIE ROAD","201413167","17/05/2014","Sat","0000","DB","CE1","131A 358A 402A ","T","S","D","DN","F "," "," ","N","100","0","1","0","","","1351058","4849062",
"Clutha District","CATLINS VALLEY ROAD","1810","E"," ","MORRIS SADDLE ROAD","201432628","23/03/2014","Sun","0900","DA","VW1","131A 404A 804 ","C","M","D","O ","F "," ","N","N","100","0","0","0","","","1334515","4849513",
"Clutha District","CEMETERY ROAD",""," ","I","SPRINGFIELD ROAD","201410776","23/03/2014","Sun","1300","DB","CE1","104A 111A 402A ","CV","S","D","B ","F ","T","N","N","100","0","0","1","","","1367149","4887269",
"Clutha District","CENTRE ROAD","100","S"," ","LAWSON ROAD","201435691","24/04/2014","Thu","1830","CB","CS1","138A 402A ","V","R","D","DN","F "," "," ","N","100","0","0","0","","","1351313","4870558",
"Clutha District","CENTRE ROAD","300","N"," ","TELEGRAPH ROAD","201437506","24/05/2014","Sat","1030","CB","CS1","129A 130A 402A 813 ","VZ","R","D","B ","F "," "," ","N","100","0","0","0","","","1354210","4867138",
"Clutha District","CHARLES ST","10","N"," ","SH 1S","201432309","07/02/2014","Fri","1130","EA","CN14","129A ","M","R","D","B ","F ","T","G","C","050","0","0","0","","","1348815","4874480",
"Clutha District","CHARLOTTE ST",""," ","I","ARGYLE ST","201437031","20/05/2014","Tue","1530","JA","CW1C","302B 830 ","","M","W","O ","L ","T","G","C","050","0","0","0","","","1348046","4874131",
"Clutha District","CLUTHA RIVER ROAD","2600","S"," ","HALL ROAD","201410006","07/01/2014","Tue","2130","CC","CS1","134A 402A ","F","R","D","TN","F "," "," ","C","100","0","0","1","","","1330511","4890059",
"Clutha District","CLUTHA VALLEY ROAD","1500","W"," ","MOORE ROAD","201438018","15/06/2014","Sun","1200","DB","CE1","111A 632A 801 ","C","E","W","O ","L "," "," ","C","100","0","0","0","","","1341851","4880900",
"Clutha District","CLUTHA VALLEY ROAD","940","W"," ","PILLANS ROAD","201411291","08/03/2014","Sat","1100","CB","CW1","129A 130A 352A ","G","R","D","O ","F "," "," ","C","100","0","0","1","","","1343849","4879984",
"Clutha District","CLUTHA VALLEY ROAD","120","N"," ","SUNFLOWER ROAD","201436077","16/05/2014","Fri","0530","EC","CS1","915 ","W","E","D","DN","F "," ","N","C","100","0","0","0","","","","",
"Clutha District","DOUGLAS ST","40","W"," ","JOHN ST","201431416","23/02/2014","Sun","0030","EA","CW1C","129A ","M","R","W","DF","H "," ","N","C","050","0","0","0","","","1348656","4874025",
"Clutha District","GLENFALLOCH ROAD","5500","S"," ","JACKS HILL ROAD","201432875","14/03/2014","Fri","2200","DB","4N1","111A 131A ","C","E","D","DN","F "," "," ","N","100","0","0","0","","","1332668","4866310",
"Clutha District","GRAY ROAD","1370","E"," ","FREEZING WORKS ROAD","201434993","04/04/2014","Fri","2200","CC","CN1","103A 112A ","T","R","W","DN","H "," ","N","C","100","0","0","0","","","1345199","4869367",
"Clutha District","GRAY ROAD","630","E"," ","GUERNSEY HILL ROAD","201432940","07/03/2014","Fri","1600","BB","VE1C","123A ","","E","D","O ","F "," ","N","N","100","0","0","0","","","1346438","4868753",
"Clutha District","HIGH ST",""," ","I","SH 1S","201437586","20/05/2014","Tue","1230","MO","TW2C","371A ","M","R","D","O ","F ","X","G","C","050","0","0","0","","","","",
"Clutha District","JAMES ST","50","S"," ","JOHN ST","201437590","10/06/2014","Tue","1400","KB","CS1C","308B 377B 927 ","","R","W","O ","F ","D","N","C","050","0","0","0","","","1348551","4874167",
"Clutha District","JAMES ST",""," ","I","JOHN ST","201430840","17/01/2014","Fri","1340","HA","CN2T","302A ","","R","D","BF","F ","X","G","C","050","0","0","0","","","1348593","4874194",
"Clutha District","JAMES ST",""," ","I","RENFREW ST","201431668","17/02/2014","Mon","1100","BF","4N2T","111A 131A ","","S","W","O ","L ","X","G","R","050","0","0","0","","","1348772","4874297",
"Clutha District","KAITANGATA HIGHWAY",""," ","A","RAIL OBR","201410579","11/02/2014","Tue","1645","EC","TN1C4","686A ","B","R","D","ON","F "," ","N","C","100","0","0","1","","","1349976","4873855",
"Clutha District","KAITANGATA HIGHWAY","100","E"," ","RIVERSIDE ROAD","201438019","16/06/2014","Mon","1830","AD","CE1","153A 197A ","CV","R","W","DN","F "," "," ","C","100","0","0","0","","","1355802","4869344",
"Clutha District","KAITANGATA HIGHWAY","100","E"," ","STORER ROAD","201412124","15/04/2014","Tue","1925","DA","CS1","129A 131A 901 ","CF","S","W","DN","H "," "," ","C","100","0","0","1","","","1353518","4872463",
"Clutha District","KARORO CREEK ROAD","1200","N"," ","AHURIRI FLAT ROAD","201410939","01/03/2014","Sat","2219","DA","CN1","103A 129A 131A ","ES","M","D","DN","F "," ","N","C","100","0","0","1","","","1349794","4854761",
"Clutha District","OWAKA HIGHWAY","220","N"," ","AWAKIKI ROAD","201412580","08/05/2014","Thu","0200","DA","CN1","103A 110A 131A 901 ","C","M","W","DN","H "," "," ","L","100","0","0","3","","","1347369","4865333",
"Clutha District","OWAKA HIGHWAY","110","S"," ","AWAKIKI ROAD","201410434","07/02/2014","Fri","0100","CB","OS1","101A 130A 402A ","F","R","D","DN","F "," "," ","L","100","0","1","0","","","1347480","4865029",
"Clutha District","OWAKA HIGHWAY","230","N"," ","CLARKE ROAD","201435544","24/04/2014","Thu","2205","DA","VS1","103A 131A ","","E","D","DN","F "," "," ","L","100","0","0","0","","","1346301","4859752",
"Clutha District","OWAKA HIGHWAY","150","S"," ","DANS PEAK ROAD","201412505","01/02/2014","Sat","1800","FA","VS1S","101A 350A 386A ","","R","D","B ","F "," "," ","C","100","0","1","0","","68","1346042","4854211",
"Clutha District","OWAKA HIGHWAY","300","N"," ","JACOBSONS ROAD","201413644","15/06/2014","Sun","0835","CC","4S1","102A 129A 134A 410A ","C","R","D","O ","F "," "," ","C","100","0","1","0","","","1344796","4858405",
"Clutha District","OWAKA VALLEY ROAD","700","E"," ","CHLORIS PASS ROAD","201411651","18/03/2014","Tue","1220","DB","CE1","111A 131A ","F","M","D","ON","F "," ","N","C","100","0","0","1","","","1330056","4857425",
"Clutha District","OWAKA VALLEY ROAD","5200","S"," ","HUNT ROAD","201411653","21/03/2014","Fri","1530","CB","4N1","195A ","","R","D","BN","F "," ","N","N","100","0","0","4","","","1331161","4856969",
"Clutha District","PAPATOWAI HIGHWAY","4000","S"," ","BARRS FALLS ROAD","201430164","05/01/2014","Sun","1715","DA","CS1","131A 402A 412A ","C","M","D","BN","F "," ","N","C","100","0","0","0","","","1340133","4847006",
"Clutha District","PAPATOWAI HIGHWAY",""," ","A","MCLENNON BR","201430326","02/01/2014","Thu","1800","CB","4N1","110A 132A 402A ","B","R","W","O ","F ","T","N","C","100","0","0","0","","","1329641","4839586",
"Clutha District","PURAKAUNUI FALLS ROAD","40","W"," ","LONG POINT ROAD","201436302","23/03/2014","Sun","1045","DB","CE1","131A ","F","E","D","BN","F "," ","N","N","100","0","0","0","","","1339055","4844196",
"Clutha District","PURAKAUNUI FALLS ROAD","200","S"," ","MCDOWALL ROAD","201411572","13/03/2014","Thu","1120","DA","CN1","131A ","C","M","D","ON","F "," ","N","N","100","0","0","1","","","1337973","4843592",
"Clutha District","SH 15","1000","N"," ","STATION ROAD","201438300","29/05/2014","Thu","1040","DB","CS1","111A 131A ","F","M","W","ON","L "," "," ","C","100","0","0","0","","","","",
"Clutha District","SHAWS TRACK","1200","E"," ","FOUR MILE CREEK ROAD","201435957","14/04/2014","Mon","1515","DB","CS1","135A 813 ","F","E","D","BN","F "," ","N","N","100","0","0","0","","","1343908","4870814",
"Clutha District","TAHAKOPA VALLEY ROAD","1800","E"," ","HARRINGTON MILL ROAD","201432939","12/03/2014","Wed","","CB","VE1","138A 191A 404A ","F","R","D","B ","F "," "," ","N","100","0","0","0","","","1324460","4841131",
"Clutha District","WATER ST","100","S"," ","BRIDPORT ST","201434147","11/04/2014","Fri","2100","DA","CN1","129A 131A 402A 801 ","V","E","W","DN","L "," "," ","N","050","0","0","0","","","1356886","4869599",
"Clutha District","WILSON ROAD",""," ","I","FRANCIS ST","201432627","22/03/2014","Sat","0220","DA","VN1","103A 131A ","F","M","D","DO","F ","T","G","C","050","0","0","0","","","1347336","4873077",
"Clutha District","1S/746/6.071","200","N"," ","PHOSPHATE ROAD","201431477","03/03/2014","Mon","1230","CB","CS1","410A ","CV","R","W","ON","L "," ","N","C","100","0","0","0","","","1370551","4895939",
"Clutha District","1S/746/13.735","170","N"," ","HIGHGATE ROAD","201410893","22/02/2014","Sat","2144","PO","VN1E","722B 724B ","","R","D","DN","F "," "," ","P","070","0","1","0","25","","1366229","4889642",
"Clutha District","1S/774/6.33","50","N"," ","HILLEND ROAD","201430669","13/02/2014","Thu","1345","FA","CN1C","132A ","","M","W","O ","L "," ","N","C","100","0","0","0","","","1350931","4878812",
"Clutha District","1S/774/8.353","400","S"," ","SMAILL ROAD","201412527","30/04/2014","Wed","0315","DA","4N1","131A 632A 800 904 ","C","M","W","DN","M "," "," ","C","100","0","0","2","","","1350986","4876935",
"Clutha District","1S/774/10.395","30","W"," ","NELSON ROAD","201412286","03/06/2014","Tue","0515","EC","CW1","912 ","W","R","D","DO","F "," ","N","L","070","0","0","2","","","1350434","4875376",
"Clutha District","1S/787/0.084","100","N"," ","ELIZABETH ST","201430539","31/01/2014","Fri","1030","FB","4N1VX","331A ","","R","D","B ","F "," "," ","X","050","0","0","0","","","1348739","4874430",
"Clutha District","1S/787/0.386",""," ","I","GEORGE ST","201436159","29/04/2014","Tue","1540","KB","CS1C","302B ","","R","D","B ","F ","T","G","C","050","0","0","0","","","1348485","4874267",
"Clutha District","1S/787/0.425","40","N"," ","GORDON ST","201431579","26/01/2014","Sun","1200","MA","CE1C","373B 404B ","","R","D","B ","F "," "," ","C","050","0","0","0","","","1348452","4874246",
"Clutha District","1S/787/0.602",""," ","I","BARR ST","201411820","15/03/2014","Sat","0034","CB","CE1","410A ","P","R","D","DO","F ","T","G","C","050","0","0","1","","","1348304","4874150",
"Clutha District","1S/787/2.401","40","E"," ","WILSON ROAD","201438069","11/06/2014","Wed","1320","CB","CW1","501A ","X","R","D","B ","F "," "," ","C","050","0","0","0","","","1346691","4873431",
"Clutha District","1S/791/0.18","180","W"," ","TE HOUKA ROAD","201431581","16/01/2014","Thu","1135","FA","TE1C","181A 191B 404B ","","R","D","O ","F "," "," ","C","100","0","0","0","","","1344611","4873307",
"Clutha District","1S/791/0.2","200","W"," ","TE HOUKA ROAD","201437754","21/05/2014","Wed","2130","EC","CW1","912 ","W","R","D","DN","F "," "," ","C","100","0","0","0","","","1344592","4873312",
"Clutha District","1S/791/0.891","50","E"," ","FOUR MILE CREEK ROAD","201437887","09/06/2014","Mon","0915","DB","CW1","134A 359A ","F","E","W","O ","F "," ","N","C","100","0","0","0","","","1343947","4873552",
"Clutha District","1S/791/10.35","50","W"," ","MOA HILL ROAD","201431582","20/01/2014","Mon","1200","GE","TW1O","387A 604B 929 ","","R","D","B ","F ","D"," ","C","100","0","0","0","","","1335215","4875504",
"Clutha District","1S/807/8.853","2000","W"," ","FAIRVIEW ROAD","201410396","24/01/2014","Fri","0300","CC","CN1","410A 411A ","F","R","W","DN","L "," ","N","C","100","0","0","1","","","1321517","4877291",
"Clutha District","1S/807/10.031",""," ","I","SH 93","201434510","19/03/2014","Wed","1145","JA","CN1C","302B 375B ","","R","D","OF","F ","T","G","P","050","0","0","0","","","1320370","4877052",