"TLA NAME","CRASH ROAD","CRASH DIST","CRASH DIRN","INTSN","SIDE ROAD","CRASH ID","CRASH DATE","CRASH DOW","CRASH TIME","MVMT","VEHICLES","CAUSES","OBJECTS STRUCK","ROAD CURVE","ROAD WET","LIGHT","WTHRa","JUNC TYPE","TRAF CTRL","ROAD MARK","SPD LIM","CRASH FATAL CNT","CRASH SEV CNT","CRASH MIN CNT","PERS AGE1","PERS AGE2","EASTING","NORTHING"
"Clutha District","8/401/13.354","2100","E"," ","ATHENAEUM ROAD","201435093","22/04/2014","Tue","1015","DA","CS1","132A 653A ","C","M","D","B ","F "," ","N","C","100","0","0","0","","","1335516","4916596",
"Clutha District","8/417/4.653","140","S"," ","COTTON ROAD","201411652","14/03/2014","Fri","1450","BF","CE1V","131A 410A ","","M","D","ON","F "," ","N","L","100","0","1","1","","","1339631","4911596",
"Clutha District","8/417/7.013",""," ","I","TUAPEKA WEST ROAD","201435155","28/04/2014","Mon","1120","KA","CW1C","302B 375B ","","R","W","O ","F ","T","G","C","100","0","0","0","","","1341338","4910202",
"Clutha District","8/417/9.055","10","N"," ","COLONSAY ST","201435098","18/04/2014","Fri","1250","MO","CN14","330B 371B ","","R","D","O ","F ","T","N","C","050","0","0","0","","","1343240","4910216",
"Clutha District","8/417/10.308","30","W"," ","BROWN ROAD","201433611","08/02/2014","Sat","2019","CC","CE1","129A 134A 410A ","CSV","R","D","O ","F "," "," ","C","100","0","0","0","","","1343907","4909419",
"Clutha District","8/430/1.195",""," ","I","FORSYTH ROAD","201411949","25/03/2014","Tue","0950","FD","TS1C4","181A ","","R","W","ON","L ","X","S","C","100","0","0","1","","","1346720","4907170",
"Clutha District","8/430/13.292","200","N"," ","ROUND HILL ROAD","201411235","09/02/2014","Sun","1440","DA","MS1","129A 131A ","G","M","D","B ","F "," "," ","C","100","0","0","1","","","1351999","4897447",
"Clutha District","8/444/11.37","890","W"," ","CRICHTON ROAD","201434904","02/04/2014","Wed","2100","DA","CS1","131A 363A 601A 817 ","V","E","D","DN","F "," ","N","N","100","0","0","0","","","1359346","4889382",
"Clutha District","90/0/11.581","1350","N"," ","HERIOT BURN BR","201410894","10/02/2014","Mon","0940","BB","TS1T","129A 386A 818 ","","E","D","O ","F "," "," ","C","100","0","0","1","","","1316603","4920114",
"Clutha District","90/17/9.528",""," ","I","CAMERON ROAD","201413171","23/05/2014","Fri","0645","DC","4N2","130A 354A 901 ","V","S","W","DN","H ","T","G","C","100","0","1","0","","","1310210","4907777",
"Clutha District","93/0/2.394","1350","S"," ","OLD MANSE ROAD","201431578","26/01/2014","Sun","1400","DB","CN1","111A 131A ","G","M","D","O ","F "," "," ","L","100","0","0","0","","","1318964","4875332",
"Clutha District","93/0/15.192","2000","W"," ","DODDS ROAD","201431478","28/02/2014","Fri","2230","EC","4W1","912 ","W","R","D","DN","F "," ","N","C","100","0","0","0","","","1307353","4874521",
"Dunedin City","ABBOTSFORD ROAD N","40","N"," ","WALDRON CRESCENT","201436769","21/05/2014","Wed","1855","EA","CN1C","129A 358A ","M","E","D","DO","F "," ","N","C","050","0","0","0","","","1400184","4913861",
"Dunedin City","ADDERLEY TERRACE",""," ","I","TOTARA ST","201435932","05/04/2014","Sat","1200","JA","CN1C","302B 375B ","","M","W","OF","L ","T","G","C","060","0","0","0","","","1409983","4917995",
"Dunedin City","ANDERSONS BAY ROAD",""," ","I","HILLSIDE ROAD","201412330","26/03/2014","Wed","1040","HA","CS1C","322A 334A 402A ","","R","D","O ","F ","X","T","R","050","0","1","0","","","1406262","4914987",
"Dunedin City","ANDERSONS BAY ROAD",""," ","I","MACANDREW ROAD","201410110","10/01/2014","Fri","1745","LB","CN14","303B ","","R","D","O ","F ","X","T","R","050","0","0","2","","","1406453","4914634",
"Dunedin City","ANDERSONS BAY ROAD",""," ","I","ORARI ST","201430243","22/01/2014","Wed","1130","GA","TS1C","181A ","","R","D","B ","F ","X","T","C","050","0","0","0","","","1406272","4914994",
"Dunedin City","ANDERSONS BAY ROAD",""," ","I","OXFORD ST","201411752","06/03/2014","Thu","2125","HA","CN2C","112A 302A 517A 197B ","","R","D","DO","F ","T","G","C","050","0","0","1","","","1406669","4914447",
"Dunedin City","ANDERSONS BAY ROAD",""," ","I","PORTOBELLO ROAD","201432631","27/02/2014","Thu","0915","KA","4S1C","302B 375B ","","R","D","B ","F ","X","G","R","050","0","0","0","","","1406786","4914366",
"Dunedin City","ANDERSONS BAY ROAD","30","N"," ","STRATHALLAN ST","201432629","08/03/2014","Sat","2130","AA","VS1C","372A 381A ","","R","D","DO","F "," ","N","P","050","0","0","0","","","1406137","4915195",
"Dunedin City","ARGYLE ST",""," ","I","INGLIS ST","201436134","14/05/2014","Wed","0940","HA","CN1C","301A ","","R","W","B ","F ","X","S","C","050","0","0","0","","","1394231","4915625",
"Dunedin City","ASHMORE ST",""," ","I","TILBURN ST","201435273","22/04/2014","Tue","1907","EA","VN1C","129A ","M","E","D","DO","F ","T","N","C","050","0","0","0","","","1403625","4918712",
"Dunedin City","BEGG ST","20","N"," ","NEW ST","201433287","13/03/2014","Thu","1850","GB","CS1C","158A 333A 929 ","","R","W","DO","L ","D","N","N","050","0","0","0","","","1406788","4914121",
"Dunedin City","BIRCH ST","30","E"," ","BULLER ST","201433931","20/03/2014","Thu","1210","MD","CW1T","357A 371B 930 ","","R","D","B ","F ","D","N","C","050","0","0","0","","","1406556","4916133",
"Dunedin City","BIRCH ST",""," ","I","WHARF ST","201413132","18/05/2014","Sun","1215","HA","CW1C","302A 355A 801 ","","R","W","O ","L ","X","G","R","050","0","0","1","","","1406423","4916161",
"Dunedin City","BIRD ST",""," ","I","COUNCIL ST","201435531","26/04/2014","Sat","0001","HA","CS2C","302A ","","R","D","DF","F ","X","G","N","050","0","0","0","","","1406272","4913474",
"Dunedin City","BLACKHEAD ROAD","680","W"," ","TUNNEL BEACH ROAD","201437978","26/05/2014","Mon","0930","CB","4W1","112A 125A 905 ","F","R","I","O ","S "," ","N","C","100","0","0","0","","","1401809","4911694",
"Dunedin City","BRADSHAW ST","25","N"," ","OSMOND ST","201434149","04/04/2014","Fri","1530","EA","CS1C","129A ","M","R","D","O ","F "," "," ","N","050","0","0","0","","","1405532","4914229",
"Dunedin City","BRIGHTON ROAD","50","S"," ","ALLEN ROAD SOUTH","201436999","08/05/2014","Thu","1312","QG","TS1C","663A 682A ","","R","D","B ","F "," "," ","C","080","0","0","0","","","1399395","4912190",
"Dunedin City","BRIGHTON ROAD","90","S"," ","ALLEN ROAD SOUTH","201438183","27/05/2014","Tue","0654","DA","CN1","135A 802 ","","M","I","DN","FF"," ","N","C","080","0","0","0","","","1399372","4912158",
"Dunedin City","BRIGHTON ROAD","330","E"," ","CREAMERY ROAD","201411537","20/02/2014","Thu","1640","CB","4E1","504A ","C","R","D","BF","F "," ","N","C","050","0","0","1","","","1394936","4909505",
"Dunedin City","BROCKVILLE ROAD","50","W"," ","GLENROSS ST","201438182","06/03/2014","Thu","1715","QG","CS1C","191A 197A 665A ","","E","D","TF","F "," ","N","C","050","0","0","0","","","1403960","4917519",
"Dunedin City","BUCCLEUGH ST","10","E"," ","DUDDINGSTONE STEPS","201435472","08/05/2014","Thu","1900","MO","CN1CC","371A 929 ","","M","D","TO","F ","D","N","N","050","0","0","0","","","1407511","4919393",
"Dunedin City","CARGILL ST","100","W"," ","STUART ST","201430846","04/01/2014","Sat","2046","MC","CW1C","372B ","","R","D","BF","F "," ","N","C","050","0","0","0","","","1405728","4917100",
"Dunedin City","CARROLL ST","180","E"," ","MELVILLE ST","201437003","16/05/2014","Fri","0950","MO","4E1C","371A 371B 929 ","","R","D","B ","F ","D","N","N","050","0","0","0","","","1405830","4916083",
"Dunedin City","COAST ROAD","1070","E"," ","WAIKOUAITI-WAITATI RD S","201434901","04/04/2014","Fri","0156","DA","CN1","103A 410A ","P","E","D","DO","F "," ","N","C","070","0","0","0","","","1411714","4934826",
"Dunedin City","CONNELL ST","400","E"," ","LARNACH ROAD","201412931","15/05/2014","Thu","1140","MC","CE1V","372B ","","R","D","B ","F "," "," ","N","050","0","0","1","","","1409354","4916165",
"Dunedin City","CRIMP ST","40","N"," ","BOOMER ST","201437755","26/05/2014","Mon","1200","MO","CS1","371A 818 901 927 ","FX","R","W","O ","H ","D"," ","N","050","0","0","0","","","1401419","4913923",
"Dunedin City","DALZIEL ROAD","550","N"," ","BRINSDON ROAD","201412650","05/04/2014","Sat","1735","DB","CN1","111A 131A ","","S","W","ON","L "," ","N","C","080","0","0","2","","","1402570","4918281",
"Dunedin City","DALZIEL ROAD","400","S"," ","THREE MILE HILL ROAD","201431548","02/01/2014","Thu","2245","CC","CN1","101A 130A ","C","R","D","DN","F "," "," ","C","070","0","0","0","","","1402457","4918713",
"Dunedin City","DALZIEL ROAD","700","S"," ","THREE MILE HILL ROAD","201413624","08/05/2014","Thu","1030","BF","CN1T","131A 132A 800 801 ","","E","W","O ","L "," "," ","C","100","0","1","0","","","1402536","4918424",
"Dunedin City","DALZIEL ROAD","870","S"," ","THREE MILE HILL ROAD","201431666","01/02/2014","Sat","2000","DB","CN1","111A 131A ","FJT","M","D","O ","F "," "," ","C","070","0","0","0","","","1402560","4918262",
"Dunedin City","DALZIEL ROAD",""," ","I","THREE MILE HILL ROAD","201435536","03/05/2014","Sat","2105","DC","CN1","104A 112A 402A 506A ","C","R","D","DN","F ","T","S","C","050","0","0","0","","","1402351","4919099",
"Dunedin City","DAVID ST","20","N"," ","HILLSIDE ROAD","201430440","19/01/2014","Sun","1453","FC","CN1C","181A ","","R","D","O ","F ","R","G","C","050","0","0","0","","","1404856","4914113",
"Dunedin City","DAVID ST",""," ","I","SOUTH ROAD","201410695","30/01/2014","Thu","0930","NF","CE1E","306A 330A ","","R","D","O ","F ","T","T","C","050","0","1","0","","","1404639","4914425",
"Dunedin City","DAVID ST",""," ","I","THORN ST","201432310","22/01/2014","Wed","1315","JA","CS1C","301B ","","R","D","B ","F ","X","S","C","050","0","0","0","","","1404752","4914239",
"Dunedin City","DRIVERS ROAD","25","E"," ","BAXTER ST","201412942","24/05/2014","Sat","0304","EA","CW1V","103A 129A ","M","R","D","DO","F "," "," ","C","050","0","1","0","","","1406073","4918513",
"Dunedin City","DRIVERS ROAD",""," ","I","GRENDON ST","201411535","17/02/2014","Mon","1050","JA","MW1C","302B 375B ","","E","D","BF","F ","T","G","C","050","0","1","0","","","1406206","4918419",
"Dunedin City","DRIVERS ROAD",""," ","I","SLIP N","201413831","06/06/2014","Fri","1500","LB","CS14","303B 352B 375B 801 ","","E","W","O ","L ","T","N","C","050","0","0","1","","","1405927","4918618",
"Dunedin City","DRIVERS ROAD","50","W"," ","TOLCARNE AVENUE","201437800","21/05/2014","Wed","1630","FA","CW1C","331A ","","R","D","B ","F "," ","N","C","050","0","0","0","","","1406271","4918373",
"Dunedin City","DUKE ST","100","N"," ","BRUCE ST","201412244","17/05/2014","Sat","2016","CC","4N1TC","103A 125A ","","R","D","DN","F "," ","N","C","050","0","0","1","","","1394357","4915548",
"Dunedin City","DUKE ST",""," ","I","GEORGE ST","201437030","14/05/2014","Wed","1750","GB","VW1T","372B ","","R","D","TF","F ","X","T","C","050","0","0","0","","","1406960","4918856",
"Dunedin City","DUKES ROAD NORTH",""," ","I","STEDMAN ROAD","201431414","03/03/2014","Mon","1215","DC","CN2","113A 132A ","V","R","W","OF","L ","T","S","C","050","0","0","0","","","1395756","4918818",
"Dunedin City","DUNCAN AVENUE","90","E"," ","TRUBY KING DRIVE S","201432575","21/03/2014","Fri","1613","ME","VN1V","103B 371B ","","R","D","B ","F "," ","N","N","030","0","0","0","","","1415921","4945754",
"Dunedin City","EGLINTON ROAD","20","N"," ","MCGEORGE AVENUE","201434152","04/04/2014","Fri","2210","QD","CN1C","428A 904 ","M","R","D","DO","M "," "," ","C","050","0","0","0","","","1404974","4915863",
"Dunedin City","ELGIN ROAD",""," ","I","ARGYLE ST","201400011","09/01/2014","Thu","0127","DC","ME2","112A 130A 632A ","FP","R","W","DO","L ","T","S","C","050","1","0","0","","","1404120","4915758",
"Dunedin City","ETHEL BENJAMIN PLACE","15","S"," ","ALBANY ST","201431115","12/02/2014","Wed","1210","MD","CN1C","330B 371B 929 ","","R","D","O ","F ","D","N","C","050","0","0","0","","","1406922","4917677",
"Dunedin City","FACTORY ROAD","15","E"," ","SH 87","201436149","22/04/2014","Tue","1100","MO","CE1C","371A ","M","R","D","B ","F "," "," ","C","050","0","0","0","","","1394170","4916545",
"Dunedin City","FAIRFAX ST","20","W"," ","HIGHGATE","201436078","28/04/2014","Mon","","EA","CW1C","129A ","M","R","W","O ","L "," ","N","N","050","0","0","0","","","","",
"Dunedin City","FILLEUL ST",""," ","I","YORK PLACE","201410454","08/02/2014","Sat","1540","NF","LE2E","307A ","","R","D","B ","F ","X","T","C","050","0","1","0","44","","1406250","4917232",
"Dunedin City","FORBURY ROAD",""," ","I","FENTON CRESCENT","201412365","30/03/2014","Sun","2035","ND","4S1K","370A 724B ","","R","D","DO","F ","T","G","C","050","0","0","1","29","","1405096","4913630",
"Dunedin City","FORTH ST","30","N"," ","UNION ST EAST","201434881","21/03/2014","Fri","1745","MF","CS1C","371B ","","R","D","BF","F "," ","N","C","050","0","0","0","","","1407354","4917806",
"Dunedin City","FRYATT ST","30","E"," ","WHARF ST","201412533","11/04/2014","Fri","0830","MC","4E1C","197A 193B 381B 386B ","","E","D","B ","F "," "," ","P","050","0","0","1","","","1406501","4916373",
"Dunedin City","GEORGE ST","300","N"," ","DUKE ST","201438065","04/06/2014","Wed","0820","DA","TN1C","131A 802 ","K","M","I","DO","F "," "," ","C","050","0","0","0","","","1407090","4919115",
"Dunedin City","GEORGE ST",""," ","I","DUKE ST","201434163","02/04/2014","Wed","0735","AA","TN1C","129A 184A 129B 184B ","","R","D","O ","F ","X","T","C","050","0","0","0","","","1406960","4918856",
"Dunedin City","GEORGE ST","15","N"," ","FREDERICK ST","201413140","02/05/2014","Fri","1422","PA","BS1E","722B ","","R","D","O ","F "," "," ","C","050","0","0","1","22","","1406517","4917619",
"Dunedin City","GEORGE ST","500","S"," ","LONDON ST","201410830","22/02/2014","Sat","0135","NA","CS1E","112A 352A 370A ","","R","D","DO","F "," "," ","C","050","0","0","1","21","","1406344","4917134",
"Dunedin City","GEORGE ST","15","N"," ","PITT ST","201432616","07/03/2014","Fri","1312","FD","CN14","150A 181A 353A ","","R","D","B ","F "," ","N","C","050","0","0","0","","","1406517","4917619",
"Dunedin City","GLADSTONE ROAD SOUTH","50","W"," ","SH 87","201436894","29/05/2014","Thu","1554","MO","CW1C","357A 512A 357B 512B 801 ","","R","W","O ","L "," "," ","C","050","0","0","0","","","1394687","4915217",
"Dunedin City","GRANVILLE TERRACE","140","N"," ","PRESTON CRESCENT","201431431","06/02/2014","Thu","2203","CB","CN1C","103A 410A ","M","R","D","DN","F "," ","N","N","050","0","0","0","","","1404642","4916644",
"Dunedin City","GREAT KING ST","50","N"," ","FREDERICK ST","201430784","04/02/2014","Tue","1405","MF","CN1C","371B ","","R","D","BF","F "," ","N","C","050","0","0","0","","","1406642","4917611",
"Dunedin City","GREAT KING ST NORTH",""," ","I","BANK ST","201412804","07/04/2014","Mon","0858","FE","CN1V","331A 904 ","","R","W","O ","M ","T","T","C","050","0","0","1","","","1407380","4919059",
"Dunedin City","HALFWAY BUSH ROAD","900","S"," ","THREE MILE HILL ROAD","201411945","16/03/2014","Sun","1347","DB","CN1","131A ","V","M","W","ON","H "," ","N","C","080","0","0","1","","","1401306","4918299",
"Dunedin City","HALL ROAD","400","N"," ","TEWSLEY ST","201433101","19/03/2014","Wed","1915","MO","CN1","131A 804 ","X","E","W","TN","F "," "," ","N","050","0","0","0","","","1412865","4924085",
"Dunedin City","HANOVER ST",""," ","I","HARROW ST","201437593","05/06/2014","Thu","1708","HA","CS2C","301A ","","R","D","TO","F ","X","S","C","050","0","0","0","","","1406962","4917208",
"Dunedin City","HANOVER ST",""," ","I","HARROW ST","201412758","16/04/2014","Wed","1345","HA","CN2C","301A 377A 839 ","","R","D","OF","F ","X","S","C","050","0","0","1","","","1406962","4917208",
"Dunedin City","HARINGTON POINT ROAD","1000","N"," ","PAKIHAU ROAD","201431432","14/02/2014","Fri","0745","DA","CS1","131A 404A ","C","M","W","ON","F "," ","N","C","080","0","0","0","","","1423315","4926945",
"Dunedin City","HARINGTON POINT ROAD","1600","E"," ","TIDEWATER DRIVE","201438070","31/05/2014","Sat","2345","DB","4W1","195A ","FP","E","D","DN","F "," "," ","C","080","0","0","0","","","1420342","4923675",
"Dunedin City","HARTSTONGE AVENUE","100","W"," ","REID AVENUE","201432574","06/01/2014","Mon","1530","JA","CW1C","308B 375B 926 ","","R","D","O ","F ","D","N","C","050","0","0","0","","","1394268","4916780",
"Dunedin City","HAWTHORN AVENUE W",""," ","I","QUEENS DRIVE","201435473","13/05/2014","Tue","1900","JA","CE14","301B 375B ","","M","W","DO","F ","M","S","C","050","0","0","0","","","1404899","4916210",
"Dunedin City","HELENSBURGH ROAD","20","N"," ","SHETLAND ST","201436662","08/04/2014","Tue","1535","EA","CN1C","110A 503A ","M","R","W","O ","F "," ","N","C","050","0","0","0","","","1404302","4918826",
"Dunedin City","HENLEY-BERWICK ROAD",""," ","I","CENTRE ROAD","201412993","02/06/2014","Mon","1750","DC","CS2","130A 335A 904 ","C","R","W","DN","M ","T","N","C","100","0","1","1","","","1379487","4904962",
"Dunedin City","HIGH ST","20","E"," ","BROADWAY","201436868","08/04/2014","Tue","2125","MO","CE1C","101A 386A 402A ","M","R","D","DO","F "," "," ","C","050","0","0","0","","","1406019","4916439",
"Dunedin City","HIGH ST",""," ","I","GREEN ST","201431476","28/02/2014","Fri","0845","LB","CS14","303B 375B ","","R","W","OF","H ","X","S","R","050","0","0","0","","","1394827","4916432",
"Dunedin City","HIGH ST",""," ","I","WILLIAM ST","201438071","15/04/2014","Tue","1445","HA","CW1C","302B ","","R","W","O ","L ","X","G","C","050","0","0","0","","","1405237","4916069",
"Dunedin City","HIGHCLIFF ROAD","50","S"," ","EVERY ST S","201412024","30/03/2014","Sun","1940","EA","SS1C","130A 501A ","M","R","D","TF","F "," ","N","C","050","0","1","0","","17","1409011","4914775",
"Dunedin City","HIGHCLIFF ROAD","960","S"," ","SANDYMOUNT ROAD","201410416","17/01/2014","Fri","1720","BF","MS14","129A 131A 352A ","","S","W","O ","LS"," "," ","N","080","0","0","1","","","1416233","4916882",
"Dunedin City","HILLSIDE ROAD","30","S"," ","BRAEMAR ST","201412410","20/03/2014","Thu","1335","NB","CS1EE","194A 710B 719B 710C 719C ","","R","D","B ","F "," "," ","C","050","0","0","2","78","","1406086","4914876",
"Dunedin City","HILLSIDE ROAD",""," ","I","BURNS ST","201410770","29/03/2014","Sat","1640","HA","CS2C","322B 334B ","","R","D","O ","F ","X","T","C","050","0","0","2","","","1405397","4914438",
"Dunedin City","HILLSIDE ROAD","15","W"," ","FOX ST","201432935","14/03/2014","Fri","1205","MA","CE1C","373B ","","R","D","B ","F "," "," ","P","050","0","0","0","","","1405781","4914682",
"Dunedin City","HILLSIDE ROAD",""," ","I","KING EDWARD ST","201410842","07/02/2014","Fri","1400","FE","CN1C","130A 412A ","","R","D","B ","F ","X","T","C","050","0","0","2","","","1405918","4914769",
"Dunedin City","HILLSIDE ROAD","5","N"," ","LAW ST","201411237","01/03/2014","Sat","1130","FD","VE1CC","181A 352A 181B ","","R","D","O ","F ","T","G","C","050","0","0","3","","","1405294","4914373",
"Dunedin City","HILLSIDE ROAD","10","S"," ","SURREY ST","201410020","24/02/2014","Mon","1428","NA","CS1E","306A 376A ","","R","D","B ","F ","X","S","X","050","0","0","1","30","","1404960","4914161",
"Dunedin City","ISADORE ROAD",""," ","I","ABERDEEN ROAD","201412486","25/04/2014","Fri","1045","JA","CS1C","302A 350A 801 ","","E","W","O ","L ","T","G","C","050","0","0","1","","","1404289","4912665",
"Dunedin City","JEFFERY ST","50","N"," ","KINVIG ST","201431417","24/02/2014","Mon","0920","QD","CS1","428A ","FH","R","D","BF","F "," ","N","N","050","0","0","0","","","1408870","4914841",
"Dunedin City","JOHN WILSON OCEAN DRIVE","20","S"," ","VICTORIA ROAD","201434161","10/04/2014","Thu","1200","MC","CS1C","372B ","","R","D","O ","F "," "," ","C","050","0","0","0","","","1406863","4913352",
"Dunedin City","KAIKORAI VALLEY ROAD","300","S"," ","BARR ST","201412666","17/04/2014","Thu","1630","MA","CS14","373B ","","R","D","TF","F "," ","N","C","050","0","0","1","","","1403111","4915168",
"Dunedin City","KAIKORAI VALLEY ROAD","200","S"," ","BRYANT ST","201412731","19/01/2014","Sun","1744","CC","CN1","410A ","T","R","W","OF","L "," ","N","R","050","0","0","1","","","1403351","4915685",
"Dunedin City","KAIKORAI VALLEY ROAD",""," ","I","IPSWICH ST","201431120","20/02/2014","Thu","1726","QD","CS1","428A 611A ","F","R","D","B ","F ","T","G","C","050","0","0","0","","","1403911","4917146",
"Dunedin City","KAIKORAI VALLEY ROAD","15","W"," ","MELLOR ST","201432178","11/02/2014","Tue","0940","FE","CE1C","181A 358A ","","R","D","B ","F ","T","T","C","050","0","0","0","","","1404738","4917725",
"Dunedin City","KAIKORAI VALLEY ROAD","40","W"," ","TAIERI ROAD","201436024","27/04/2014","Sun","1110","CA","CE1","103A ","ST","R","D","BN","F "," ","N","R","050","0","0","0","","","","",
"Dunedin City","KENMURE ROAD",""," ","I","GALLOWAY ST","201437505","31/05/2014","Sat","1540","JA","CS1C","301B 377B 902 ","","R","D","B ","F ","T","S","C","050","0","0","0","","","1403950","4915908",
"Dunedin City","KENMURE ROAD","120","S"," ","STANLEY ST","201430155","12/01/2014","Sun","1435","BF","CS1C","131A 420A 901 ","","E","W","OF","H "," "," ","C","050","0","0","0","","","1403708","4915604",
"Dunedin City","KING EDWARD ST",""," ","I","CAMERON ST","201436659","28/04/2014","Mon","1120","KA","CS1C","302B 375B ","","R","D","O ","F ","T","G","P","050","0","0","0","","","1405873","4914841",
"Dunedin City","KING EDWARD ST","10","E"," ","HILLSIDE ROAD","201432417","18/01/2014","Sat","0930","AA","CN1C","372A ","","E","D","O ","F ","X","T","C","050","0","0","0","","","1405924","4914761",
"Dunedin City","KING EDWARD ST","50","S"," ","HILLSIDE ROAD","201431714","20/01/2014","Mon","0930","EA","CS1C","386A ","M","R","D","O ","F "," "," ","P","050","0","0","0","","","1405945","4914727",
"Dunedin City","KING EDWARD ST","15","S"," ","MELBOURNE ST","201432373","15/01/2014","Wed","1550","FC","CN1C","181A ","","R","D","O ","F "," "," ","X","050","0","0","0","","","1406217","4914301",
"Dunedin City","KING EDWARD ST",""," ","I","MELBOURNE ST","201437450","21/05/2014","Wed","1255","HA","CS1C","302A 375A ","","R","D","O ","F ","X","G","C","050","0","0","0","","","1406209","4914313",
"Dunedin City","KING EDWARD ST",""," ","I","MELBOURNE ST","201410453","11/02/2014","Tue","2158","HA","CE2S","113A 534B ","","R","W","DO","M ","X","G","C","050","0","1","0","","29","1406209","4914313",
"Dunedin City","LARNACH ROAD","5","N"," ","MARNE ST","201432142","16/03/2014","Sun","1840","CB","CS1","110A 135A 801 806 ","K","R","W","O ","L ","T","N","C","050","0","0","0","","","1408004","4915085",
"Dunedin City","LAWRENCE ST","15","S"," ","MAILER ST","201430765","06/02/2014","Thu","1500","AO","CN1C","385A ","","R","W","OF","L "," ","N","N","050","0","0","0","","","1404486","4916041",
"Dunedin City","LECKHAMPTON COURT","120","W"," ","BRIDGE ST","201411748","20/03/2014","Thu","1627","BF","CW1S","121A 330A ","","S","D","B ","F "," "," ","C","050","0","1","0","","62","1405066","4914948",
"Dunedin City","LECKHAMPTON COURT","110","N"," ","SLIP","201433286","18/02/2014","Tue","1520","BC","CN1C","121A ","","S","D","BF","F "," ","N","N","050","0","0","0","","","1405012","4915040",
"Dunedin City","LECKHAMPTON COURT","50","N"," ","ST HELIERS COURT","201434150","05/04/2014","Sat","1000","DA","CE1","110A 131A 901 ","P","M","W","O ","H "," "," ","C","050","0","0","0","","","1405062","4914948",
"Dunedin City","LONDON ST","30","E"," ","CONSTITUTION ST","201435474","09/03/2014","Sun","2000","MA","CS1C","372B ","","E","D","O ","F "," ","N","C","050","0","0","0","","","1406384","4917545",
"Dunedin City","MACANDREW ROAD","20","W"," ","KING EDWARD ST","201434797","15/04/2014","Tue","1756","FD","CW1C","331A 832 ","","R","W","DO","L "," ","N","C","050","0","0","0","","","1406120","4914416",
"Dunedin City","MACANDREW ROAD",""," ","I","SURREY ROAD","201436803","21/05/2014","Wed","1711","HA","CS2C","302A 375A ","","R","D","O ","F ","X","G","C","050","0","0","0","","","1405187","4913822",
"Dunedin City","MACANDREW ROAD","40","E"," ","WESLEY ST","201430295","15/01/2014","Wed","1219","MD","CE14","371B 929 ","","R","D","B ","F ","D","N","C","050","0","0","0","","","1405769","4914191",
"Dunedin City","MAILER ST","50","W"," ","LAWRENCE ST","201432572","08/03/2014","Sat","1548","FA","CE1C","181A 331A ","","E","D","O ","F "," ","N","C","050","0","0","0","","","1404440","4916064",
"Dunedin City","MAIN SOUTH ROAD","100","E"," ","CHURCH ST","201412056","15/04/2014","Tue","1900","MA","PE1C","330B 373B ","","E","W","DO","F "," ","N","C","050","0","0","1","","","1400940","4913629",
"Dunedin City","MAIN SOUTH ROAD",""," ","I","CHURCH ST","201434171","12/04/2014","Sat","1831","JA","CW1C","103A 110A 301B 382B 801 ","","E","W","DO","L ","T","S","C","050","0","0","0","","","1400847","4913662",
"Dunedin City","MAIN SOUTH ROAD","10","E"," ","HARRAWAY ROAD","201413165","05/05/2014","Mon","1644","FC","CW14","104A 331A 353A 402A ","","R","D","B ","F ","X","S","C","050","0","1","1","","","1401126","4913627",
"Dunedin City","MAIN SOUTH ROAD",""," ","I","KAIKORAI VALLEY ROAD N","201410508","19/01/2014","Sun","1115","FD","CN1M","181A ","","E","D","OF","F ","T","G","R","050","0","0","1","","","1402539","4913966",
"Dunedin City","MAIN SOUTH ROAD","5","E"," ","SCOTLAND TERRACE","201410995","26/02/2014","Wed","0743","FC","CE1C","331A 363A 902 ","","R","D","BF","F ","T","G","X","050","0","0","1","","","1401464","4913675",
"Dunedin City","MAIN SOUTH ROAD","20","W"," ","SCOTLAND TERRACE","201430208","13/01/2014","Mon","1432","FC","VW14","181A 331A 350A ","","R","D","O ","F "," "," ","X","050","0","0","0","","","1401439","4913679",
"Dunedin City","MAIN SOUTH ROAD N","20","W"," ","KAIKORAI VALLEY ROAD","201410379","01/01/2014","Wed","1740","CC","CE1","504A ","ST","R","W","OF","L ","T","G","N","050","0","0","1","","","1402525","4913952",
"Dunedin City","MALLOCH ST","30","W"," ","COURT ST","201434916","07/02/2014","Fri","1505","QD","CN1V","527A ","FM","R","D","BF","F "," ","N","N","050","0","0","0","","","1418481","4948205",
"Dunedin City","MAUNGATUA ROAD","40","S"," ","MELROSE ST","201436804","20/03/2014","Thu","1719","DB","CE1","139A ","C","M","D","B ","F "," "," ","N","100","0","0","0","","","1375431","4907826",
"Dunedin City","MCINTOSH ROAD","100","W"," ","SEAVIEW ROAD","201435959","15/03/2014","Sat","1900","BD","4W14","818 ","","M","D","TN","F "," ","N","N","100","0","0","0","","","1393097","4908439",
"Dunedin City","MCKERROW ST","150","W"," ","HIGHCLIFF ROAD","201412663","28/03/2014","Fri","1810","JA","CW1C","308B 375B 929 ","","R","D","OF","F ","D","N","C","050","0","0","1","","","1409430","4915852",
"Dunedin City","MELBOURNE ST","30","W"," ","ATKINSON ST","201436132","25/04/2014","Fri","1525","EA","CE1C","101A 129A ","M","R","D","O ","F "," "," ","N","050","0","0","0","","","1405961","4914156",
"Dunedin City","MIDDLETON ROAD",""," ","I","EASTHER CRESCENT S","201435130","04/04/2014","Fri","0755","BB","CW1C","124A ","","M","D","B ","F ","T","N","N","050","0","0","0","","","1404558","4913353",