"TLA NAME","CRASH ROAD","CRASH DIST","CRASH DIRN","INTSN","SIDE ROAD","CRASH ID","CRASH DATE","CRASH DOW","CRASH TIME","MVMT","VEHICLES","CAUSES","OBJECTS STRUCK","ROAD CURVE","ROAD WET","LIGHT","WTHRa","JUNC TYPE","TRAF CTRL","ROAD MARK","SPD LIM","CRASH FATAL CNT","CRASH SEV CNT","CRASH MIN CNT","PERS AGE1","PERS AGE2","EASTING","NORTHING"
"Dunedin City","MIDLAND ST",""," ","I","TIMARU ST","201437642","29/05/2014","Thu","1150","HA","CE1C","302B 801 ","","R","W","O ","L ","X","G","R","050","0","0","0","","","1406564","4914728",
"Dunedin City","MOONLIGHT ROAD","200","N"," ","BALD HILL ROAD","201412119","06/03/2014","Thu","0610","DB","4E1","131A 904 929 ","F","E","D","O ","M ","D","N","N","100","0","0","1","","","1383872","4955211",
"Dunedin City","MORAY PLACE",""," ","I","BURLINGTON ST","201436892","19/05/2014","Mon","1750","JB","CE1C","302B 402B ","","E","D","TO","F ","T","G","R","050","0","0","0","","","1406271","4916734",
"Dunedin City","MORAY PLACE","40","E"," ","GEORGE ST","201400130","05/06/2014","Thu","1120","NE","VE1E","330A 376A 926 ","","E","W","O ","F ","D","N","C","030","1","0","0","92","","1406354","4917046",
"Dunedin City","MORAY PLACE","25","N"," ","STUART ST E","201430785","21/01/2014","Tue","1317","CA","CS1CC","501A ","M","R","D","BF","F "," ","N","C","050","0","0","0","","","1406422","4916877",
"Dunedin City","MORNINGTON ROAD","20","W"," ","DORSET ST","201431077","22/02/2014","Sat","2220","EA","CE1V","101A 386A ","M","R","D","DO","F "," ","N","C","050","0","0","0","","","1403706","4915003",
"Dunedin City","MOSGIEL OFF SBD","10","E"," ","QUARRY ROAD","201431216","21/02/2014","Fri","1600","CB","CW1C","133A 423A ","","R","D","BF","F ","R","G","R","050","0","0","0","","","1394927","4914681",
"Dunedin City","MULFORD ST","250","S"," ","ORR ST","201413218","14/05/2014","Wed","0830","EA","CN1C","129A 363A 902 ","M","R","D","B ","F "," ","N","N","050","0","0","1","","","1403360","4913301",
"Dunedin City","MUSSELBURGH RISE",""," ","I","BAYFIELD ROAD","201412996","05/06/2014","Thu","0850","JA","CE14","370A 308B 377B 839 929 ","","E","D","O ","F ","D","N","C","050","0","0","2","","","1407985","4914506",
"Dunedin City","MUSSELBURGH RISE","50","E"," ","SHORE ST","201431186","04/03/2014","Tue","1725","FA","4E1C","357A 512A ","","E","D","O ","F "," ","N","C","050","0","0","0","","","1407908","4914491",
"Dunedin City","MUSSELBURGH RISE","80","E"," ","TAINUI ROAD","201432349","09/01/2014","Thu","1255","AC","CW1V","159A 357A 505A ","","R","D","B ","F "," "," ","C","050","0","0","0","","","1407774","4914380",
"Dunedin City","NAIRN ST","30","S"," ","JELLICOE CRESCENT N","201410897","06/02/2014","Thu","1730","GA","CN1C","181A 331A 927 ","","R","D","O ","F ","D"," ","N","050","0","0","1","","","1404902","4917950",
"Dunedin City","NEILL ST E","30","S"," ","RUNCIMAN ST","201432177","23/01/2014","Thu","0915","EA","CW1C","386A ","M","R","D","O ","F "," ","N","N","050","0","0","0","","","1400502","4913818",
"Dunedin City","NEW ST",""," ","I","BEGG ST","201431588","13/01/2014","Mon","0825","HA","CS2C","321A 335A 505A 801 ","","R","W","O ","L ","X","S","C","050","0","0","0","","","1406799","4914104",
"Dunedin City","NORTH ROAD","30","E"," ","GLADSTONE ROAD","201434501","20/03/2014","Thu","1055","MO","CW1","133A 423A ","BK","R","D","BF","F "," ","N","C","050","0","0","0","","","1407412","4919091",
"Dunedin City","NORTH ROAD","100","N"," ","OPOHO ROAD","201412786","15/04/2014","Tue","1830","FE","CS1C","331A ","","R","W","TO","L "," ","T","C","050","0","0","1","","","1407450","4919130",
"Dunedin City","NORTH ROAD","5","W"," ","SELWYN ST","201411946","20/03/2014","Thu","2020","NA","CS1E","713B ","","R","D","TO","F ","T","G","C","050","0","0","1","20","","1408208","4919769",
"Dunedin City","NORWOOD ST","160","N"," ","POTTERS ROAD","201432936","09/03/2014","Sun","0435","CB","CS14","130A ","MX","R","D","DO","F "," "," ","N","050","0","0","0","","","1409720","4920909",
"Dunedin City","OATES ST","80","N"," ","FALCON ST","201435545","26/04/2014","Sat","1823","EA","CS1C","129A 818 ","M","R","D","O ","F "," "," ","N","050","0","0","0","","","1404686","4917518",
"Dunedin City","OLD DUNSTAN ROAD","120","S"," ","ROCKLANDS ROAD E","201412118","25/04/2014","Fri","1700","DA","4S1","102A 131A ","","M","W","O ","L "," "," ","N","100","0","1","0","","","1365239","4937765",
"Dunedin City","OXFORD ST",""," ","I","ARNEY ST","201412664","17/04/2014","Thu","1850","JA","CN2CC","113B 302B ","M","R","W","TO","L ","T","G","N","050","0","0","1","","","1406350","4914244",
"Dunedin City","PANMURE AVENUE","120","W"," ","RISELAW ROAD N","201437002","20/05/2014","Tue","2209","DB","CW1C","386A 645A 904 ","M","M","W","DO","M "," "," ","N","050","0","0","0","","","1403550","4913950",
"Dunedin City","PERTH ST","80","W"," ","BROWN ST","201410015","10/01/2014","Fri","0000","CA","CE1C","101A 130A ","M","R","D","DO","F "," "," ","N","050","0","1","0","","","1393341","4916300",
"Dunedin City","PINE HILL ROAD",""," ","I","ORBELL ST","201413060","20/05/2014","Tue","0800","DA","MS1","131A ","","M","D","OF","F ","T","G","C","050","0","1","0","","","1406745","4919644",
"Dunedin City","PITT ST",""," ","I","HERIOT ROW","201431474","09/02/2014","Sun","0150","DA","CE1","103A 135A 801 ","C","M","W","DO","L ","X","G","C","050","0","0","0","","","1406367","4917914",
"Dunedin City","PORTOBELLO ROAD","50","N"," ","CASTLEWOOD ROAD","201411944","13/03/2014","Thu","1955","DA","4S1","111A 131A ","ES","E","W","OF","L "," ","N","C","050","0","0","1","","","1413742","4918998",
"Dunedin City","PORTOBELLO ROAD","220","N"," ","DOON ST","201412476","05/04/2014","Sat","0941","BF","CS1CC","111A 131A 404A 901 ","","S","W","O ","H "," "," ","C","050","0","0","1","","","1408088","4916080",
"Dunedin City","PORTOBELLO ROAD","220","N"," ","DOON ST","201413677","07/04/2014","Mon","2330","DA","CN1","131A 412A 801 ","S","S","W","DN","L "," "," ","C","050","0","0","1","","","1408088","4916080",
"Dunedin City","PORTOBELLO ROAD","50","E"," ","HOWARD ST","201434960","05/02/2014","Wed","1200","DA","CE1","131A 901 ","C","M","W","OF","H "," ","N","C","050","0","0","0","","","1412847","4917292",
"Dunedin City","PORTOBELLO ROAD","80","E"," ","IRVINE ROAD","201413050","27/05/2014","Tue","0640","DA","CW1","135A 802 ","C","M","I","DN","FF"," ","N","C","050","0","0","1","","","1409907","4916367",
"Dunedin City","PORTOBELLO ROAD",""," ","I","PORTSMOUTH DRIVE","201413068","20/05/2014","Tue","1203","HA","CE1S","300B 312B ","","M","D","BN","F ","T","G","R","050","0","0","1","","52","1407452","4914765",
"Dunedin City","PORTOBELLO ROAD","70","N"," ","RAYNBIRD ST","201434154","05/04/2014","Sat","1308","DB","CS1","135A 800 801 ","E","M","W","OF","L "," "," ","C","050","0","0","0","","","1413538","4919352",
"Dunedin City","PORTOBELLO ROAD","1000","N"," ","RAYNBIRD ST","201430209","13/01/2014","Mon","0720","DA","CS1","131A 801 ","EL","E","W","O ","L "," "," ","C","070","0","0","0","","","1413753","4920137",
"Dunedin City","PORTSMOUTH DRIVE","100","E"," ","MIDLAND ST","201412661","06/04/2014","Sun","0325","DB","CE1","103A 111A 131A ","P","E","W","DO","F "," ","N","C","050","0","0","1","","","1406990","4914958",
"Dunedin City","PORTSMOUTH DRIVE","50","S"," ","MIDLAND ST","201432252","23/02/2014","Sun","0208","CB","4S1","103A 130A 801 ","P","R","W","DO","L "," "," ","R","060","0","0","0","","","1406955","4914993",
"Dunedin City","PORTSMOUTH DRIVE","50","S"," ","TEVIOT ST","201436127","09/05/2014","Fri","0400","DB","CN1","103A 410A ","T","E","D","DO","F "," "," ","R","060","0","0","0","","","1407180","4914869",
"Dunedin City","PRINCE ALBERT ROAD",""," ","I","BAY VIEW ROAD","201412787","03/05/2014","Sat","2200","HA","CN14","322B 334B ","","R","D","DO","F ","X","T","C","050","0","0","1","","","1406351","4914089",
"Dunedin City","PRINCE ALBERT ROAD","20","S"," ","NEW ST","201411292","06/03/2014","Thu","1727","FC","CN1CC","331A 352A 181B ","","R","D","O ","F "," "," ","C","050","0","0","2","","","1406483","4913881",
"Dunedin City","PRINCES ST",""," ","I","ANDERSONS BAY ROAD","201434174","05/04/2014","Sat","1640","JA","CS1C","302B 375B ","","R","D","OF","F ","T","G","R","050","0","0","0","","","1405861","4915775",
"Dunedin City","PRINCES ST",""," ","I","DOWLING ST","201412364","07/03/2014","Fri","1120","FE","CN1C","420A 420B ","","R","D","B ","F ","X","T","C","030","0","0","1","","","1406166","4916643",
"Dunedin City","PRINCES ST",""," ","I","HOPE ST","201434642","15/04/2014","Tue","0900","LB","CN1C","303B 375B ","","R","W","ON","F ","T","G","P","050","0","0","0","","","1405937","4916000",
"Dunedin City","PRINCES ST","60","S"," ","JERVOIS ST","201413662","17/05/2014","Sat","2235","MC","CN14C","112A 372B ","M","R","D","DO","F "," "," ","C","050","0","0","4","","","1405907","4915912",
"Dunedin City","PRINCES ST","300","N"," ","KING EDWARD ST","201436292","10/05/2014","Sat","1050","MO","CN1C","386A ","","E","D","O ","F "," "," ","C","050","0","0","0","","","1405728","4915401",
"Dunedin City","PRINCES ST","100","N"," ","LEES ST","201410820","04/02/2014","Tue","1840","AC","CN1CC","330A 372A ","","R","D","O ","F "," "," ","C","050","0","0","1","","","1405801","4915604",
"Dunedin City","PRINCES ST","100","S"," ","POLICE ST","201432424","31/01/2014","Fri","1204","MB","CS1C","375B ","","R","D","B ","F "," "," ","C","050","0","0","0","","","1405961","4916067",
"Dunedin City","PRINCES ST",""," ","I","RATTRAY ST","201411536","06/03/2014","Thu","0904","FE","CN1M","181A ","","R","D","OF","F ","X","T","C","050","0","0","1","","","1406128","4916528",
"Dunedin City","PUDDLE ALLEY",""," ","I","PUDDLE ALLEY SLIP S","201412667","23/04/2014","Wed","0900","JA","4N1C","302B 375B ","","E","W","ON","F ","T","G","C","080","0","1","1","","","1396984","4919319",
"Dunedin City","QUARRY ROAD",""," ","I","CLYDE ST","201431182","20/02/2014","Thu","0800","KA","BN1C","302B 363B 375B 902 ","","R","D","B ","F ","T","G","C","050","0","0","0","","","1394967","4914561",
"Dunedin City","QUARRY ROAD",""," ","I","MOSGIEL OFF SBD","201411654","19/01/2014","Sun","1100","HA","CW2S","302A 375A ","","M","D","BF","F ","R","G","N","050","0","0","1","","54","1394917","4914678",
"Dunedin City","RAMROCK ROAD","730","W"," ","QUARRY ROAD","201432179","14/02/2014","Fri","1840","DA","CS1","111A 138A ","","M","D","O ","F "," ","N","N","100","0","0","0","","","1416663","4947780",
"Dunedin City","RATTRAY ST",""," ","I","PRINCES ST","201435128","05/04/2014","Sat","0755","HA","CE1C","322A 334A 350A ","","R","W","O ","F ","X","T","C","050","0","0","0","","","1406128","4916528",
"Dunedin City","REGENT ROAD","15","N"," ","GEORGE ST","201431703","05/01/2014","Sun","2000","DA","CS1","501A ","F","E","D","O ","F "," "," ","C","050","0","0","0","","","1406730","4918244",
"Dunedin City","RICCARTON ROAD WEST",""," ","I","BUSH ROAD","201410394","07/01/2014","Tue","1717","HA","4E24","301A 375A ","","R","W","OF","L ","X","S","C","050","0","0","2","","","1392494","4915799",
"Dunedin City","RICHARDSON ST","15","E"," ","AJAX ST","201432437","02/02/2014","Sun","0913","EA","4E1C","129A 358A ","M","R","D","B ","F "," "," ","C","050","0","0","0","","","1406447","4913776",
"Dunedin City","RICHARDSON ST",""," ","I","MOREAU ST","201430592","12/01/2014","Sun","1230","MC","CE1C","372B ","","R","W","O ","L ","X","S","C","050","0","0","0","","","1406029","4913509",
"Dunedin City","RISELAW ROAD",""," ","I","PANMURE AVENUE N","201412654","18/04/2014","Fri","1350","JA","CN1C","302B 378B 832 ","","R","W","OF","L ","T","G","C","050","0","0","4","","","1403664","4913990",
"Dunedin City","RISELAW ROAD","80","S"," ","SOUTH ROAD","201436893","23/05/2014","Fri","1905","QD","CN1C","330A 428A ","EFX","E","D","DO","F "," "," ","C","050","0","0","0","","","1403427","4914256",
"Dunedin City","RIVERSIDE ROAD","1000","N"," ","BUSH ROAD","201400092","27/04/2014","Sun","0310","DB","CN1","103A 131A 402A 532A 813 ","T","E","D","DN","F "," "," ","N","100","1","0","0","","","1388765","4915221",
"Dunedin City","ROYAL TERRACE",""," ","I","COBDEN ST","201412245","10/04/2014","Thu","1730","MC","CS1C","330B 372B ","","R","D","O ","F ","X","G","C","050","0","0","1","","","1406164","4917729",
"Dunedin City","ROYAL TERRACE",""," ","I","CORRIE ST","201435368","05/04/2014","Sat","0545","LB","PE1X","302A ","","E","W","O ","H ","T","G","C","050","0","0","0","","","1406296","4917880",
"Dunedin City","ROYAL TERRACE",""," ","I","HERIOT ROW","201432236","12/02/2014","Wed","1900","DA","CE1","131A 403A 801 810 ","C","S","W","B ","L ","X","S","C","050","0","0","0","","","1406367","4917914",
"Dunedin City","RUDD ROAD","240","N"," ","WAKARI ROAD","201436291","30/03/2014","Sun","1610","BB","CN14","123A 813 ","","M","D","B ","F "," "," ","N","050","0","0","0","","","1403751","4919206",
"Dunedin City","RUNCIMAN ST",""," ","I","NEILL ST E","201432422","25/01/2014","Sat","1920","DB","CN2","110A 131A 402A ","KX","M","D","B ","F ","T","N","C","050","0","0","0","","","1400508","4913848",
"Dunedin City","SEAVIEW TERRACE","10","N"," ","ALLANDALE ROAD","201432531","25/01/2014","Sat","2305","MO","CN1CC","371A 386A ","M","R","D","DO","F ","T","N","C","050","0","0","0","","","1404740","4913210",
"Dunedin City","SH 15",""," ","I","CUMBERLAND ST OVERPASS","201437799","01/06/2014","Sun","1345","HA","CN1C","197A 322A ","","R","D","O ","F ","X","T","R","050","0","0","0","","","","",
"Dunedin City","SH 87",""," ","I","HAGART ALEXANDER DRIVE","201413808","04/06/2014","Wed","0845","FE","CS1C","181A 402A 420A 802 ","","R","I","O ","F ","X","T","R","050","0","0","1","","","","",
"Dunedin City","SHETLAND ST","15","W"," ","GREENHILL AVENUE","201410690","07/03/2014","Fri","1000","BA","CW1CC","129A 137A 353A ","M","R","D","B ","F ","X","G","N","050","0","1","3","","","1404633","4918565",
"Dunedin City","SHORE ST","180","W"," ","MUSSELBURGH RISE","201411573","12/02/2014","Wed","1635","BF","CS1C","131A 801 ","","S","W","OF","L "," ","N","C","050","0","0","1","","","1407798","4914620",
"Dunedin City","SHORE ST","250","E"," ","PORTOBELLO ROAD","201412547","25/03/2014","Tue","0600","BF","CN1V","111A 131A 800 901 ","","S","W","O ","H "," "," ","C","060","0","0","1","","","1407710","4914708",
"Dunedin City","SHORT ST","70","E"," ","KAIKORAI VALLEY ROAD","201432612","11/03/2014","Tue","1104","QD","CE1","330A 611A ","C","R","D","B ","F "," ","N","C","050","0","0","0","","","1402722","4914195",
"Dunedin City","SIDEY ST",""," ","I","COLE ST","201435985","07/05/2014","Wed","1030","BC","CW2C","122A 301A 375A ","","E","D","BF","F ","T","S","C","050","0","0","0","","","1404128","4914196",
"Dunedin City","SMITH ST",""," ","I","STUART ST","201412573","01/05/2014","Thu","1120","DA","ME2","131A ","","M","D","B ","F ","X","T","C","050","0","1","0","","","1405997","4917003",
"Dunedin City","SOUTH ROAD","5","N"," ","BRIDGE ST","201412651","05/04/2014","Sat","1220","DB","CS14B","135A 806 ","Q","E","W","OF","L ","T","G","C","050","0","0","3","","","1405162","4914855",
"Dunedin City","SOUTH ROAD","140","E"," ","EGLINTON ROAD","201434159","07/04/2014","Mon","1055","DB","CS1C","131A 801 ","M","M","W","OF","L "," "," ","C","050","0","0","0","","","1405590","4915034",
"Dunedin City","SOUTH ROAD","140","N"," ","EGLINTON ROAD","201432423","08/01/2014","Wed","0817","DA","CN1","111A 131A 901 ","E","M","W","O ","H "," ","N","C","050","0","0","0","","","1405590","4915034",
"Dunedin City","SOUTH ROAD",""," ","I","EGLINTON ROAD","201412367","09/04/2014","Wed","0825","LB","SE1C4","303B 375B ","","E","D","B ","F ","T","S","C","050","0","0","1","","50","1405570","4914907",
"Dunedin City","ST ANDREWS ST EXTENSION","200","E"," ","SH 88","201431430","17/02/2014","Mon","1432","DA","CE1","135A 801 901 ","C","S","W","OF","H "," ","N","R","050","0","0","0","","","1406800","4916855",
"Dunedin City","STAFFORD ST","100","W"," ","HOPE ST","201435349","03/05/2014","Sat","1100","MO","CW1C","420A ","M","R","D","B ","F "," "," ","C","050","0","0","0","","","1405744","4916175",
"Dunedin City","STAFFORD ST",""," ","I","HOPE ST","201413300","24/05/2014","Sat","1230","KA","CE1C","302B 370B ","","R","D","O ","F ","X","G","C","050","0","0","1","","","1405834","4916218",
"Dunedin City","STAFFORD ST",""," ","I","MAITLAND ST","201430843","01/01/2014","Wed","0230","HA","CN2C","321A 375A ","","R","D","DO","F ","X","S","C","050","0","0","0","","","1405397","4916011",
"Dunedin City","STAFFORD ST",""," ","I","MAITLAND ST","201430842","03/01/2014","Fri","1810","LB","CW1C","303B 351B 375B ","","R","W","OF","L ","X","S","C","050","0","0","0","","","1405397","4916011",
"Dunedin City","STEVENSON ROAD","190","E"," ","MAIN SOUTH ROAD","201431074","08/02/2014","Sat","1050","BB","4E1C","123A 350A ","","E","D","O ","F "," ","N","C","050","0","0","0","","","1403093","4913649",
"Dunedin City","STEVENSON ROAD","200","E"," ","MAIN SOUTH ROAD","201431475","21/02/2014","Fri","0543","DA","CE1","103A ","FT","E","D","DO","F "," ","N","C","050","0","0","0","","","1403102","4913647",
"Dunedin City","STUART OFFRAMP","50","E"," ","HIGHGATE","201412930","15/05/2014","Thu","1630","FA","MW1C","331A 902 ","","R","D","B ","F "," "," ","R","050","0","0","1","","","1405244","4917741",
"Dunedin City","STUART ST","10","W"," ","CUMBERLAND ST CENTRAL","201436766","22/05/2014","Thu","2100","EA","CW1CCC","129A 330A 407A ","M","R","D","B ","F ","X","G","C","050","0","0","0","","","1406480","4916830",
"Dunedin City","STUART ST",""," ","I","LITTLEBOURNE ROAD S","201434884","25/02/2014","Tue","1835","LB","CS1C4","322A ","","R","D","OF","F ","T","T","C","050","0","0","0","","","1405744","4917312",
"Dunedin City","STUART ST",""," ","I","LONDON ST","201430213","13/01/2014","Mon","1357","CA","CS1C","130A 613A 801 ","","R","W","O ","H ","X","T","C","050","0","0","0","","","1405767","4917252",
"Dunedin City","STUART ST","40","N"," ","QUEENS DRIVE","201410766","09/02/2014","Sun","1005","CC","MS1","110A 132A ","","R","W","O ","F "," ","N","C","050","0","0","1","","","1405721","4917344",
"Dunedin City","STUART ST","120","N"," ","QUEENS DRIVE","201411947","20/03/2014","Thu","1750","CC","CN1","129A 353A ","P","R","D","BF","F "," "," ","R","050","0","0","1","","","1405661","4917400",
"Dunedin City","STUART ST",""," ","I","SLIP ROAD W","201436817","16/05/2014","Fri","1031","DC","CN2","423A ","FGI","R","D","B ","F ","T","G","R","050","0","0","0","","","1405204","4917723",
"Dunedin City","STUART ST",""," ","I","SMITH ST","201413336","19/05/2014","Mon","1535","HA","CE1C","322B 334B ","","R","D","O ","F ","X","T","C","050","0","0","4","","","1405997","4917003",
"Dunedin City","SUTHERLAND ST","100","W"," ","AIREDALE ST","201432421","23/01/2014","Thu","0820","MO","CE1C","135A 801 804 ","M","R","W","O ","L "," "," ","N","050","0","0","0","","","1405402","4916280",
"Dunedin City","TAIEREI ROAD","130","E"," ","WAKARI ROAD","201413700","15/05/2014","Thu","1800","JA","CW1C","308B 377B 930 ","","R","D","DO","F ","D","S","C","050","0","1","1","","","","",
"Dunedin City","TAIERI ROAD",""," ","I","ASHMORE ST E","201411751","15/03/2014","Sat","1910","NB","VE1E","711B ","","R","D","O ","F ","T","G","C","050","0","0","1","20","","1403688","4918815",
"Dunedin City","TAIERI ROAD","20","S"," ","DEAN ST","201412363","05/04/2014","Sat","0130","CA","4N1CV","103A 130A 801 ","M","R","W","DO","L "," "," ","C","050","0","0","1","","","1404399","4918192",
"Dunedin City","TAIERI ROAD",""," ","I","NAIRN ST","201434588","06/03/2014","Thu","0158","BF","CW2V","103A 131A 517A ","","R","D","DO","F ","X","T","C","050","0","0","0","","","1404793","4917866",
"Dunedin City","TAY ST",""," ","I","FORFAR ST","201410736","03/04/2014","Thu","1500","HA","CE1C","302B 375B ","","R","D","B ","F ","X","G","C","050","0","1","1","","","1393884","4916650",
"Dunedin City","TEWSLEY ST","30","N"," ","CRESSWELL ST","201436664","08/05/2014","Thu","1000","EA","CN1CV","112A 134A ","M","R","W","O ","F ","X","G","C","050","0","0","0","","","1406835","4916618",
"Dunedin City","THOMAS BURNS ST",""," ","I","WILLIS ST","201435919","15/04/2014","Tue","0802","JA","CS1V","302B 375B ","","E","W","OF","L ","T","G","C","060","0","0","0","","","1406505","4916500",
"Dunedin City","THOREAU ST","50","S"," ","MULFORD ST","201434162","06/04/2014","Sun","1100","CA","CS1C","504A ","M","R","D","O ","F "," "," ","N","050","0","0","0","","","1402586","4913584",
"Dunedin City","THREE MILE HILL ROAD","410","E"," ","DALZIEL ROAD","201412757","03/05/2014","Sat","2215","DB","CN1","103A 129A 359A ","C","M","D","DN","F "," ","N","C","050","0","0","1","","","1402747","4919197",
"Dunedin City","THREE MILE HILL ROAD","1500","W"," ","HALFWAY BUSH ROAD","201413172","27/05/2014","Tue","1710","DA","4W1","135A 802 803 ","C","E","I","TN","FF"," "," ","C","080","0","0","1","","","1400792","4919180",
"Dunedin City","TIMARU ST",""," ","I","MIDLAND ST","201435080","28/03/2014","Fri","1630","PD","CN1E","722B ","","R","D","B ","F ","X","G","C","050","0","0","0","","","1406564","4914728",
"Dunedin City","UNION ST WEST","30","W"," ","GEORGE ST","201438173","27/05/2014","Tue","0755","CC","4W1CC4","135A 135D 802 ","MM","R","I","BF","FF"," ","N","C","050","0","0","0","","","1406633","4918032",
"Dunedin City","UNION ST WEST","50","W"," ","GEORGE ST","201438170","27/05/2014","Tue","0730","CB","4E1C","135A 802 ","M","R","I","BF","FF"," ","N","C","050","0","0","0","","","1406614","4918039",
"Dunedin City","VICTORIA ROAD",""," ","I","FORBURY ROAD","201412572","15/04/2014","Tue","1445","HA","CW1C","321B 337B 801 ","","R","W","O ","L ","X","S","C","050","0","1","0","","","1405340","4912774",
"Dunedin City","VICTORIA ROAD",""," ","I","MILLS ST","201434151","03/04/2014","Thu","1305","KB","CW1C","301B 375B ","","R","D","B ","F ","T","S","C","050","0","0","0","","","1406620","4913314",
"Dunedin City","VOGEL ST",""," ","I","WOLSELEY ST","201438328","08/06/2014","Sun","1110","HA","CE2C","302B 363B 902 ","","R","W","B ","F ","X","G","N","050","0","0","0","","","1406061","4915763",
"Dunedin City","WAKARI ROAD","10","N"," ","POLWARTH ROAD","201434160","07/04/2014","Mon","1330","DA","CN1","131A 402A 632A 801 ","CS","M","W","O ","L ","T","N","C","050","0","0","0","","","1405237","4920221",
"Dunedin City","WARD ST",""," ","I","HALSEY ST","201434169","25/03/2014","Tue","1701","LB","CW24","302A 375A ","","E","D","O ","F ","T","G","C","050","0","0","0","","","1407107","4917108",
"Dunedin City","WATER ST",""," ","I","BOND ST","201412371","08/01/2014","Wed","0812","HA","CS2C","302B 375B 901 ","","R","W","O ","H ","X","G","C","050","0","0","3","","","1406166","4916413",
"Dunedin City","WESLEY ST",""," ","I","BATHGATE ST","201436727","22/05/2014","Thu","1205","MG","CS1C","372B ","","R","D","B ","F ","X","G","C","050","0","0","0","","","1405630","4914333",
"Dunedin City","WHARF OFF SBD",""," ","I","CUMBERLAND ST OVERPASS","201410014","16/01/2014","Thu","1755","FB","CS1C","331A 387A ","","E","D","O ","F ","T","G","N","050","0","1","0","","","1406308","4916217",
"Dunedin City","WHARF ST",""," ","I","BIRCH ST","201411538","11/03/2014","Tue","1337","JA","CS1C","302B 375B ","","R","D","BF","F ","T","G","N","060","0","0","1","","","1406423","4916161",
"Dunedin City","WHARF ST","60","S"," ","FRYATT ST","201410188","19/01/2014","Sun","0145","EC","CN1","103A 111A 131A ","FIP","E","D","DO","F "," "," ","R","060","0","0","1","","","1406472","4916302",
"Dunedin City","WHARF ST","300","S"," ","ROBERTS ST","201433100","19/03/2014","Wed","1720","FD","CS1CCC","181A 181B 181C ","","R","D","B ","F "," "," ","R","050","0","0","0","","","1406463","4915585",
"Dunedin City","WICKLIFFE ST","250","E"," ","WARD ST","201413166","25/05/2014","Sun","0250","CB","CE1","112A 130A ","K","R","D","DN","F "," "," ","C","050","0","2","0","","","1407524","4917175",
"Dunedin City","WINGATUI ROAD","10","S"," ","SILVERSTREAM BR","201412552","21/04/2014","Mon","1135","NA","CS1E","713B 727B ","","R","D","O ","F "," "," ","N","050","0","0","1","6","","1395533","4917926",
"Dunedin City","Z CPK C/DOWN ANDERSON RD","90","S"," ","HILLSIDE ROAD","201413288","31/05/2014","Sat","1405","MO","CN1E","306A 376A 927 ","","R","D","B ","F ","D","N","C","050","0","0","1","","","1406279","4914916",
"Dunedin City","Z CPK NEW WORLD GARDENS","60","N"," ","OPOHO ROAD","201410005","06/01/2014","Mon","1203","PO","VN1E","371A 671A 730B ","","R","D","B ","F "," "," ","N","030","0","1","0","79","","1408093","4918848",
"Dunedin City","1S/651/14.417","15","W"," ","BEACH ST","201435688","23/04/2014","Wed","1637","CB","CE1","130A 501A ","ST","R","D","O ","F "," "," ","C","070","0","0","0","","","1417769","4948065",
"Dunedin City","1S/651/14.523",""," ","I","THOMAS ST","201410829","07/02/2014","Fri","0756","GA","TW1CC","331A 358A ","T","R","D","O ","F ","T","G","C","070","0","0","3","","","1417668","4948033",
"Dunedin City","1S/667/5.074","730","S"," ","APES ROAD","201434917","22/02/2014","Sat","0700","DB","CN1","131A ","F","M","D","BN","F "," ","N","C","100","0","0","0","","","1413149","4944051",
"Dunedin City","1S/667/10.12","300","S"," ","CHURCH ROAD","201435538","28/04/2014","Mon","0620","CC","CN1","112A 130A 402A 812 901 ","FV","R","W","DN","H "," "," ","C","100","0","0","0","","","1410900","4939647",
"Dunedin City","1S/667/13.888",""," ","I","STEAD ROAD","201436126","10/05/2014","Sat","1536","GE","CN1C","160A ","","R","D","O ","F ","T","N","L","100","0","0","0","","","1410994","4936126",
"Dunedin City","1S/667/15.099","550","N"," ","JONES ROAD","201413351","03/01/2014","Fri","0150","DB","CS1","131A 614A 631A ","G","M","D","DN","F "," "," ","C","100","0","0","1","","","1410788","4935063",
"Dunedin City","1S/683/10.272","870","W"," ","PIGEON FLAT OBR","201410378","22/01/2014","Wed","1339","BF","CS1TV","104A 129A ","","M","D","ON","F "," ","N","C","100","0","1","0","","","1408049","4925937",
"Dunedin City","1S/683/11.697",""," ","I","WAITATI VALLEY ROAD","201411571","02/03/2014","Sun","1500","JA","4N1C","301B 375B ","","E","W","ON","L ","X","S","C","100","0","0","1","","","1406979","4925163",
"Dunedin City","1S/683/11.827","130","S"," ","LEITH VALLEY ROAD","201437682","23/05/2014","Fri","2110","DA","CN1","131A 407A ","C","M","W","DN","F "," "," ","C","100","0","0","0","","","1406895","4925064",
"Dunedin City","1S/683/12.097","400","W"," ","PIGEON FLAT ROAD","201437504","27/05/2014","Tue","2202","BF","CW1T","131A 802 ","","M","I","DN","FF"," "," ","C","100","0","0","0","","","1406979","4924839",
"Dunedin City","1S/683/12.197","500","S"," ","WAITATI VALLEY ROAD","201413251","27/05/2014","Tue","0900","FA","BN1C","110A 181A 191B 802 ","","R","I","O ","SF"," ","N","C","100","0","0","2","","","1407049","4924767",
"Dunedin City","1S/683/12.697","1000","S"," ","PIGEON FLAT ROAD","201437503","27/05/2014","Tue","2200","DB","CS1","111A 131A 402A 802 ","G","M","I","DN","FF"," "," ","C","100","0","0","0","","","1407301","4924356",
"Dunedin City","1S/683/13.817","80","N"," ","BUTLERS OBR","201410184","28/01/2014","Tue","1255","BO","VN1C","104B ","","R","D","B ","F "," "," ","C","100","0","1","2","","","1407103","4923278",