"TLA NAME","CRASH ROAD","CRASH DIST","CRASH DIRN","INTSN","SIDE ROAD","CRASH ID","CRASH DATE","CRASH DOW","CRASH TIME","MVMT","VEHICLES","CAUSES","OBJECTS STRUCK","ROAD CURVE","ROAD WET","LIGHT","WTHRa","JUNC TYPE","TRAF CTRL","ROAD MARK","SPD LIM","CRASH FATAL CNT","CRASH SEV CNT","CRASH MIN CNT","PERS AGE1","PERS AGE2","EASTING","NORTHING"
"Dunedin City","1S/683/15.937","3000","N"," ","PINE HILL ROAD","201413287","08/05/2014","Thu","1840","DA","4S1","330A 666A ","E","E","W","DN","L "," ","N","L","100","0","0","1","","","1406264","4921649",
"Dunedin City","1S/704/0",""," ","I","GREAT KING ST NORTH","201431908","16/02/2014","Sun","1315","HA","CN1C","301B 375B ","","R","D","BF","F ","X","S","N","050","0","0","0","","","1407197","4918962",
"Dunedin City","1S/704/0",""," ","I","GREAT KING ST NORTH","201430864","16/02/2014","Sun","1315","HA","CS1C","301B 375B ","","E","D","BF","F ","X","S","C","050","0","0","0","","","1407197","4918962",
"Dunedin City","1S/704/0.102","100","N"," ","DUKE ST","201436998","23/04/2014","Wed","1120","MC","VN1C","372B ","","R","W","O ","F "," "," ","C","050","0","0","0","","","1407116","4918906",
"Dunedin City","1S/704/0.185",""," ","I","DUKE ST","201431419","26/02/2014","Wed","0825","LB","4W24","301A 375A ","","R","D","BF","F ","X","S","C","050","0","0","0","","","1407187","4918777",
"Dunedin City","1S/704/0.202",""," ","I","DUKE ST","201411860","04/04/2014","Fri","1300","GC","CN1S","303B 372B ","","R","D","BF","F ","X","T","C","050","0","0","1","","18","1407074","4918816",
"Dunedin City","1S/704/0.38","30","N"," ","HOWE ST","201434153","07/04/2014","Mon","1800","AC","TS1C","372A 671A ","","R","D","O ","F "," "," ","C","050","0","0","0","","","1407121","4918594",
"Dunedin City","1S/704/0.41",""," ","I","HOWE ST","201412719","04/04/2014","Fri","1120","LB","CW2C","302B 375B ","","R","W","OF","L ","X","G","C","050","0","0","1","","","1407111","4918566",
"Dunedin City","1S/704/0.424",""," ","I","HOWE ST","201437890","14/05/2014","Wed","1428","PC","CN1E","371A ","","R","D","O ","F ","X","T","C","050","0","0","0","","","1406999","4918606",
"Dunedin City","1S/704/0.464","40","S"," ","HOWE ST","201431913","12/02/2014","Wed","0430","MO","CN1C","371A 924 ","M","R","D","DO","  ","D","N","C","050","0","0","0","","","1406986","4918568",
"Dunedin City","1S/704/0.474","50","S"," ","HOWE ST","201413645","15/06/2014","Sun","0055","NA","XN1E","713B ","","R","D","DO","F "," "," ","C","050","0","1","0","36","","1406983","4918559",
"Dunedin City","DUNDAS ST E",""," ","I","1S/704/0.629","201412260","15/05/2014","Thu","1920","LB","4E1C","303B 387B ","","R","D","DO","F ","X","T","C","050","0","0","1","","","1407039","4918359",
"Dunedin City","1S/704/0.629",""," ","I","DUNDAS ST","201411817","12/03/2014","Wed","1555","NA","CS1E","711B ","","R","D","BF","F ","X","T","C","050","0","1","0","16","","1407039","4918359",
"Dunedin City","1S/704/0.644",""," ","I","DUNDAS ST","201412724","16/04/2014","Wed","1330","HA","CE2C","322B ","","R","D","OF","F ","X","T","C","050","0","0","1","","","1406926","4918399",
"Dunedin City","1S/704/0.654","10","S"," ","DUNDAS ST","201413136","07/05/2014","Wed","1700","FE","CN1CC","181A 420A 801 ","","R","W","O ","L ","X","T","C","050","0","0","1","","","1406922","4918390",
"Dunedin City","1S/704/0.694","50","S"," ","DUNDAS ST","201410109","06/01/2014","Mon","1230","FA","CN1S","181A ","","R","D","O ","F "," "," ","C","050","0","0","1","","29","1406909","4918352",
"Dunedin City","1S/704/0.85","15","N"," ","ST DAVID ST","201434168","30/03/2014","Sun","0640","CC","CN1C","103A 112A 130A 410A ","M","R","D","DO","F "," "," ","C","050","0","0","0","","","1406854","4918205",
"Dunedin City","1S/704/0.856","5","S"," ","ST DAVID ST","201432129","05/03/2014","Wed","0900","FD","CS1C","110A 181A ","","R","W","O ","F ","X","G","C","050","0","0","0","","","1406962","4918145",
"Dunedin City","1S/704/1.023","50","N"," ","UNION PLACE","201433919","20/03/2014","Thu","1100","NB","CS1E","713B ","","R","D","B ","F "," ","N","N","050","0","0","0","","","1406906","4917988",
"Dunedin City","1S/704/1.073",""," ","I","UNION ST WEST","201410689","05/03/2014","Wed","0858","CB","PS1","137A 197A ","","R","W","O ","F ","X","T","C","050","0","1","0","","","1406889","4917941",
"Dunedin City","1S/704/1.088","15","S"," ","UNION PLACE","201433181","21/03/2014","Fri","1330","MO","CN1C","371A ","M","R","D","B ","F "," "," ","C","050","0","0","0","","","1406884","4917927",
"Dunedin City","1S/704/1.456","100","N"," ","FREDERICK ST","201432877","06/03/2014","Thu","1355","NB","CS1E","713B ","","R","D","B ","F "," "," ","C","050","0","0","0","","","1406845","4917580",
"Dunedin City","1S/704/1.556",""," ","I","FREDERICK ST","201410009","10/01/2014","Fri","0825","NC","TS1E","370A 710B ","","E","D","O ","F ","X","T","C","050","0","1","0","26","","1406852","4917483",
"Dunedin City","1S/704/1.777",""," ","I","HANOVER ST","201434918","15/03/2014","Sat","0700","GF","BS14","158B 208B 387B ","","R","D","BF","F ","X","T","C","050","0","0","0","","","1406779","4917274",
"Dunedin City","HANOVER ST",""," ","I","CUMBERLAND ST CENTRAL","201410500","22/01/2014","Wed","0800","LB","CE1M","303B 375B ","","R","D","OF","F ","X","T","C","050","0","0","1","","","1406664","4917315",
"Dunedin City","ST ANDREW ST W",""," ","I","1S/704/2.018","201431047","10/01/2014","Fri","1011","HA","CS1T","322B 334B ","","R","D","O ","F ","X","T","C","050","0","0","0","","","1406590","4917106",
"Dunedin City","1S/704/2.277","20","N"," ","STUART ST","201435546","12/04/2014","Sat","1245","FA","CS1C","181A 331A ","","R","D","O ","F "," "," ","C","050","0","0","0","","","1406614","4916803",
"Dunedin City","CUMBERLAND ST CENTRAL",""," ","I","STUART ST","201412125","12/04/2014","Sat","1540","HA","CE2C","322A 130B 197B ","P","R","D","O ","F ","X","T","C","050","0","0","1","","","1406489","4916827",
"Dunedin City","ANZAC SQUARE",""," ","I","1S/706/0.039","201432573","04/03/2014","Tue","0748","QG","TW1","665A ","G","R","W","O ","F ","T","N","C","050","0","0","0","","","1406596","4916746",
"Dunedin City","1S/706/0.3",""," ","I","BURLINGTON ST","201410819","07/02/2014","Fri","2225","HA","MS1C","322B 334B 357B 402B ","","R","D","DO","F ","X","T","C","050","0","1","0","","","1406340","4916590",
"Dunedin City","1S/706/0.311",""," ","I","DOWLING ST","201412545","25/04/2014","Fri","0830","HA","CS1M","322A 350A 370A 197B ","","R","D","B ","F ","M","T","C","050","0","1","0","","","1406330","4916585",
"Dunedin City","1S/706/0.322","70","S"," ","DUNBAR ST","201438066","04/06/2014","Wed","1150","AC","CS1C","372A ","","E","D","B ","F "," "," ","C","050","0","0","0","","","1406401","4916557",
"Dunedin City","1S/706/0.447",""," ","I","QUEENS GARDENS","201413164","04/05/2014","Sun","0546","HA","CN1C","103B 322B 817 904 ","GH","R","D","DO","M ","X","T","R","050","0","1","0","","","1406248","4916488",
"Dunedin City","1S/706/0.447",""," ","I","QUEENS GARDENS","201412660","17/01/2014","Fri","1910","HA","CE2C","322B ","","R","D","OF","F ","X","T","C","050","0","0","1","","","1406248","4916488",
"Dunedin City","1S/706/0.506","70","S"," ","QUEENS GARDENS","201432630","22/02/2014","Sat","0840","FA","CS1C","130A 504A ","","R","D","B ","F "," ","N","C","050","0","0","0","","","1406337","4916385",
"Dunedin City","1S/706/0.641","40","N"," ","JETTY ST","201411859","04/04/2014","Fri","0855","FD","CN1CV","331A 350A ","","R","D","BF","F "," ","N","C","050","0","0","1","","","1406181","4916306",
"Dunedin City","1S/706/0.681",""," ","I","CUMBERLAND ST OVERPASS","201436645","14/05/2014","Wed","0755","FA","CS1C","181A ","","E","D","B ","F ","X","G","C","050","0","0","0","","","1406167","4916268",
"Dunedin City","1S/706/0.681",""," ","I","JETTY ST","201410386","20/01/2014","Mon","1000","AC","VN1S","372A ","","R","D","BF","F ","X","T","C","050","0","0","1","","24","1406167","4916268",
"Dunedin City","1S/706/0.681",""," ","I","JETTY ST","201412378","07/04/2014","Mon","1312","NF","CN1E","370A 711B 732B 801 904 ","","S","W","O ","M ","X","T","C","050","0","0","1","23","","1406167","4916268",
"Dunedin City","1S/706/0.781","100","S"," ","JETTY ST","201434922","16/03/2014","Sun","0710","CC","CN1","410A ","IS","R","W","DO","L "," ","N","R","050","0","0","0","","","1406133","4916174",
"Dunedin City","1S/706/1.025","20","N"," ","JERVOIS ST","201412055","21/04/2014","Mon","1350","GB","SN1C","175B 370B 926 ","","R","D","B ","F ","D","N","C","050","0","0","1","","","1406051","4915945",
"Dunedin City","JERVOIS ST",""," ","I","1S/706/1.045","201412438","23/03/2014","Sun","1255","LB","CW1C","303B 375B ","","E","D","B ","F ","X","T","R","050","0","0","2","","","1406045","4915926",
"Dunedin City","1S/706/1.045",""," ","I","JERVOIS ST","201410409","16/01/2014","Thu","1600","CA","CN1VV","130A 407A ","KMP","R","D","O ","F ","X","T","R","050","0","0","1","","","1406045","4915926",
"Dunedin City","1S/706/1.184",""," ","I","WOLSELEY ST","201437052","23/05/2014","Fri","1200","KA","VS1C","308B 922 ","","R","W","O ","F ","D","N","C","060","0","0","0","","","1406107","4915747",
"Dunedin City","1S/707/0",""," ","I","ANDERSONS BAY ROAD","201410154","02/01/2014","Thu","1830","FE","4N1C","111A 197A 331A ","","E","W","O ","L ","T","T","R","050","0","0","1","","","1406052","4915314",
"Dunedin City","1S/707/0.314","300","W"," ","ANDERSONS BAY ROAD","201412393","22/03/2014","Sat","1800","AC","TW1C","372A 671A ","","M","D","B ","F "," "," ","C","080","0","0","1","","","1405828","4915113",
"Dunedin City","1S/707/2.089",""," ","I","BARNES DRIVE","201434961","28/02/2014","Fri","1630","FE","CE1C","181A ","","R","W","OF","L ","X","T","R","050","0","0","0","","","1404220","4914496",
"Dunedin City","1S/709/0.452","150","W"," ","BURNETT ST","201430536","31/01/2014","Fri","1030","AC","VW1C","184A 817 ","","E","D","B ","F "," "," ","C","050","0","0","0","","","1403776","4914444",
"Dunedin City","1S/709/0.508","40","W"," ","ABERFELDY ST","201433110","15/01/2014","Wed","1030","EA","TW1C","129A ","M","E","D","B ","F "," "," ","C","050","0","0","0","","","1403717","4914458",
"Dunedin City","1S/709/0.718","250","W"," ","ABERFELDY ST","201437878","15/04/2014","Tue","0745","FD","CE14C","181A ","","R","D","O ","L "," ","N","C","100","0","0","0","","","1403513","4914416",
"Dunedin City","1S/709/0.96","100","E"," ","MORNINGTON ROAD","201411646","15/01/2014","Wed","1225","FD","TW14","181A ","","E","D","BF","F "," ","N","C","100","0","0","1","","","1403281","4914344",
"Dunedin City","1S/709/1.11","50","S"," ","MORNINGTON ROAD","201432141","25/01/2014","Sat","0217","CB","CS1","101A 112A ","GIT","R","D","DO","F "," ","N","R","050","0","0","0","","","1403145","4914283",
"Dunedin City","1S/709/1.351","200","S"," ","SHORT ST","201434988","17/04/2014","Thu","0855","FA","TN1C","420B ","","R","D","BN","F "," ","N","C","050","0","0","0","","","1402986","4914104",
"Dunedin City","1S/709/1.455","400","E"," ","BURNSIDE OBR","201412388","02/04/2014","Wed","0740","FD","CN1C","331A ","","R","D","O ","F "," "," ","R","100","0","0","1","","","1402912","4914031",
"Dunedin City","1S/709/1.751","100","E"," ","BURNSIDE OBR","201410114","15/01/2014","Wed","1645","EC","CW1CM","806 827 ","D","E","D","B ","F "," "," ","C","100","0","2","2","","","1402636","4913940",
"Dunedin City","1S/712/0.693","100","E"," ","GREEN ISLAND OFF WBD","201400108","18/05/2014","Sun","0309","DA","CW1","104A 111A 131A 532A ","PT","E","D","DO","F "," "," ","R","100","2","3","0","","","1401973","4913665",
"Dunedin City","1S/712/1.981","50","E"," ","DALL ST OBR","201434505","15/02/2014","Sat","0940","CA","CW1","130A ","G","R","W","OF","F "," ","N","R","100","0","0","0","","","1400729","4913766",
"Dunedin City","1S/715/2.798","500","W"," ","OLD BRIGHTON ROAD OBR","201432159","13/02/2014","Thu","1556","CB","CW1","101A 128A 406A ","","R","W","O ","F "," ","N","R","100","0","0","0","","","1397332","4913557",
"Dunedin City","1S/715/4.719","400","S"," ","MOSGIEL OFF SBD","201435464","17/02/2014","Mon","1725","BA","CS1C","112A 132A 402A ","","R","W","OF","L "," ","N","R","100","0","0","0","","","1395544","4914077",
"Dunedin City","1S/720/1.846","10","W"," ","RICCARTON ROAD EAST","201430342","01/01/2014","Wed","1558","FA","CW1C","181A 386A ","","R","W","O ","H ","T","N","C","060","0","0","0","","","1393361","4913838",
"Dunedin City","1S/729/0.95","950","S"," ","SH 86","201434170","31/03/2014","Mon","0315","EC","CS1","912 ","W","R","D","DN","F "," "," ","C","100","0","0","0","","","1387031","4910708",
"Dunedin City","1S/729/10.446",""," ","I","HENLEY-BERWICK ROAD","201437626","22/05/2014","Thu","1640","GC","VN14","191A 174B ","","R","D","B ","F ","X","S","C","100","0","0","0","","","1379800","4904695",
"Dunedin City","86/0/4.991",""," ","I","SH 86 MILLER","201432235","17/02/2014","Mon","1638","DA","CS1","110A 132A 901 ","F","M","W","O ","H ","T","N","C","070","0","0","0","","","1383845","4911234",
"Dunedin City","87/0/0.592",""," ","I","GLADSTONE ROAD NORTH","201413069","09/05/2014","Fri","1715","LB","CS1C","303B 375B ","","R","W","TF","H ","X","T","R","050","0","0","3","","","1394732","4915237",
"Dunedin City","87/0/0.97","70","N"," ","PARK ST","201430537","31/01/2014","Fri","1320","FD","4N1C","181A ","","R","D","B ","F "," "," ","C","050","0","0","0","","","1394583","4915584",
"Dunedin City","87/0/2.116","100","N"," ","BUSH ROAD","201434898","26/03/2014","Wed","1215","EA","TS1C","129A 671A ","M","R","D","BF","F "," ","N","C","050","0","0","0","","","1394115","4916629",
"Dunedin City","87/0/5.731",""," ","I","RICCARTON ROAD WEST","201437895","18/04/2014","Fri","1200","GD","CW14","331A 407A ","","R","W","O ","H ","M","S","C","050","0","0","0","","","1391339","4918386",
"Dunedin City","87/15/0",""," ","I","WOODSIDE ROAD","201412002","19/03/2014","Wed","1855","JA","MW1C","101B 301B 375B ","","M","D","TN","F ","T","S","C","100","0","1","1","","","1383040","4918469",
"Dunedin City","87/33/5.396","400","N"," ","OLD DUNSTAN ROAD","201430329","07/01/2014","Tue","1425","CB","CN1","102A 350A ","FP","R","W","O ","M "," ","N","C","100","0","0","0","","","1370570","4932382",
"Dunedin City","87/33/6.783",""," ","I","MOUNT GOWRIE ROAD","201413733","02/06/2014","Mon","1045","DB","4N1","111A 131A 514A 517A ","F","M","D","BN","F ","T","G","C","100","0","1","0","","","1371231","4933494",
"Dunedin City","FREDERICK ST",""," ","I","88/0/0.761","201435081","17/04/2014","Thu","0855","FB","CE1C","181A ","","R","W","O ","F ","X","G","C","050","0","0","0","","","1407197","4917355",
"Dunedin City","88/0/1.793","5","S"," ","PARRY ST EAST","201432237","17/02/2014","Mon","1510","FB","CN1C","181A 331A ","","R","W","O ","F ","R","G","R","050","0","0","0","","","1408143","4917486",
"Dunedin City","88/0/2.022","40","N"," ","PARRY ST EAST","201410598","04/02/2014","Tue","0755","KA","CW1T","308B 375B 927 ","","R","D","BF","F ","D","N","C","070","0","0","1","","","1408348","4917539",
"Dunedin City","88/0/2.856","350","S"," ","TEKAPO ST","201412829","12/04/2014","Sat","1330","DB","MN1C","111A 131A 402A 901 ","X","E","W","O ","H "," "," ","C","050","0","0","1","","","1409122","4917613",
"Dunedin City","88/0/3.741","160","E"," ","ADDERLEY TERRACE","201434502","10/03/2014","Mon","1357","EE","TE1C","374B ","M","R","D","OF","F "," ","N","C","050","0","0","0","","","1409928","4917811",
"Dunedin City","88/0/6.301",""," ","I","FINCH ST","201412665","11/04/2014","Fri","1920","JA","CN1C","205B 375B ","","M","D","DO","F ","T","G","C","080","0","0","2","","","1411669","4919318",
"Dunedin City","88/8/2.028","110","S"," ","SHANDON ST","201413190","14/04/2014","Mon","1846","FD","CN1C","102A 181A 331A 191B ","","R","D","DN","F "," "," ","L","080","0","0","2","","","1413432","4922511",
"Dunedin City","88/8/3.498","470","W"," ","WICKLIFFE TERRACE","201430786","04/02/2014","Tue","0050","DA","CW1","131A 410A ","","E","D","DO","F "," ","N","C","080","0","0","0","","","1414574","4923279",
"Far North District","AHIPARA ROAD","300","E"," ","SANDHILLS ROAD","201411648","18/03/2014","Tue","1850","DA","CN1","131A 524A ","CV","M","D","BN","F "," ","N","C","100","0","0","2","","","1614729","6107916",
"Far North District","AHIPARA ROAD","730","E"," ","SANDHILLS ROAD","201412568","23/04/2014","Wed","2127","DA","4E1","103A 129A 131A ","CV","M","D","DN","F "," "," ","C","100","0","0","1","","","1615146","6107811",
"Far North District","ALLEN BELL DRIVE",""," ","I","COMMERCE ST","201431322","12/03/2014","Wed","1540","FB","CW1C","181A ","","R","D","BF","F ","T","G","C","050","0","0","0","","","1623782","6114639",
"Far North District","ALLEN BELL DRIVE","70","S"," ","PARKDALE CRESCENT N","201431544","19/01/2014","Sun","1935","DB","CN1","103A 111A 131A ","F","E","D","B ","F "," "," ","C","050","0","0","0","","","1624181","6115225",
"Far North District","AUCKS ROAD","950","E"," ","DEEMING ROAD","201435509","25/04/2014","Fri","1401","DB","CN1","103A 111A 131A ","","M","D","B ","F "," "," ","C","100","0","0","0","","","1703058","6092858",
"Far North District","CLOUGH ROAD","1030","S"," ","CHURCH ROAD","201433134","31/01/2014","Fri","2325","DA","CS1","103A 129A 131A ","CF","E","D","DN","F "," "," ","N","100","0","0","0","","","1628799","6115269",
"Far North District","COMMERCE ST","20","N"," ","REDAN ROAD","201432109","17/03/2014","Mon","1025","EE","4S1C","374B ","M","R","D","B ","F "," ","N","C","050","0","0","0","","","1624194","6114020",
"Far North District","DONALD ROAD",""," ","I","ALLEN BELL DRIVE","201433621","03/04/2014","Thu","1307","DA","CW1","111A 131A 514A ","IK","M","D","B ","F ","T","G","R","050","0","0","0","","","1624051","6115978",
"Far North District","DUNCAN ROAD","900","W"," ","CHAMPION ROAD","201433129","30/03/2014","Sun","1440","BO","4E14","129A 129B 818 ","","S","D","B ","F "," "," ","N","100","0","0","0","","","1633596","6121499",
"Far North District","FAIRBURN ROAD","950","E"," ","SH 1N","201412570","03/05/2014","Sat","1520","LB","ME1C","303B 375B 929 ","","E","D","B ","F ","D"," ","C","100","0","0","1","","","1631636","6113160",
"Far North District","FAIRBURN ROAD","300","N"," ","WELLS ROAD","201433135","01/02/2014","Sat","0230","DB","CN1","103A 131A ","C","E","D","DN","F "," "," ","N","100","0","0","0","","","1638766","6115065",
"Far North District","FAIRFIELD BRIDGE",""," ","I","RIVER ROAD","201438075","22/05/2014","Thu","1430","KA","CW1C","302B ","","M","D","B ","F ","R","G","R","050","0","0","0","","","","",
"Far North District","FAIRWAY DRIVE","10","S"," ","GOLF VIEW ROAD","201435493","17/04/2014","Thu","1055","MG","4N1C","371B ","","R","W","O ","F ","T","N","C","080","0","0","0","","","1686174","6101659",
"Far North District","FAIRWAY DRIVE","20","E"," ","HOMESTEAD ROAD","201436363","03/04/2014","Thu","0845","MA","CE1C","373B ","","R","D","BF","F "," ","N","N","030","0","0","0","","","1686279","6101453",
"Far North District","HARURU FALLS ROAD","750","N"," ","SH 11","201431955","18/02/2014","Tue","2125","QD","VS1","428A ","T","R","W","ON","L "," ","N","N","100","0","0","0","","","1695510","6095965",
"Far North District","HENDERSON BAY ROAD","4700","E"," ","SH 1N","201432445","31/01/2014","Fri","1010","CC","4E1","138A 402A ","V","R","D","BN","F "," ","N","N","100","0","0","0","","","1609679","6155413",
"Far North District","HOBSON AVENUE","130","W"," ","COBHAM ROAD","201431926","15/02/2014","Sat","1838","MB","VS1C","303B 375B ","","R","D","BF","F "," ","N","C","050","0","0","0","","","1686397","6101133",
"Far North District","HOBSON AVENUE","30","E"," ","KERIKERI ROAD","201435192","13/02/2014","Thu","1155","MO","CE1V","386A 926 ","","R","D","B ","F ","D","N","C","050","0","0","0","","","1686231","6101107",
"Far North District","HOMESTEAD ROAD","20","W"," ","KERIKERI ROAD","201435719","04/02/2014","Tue","1045","FA","CW1C","331A 370A 507A ","","R","D","B ","F "," "," ","C","050","0","0","0","","","1686265","6101241",
"Far North District","HONEYMOON VALLEY ROAD","450","S"," ","ORURU ROAD","201430445","13/01/2014","Mon","2130","BC","CN1C","121A ","","M","D","DN","F "," ","N","N","100","0","0","0","","","1644342","6115298",
"Far North District","HONGI ST",""," ","I","DE MERLE ST","201413169","25/03/2014","Tue","1825","DC","VE2","103A 112A 130A ","P","R","D","B ","F ","T","G","N","050","0","1","1","","","1672960","6082065",
"Far North District","INLAND ROAD","200","W"," ","BAY HEIGHTS DRIVE","201430192","10/01/2014","Fri","1120","ED","CW1T","330A 386B 817 ","Q","S","D"," N","F "," ","P","C","050","0","0","0","","","1633938","6141410",
"Far North District","INLAND ROAD","90","N"," ","LAKE OHIA ROAD","201400027","11/02/2014","Tue","1641","AO","CN1M","129A 156A 404A ","","E","D","BN","F "," "," ","C","100","1","2","1","","","1634711","6129291",
"Far North District","JAMIESON ROAD","70","N"," ","BONNETT ROAD","201435592","23/04/2014","Wed","1100","MD","CS14","308B 371B 929 ","","R","D","B ","F ","D"," ","C","050","0","0","0","","","1623215","6114693",
"Far North District","KAITAIA-AWAROA ROAD",""," ","I","AHIPARA ROAD","201434647","19/04/2014","Sat","1757","DA","4N1","136A 613A ","F","R","D","ON","F ","T","G","L","100","0","0","0","","","1616417","6107863",
"Far North District","KAITAIA-AWAROA ROAD","100","N"," ","MANUKAU ROAD","201436360","26/01/2014","Sun","1030","DA","4N1","131A ","","M","W","ON","H "," ","N","C","100","0","0","0","","","1622305","6111107",
"Far North District","KAITAIA-AWAROA ROAD","320","W"," ","MASTERS ACCESS ROAD","201410757","07/04/2014","Mon","1200","BB","CW14","123A ","","E","D","B ","F "," ","N","L","100","0","0","3","","","1616752","6107784",
"Far North District","KAITAIA-AWAROA ROAD",""," ","I","REDAN ROAD","201431436","25/02/2014","Tue","1540","KB","CW2C","302B 375B ","","R","D","OF","F ","T","G","C","050","0","0","0","","","1623384","6113265",
"Far North District","KAPIRO ROAD","25","W"," ","ORANGEWOOD ROAD","201411202","07/02/2014","Fri","1545","GD","CE1C","331A 929 ","","R","D","B ","F ","D","N","C","100","0","0","1","","","1686061","6105051",
"Far North District","KAPIRO ROAD","400","E"," ","PURERUA ROAD","201400012","18/01/2014","Sat","0810","FA","4W1S","103A 129A ","","R","D","B ","F "," "," ","C","100","1","0","0","","54","1685841","6105048",
"Far North District","KERIKERI INLET ROAD",""," ","I","COBHAM ROAD","201437761","30/05/2014","Fri","1200","BF","TS1C","102A 124A 353A ","","S","D","O ","F ","T","G","L","050","0","0","0","","","1687119","6100575",
"Far North District","KERIKERI INLET ROAD","140","W"," ","DARWIN ROAD","201437386","29/05/2014","Thu","1922","EC","CE1","911 ","W","R","W","DN","L "," ","N","C","050","0","0","0","","","1687700","6100941",
"Far North District","KERIKERI INLET ROAD","100","S"," ","UNNAMED ROAD","201431009","28/01/2014","Tue","1250","FA","CS1C","181A ","","R","D","B ","F "," ","N","C","050","0","0","0","","","1690265","6102369",
"Far North District","KERIKERI ROAD",""," ","I","COBHAM ROAD","201435593","22/04/2014","Tue","1545","KA","CS14","302B 370B ","","E","D","B ","F ","T","G","R","050","0","0","0","","","1686331","6101296",
"Far North District","KERIKERI ROAD","20","N"," ","FAIRWAY DRIVE","201436421","17/04/2014","Thu","1610","EA","CS1C","129A ","M","R","D","BF","F "," ","N","C","050","0","0","0","","","1686400","6101391",
"Far North District","KERIKERI ROAD","100","S"," ","HAWKINGS CRESCENT","201411265","06/02/2014","Thu","1058","NA","4N1E","191A 306A 801 ","","R","W","O ","L "," "," ","X","050","0","1","0","83","","1686646","6101734",
"Far North District","KERIKERI ROAD",""," ","I","HOBSON AVENUE","201437774","24/04/2014","Thu","0955","KA","CE2C","302B 370B ","I","M","D","B ","F ","R","G","R","030","0","0","0","","","1686189","6101099",
"Far North District","KERIKERI ROAD",""," ","I","HOBSON AVENUE","201410533","19/01/2014","Sun","1700","LB","CS1C","302A 404A ","","R","D","BF","F ","R","G","R","050","0","0","1","","","1686189","6101099",
"Far North District","KERIKERI ROAD","100","N"," ","MARAENUI DRIVE","201435496","23/04/2014","Wed","0900","FD","CN1C","181A 929 ","","R","D","B ","F ","D","N","C","080","0","0","0","","","1685238","6099696",
"Far North District","KERIKERI ROAD","800","E"," ","SH 10","201431691","07/02/2014","Fri","0920","GD","CW1V","331A 929 ","","R","W","O ","L ","D","N","L","080","0","0","0","","","1685185","6099102",
"Far North District","KERIKERI ROAD","15","S"," ","THE RIDGE","201431439","28/02/2014","Fri","1246","MC","CS1T","372B ","","R","D","BN","F "," ","N","C","050","0","0","0","","","1685964","6100788",
"Far North District","KINGS ROAD","50","W"," ","SH 11","201437027","17/05/2014","Sat","1145","MO","CW1C","371A ","M","R","D","B ","F "," "," ","C","050","0","0","0","","","1699614","6094810",
"Far North District","KOHUKOHU ROAD","2470","S"," ","MANGAMUKA ROAD","201436361","06/02/2014","Thu","1430","LB","CN1C","308B 929 ","","S","D","ON","FS","D","N","C","100","0","0","0","","","1644423","6094852",
"Far North District","KOHUKOHU ROAD","190","N"," ","SMITH DEVIATION ROAD S","201437458","13/05/2014","Tue","1100","DB","TN1","131A 800 815 ","C","M","D","O ","L "," "," ","C","100","0","0","0","","","1649399","6088517",
"Far North District","KOUTU LOOP ROAD","110","S"," ","KOUTU BEACH ROAD","201434199","06/01/2014","Mon","1030","BC","CS1V","121A 205A 404A 410A ","","M","D","B ","F "," "," "," ","100","0","0","0","","","1637495","6073613",
"Far North District","KOUTU LOOP ROAD",""," ","I","KOUTU POINT ROAD","201412918","02/03/2014","Sun","0130","DB","CS1","101A 111A 131A ","F","S","D","DN","F ","T","G","N","100","0","0","1","","","1637308","6074067",
"Far North District","LAKE ROAD","15","S"," ","SETTLERS WAY","201431930","14/01/2014","Tue","0839","MO","CW1C","371A 512A 514A ","M","R","D","OF","F "," ","N","C","050","0","0","0","","","1670048","6091115",
"Far North District","LARMER ROAD","50","N"," ","BARRIBALL ROAD","201410308","07/01/2014","Tue","1412","DB","CS1","131A 507A ","ET","M","D","ON","F "," ","N","C","100","0","0","1","","","1625739","6111864",
"Far North District","MANGAKAHIA ROAD","2000","S"," ","NGAPIPITO ROAD","201431928","26/01/2014","Sun","0930","DA","CS1","135A 801 ","","E","W","ON","L "," ","N","C","100","0","0","0","","","1676378","6058818",
"Far North District","MANGAKAHIA ROAD","1500","S"," ","PICADILLY ROAD","201431927","23/01/2014","Thu","2300","DB","CN1","131A ","E","S","D","DN","F "," ","N","C","100","0","0","0","","","1675753","6071675",
"Far North District","MANGAKAHIA ROAD","2170","S"," ","PICADILLY ROAD","201434524","24/01/2014","Fri","2315","DA","CS1","195A ","FT","S","D","DN","F "," ","N","C","080","0","0","0","","","1675962","6071061",
"Far North District","MANGAMUKA ROAD","800","S"," ","MANGATAIPA ROAD","201411743","29/03/2014","Sat","1530","CB","ME1","135A 812 ","","R","D","B ","F "," "," ","C","100","0","1","0","","","1648316","6099491",