"TLA NAME","CRASH ROAD","CRASH DIST","CRASH DIRN","INTSN","SIDE ROAD","CRASH ID","CRASH DATE","CRASH DOW","CRASH TIME","MVMT","VEHICLES","CAUSES","OBJECTS STRUCK","ROAD CURVE","ROAD WET","LIGHT","WTHRa","JUNC TYPE","TRAF CTRL","ROAD MARK","SPD LIM","CRASH FATAL CNT","CRASH SEV CNT","CRASH MIN CNT","PERS AGE1","PERS AGE2","EASTING","NORTHING"
"Far North District","MAROMAKU-TOWAI ROAD","160","E"," ","MAROMAKU SCHOOL ROAD","201411677","06/03/2014","Thu","1100","DB","CW1","129A 352A ","V","M","D","BN","F "," ","N","C","100","0","0","1","","","1700277","6072222",
"Far North District","MATAURI BAY ROAD","1000","E"," ","MARTIN ROAD","201431483","03/02/2014","Mon","2115","DB","CW1","101A 131A ","C","M","D","DN","F "," ","N","C","100","0","0","0","","","1678527","6119560",
"Far North District","MATAURI BAY ROAD","1290","E"," ","TARAIRE ROAD","201410657","19/01/2014","Sun","1740","FA","CW1C","181A 351A 402A ","","R","D","O ","F "," ","N","C","100","0","0","1","","","1677443","6113674",
"Far North District","MATAURI BAY ROAD",""," ","A","TARAIRE STM BR","201435720","10/03/2014","Mon","0930","BO","TS1C","111A 386A 818 ","","M","D","O ","F "," "," ","N","100","0","0","0","","","1677403","6115488",
"Far North District","MATAWAIA-MAROMAKU ROAD","1300","W"," ","TAIKIRAU ROAD","201434531","18/02/2014","Tue","1115","DB","CE1","111A 131A 517A ","FS","M","D","ON","F "," ","N","N","100","0","0","0","","","1696088","6072020",
"Far North District","NGAPIPITO ROAD","70","S"," ","NGAWHITU ROAD","201438101","15/05/2014","Thu","1000","QG","TS1","665A ","","M","D","BN","F "," ","N","C","050","0","0","0","","","1686158","6080976",
"Far North District","NGAPIPITO ROAD","500","W"," ","POKAPU ROAD","201410984","27/02/2014","Thu","2145","CC","MW1","103A 129A ","V","R","D","DN","F "," ","N","C","100","0","0","1","","","1689436","6081853",
"Far North District","NOLA CRESCENT","50","E"," ","ALLEN BELL DRIVE","201432285","12/02/2014","Wed","2135","MO","CW1V","371A 929 ","M","R","D","DO","F ","D","N","N","050","0","0","0","","","1624135","6115426",
"Far North District","OKAHU ROAD",""," ","I","NORMAN SENN ST","201431438","08/03/2014","Sat","2235","DB","CW1","103A ","G","M","D","DN","F ","Y","N","C","050","0","0","0","","","1623933","6113182",
"Far North District","OKAKEWAI ROAD","200","S"," ","TAKAHUE ROAD","201435718","13/05/2014","Tue","0830","DB","4E1C","131A 132A 138A ","","M","D","B ","F "," "," ","L","100","0","0","0","","","1632108","6106521",
"Far North District","OLD BAY ROAD","1700","S"," ","TE AHU AHU ROAD","201436979","16/04/2014","Wed","1210","EA","CN1V","129A ","M","E","W","O ","L "," "," ","L","100","0","0","0","","","1684612","6090411",
"Far North District","ORURU ROAD","4800","S"," ","SH 10","201430985","07/01/2014","Tue","1610","CB","CS1C","103A 129A ","M","R","D","BN","F "," ","N","C","100","0","0","0","","","1644256","6123380",
"Far North District","OTIRIA ROAD","90","W"," ","WAHAMITI CEMETERY ROAD","201410557","08/01/2014","Wed","1758","DB","CW1","111A 131A 532A ","","M","D","BN","F "," ","N","C","100","0","1","0","","","1690281","6082301",
"Far North District","PARK ROAD","60","N"," ","SH 12","201437011","30/04/2014","Wed","0205","CA","CN1","130A 402A ","HP","R","W","DO","L "," "," ","C","050","0","0","0","","","1672454","6081418",
"Far North District","PAWARENGA ROAD","3000","W"," ","RUNARUNA ROAD","201436362","07/03/2014","Fri","1030","BF","CS1C","135A 813 ","","M","D","ON","F "," ","N","N","100","0","0","0","","","1629307","6091401",
"Far North District","PUKEPOTO ROAD","60","N"," ","DOMINION ROAD","201432515","05/02/2014","Wed","2050","GE","CS1C","157A 357A 929 ","","E","D","TN","F ","D","N","C","050","0","0","0","","","1623519","6114248",
"Far North District","PUPUKE MANGAPA ROAD","300","N"," ","SHARNOCKS ROAD","201435324","17/04/2014","Thu","1530","DB","VE1","103A 111A 131A 195A 813 ","","S","D","O ","F "," "," ","N","100","0","0","0","","","1662433","6111525",
"Far North District","PURERUA ROAD","3500","N"," ","KAPIRO ROAD","201410552","25/01/2014","Sat","0850","DA","VN1","131A ","","M","D","BN","F "," ","N","C","100","0","1","3","","","1687434","6107388",
"Far North District","PURERUA ROAD","500","S"," ","SOMERVILLE ROAD","201411583","10/03/2014","Mon","1300","BA","CN14","302B ","","R","D","BN","F "," ","G","N","100","0","0","1","","","1686427","6106678",
"Far North District","RAMSEY ROAD","150","S"," ","SH 12","201410553","18/01/2014","Sat","1200","BB","MN1C","129A ","","M","D","BN","F "," ","N","N","100","0","0","2","","","1658812","6075394",
"Far North District","RARAWA BEACH ROAD","1100","E"," ","SH 1N","201435746","07/05/2014","Wed","2000","CA","CE1","103A 130A ","C","R","D","DN","M "," "," ","N","100","0","0","0","","","1604964","6157565",
"Far North District","RAWHITI ROAD","800","N"," ","MANAWAORA ROAD","201430553","17/01/2014","Fri","1630","BC","CS1V","121A 813 ","","S","D","B ","F "," "," ","N","100","0","0","0","","","1715152","6097487",
"Far North District","RAWHITI ROAD","200","S"," ","MANAWAORA ROAD","201437711","28/03/2014","Fri","2100","EC","CN1","912 ","W","M","D","DN","F "," "," ","C","100","0","0","0","","","1715408","6096897",
"Far North District","REDAN ROAD",""," ","I","DOMINION ROAD","201437658","22/05/2014","Thu","0930","GD","CE14","333A ","","R","W","B ","F ","T","G","C","050","0","0","0","","","1623939","6113724",
"Far North District","REDCLIFFS ROAD","490","N"," ","KAPIRO ROAD","201434650","06/04/2014","Sun","0005","EC","CS1","912 ","W","E","D","DN","F "," ","N","C","100","0","0","0","","","1687892","6105198",
"Far North District","RUNARUNA ROAD","200","N"," ","PUKETAWA ROAD","201433136","20/01/2014","Mon","1030","DA","4N1","131A 813 ","C","M","D","O ","F "," "," ","C","100","0","0","0","","","1633919","6088018",
"Far North District","RUSSELL ROAD","100","S"," ","FLORANCE AVENUE","201412450","16/04/2014","Wed","2300","EC","CS1","801 821 903 ","X","R","W","DN","LS"," "," ","C","050","0","0","1","","","1703093","6096636",
"Far North District","STATION ROAD","100","N"," ","MEMORIAL AVENUE","201432516","04/02/2014","Tue","1220","CC","CS1C","129A 504A ","M","R","D","B ","F "," ","N","N","050","0","0","0","","","1672537","6081265",
"Far North District","STATION ROAD",""," ","I","MEMORIAL AVENUE","201435876","07/05/2014","Wed","1606","KB","VN1C","301B 375B ","","R","D","BF","F ","T","S","C","050","0","0","0","","","1672560","6081167",
"Far North District","TAAFFE ST","10","S"," ","COMMERCE ST","201437760","07/06/2014","Sat","1430","MO","4S1C","330A 371A ","M","R","D","BF","F ","T","G","C","050","0","0","0","","","1623956","6114416",
"Far North District","TAAFFE ST","10","W"," ","COMMERCE ST","201430782","06/01/2014","Mon","1030","FA","CW1","300A ","","R","D","BF","F ","T","G","C","050","0","0","0","","","1623956","6114416",
"Far North District","TAKAHE ROAD","100","N"," ","KAKAPO ST","201410988","06/03/2014","Thu","1630","NA","CN1E","711B 727B ","","R","D","BF","F "," ","N","C","050","0","0","1","5","","1614125","6108484",
"Far North District","TAKAHE ROAD","15","S"," ","KAKAPO ST","201434405","13/04/2014","Sun","0800","BA","CN1V","125A 197B ","V","R","D","B ","F "," "," ","C","100","0","0","0","","","1614057","6108391",
"Far North District","TAPUHI ROAD","50","N"," ","SH 1N","201432444","18/02/2014","Tue","1033","MO","4S1C","357A 512A 514A ","","R","D","BF","F "," "," ","C","100","0","0","0","","","1708863","6068658",
"Far North District","TE KEMARA AVENUE","25","W"," ","TE KARUWHA PARADE","201431391","05/02/2014","Wed","1120","MA","OE1C","373B ","","E","D","ON","F "," ","N","N","050","0","0","0","","","1698197","6096094",
"Far North District","TE PUA ROAD","1000","N"," ","REMUERA SETTLEMENT ROAD","201410554","20/01/2014","Mon","1750","DA","CN1","131A 801 ","C","M","W","ON","L "," ","N","C","100","0","0","1","","","1674092","6086490",
"Far North District","TE PUA ROAD","2300","S"," ","SH 1N","201432492","19/02/2014","Wed","1655","DA","CN1","131A 407A 809 901 ","","M","W","ON","H "," "," ","C","100","0","0","0","","","1674983","6087096",
"Far North District","TIPENE ROAD","120","S"," ","HORAHORA ROAD","201412557","28/01/2014","Tue","2230","DA","CN1","111A 131A 138A 812 ","V","E","D","DN","F "," "," ","N","100","0","1","1","","","1694797","6066999",
"Far North District","WAIARE ROAD",""," ","I","PUKETI ROAD","201430301","11/01/2014","Sat","1455","HA","CS2C","302B 375B ","","R","D","O ","F ","X","G","N","100","0","0","0","","","1672359","6099561",
"Far North District","WAIARE ROAD","200","S"," ","SAWARD ROAD","201437013","29/03/2014","Sat","1849","CB","VS1","130A 359A ","F","R","D","TN","F "," "," ","C","100","0","0","0","","","1672709","6092458",
"Far North District","WAIARE ROAD","40","N"," ","SIGNAL ROAD","201432496","19/02/2014","Wed","1330","CB","CS1","130A 354A 800 904 ","V","R","D","O ","M "," ","N","L","100","0","0","0","","","1675434","6095337",
"Far North District","WAIKARAMU ROAD","3500","N"," ","OLD BAY ROAD","201436976","07/05/2014","Wed","0815","BA","VN1C","112B ","","R","D","B ","F "," "," ","N","100","0","0","0","","","1681064","6091163",
"Far North District","WAIMA VALLEY ROAD","50","N"," ","PERAS ROAD","201412922","25/05/2014","Sun","0105","DA","VN1","102A 111A 131A 514A ","","E","W","DN","L "," "," ","N","100","0","0","1","","","1654326","6074015",
"Far North District","WAINUI ROAD","120","W"," ","WAINUI VALLEY ROAD","201410548","11/01/2014","Sat","1913","DB","ME1","131A 804 ","G","S","D","TN","F "," ","N","C","100","0","1","1","","","1677850","6124959",
"Far North District","WATERFRONT DRIVE","40","S"," ","THOMAS ST","201435476","19/04/2014","Sat","1600","MO","4N1V","371B ","M","R","D","B ","F "," ","N","C","050","0","0","0","","","1648955","6127790",
"Far North District","WHATUWHIWHI ROAD","200","S"," ","MATARIKI PLACE","201435741","03/04/2014","Thu","2033","DA","CN1","111A 131A 514A ","C","M","D","DN","F "," "," ","N","100","0","0","0","","","1636266","6140595",
"Far North District","WILLIAMS ROAD","20","S"," ","SH 11","201435594","30/04/2014","Wed","1400","MO","CS1C","371A 371B ","","R","D","B ","F "," "," ","N","050","0","0","0","","","1699288","6095197",
"Far North District","WIROA ROAD","3680","E"," ","WAIARE ROAD","201430425","21/01/2014","Tue","0800","BF","4E1C","110A 135A ","","M","W","O ","F "," ","N","C","100","0","0","0","","","1678604","6096654",
"Far North District","Z CPK KERIKERI MEDICAL","60","W"," ","KERIKERI ROAD","201435189","28/03/2014","Fri","1415","MO","4E14","371A 930 ","","R","D","B ","F ","D","N","N","030","0","0","0","","","1686244","6101312",
"Far North District","Z CPK MATTHEWS AVENUE","60","S"," ","EAST LANE","201436677","15/05/2014","Thu","1320","MO","4S14","423A 427A 925 ","","R","D","B ","F ","D","N","N","050","0","0","0","","","1624263","6114254",
"Far North District","10/0/5.932",""," ","I","OROMAHOE ROAD","201435190","05/01/2014","Sun","0630","KA","CS1C","302B ","","E","D","B ","F ","T","G","C","050","0","0","0","","","1688444","6091654",
"Far North District","10/0/6.892","630","S"," ","SH 11","201412142","28/03/2014","Fri","1240","DA","4N1","129A 131A 410A ","F","M","D","B ","F "," "," ","C","100","0","0","1","","","1687774","6092333",
"Far North District","10/7/0.765","450","N"," ","TE AHU AHU ROAD","201410549","06/02/2014","Thu","0750","BF","CS1C","111A 131A ","","M","W","ON","H "," ","N","L","100","0","0","1","","","1686955","6093430",
"Far North District","10/7/0.765","450","N"," ","TE AHU AHU ROAD","201410534","25/01/2014","Sat","0040","DA","VN1","103A 131A ","B","E","D","DN","F "," ","N","L","100","0","0","1","","","1686955","6093430",
"Far North District","10/7/3.747","500","S"," ","PUKEWHAU PA ROAD","201400035","21/02/2014","Fri","2130","BC","CS1C","111A 121A ","","E","D","DN","F "," "," ","C","100","1","3","0","","","1686297","6096077",
"Far North District","WAIPAPA ROAD",""," ","I","10/17/3.497","201435188","09/02/2014","Sun","1544","FB","CW1C","181A ","","R","D","O ","F ","X","G","C","080","0","0","0","","","1683513","6103678",
"Far North District","10/17/3.797","300","N"," ","WAIPAPA ROAD","201435325","01/05/2014","Thu","1136","FD","4N1CC","181A 331A 181B ","","E","D","B ","F "," "," ","N","100","0","0","0","","","1683305","6103893",
"Far North District","10/17/3.918","200","S"," ","PUNGAERE ROAD","201411741","22/03/2014","Sat","1400","DB","TS1V","130A 197A 407A ","","M","D","O ","L "," "," ","C","100","0","0","1","","","1683221","6103980",
"Far North District","10/17/6.191","350","S"," ","STANNERS ROAD","201410989","28/02/2014","Fri","1618","CC","4S1","129A 410A ","FP","R","D","BN","F "," ","N","C","100","0","0","1","","","1682754","6106123",
"Far North District","10/17/7.541","1000","N"," ","STANNERS ROAD","201434423","04/04/2014","Fri","1050","GC","CS1C","174B 371B 929 ","","E","D","O ","F ","D"," ","C","100","0","0","0","","","1682032","6107224",
"Far North District","10/17/12.408",""," ","I","TAKOU BAY ROAD","201413366","24/05/2014","Sat","2300","PA","CN1E","110A 129A 703B 724B ","","E","D","DO","F ","T","S","C","100","0","0","1","","","1680148","6111400",
"Far North District","10/33/3.654","1600","S"," ","MCGEES ROAD","201400124","30/05/2014","Fri","0042","BF","CS1V","101A 108A 131A ","","E","W","DN","L "," "," ","C","100","2","0","1","","","1674756","6112904",
"Far North District","10/33/3.794","1460","S"," ","MCGEES ROAD","201437460","26/05/2014","Mon","0726","DB","4S1","135A 812 904 ","V","M","W","DN","M "," "," ","C","100","0","0","0","","","1674719","6113039",
"Far North District","10/33/3.954","1300","S"," ","MCGEES ROAD","201433599","15/03/2014","Sat","1815","DA","CN1","131A ","V","E","W","ON","L "," ","N","L","100","0","0","0","","","1674779","6113183",
"Far North District","10/33/4.254","1000","S"," ","MCGEES ROAD","201410499","22/02/2014","Sat","1015","BF","VN1C","131A 350A 801 ","","M","W","O ","L "," "," ","C","100","0","0","1","","","1674785","6113464",
"Far North District","10/33/4.354","900","S"," ","MCGEES ROAD","201431326","20/02/2014","Thu","1015","DA","CS1","135A 801 ","TV","M","W","OF","L "," ","N","L","050","0","0","0","","","1674713","6113532",
"Far North District","10/33/7.678","15","S"," ","GREEN LANE","201431393","07/02/2014","Fri","1500","FD","CS1C","181A ","","E","W","ON","L "," ","N","C","100","0","0","0","","","1672238","6115329",
"Far North District","10/63/12.75","150","W"," ","KUPE ROAD","201435359","13/01/2014","Mon","1958","CC","CE1","130A ","C","R","D","O ","F "," "," ","C","060","0","0","0","","","1647439","6127915",
"Far North District","10/79/3.524","200","S"," ","ORURU ROAD","201433526","23/03/2014","Sun","0840","DB","CS1","501A ","C","E","D","BN","F "," ","N","N","100","0","0","0","","","1642760","6127154",
"Far North District","10/79/3.805",""," ","I","TAIPA POINT ROAD","201410258","02/01/2014","Thu","1600","BB","CW1C","103A 124A ","","R","D","B ","F ","T","S","C","060","0","0","1","","","1642527","6127311",
"Far North District","10/79/7.356",""," ","I","PARAPARA ROAD","201435745","07/05/2014","Wed","0735","DB","CW1","111A 131A 357A 514A 904 ","C","R","W","TN","M ","T","S","C","100","0","0","0","","","1639069","6127591",
"Far North District","10/95/1.979","500","W"," ","ZIDICH ROAD","201411742","28/03/2014","Fri","","DB","TS1","101A 135A 613A ","C","M","D","B ","F "," "," ","L","100","0","0","1","","","1630173","6124972",
"Far North District","10/95/2.149","670","S"," ","ZIDICH ROAD","201437778","05/06/2014","Thu","1540","DA","TS1","135A 812 813 ","","M","D","O ","F "," "," ","C","100","0","0","0","","","1630056","6124862",
"Far North District","10/95/2.651","750","E"," ","DUNCAN ROAD","201411582","18/03/2014","Tue","1600","DB","CE1","103A 111A 131A ","FV","M","D","BN","F "," ","N","C","100","0","0","1","","","1630029","6124398",
"Far North District","SH 1N",""," ","I","11/0/0","201437463","12/04/2014","Sat","1000","FA","CN2C","181A 331A 191B ","","E","D","B ","F ","T","G","R","050","0","0","0","","","1697340","6084207",
"Far North District","11/0/0.781","80","N"," ","DERRICK ROAD","201435744","03/04/2014","Thu","1350","FF","CW1C","111A 181A 331A 191B 195B ","","E","D","B ","F "," "," ","C","050","0","0","0","","","1697803","6084465",
"Far North District","11/0/4.732","2000","S"," ","RIGDEN ROAD","201430820","20/01/2014","Mon","1600","DA","CN1","111A 131A ","V","M","W","ON","L "," ","N","L","080","0","0","0","","","1698816","6087241",
"Far North District","11/0/5.732","1000","S"," ","RIGDEN ROAD","201431299","07/02/2014","Fri","1200","DA","CN1","131A ","C","M","W","ON","L "," ","N","L","080","0","0","0","","","1698882","6088058",
"Far North District","11/0/5.857","2700","N"," ","WAIKARE ROAD","201410555","19/02/2014","Wed","1650","DA","CN1","135A 801 806 ","","E","W","ON","L "," ","N","C","080","0","0","1","","","1698860","6088180",
"Far North District","11/0/5.952","780","S"," ","RIGDEN ROAD","201430819","26/01/2014","Sun","1015","DA","CN1","135A 806 ","C","E","W","ON","L "," ","N","C","080","0","0","0","","","1698897","6088266",
"Far North District","11/0/6","6000","N"," ","SH 1N","201431931","20/01/2014","Mon","0920","DB","CS1","137A ","X","M","W","ON","L "," ","N","C","100","0","0","0","","","1698905","6088314",
"Far North District","11/0/6.157","3000","N"," ","WAIKARE ROAD","201413309","05/05/2014","Mon","1600","DA","CN1","116A 131A 801 ","E","M","W","O ","L "," "," ","C","080","0","0","1","","","1698955","6088459",
"Far North District","11/0/6.157","3000","N"," ","WAIKARE ROAD","201433523","19/02/2014","Wed","1240","BF","CN1T","135A 801 815 ","","M","W","ON","L "," ","N","C","080","0","0","0","","","1698955","6088459",
"Far North District","11/0/6.432","300","S"," ","RIGDEN ROAD","201432904","20/02/2014","Thu","0755","DB","CN1","116A 131A 800 801 817 ","","M","W","O ","L "," "," ","N","080","0","0","0","","","1699138","6088658",
"Far North District","11/0/7.102","6000","E"," ","RUAPEKAPEKA ROAD","201430718","06/02/2014","Thu","1100","DA","VS1","137A ","B","M","W","ON","L "," ","G","N","100","0","0","0","","","1699355","6089225",
"Far North District","11/0/9.153","1100","S"," ","ROSS ST","201412861","10/05/2014","Sat","1513","LB","4E1C","303B 378B 801 832 927 ","","R","W","O ","L ","D"," ","L","080","0","2","3","","","1700492","6090413",
"Far North District","11/14/1.56","160","N"," ","KINGS ROAD","201437776","18/05/2014","Sun","1220","EA","CS1CC","103A 129A 130A ","M","R","D","BF","F "," "," ","C","050","0","0","0","","","1699519","6094949",
"Far North District","11/14/1.995","150","S"," ","BAYVIEW ROAD","201410257","04/01/2014","Sat","1030","AD","CN1C","150A 386A 200B 440B ","","R","D","B ","F "," ","N","C","050","0","0","1","","","1699234","6095272",
"Far North District","11/14/2.145",""," ","I","BAYVIEW ROAD","201436502","15/05/2014","Thu","1645","GD","CS1C","181A 331A ","","R","D","O ","F ","T","G","C","050","0","0","0","","","1699122","6095372",
"Far North District","11/14/2.678","20","E"," ","DAVIS CRESCENT W","201430395","09/01/2014","Thu","1530","FC","CE14","181A 331A ","","R","W","O ","L "," ","N","C","050","0","0","0","","","1698690","6095553",
"Far North District","11/14/4.367","1360","S"," ","TE KEMARA AVENUE","201438119","24/04/2014","Thu","2240","DA","CW1","103A 111A 131A ","C","M","D","DN","M "," ","N","C","100","0","0","0","","","1697446","6094745",
"Far North District","11/14/6.471",""," ","I","HARURU FALLS ROAD","201410950","21/02/2014","Fri","1520","JA","CW1CC","308B 375B 930 ","FM","R","W","ON","L ","D","N","L","070","0","0","1","","","1695530","6095317",
"Far North District","11/14/9.461","400","E"," ","RETREAT ROAD","201433525","17/03/2014","Mon","1208","DB","CE1","131A ","V","M","D","BN","F "," ","N","N","100","0","0","0","","","1692817","6094297",
"Far North District","12/0/1.951","350","N"," ","WAITAHEKE ROAD","201436975","15/03/2014","Sat","2020","EC","VS1","901 903 912 ","W","E","W","DN","HS"," "," ","C","100","0","0","0","","","1678988","6086051",
"Far North District","12/0/10.362",""," ","I","WIHONGI ST","201430063","02/01/2014","Thu","1319","CA","CS2C","136A 321A 613A ","T","R","D","BF","F ","T","S","C","050","0","0","0","","","1672844","6081588",
"Far North District","12/0/10.509","10","W"," ","RAIHARA ST","201431952","18/01/2014","Sat","1544","FF","CE1C","181A 357A ","","R","D","BF","F ","T","N","C","050","0","0","0","","","1672717","6081513",
"Far North District","12/0/10.617",""," ","I","CLIFFORD ST","201412919","12/03/2014","Wed","1440","KA","CE1T","301B ","","R","D","B ","F ","T","S","C","050","0","0","1","","","1672626","6081455",
"Far North District","12/0/10.883","100","W"," ","STATION ROAD","201434421","23/04/2014","Wed","1510","MB","VE1C","370B ","","R","D","B ","F "," "," ","C","050","0","0","0","","","1672401","6081313",
"Far North District","12/0/13.393","100","W"," ","WAIMATENUI ROAD","201412225","09/05/2014","Fri","1635","BE","CW1V","129A 134A ","PV","R","D","OF","F "," ","N","C","100","0","1","1","","","1671109","6079320",
"Far North District","12/17/6.306","530","W"," ","PUNAKITERE ROAD E","201434507","10/02/2014","Mon","1903","DA","CE1","131A 517A ","FP","E","D","BN","F "," ","N","C","100","0","0","0","","","1663500","6075524",
"Far North District","12/17/8.776","3000","W"," ","PUNAKITERE ROAD E","201412916","03/05/2014","Sat","1846","DB","CW1","103A 410A ","TX","E","D","DN","F "," "," ","C","100","0","0","2","","","1661446","6075211",
"Far North District","12/17/14.828","3000","S"," ","TAHEKE BR","201437007","02/03/2014","Sun","0600","EC","CS1","912 ","W","E","D","TN","F "," "," ","C","100","0","0","0","","","1656656","6073878",
"Far North District","12/33/0.708","400","E"," ","WAIMA VALLEY ROAD","201437012","07/04/2014","Mon","0530","EC","CW1","912 ","W","R","D","DN","M "," "," ","C","100","0","0","0","","","1655297","6072311",
"Far North District","12/33/3.411","50","N"," ","PERAS ROAD","201413170","25/02/2014","Tue","2040","FA","VN1O","103A 331A 129B 308B 602B 929 ","","R","D","DN","F ","D"," ","C","100","0","1","0","","","1653035","6072811",
"Far North District","12/46/7.739","270","N"," ","WAIMAMAKU BEACH ROAD","201436978","14/03/2014","Fri","1610","DA","4N1","501A ","","E","D","O ","F "," "," ","C","100","0","0","0","","","1641535","6073896",
"Far North District","12/61/1.146","1000","W"," ","PAKANAE CEMETERY ROAD","201431954","27/01/2014","Mon","0115","DA","CW1","101A 131A 410A ","GP","M","W","DN","L "," ","N","C","100","0","0","0","","","1636517","6071444",
"Far North District","12/61/4.254","100","N"," ","KOKOHUIA ROAD","201412920","10/02/2014","Mon","1915","GD","CN1C","331A 350A 929 ","","R","D","TF","F ","D","N","C","050","0","0","1","","","1635211","6069121",
"Far North District","12/74/0.842","1300","W"," ","HALL ROAD","201412921","08/03/2014","Sat","1430","AD","MW1V","104A 132A 151A ","","R","D","B ","F "," "," ","C","070","0","0","1","","","1640317","6064724",
"Far North District","1N/44/1.321","4300","N"," ","SALT ROAD","201433594","02/01/2014","Thu","1530","FB","CN1C","181A ","","E"," "," N","  "," ","G","N","080","0","0","0","","","1597004","6164539",
"Far North District","1N/65/5.124","600","N"," ","WATERFRONT ROAD","201410077","06/01/2014","Mon","1305","LB","4N1V","303B 375B 929 ","","E","D","B ","F ","D"," ","C","100","0","2","0","","","1611041","6147172",
"Far North District","1N/83/4.499","250","N"," ","CAMP ROAD","201410479","18/02/2014","Tue","0900","JA","CE14","308B 378B 929 ","","M","D","O ","F ","D","N","C","100","0","0","1","","","1617026","6132249",
"Far North District","1N/83/12.335","350","S"," ","HEADQUARTERS ROAD","201434343","10/04/2014","Thu","1115","CB","VS1","130A 351A 354A ","VX","R","D","B ","F "," "," ","C","100","0","0","0","","","1618513","6125771",
"Far North District","1N/83/18.716","1000","N"," ","SH 10","201434648","23/04/2014","Wed","1715","DA","4S1","135A 363A 902 ","","M","D","BF","F "," ","N","C","100","0","0","0","","","1623223","6122757",
"Far North District","1N/104/2.35","20","S"," ","BROTT ROAD","201410987","19/02/2014","Wed","1530","CB","CN1","129A 358A ","V","R","D","ON","F ","T","S","C","100","0","0","1","","","1623512","6119474",
"Far North District","1N/104/4.671","90","N"," ","WIRELESS ROAD","201412569","21/04/2014","Mon","0525","EC","CS1","912 ","VW","R","W","DN","F "," "," ","C","100","0","0","1","","","1623426","6117155",
"Far North District","1N/104/6.226","50","S"," ","MILKY WAY","201432517","07/02/2014","Fri","0925","EA","CN14","386A ","M","R","W","B ","F "," ","N","P","050","0","0","0","","","1623649","6115695",
"Far North District","1N/104/7.57",""," ","I","EMPIRE ST","201412885","13/05/2014","Tue","1454","HA","CN1C","301B 370B ","","R","D","O ","F ","T","S","C","050","0","0","1","","","1624068","6114568",
"Far North District","1N/104/10.524","100","E"," ","LARMER ROAD","201412308","21/03/2014","Fri","1345","GC","CE1S","197A 174B 929 ","","E","D","B ","F ","D"," ","C","100","0","0","1","","56","1626272","6113105",
"Far North District","1N/104/11.226","200","E"," ","FRYER ROAD","201412307","03/04/2014","Thu","2147","DB","CE1","135A 402A 800 904 ","V","E","W","DN","M "," "," ","C","100","0","0","2","","","1626943","6112915",
"Far North District","1N/104/12.506","1480","E"," ","FRYER ROAD","201413767","09/06/2014","Mon","0515","DA","CW1","131A 901 ","F","M","W","DN","H "," ","N","C","100","0","0","1","","","1628190","6113046",
"Far North District","1N/104/14.062","140","S"," ","WAIPAPAKAURI DOMAIN ROAD","201430392","22/01/2014","Wed","1120","DB","CW1","103A 111A ","VX","M","D","O ","F "," ","N","C","100","0","0","0","","","1629481","6113744",
"Far North District","1N/119/10.034","20","N"," ","MANGAMUKA CHURCH ROAD","201412141","07/05/2014","Wed","2121","EC","CN1","912 ","W","R","D","DN","F "," "," ","C","100","0","0","2","","","1638458","6109513",
"Far North District","1N/119/14.054","4000","S"," ","KITCHEN ROAD","201434410","27/04/2014","Sun","1716","BC","CN14","121A 801 ","","S","W","O ","L "," "," ","C","100","0","0","0","","","1640694","6106809",
"Far North District","1N/134/11.757",""," ","I","IWITAUA ROAD","201434342","03/04/2014","Thu","0630","EC","VS1","912 ","W","S","D","DN","M ","T","G","C","100","0","0","0","","","1649186","6103532",
"Far North District","1N/134/11.757",""," ","I","IWITAUA ROAD","201431437","09/03/2014","Sun","2120","DA","4S1","101A 111A ","","E","D","DN","F ","T","N","C","100","0","0","0","","","1649186","6103532",
"Far North District","1N/167/7.534","100","N"," ","PUKEPOTO ROAD","201413168","06/02/2014","Thu","1059","DA","CE1","102A 111A 131A 800 801 ","V","S","W","O ","L "," "," ","C","100","0","0","1","","","1667051","6093629",
"Far North District","1N/167/14.55",""," ","I","WEHIRUA ROAD","201431929","04/01/2014","Sat","1105","GD","CN1C","333A 363A ","","R","D","BF","F ","T","G","C","100","0","0","0","","","1672665","6091271",