"TLA NAME","CRASH ROAD","CRASH DIST","CRASH DIRN","INTSN","SIDE ROAD","CRASH ID","CRASH DATE","CRASH DOW","CRASH TIME","MVMT","VEHICLES","CAUSES","OBJECTS STRUCK","ROAD CURVE","ROAD WET","LIGHT","WTHRa","JUNC TYPE","TRAF CTRL","ROAD MARK","SPD LIM","CRASH FATAL CNT","CRASH SEV CNT","CRASH MIN CNT","PERS AGE1","PERS AGE2","EASTING","NORTHING"
"Far North District","1N/185/0.02","20","E"," ","TE PUA ROAD","201432490","25/02/2014","Tue","1725","MC","VE1C","197A 355B 372B ","V","R","D","BN","F "," ","N","L","100","0","0","0","","","1675279","6089194",
"Far North District","1N/185/0.5","500","E"," ","TE PUA ROAD","201431953","07/02/2014","Fri","1536","DA","CW1","501A ","FT","M","W","ON","L "," ","N","L","100","0","0","0","","","1675737","6089065",
"Far North District","1N/185/3.566","2130","N"," ","SH 12","201436991","14/05/2014","Wed","0609","DB","CN1","363A 904 ","FJ","E","W","DN","M "," "," ","C","100","0","0","0","","","1678596","6089009",
"Far North District","1N/190/0.012","20","W"," ","HOBSON ST","201412917","30/04/2014","Wed","0044","DA","VW1","410A ","F","E","D","DN","F "," "," ","C","100","0","0","3","","","1680156","6087574",
"Far North District","1N/198/5.615","70","E"," ","HAUTAPU ROAD","201432969","12/03/2014","Wed","2140","EC","4E1","911 ","W","S","D","DN","F "," ","N","L","100","0","0","0","","","1690688","6083208",
"Far North District","1N/198/6.145","600","E"," ","HAUTAPU ROAD","201437461","05/05/2014","Mon","1900","FD","4E1V","111A 181A 331A 901 ","","E","W","DN","H "," "," ","C","100","0","0","0","","","1691136","6083369",
"Far North District","1N/198/6.666","20","E"," ","SNOWDON AVENUE","201436977","28/02/2014","Fri","1150","EA","TE14","129A ","M","R","D","B ","F ","T","N","C","050","0","0","0","","","1691638","6083302",
"Far North District","1N/198/6.861",""," ","I","NISBET ST","201412923","18/05/2014","Sun","1500","HA","CE1C","101B 321B ","","R","D","B ","F ","X","S","P","050","0","0","1","","","1691822","6083358",
"Far North District","1N/198/13.35",""," ","I","SH 11","201411676","13/03/2014","Thu","1102","CB","CN1","427A ","I","R","D","OF","F ","T","S","R","050","0","0","1","","","1697340","6084207",
"Far North District","1N/211/0.15","150","S"," ","SH 11","201432566","21/01/2014","Tue","1705","DA","CN1","131A 404A ","BS","E","D","B ","F "," ","N","C","050","0","0","0","","","1697296","6084066",
"Far North District","1N/211/2.3","2300","S"," ","SH 11","201432491","21/02/2014","Fri","1815","DB","CN1","111A 132A 801 ","G","S","W","ON","L "," ","N","L","100","0","0","0","","","1697208","6082057",
"Far North District","1N/211/2.607","910","N"," ","WAIOMIO ROAD","201432565","20/01/2014","Mon","1705","DA","CS1","110A 131A ","F","M","W","O ","F "," ","N","C","100","0","0","0","","","1697217","6081755",
"Far North District","1N/215/0.2","200","S"," ","WAIOMIO ROAD","201410751","04/01/2014","Sat","1855","BF","VN1CC","121A 137A ","","E","D","B ","F "," ","N","C","100","0","1","1","","","1697451","6080700",
"Far North District","1N/215/0.63","630","S"," ","WAIOMIO ROAD","201412863","16/04/2014","Wed","0900","GC","CN14","387A 174B 372B 929 ","CC","R","D","B ","F ","D"," ","L","100","0","1","2","","","1697406","6080273",
"Far North District","1N/215/1.483","5000","S"," ","SH 11","201435492","30/04/2014","Wed","1820","EC","CN1","912 ","W","E","D","TF","F "," ","N","C","100","0","0","0","","","1697211","6079462",
"Far North District","1N/215/2.176","200","S"," ","TARAKIHI ROAD","201437712","04/05/2014","Sun","1500","CB","CN1","130A 412A ","C","R","D","BN","F "," "," ","C","100","0","0","0","","","1697262","6078777",
"Far North District","1N/215/3.476","1500","S"," ","TARAKIHI ROAD","201435638","07/01/2014","Tue","1430","QG","4N1","131A 668A 687A ","G","E","D","B ","F "," "," ","C","100","0","0","0","","","1697706","6077558",
"Far North District","1N/215/6.828","1000","N"," ","CALLAGHAN ROAD","201434420","01/04/2014","Tue","0100","DA","CN1","414A ","T","M","D","DN","F "," "," ","C","100","0","0","0","","","1698971","6074701",
"Far North District","1N/215/10.028","2200","S"," ","CALLAGHAN ROAD","201411673","11/01/2014","Sat","0935","AC","CS1C","159A ","V","R","D","BN","F "," ","N","C","100","0","0","2","","","1701219","6073245",
"Far North District","1N/215/11.645","50","W"," ","RUAPEKAPEKA ROAD","201410871","20/01/2014","Mon","0950","FA","BW1C","112A 331A 901 ","","R","W","O ","H "," "," ","C","100","0","0","3","","","1702563","6072581",
"Far North District","1N/215/11.67","25","S"," ","SNOWDON AVENUE","201434422","21/04/2014","Mon","0027","CB","CW1","130A 404A 423A ","F","R","D","DO","F "," "," ","P","050","0","0","0","","","1702573","6072558",
"Far North District","1N/215/12.365","220","S"," ","WHANGAE ROAD","201430483","03/01/2014","Fri","1100","EC","4S14","668A ","D","R","D","B ","F "," ","N","C","100","0","0","0","","","1702775","6071895",
"Far North District","1N/215/13.1","130","W"," ","COLCROFT ROAD","201432522","16/02/2014","Sun","1315","BB","TW1C","123A ","","M","D","O ","F "," ","N","N","100","0","0","0","","","1703369","6071531",
"Far North District","1N/215/13.48","250","E"," ","COLCROFT ROAD","201434338","06/04/2014","Sun","1245","DA","CE1","131A 358A ","V","E","D","B ","F "," "," ","C","100","0","0","0","","","1703739","6071458",
"Far North District","1N/215/15.64","550","W"," ","AKERAMA ROAD","201432502","06/02/2014","Thu","1000","DB","CS1","131A 801 ","","M","W","O ","L "," ","N","C","100","0","0","0","","","1705732","6071100",
"Far North District","1N/215/16.29","100","S"," ","AKERAMA ROAD","201438038","30/05/2014","Fri","0908","DB","CN1","131A 801 901 ","C","M","W","O ","H "," "," ","C","100","0","0","0","","","1706337","6070935",
"Far North District","1N/215/16.34","150","E"," ","AKERAMA ROAD","201432944","16/03/2014","Sun","1100","DB","CW1","111A 131A 801 ","C","M","W","O ","L "," "," ","C","100","0","0","0","","","1706386","6070928",
"Far North District","1N/215/16.34","150","E"," ","AKERAMA ROAD","201434972","20/04/2014","Sun","0720","DB","CW1","131A ","V","M","W","OF","F "," ","N","C","100","0","0","0","","","1706386","6070928",
"Far North District","1N/215/17.781","40","N"," ","RUSK ROAD","201411058","16/01/2014","Thu","0727","DA","CN1","116A 339A 402A 817 ","C","E","D","B ","F "," "," ","N","100","0","0","1","","","1706914","6069682",
"Far North District","1N/233/0.3","300","N"," ","RUSK ROAD","201430058","02/01/2014","Thu","1330","FD","CS1C","181A ","","R","D","BN","F "," ","N","C","100","0","0","0","","","1707230","6069555",
"Far North District","1N/233/1.973","100","E"," ","CROWS NEST ROAD","201433288","10/03/2014","Mon","2139","EC","4N1","912 ","W","E","W","DN","M "," ","N","C","100","0","0","0","","","1708618","6068652",
"Gisborne District","ANZAC ST",""," ","I","STANLEY ROAD","201434177","08/04/2014","Tue","1530","DB","CS2","101A 111A 131A 517A 801 ","KS","R","W","O ","L ","T","G","X","050","0","0","0","","","2035679","5708649",
"Gisborne District","ARMSTRONG ROAD","1440","E"," ","TARNDALE ROAD","201410763","10/03/2014","Mon","1500","DA","TS1","131A 406A ","EF","E","D","B ","F "," ","N","C","100","0","0","1","","","2021934","5749856",
"Gisborne District","ATKINSON ST",""," ","I","STOUT ST","201437855","04/06/2014","Wed","1815","JA","CN1C","302B 375B ","","R","D","DO","F ","X","G","C","050","0","0","0","","","2035940","5710694",
"Gisborne District","BACK ORMOND ROAD","300","S"," ","SH 2","201430168","01/01/2014","Wed","0230","EB","CS1C","370A 402A 102B 602B 102 ","M","R","D","DN","F "," ","N","C","100","0","0","0","","","2029530","5718081",
"Gisborne District","BALLANCE ST","10","W"," ","ORMOND ROAD","201433417","20/03/2014","Thu","0930","MO","CW1C","371A ","M","R","D","BF","F ","X","S","C","050","0","0","0","","","2037344","5709518",
"Gisborne District","BUSHMERE ROAD",""," ","I","BELL ST","201412361","10/04/2014","Thu","0030","DC","CE2","103A 335A 410A ","P","R","D","DN","F ","T","G","C","100","0","0","1","","","2030598","5710636",
"Gisborne District","BUSHMERE ROAD","1520","S"," ","FERRY ROAD","201413607","02/06/2014","Mon","1908","DA","TN1","111A 131A 801 ","FV","M","W","DN","L "," "," ","C","100","0","0","2","","","2028235","5714486",
"Gisborne District","CHILDERS ROAD",""," ","I","BRIGHT ST","201431051","18/02/2014","Tue","1458","HA","CS1V","302A 375A ","","R","D","B ","F ","R","G","C","050","0","0","0","","","2037160","5708228",
"Gisborne District","CHILDERS ROAD",""," ","I","BRIGHT ST","201436026","18/04/2014","Fri","1215","HA","CW2V","302A 375A ","","R","W","OF","H ","R","G","P","050","0","0","0","","","","",
"Gisborne District","CHILDERS ROAD","15","W"," ","COLLINS ST","201436916","23/05/2014","Fri","1116","EE","BE1C","374B ","M","R","D","B ","F "," "," ","C","050","0","0","0","","","2035394","5709202",
"Gisborne District","CHILDERS ROAD",""," ","I","GREY ST","201435653","01/05/2014","Thu","0740","HA","CN2C","302A 363A 902 ","","R","D","B ","F ","R","G","R","050","0","0","0","","","2037071","5708307",
"Gisborne District","CHILDERS ROAD",""," ","I","GREY ST","201433505","11/03/2014","Tue","0600","HA","CS2C","302A 375A ","","R","D","BF","F ","R","G","R","050","0","0","0","","","2037071","5708307",
"Gisborne District","CHILDERS ROAD",""," ","I","LOWE ST","201436511","09/05/2014","Fri","1447","HA","CN1C","301B 370B 402B ","","R","D","O ","F ","X","S","P","050","0","0","0","","","2037340","5708040",
"Gisborne District","CHILDERS ROAD","100","E"," ","STANLEY ROAD","201412379","07/04/2014","Mon","1500","NB","VE1E","712B 713B 801 ","","R","W","O ","L "," "," ","C","050","0","0","1","12","","2035946","5708996",
"Gisborne District","CRAWFORD ROAD",""," ","I","PARAU ST","201430169","07/01/2014","Tue","1549","DC","CS1","130A 501A ","F","R","D","BF","F ","X","G","C","050","0","0","0","","","2037992","5707409",
"Gisborne District","DERBY ST",""," ","I","PALMERSTON ROAD","201433858","17/04/2014","Thu","1440","KA","CW2C","302B ","","M","W","O ","H ","R","G","R","050","0","0","0","","","2037226","5708631",
"Gisborne District","E LAUTOUR ROAD",""," ","I","RUTENE ROAD","201437160","23/05/2014","Fri","0900","HA","CN2C","302A 375A ","","E","D","BF","F ","R","G","R","050","0","0","0","","","","",
"Gisborne District","ENDCLIFFE ROAD",""," ","I","CAMBRIDGE TERRACE","201434388","14/02/2014","Fri","2250","DB","CS1","501A ","I","R","D","DO","F ","R","G","R","050","0","0","0","","","2038681","5706945",
"Gisborne District","ENDCLIFFE ROAD",""," ","I","RANFURLY ST","201434897","21/03/2014","Fri","1510","HA","CE2V","302A 375A 645A ","","R","W","OF","H ","X","G","C","050","0","0","0","","","2038719","5707013",
"Gisborne District","ESPLANADE",""," ","I","CRAWFORD ROAD","201435166","30/03/2014","Sun","0500","CC","CN1","110A 129A ","S","R","D","DO","F ","T","N","R","050","0","0","0","","","2037677","5707632",
"Gisborne District","FOX ST","50","E"," ","WHITAKER ST","201437004","11/05/2014","Sun","1110","CB","CW1","130A 195A 402A ","F","R","D","B ","F "," "," ","C","050","0","0","0","","","2037958","5709117",
"Gisborne District","FOX ST","100","S"," ","WHITAKER ST","201432369","12/03/2014","Wed","0730","EA","CS1C","129A ","M","E","D","B ","F "," "," ","C","050","0","0","0","","","2037818","5709064",
"Gisborne District","GLADSTONE ROAD","2","E"," ","BLOOMFIELD ROAD","201430153","02/01/2014","Thu","1030","AA","4W1C","170A 372A ","","R","D","B ","F ","T","G","R","050","0","0","0","","","2035427","5709788",
"Gisborne District","GLADSTONE ROAD",""," ","I","BLOOMFIELD ROAD","201437763","06/06/2014","Fri","1630","GD","4N1C","129A 350A ","","R","D","B ","F ","X","G","R","050","0","0","0","","","2035425","5709789",
"Gisborne District","GLADSTONE ROAD","20","N"," ","BRIGHT ST","201435692","29/04/2014","Tue","1130","ME","CN1C","371B ","","R","D","B ","F "," "," ","C","050","0","0","0","","","2037264","5708345",
"Gisborne District","GLADSTONE ROAD","15","E"," ","CARNARVON ST","201432367","05/03/2014","Wed","2245","MA","CE1C","373B ","","E","W","DO","L "," "," ","C","050","0","0","0","","","2036806","5708822",
"Gisborne District","GLADSTONE ROAD","20","E"," ","CHALMERS ROAD","201412877","15/05/2014","Thu","1530","NA","CW1E","712B 713B 801 ","","R","W","O ","L ","T","S","R","050","0","0","1","12","","2034468","5710189",
"Gisborne District","GLADSTONE ROAD","15","N"," ","COBDEN ST","201433291","11/03/2014","Tue","0930","MO","CN1C","371A ","M","R","D","BF","F "," ","N","C","050","0","0","0","","","2036939","5708684",
"Gisborne District","GLADSTONE ROAD","100","W"," ","COBDEN ST","201411700","12/03/2014","Wed","1055","MC","CW1C","372B ","","R","D","B ","F "," "," ","C","050","0","0","2","","","2036880","5708746",
"Gisborne District","GLADSTONE ROAD",""," ","I","COBDEN ST","201434607","21/04/2014","Mon","1150","HA","CW2C","302A 375A ","","R","D","BN","F ","X","G","C","050","0","0","0","","","2036949","5708674",
"Gisborne District","GLADSTONE ROAD",""," ","I","COLLINS ST","201434175","10/04/2014","Thu","1236","GD","CE1C","333A ","","R","D","O ","F ","T","G","R","050","0","0","0","","","2035603","5709693",
"Gisborne District","GLADSTONE ROAD","15","E"," ","DERBY ST","201413828","09/06/2014","Mon","1400","PO","4N1E","371A 730B 818 ","","R","D","O ","F "," "," ","C","050","0","0","1","53","","","",
"Gisborne District","GLADSTONE ROAD","20","N"," ","LOWE ST","201434349","10/04/2014","Thu","1350","MO","TS1C","371A ","","R","W","O ","L "," "," ","C","050","0","0","0","","","2037439","5708163",
"Gisborne District","GLADSTONE ROAD",""," ","I","LYTTON ROAD","201434909","28/03/2014","Fri","1720","FB","4W1C","103A 181A ","","R","D","BF","F ","R","G","R","050","0","0","0","","","2035042","5709997",
"Gisborne District","GLADSTONE ROAD","40","E"," ","PEEL ST","201438329","28/05/2014","Wed","1351","FA","CS1C","331A 352A 402A ","","R","D","B ","F "," "," ","C","050","0","0","0","","","2037393","5708210",
"Gisborne District","GLADSTONE ROAD","20","S"," ","PEEL ST","201431522","16/01/2014","Thu","1025","MO","VN1C","371A 370B ","","R","D","BF","F "," "," ","C","050","0","0","0","","","2037379","5708225",
"Gisborne District","GREY ST","20","W"," ","GLADSTONE ROAD","201433859","15/04/2014","Tue","1240","QD","CW1","428A ","H","R","D","B ","F "," "," ","C","050","0","0","0","","","2037170","5708402",
"Gisborne District","IHUNGIA ROAD","6000","W"," ","TUAKAU ROAD","201400029","13/02/2014","Thu","0840","QB","TS1","130A 522A 614A ","C","M","D","BN","F "," "," ","N","100","1","0","0","","","2049061","5776432",
"Gisborne District","IOAPA ROAD","60","N"," ","MAIN ROAD","201413248","28/03/2014","Fri","1145","PO","TS1E","330A 371A 719B 730B ","","R","D","B ","F "," ","N","C","050","0","1","1","26","","2024832","5730847",
"Gisborne District","KAHUTIA ST",""," ","I","PEEL ST","201438332","28/05/2014","Wed","0830","LB","CN1C","303B 353B ","","R","D","B ","F ","X","G","X","050","0","0","0","","","2037113","5707997",
"Gisborne District","LYTTON ROAD","10","S"," ","GLADSTONE ROAD","201437762","30/05/2014","Fri","1730","FD","CN1C","181A 331A 801 ","","R","W","DO","L ","R","G","R","050","0","0","0","","","","",
"Gisborne District","LYTTON ROAD",""," ","I","GLADSTONE ROAD","201410381","13/01/2014","Mon","1537","QB","CN1","523A 532A ","","E","D","BF","F ","R","G","R","050","0","0","2","","","2035022","5709994",
"Gisborne District","LYTTON ROAD",""," ","I","KEIHA ST","201412285","24/05/2014","Sat","1130","FB","VE1C","181A ","FP","R","D","B ","F ","T","S","C","050","0","0","1","","","2035529","5711205",
"Gisborne District","LYTTON ROAD",""," ","I","ORMOND ROAD","201435584","08/04/2014","Tue","","FC","CN1C","181A 331A 901 ","","R","W","O ","H ","T","S","C","050","0","0","0","","","2035588","5711344",
"Gisborne District","LYTTON ROAD",""," ","I","STOUT ST","201413354","31/05/2014","Sat","1110","DA","CS1E","111A 131A 801 ","K","M","W","O ","L ","R","G","R","050","0","1","0","85","","2035376","5710843",
"Gisborne District","MAIN ROAD","200","E"," ","PARKER LANE","201412589","01/05/2014","Thu","0920","AO","VE1C","431A 130B 431B ","FS","R","D","B ","F "," "," ","C","050","0","0","1","","","2033124","5710428",
"Gisborne District","MANGAPAPA ROAD","15","E"," ","CLIFFORD ST","201433301","08/03/2014","Sat","1400","MO","CW1V","371A ","M","R","D","BF","F "," ","N","C","050","0","0","0","","","2037057","5710150",
"Gisborne District","MOTU ROAD","2700","N"," ","SH 2","201410841","07/02/2014","Fri","0600","DA","CN1","111A 131A 901 904 ","C","M","W","TN","M "," "," ","N","100","0","0","1","","","1996282","5747368",
"Gisborne District","MOTU ROAD","3000","N"," ","SH 2","201436027","19/04/2014","Sat","1500","EC","4S1","135A 812 823 901 ","CL","M","W","ON","HS"," ","N","N","100","0","0","0","","","","",
"Gisborne District","NELSON ROAD","10","W"," ","PARKVIEW PLACE","201413619","26/05/2014","Mon","1807","JA","CW1C","308B 378B 927 ","","R","D","B ","F ","D"," ","C","050","0","0","2","","","2034729","5710808",
"Gisborne District","NGAIO ST","50","N"," ","CHILDERS ROAD","201432370","28/02/2014","Fri","2200","MO","CS1C","371A 929 ","","E","D","DO","F ","D","N","N","050","0","0","0","","","2035231","5709315",
"Gisborne District","ORMOND ROAD",""," ","I","BALLANCE ST","201434581","14/03/2014","Fri","0945","JA","CS1V","301B 375B ","","R","D","BF","F ","T","S","C","050","0","0","0","","","2037352","5709524",
"Gisborne District","ORMOND ROAD",""," ","I","BALLANCE ST","201436152","03/05/2014","Sat","1633","HA","CW1C","301B 902 ","","R","D","B ","F ","T","S","P","050","0","0","0","","","2037352","5709524",
"Gisborne District","ORMOND ROAD","150","S"," ","HALL ST","201432379","02/03/2014","Sun","1120","MC","CS1C","372B ","","R","D","B ","F "," "," ","C","050","0","0","0","","","2037564","5709217",
"Gisborne District","ORMOND ROAD",""," ","I","VALLEY ROAD","201435268","19/04/2014","Sat","1320","DC","4W2","191A 801 ","S","R","W","O ","L ","T","G","C","050","0","0","0","","","2035957","5711023",
"Gisborne District","OXFORD ST","30","S"," ","RANFURLY ST","201433911","30/03/2014","Sun","1513","QD","CS1","330A 428A ","JP","E","D","B ","F "," ","N","C","050","0","0","0","","","2038569","5707070",
"Gisborne District","PEEL ST",""," ","I","PALMERSTON ROAD","201435165","25/03/2014","Tue","1230","GD","CW1C","181A ","","R","D","B ","F ","X","T","C","050","0","0","0","","","2037483","5708353",
"Gisborne District","RANGITUKIA ROAD","3400","N"," ","SH 35","201411919","14/03/2014","Fri","1300","CB","4N1","103A 137A ","C","R","D","BN","F "," ","N","C","100","0","0","2","","","2079326","5804767",
"Gisborne District","ROEBUCK ROAD","20","N"," ","PALMERSTON ROAD","201434176","08/04/2014","Tue","1550","FD","CN1C","331A 901 ","","R","W","O ","H "," "," ","C","050","0","0","0","","","2036630","5709290",
"Gisborne District","RUA ST",""," ","I","ORMOND ROAD","201433289","14/03/2014","Fri","0845","BC","TS2C","122A ","","R","D","BF","F ","T","G","C","050","0","0","0","","","2036837","5710266",
"Gisborne District","RUAKAKA ROAD","3800","N"," ","BERRY ROAD","201412850","04/04/2014","Fri","1500","BB","BW1C","123A ","","M","W","O ","F "," "," ","N","100","0","0","1","","","1993474","5701136",
"Gisborne District","RUSSELL ST","100","S"," ","RICHARDSON AVENUE","201432378","02/03/2014","Sun","0625","QD","4N1","103A 428A ","JT","R","D","DN","F "," "," ","N","050","0","0","0","","","2038116","5709262",
"Gisborne District","RUTENE ROAD",""," ","I","CRAIG ROAD","201437852","27/05/2014","Tue","0840","HA","CN1C","301A 375A ","","R","D","B ","F ","X","S","C","050","0","0","0","","","2039004","5707368",
"Gisborne District","RUTENE ROAD","60","E"," ","HARRIS ST","201412179","17/01/2014","Fri","1616","BE","SW1C","105A 128A 205A ","","R","D","O ","F "," "," ","C","050","0","0","1","","49","2038099","5707996",
"Gisborne District","RUTENE ROAD","70","N"," ","WILDISH ST","201433909","29/03/2014","Sat","0755","EA","CN1C","129A 358A ","M","R","D","B ","F "," ","N","C","050","0","0","0","","","2039077","5707296",
"Gisborne District","RUTENE ROAD","70","N"," ","WILDISH ST","201439909","29/03/2014","Sat","0755","EA","CN1C","129A 358A ","M","R","D","B ","F "," ","N","C","050","0","0","0","","","2039077","5707296",
"Gisborne District","SH 2","110","N"," ","BUSHMERE ROAD","201413396","04/06/2014","Wed","2120","AD","CW1","112A 133A ","V","R","W","DN","F "," "," ","C","100","0","0","3","","","","",
"Gisborne District","SH 2","15","S"," ","KING ROAD","201436028","18/04/2014","Fri","0455","CC","CN1","103A ","V","R","W","DO","H "," ","N","C","100","0","0","0","","","","",
"Gisborne District","SPONGE BAY ROAD","1160","S"," ","SH 35","201410593","14/02/2014","Fri","1945","DA","CS1","103A 111A 131A ","T","M","D","BF","F "," ","N","C","070","0","1","0","","","2040018","5704694",
"Gisborne District","STANLEY ROAD","20","S"," ","CHILDERS ROAD","201430165","02/01/2014","Thu","1515","CC","4N1","112A 130A 353A ","F","R","D","BF","F "," ","N","C","050","0","0","0","","","2035829","5709007",
"Gisborne District","STANLEY ROAD","100","N"," ","SH 35","201434583","12/03/2014","Wed","","EA","CN1T","129A ","M","R","D","DO","F "," ","N","C","050","0","0","0","","","2035472","5708175",
"Gisborne District","STANLEY ROAD","150","N"," ","SH 35","201431052","10/02/2014","Mon","1130","MC","VS14","140B 372B ","","R","D","B ","F "," ","N","C","050","0","0","0","","","2035492","5708221",
"Gisborne District","STOUT ST",""," ","I","WI PERE ST","201437854","28/05/2014","Wed","1710","FA","CS1C","112A 181A ","","R","D","B ","F ","R","G","P","050","0","0","0","","","2037123","5709634",
"Gisborne District","TAUWHAREPARAE ROAD","1000","W"," ","PAREMATA ROAD","201413659","16/06/2014","Mon","1030","KB","TS1V","308B 378B 831 834 927 ","","M","D","O ","F ","D"," ","C","100","0","0","1","","","2060935","5740598",
"Gisborne District","TINIROTO ROAD","4000","W"," ","BRUNTON ROAD","201412940","09/05/2014","Fri","0840","DA","4E1","804 ","F","M","D","B ","F "," "," ","N","100","0","0","1","","","2020376","5708884",
"Gisborne District","TINIROTO ROAD","500","W"," ","ROCKHILL ROAD","201434820","17/03/2014","Mon","1032","DA","4W1","136A 804 841 ","F","E","D","BN","F "," ","N","C","100","0","0","0","","","2012410","5706701",
"Gisborne District","TINIROTO ROAD",""," ","I","ROCKHILL ROAD","201434896","17/03/2014","Mon","0750","DA","CW1","135A 804 844 ","","E","D","BN","F ","T","N","C","100","0","0","0","","","2012792","5706404",
"Gisborne District","TITOKI ST",""," ","I","LYTTON ROAD","201413673","27/05/2014","Tue","0800","ND","CS2E","124A 363A 370A 902 ","","M","W","B ","F ","T","G","C","050","0","1","0","45","","2034854","5709594",
"Gisborne District","VALLEY ROAD","30","S"," ","JAMES ST","201436629","09/05/2014","Fri","0820","LB","CN1C","303B 363B 902 929 ","","R","D","B ","F ","D","N","N","050","0","0","0","","","2036231","5711336",
"Gisborne District","WHAKATO ROAD","200","S"," ","WAINGAKE ROAD","201431788","11/02/2014","Tue","2210","DA","4S1C","103A 131A ","M","E","D","DO","F "," "," ","C","050","0","0","0","","","2027152","5707216",
"Gisborne District","WHAREKOPAE ROAD",""," ","I","KIRKPATRICK ROAD","201400105","15/05/2014","Thu","1900","DB","CN1","111A 131A ","P","E","W","DF","L ","X","G","C","100","1","0","0","","","2027080","5712398",
"Gisborne District","WHATATUTU ROAD","160","S"," ","OTARA ROAD","201432413","13/01/2014","Mon","0858","DA","CS1","129A 134A ","","M","D","B ","F "," "," ","C","100","0","0","0","","","2021824","5735611",
"Gisborne District","WI PERE ST","50","W"," ","STOUT ST","201410762","30/03/2014","Sun","1549","MA","VW1C","330B 373B ","","R","D","B ","F "," ","N","C","050","0","0","2","","","2037081","5709605",
"Gisborne District","WINTER ST","30","N"," ","ORMOND ROAD","201430585","13/01/2014","Mon","1515","MO","CN14","371B ","","R","D","B ","F "," "," ","C","050","0","0","0","","","2036180","5710868",
"Gisborne District","2/361/11.457","3000","W"," ","RAUMATI ST","201438331","30/05/2014","Fri","2130","DB","4W1","195A 402A 901 903 904 ","V","M","W","DO","MS"," "," ","C","100","0","0","0","","","1993747","5744334",
"Gisborne District","2/375/10.684","50","N"," ","CEMETERY ROAD","201431523","22/01/2014","Wed","1030","CB","TN1","129A 130A 901 ","F","R","W","O ","H "," "," ","L","100","0","0","0","","","1999376","5736016",
"Gisborne District","2/390/2.104","1000","W"," ","MAKARETU ROAD","201413618","03/06/2014","Tue","0330","QG","TN1","129A 130A 615A 801 ","","E","W","DN","L "," "," ","C","100","0","0","2","","","2004971","5733298",
"Gisborne District","2/390/6.048","2200","N"," ","HIHIROROA ROAD","201433910","30/03/2014","Sun","0530","DA","4E1","103A 137A 402A ","CV","M","D","DN","F "," ","N","C","100","0","0","0","","","2007983","5731277",
"Gisborne District","2/406/0.96",""," ","A","WAIKOHU NO3 BR","201435654","18/02/2014","Tue","1625","BA","TE1C","386A 412A 386B 402B 818 ","","R","D","B ","F "," "," ","C","100","0","0","0","","","2017278","5732873",
"Gisborne District","2/406/8.823","300","W"," ","CLIFF ROAD","201436896","22/05/2014","Thu","1200","DA","4S1","129A 134A ","EF","M","D","B ","F "," "," ","C","100","0","0","0","","","2024017","5730113",
"Gisborne District","2/416/9.97","250","S"," ","HATTEN LANE","201412844","30/03/2014","Sun","0115","QG","TS1","104A 131A ","FP","M","D","DN","F "," "," ","C","100","0","1","0","","","2027354","5724306",
"Gisborne District","2/429/1.428","30","N"," ","CAESAR ROAD","201438330","31/05/2014","Sat","1945","BE","CS14","129A 130A 605A 801 ","","R","W","DN","L "," "," ","C","100","0","0","0","","","2029152","5719949",
"Gisborne District","2/429/10.385","60","N"," ","FARMER ROAD","201413743","13/06/2014","Fri","1800","DA","CN1","131A ","EV","M","W","DN","L "," ","N","C","100","0","0","1","","","2030716","5711575",
"Gisborne District","2/429/10.496",""," ","I","PILMER ROAD","201434582","06/03/2014","Thu","1436","JA","CS1V","301B 353B 375B ","P","M","D","BN","F ","X","S","C","100","0","0","0","","","2030765","5711476",
"Gisborne District","2/429/13.438",""," ","I","BUSHMERE ROAD S","201437853","01/06/2014","Sun","1420","GE","4W1C","160A ","","R","D","O ","F ","T","N","C","100","0","0","0","","","2031165","5709901",
"Gisborne District","2/429/13.862","200","N"," ","SH 35 AWAPUNI","201431787","14/02/2014","Fri","0853","QG","4S1","130A 631A ","S","R","D","B ","F "," "," ","C","100","0","0","0","","","2030786","5709711",
"Gisborne District","TINIROTO ROAD",""," ","I","2/443/2.981","201412478","07/04/2014","Mon","0040","DA","TN2","130A 402A 412A 801 ","P","M","W","DO","L ","R","G","C","100","0","0","1","","","2027844","5710290",
"Gisborne District","2/443/15.587","470","S"," ","MURIWAI BEACH ROAD","201434218","28/02/2014","Fri","1805","DA","CN1","131A 402A ","V","M","D","B ","F "," "," ","C","100","0","0","0","","","2027371","5698465",
"Gisborne District","2/443/16.837",""," ","I","WILLIAMS ROAD","201412928","12/05/2014","Mon","0219","DC","CN1","131A 410A ","P","E","D","DN","M ","T","G","C","100","0","0","1","","","2026914","5697375",