"TLA NAME","CRASH ROAD","CRASH DIST","CRASH DIRN","INTSN","SIDE ROAD","CRASH ID","CRASH DATE","CRASH DOW","CRASH TIME","MVMT","VEHICLES","CAUSES","OBJECTS STRUCK","ROAD CURVE","ROAD WET","LIGHT","WTHRa","JUNC TYPE","TRAF CTRL","ROAD MARK","SPD LIM","CRASH FATAL CNT","CRASH SEV CNT","CRASH MIN CNT","PERS AGE1","PERS AGE2","EASTING","NORTHING"
"Gisborne District","2/443/17.219","540","N"," ","NICKS HEAD STATION ROAD","201412343","25/03/2014","Tue","1227","DA","CS1","129A 134A ","F","E","D","B ","F "," "," ","C","100","0","0","1","","","2027154","5696960",
"Gisborne District","35/132/7.465","7300","E"," ","WAIKURA ROAD","201410710","29/01/2014","Wed","1450","BC","MW1C","111A 121A ","","M","D","B ","F "," ","N","C","100","0","1","0","","","2061196","5826418",
"Gisborne District","35/144/13.033","900","W"," ","SHORTCUT ROAD","201438094","08/06/2014","Sun","2130","EC","4E1","912 ","W","E","W","DN","F "," "," ","C","100","0","0","0","","","2071580","5821675",
"Gisborne District","35/180/2.409",""," ","I","RANGITUKIA ROAD","201430088","12/02/2014","Wed","1830","DB","CN1","111A 131A 363A ","C","M","D","BF","F ","Y","N","C","050","0","0","0","","","2076507","5803073",
"Gisborne District","35/190/6.029","1000","S"," ","KEMP ROAD","201433489","06/03/2014","Thu","0310","DB","CN1","103A 131A 410A ","ET","E","D","DN","F "," ","N","C","100","0","0","0","","","2068258","5795428",
"Gisborne District","35/200/2.428","1200","W"," ","TE ARAROA ROAD","201430599","29/01/2014","Wed","1615","DB","CE1","131A ","","M","D","B ","F "," "," ","C","100","0","0","0","","","2064810","5791255",
"Gisborne District","35/200/4.196","1000","N"," ","WHAREPONGA ROAD","201434316","08/04/2014","Tue","2120","EA","CS1T","129A 363A ","M","E","W","DN","L "," "," ","C","100","0","0","0","","","2063587","5791156",
"Gisborne District","35/200/5.246","50","S"," ","WHAREPONGA ROAD","201437926","13/06/2014","Fri","1800","EC","VS1","912 ","W","E","W","DN","F "," ","N","C","100","0","0","0","","","2063368","5790183",
"Gisborne District","35/213/1.068","5000","N"," ","IHUNGIA ROAD","201410607","20/02/2014","Thu","0800","DA","TN1","110A 121A ","F","E","W","DN","F "," ","N","C","100","0","0","1","","","2062880","5783006",
"Gisborne District","35/213/2.608","800","S"," ","KOPUAROA ROAD","201431064","22/02/2014","Sat","1315","DB","4N1","111A 131A ","C","E","D","B ","F "," ","N","C","100","0","0","0","","","2063207","5781941",
"Gisborne District","35/213/5.068","1000","N"," ","IHUNGIA ROAD","201434959","03/03/2014","Mon","0533","DB","TS1","131A ","FS","S","D","DN","F "," ","N","C","100","0","0","0","","","2062637","5779981",
"Gisborne District","35/238/12.377","110","N"," ","ARERO ROAD N","201413047","25/03/2014","Tue","0530","DA","TN1T","129A 131A ","","E","D","DN","M "," ","N","C","100","0","0","1","","","2060199","5758755",
"Gisborne District","35/238/12.505","1830","N"," ","ARERO ROAD S","201437957","11/06/2014","Wed","0830","CB","4N1","135A 801 901 ","F","R","W","O ","H "," ","N","C","100","0","0","0","","","2060219","5758629",
"Gisborne District","35/263/6.951","500","N"," ","KAIAUA ROAD","201434958","20/03/2014","Thu","1200","FD","4N1C","181A ","","R","D","BN","F "," ","N","C","100","0","0","0","","","2063116","5742567",
"Gisborne District","35/274/2.491","900","S"," ","WHARF ROAD","201413658","16/06/2014","Mon","0615","DB","TN1","358A 410A ","FV","E","D","O ","F "," "," ","C","100","0","0","1","","","2063557","5737203",
"Gisborne District","35/274/12.261","1030","E"," ","WAIHAU ROAD","201438118","19/05/2014","Mon","0745","DA","VS1","131A ","","M","W","ON","MF"," ","N","C","100","0","0","0","","","2059923","5729267",
"Gisborne District","35/274/13.391","100","W"," ","WAIHAU ROAD","201412582","16/03/2014","Sun","0730","DA","CW1","111A 131A 800 ","F","M","W","O ","L "," "," ","C","100","0","0","1","","","2059090","5728763",
"Gisborne District","35/274/13.591","300","W"," ","WAIHAU ROAD","201435684","07/05/2014","Wed","2030","DA","CW1","103A 111A 131A 402A ","T","S","D","DN","F "," "," ","C","100","0","0","0","","","2058959","5728907",
"Gisborne District","35/289/6.193","25","S"," ","PAKARAE ROAD","201435655","29/04/2014","Tue","1030","AD","4S14T","137A 130B 191B 197B 372C ","","E","D","B ","F "," "," ","C","100","0","0","0","","","2055882","5723055",
"Gisborne District","35/321/1.599","50","S"," ","ONEROA ROAD","201432377","25/02/2014","Tue","0845","GA","CS1C","331A 929 ","","E","D","B ","F ","D","N","C","100","0","0","0","","","2041024","5705532",
"Gisborne District","35/321/4.769","15","E"," ","ENDCLIFFE ROAD","201432368","04/03/2014","Tue","2011","MO","CW1C","371A ","M","R","D","DO","F "," "," ","C","050","0","0","0","","","2038860","5707223",
"Gisborne District","35/321/5.328","10","E"," ","LEWIS ST","201412929","16/05/2014","Fri","1800","EA","CE1C","101A 129A ","M","R","D","DO","F ","T","G","P","050","0","0","1","","","2038408","5707551",
"Gisborne District","35/321/5.602",""," ","I","DICKSON ST","201410764","04/04/2014","Fri","1510","NA","CE1E","713B ","","R","D","B ","F ","X","G","C","050","0","0","1","9","","2038174","5707693",
"Gisborne District","35/321/5.789","40","E"," ","HARRIS ST","201431622","16/01/2014","Thu","2030","MA","4W1C","101B 373B ","","R","W","O ","L "," "," ","C","050","0","0","0","","","2038010","5707783",
"Gisborne District","35/321/5.824","5","E"," ","HARRIS ST","201431524","13/01/2014","Mon","1503","MA","CE1V","353B 373B 903 ","","R","D","BF","FS","X","S","C","050","0","0","0","","","2037977","5707796",
"Gisborne District","35/327/0.073","50","E"," ","CUSTOMHOUSE ST","201430587","28/01/2014","Tue","1230","MF","CE1V","371B ","","R","D","B ","F "," "," ","C","050","0","0","0","","","2037606","5707987",
"Gisborne District","35/327/0.583","50","W"," ","KAHUTIA ST","201434015","08/04/2014","Tue","2055","MO","VN1","386A 404A 927 ","F","R","W","DO","F ","D","N","N","050","0","0","0","","","2037251","5707780",
"Gisborne District","35/327/3.131",""," ","I","LYTTON ROAD","201432375","21/01/2014","Tue","0630","KB","CW14","302B ","","R","W","TN","L ","T","G","C","050","0","0","0","","","2034941","5708011",
"Gisborne District","35/327/6.076",""," ","I","MCDONALD ROAD","201432376","28/02/2014","Fri","1124","GD","4S14","331A ","","R","D","B ","F ","T","G","C","100","0","0","0","","","2032124","5708137",
"Gisborne District","35/327/7.223","540","W"," ","AERODROME ROAD W","201413608","06/06/2014","Fri","0911","PO","VE1E","721B ","","R","D","B ","F "," "," ","C","100","0","0","1","55","","2031209","5708829",
"Gore District","BLAMPIED ST",""," ","I","DORSET ST","201431218","04/03/2014","Tue","0157","DC","CW1","103A ","","R","W","DO","L ","T","G","N","050","0","0","0","","","1280582","4875519",
"Gore District","BROUGHTON ST",""," ","I","DEVON ST","201411640","17/03/2014","Mon","0825","LB","SS1C","303B 375B ","","R","D","BF","F ","X","S","C","050","0","0","2","","17","1285775","4886971",
"Gore District","CHARLTON ROAD",""," ","I","BOWMAR ROAD","201412932","27/05/2014","Tue","0800","DB","CN1","131A 802 ","","M","I","TN","SF","T","G","C","100","0","0","1","","","1283572","4884746",
"Gore District","DIAMOND PEAK ROAD","200","W"," ","CHAMBERLAIN ROAD","201438068","09/06/2014","Mon","0700","BF","CE14","131A 205A ","","E","D","DN","F "," "," ","C","100","0","0","0","","","1289111","4881742",
"Gore District","ECCLES ST",""," ","I","LENNOX ST","201435930","16/04/2014","Wed","1012","JA","CW1C","308B 375B 839 930 ","","R","W","OF","L ","D","N","C","050","0","0","0","","","1286138","4886388",
"Gore District","ELIZABETH ST","100","W"," ","BROUGHTON ST","201431262","22/02/2014","Sat","2255","EA","CW1C","129A ","M","R","D","DO","F "," ","N","C","050","0","0","0","","","1285685","4886804",
"Gore District","HAMILTON ST","20","S"," ","WAVERLEY ST","201437886","31/05/2014","Sat","0410","EA","CS1C","103A 129A ","M","R","D","DO","F "," ","N","C","050","0","0","0","","","1287411","4887949",
"Gore District","HYDE ST",""," ","I","WIGAN ST","201434913","17/03/2014","Mon","1742","JA","CW1C","302B 375B ","","R","W","OF","L ","T","G","C","050","0","0","0","","","1286464","4886241",
"Gore District","IRK ST","50","W"," ","SH 1S","201411239","20/02/2014","Thu","1608","NA","CW1E","376A 732B ","","R","D","B ","F "," "," ","C","050","0","0","1","15","","1286554","4886854",
"Gore District","LAWRENCE ST",""," ","I","GORDON TERRACE","201430805","16/02/2014","Sun","0213","DA","CS2","111A 131A ","T","R","D","DO","F ","T","N","N","050","0","0","0","","","1287567","4888074",
"Gore District","OTAMA ROAD","1070","W"," ","KNAPDALE ROAD","201410181","04/02/2014","Tue","0550","DB","CS1","111A 131A 904 ","","M","D","DN","M "," "," ","C","100","0","0","3","","","1283208","4899625",
"Gore District","PYRAMID-WAIPARU ROAD","280","S"," ","PYRAMID CREEK ROAD","201436665","23/04/2014","Wed","1610","DB","CS1","111A 929 ","P","M","D","B ","F ","D","N","C","050","0","0","0","","","1275619","4910843",
"Gore District","REABY ROAD","150","S"," ","KINGDON ROAD","201434910","23/03/2014","Sun","1455","DA","4W1","129A 134A ","","M","D","BN","F "," ","N","C","100","0","0","0","","","1282379","4889287",
"Gore District","ROBERTSON ST","60","N"," ","ACCESS ROAD","201410831","22/02/2014","Sat","2300","EA","CS14C","103A 129A 130A 901 903 ","M","R","W","DO","HS"," "," ","C","050","0","0","1","","","1285198","4885493",
"Gore District","ROBERTSON ST","15","N"," ","CHARLTON ROAD","201437756","22/05/2014","Thu","0830","JA","CN1C","308B 370B 929 ","","R","D","O ","F ","D"," ","C","050","0","0","0","","","1285217","4885198",
"Gore District","TERRY ROAD","2000","N"," ","CHARLTON ROAD","201437497","31/05/2014","Sat","0126","DA","4S1","131A 402A 403A 420A ","E","S","D","DN","FF"," "," ","N","100","0","0","0","","","1283667","4886336",
"Gore District","WAIMEA ST","50","N"," ","CREWE ST","201430763","30/01/2014","Thu","0930","QD","OS1","665A ","TX","R","D","BF","F "," ","N","C","050","0","0","0","","","1285701","4887874",
"Gore District","WAIMUMU ROAD","300","W"," ","BOWMAR ROAD","201435695","25/04/2014","Fri","1058","DB","CE1","111A 131A 337A 901 ","FP","M","W","O ","H "," "," ","C","100","0","0","0","","","1283287","4884731",
"Gore District","WAIMUMU ROAD","550","W"," ","BOWMAR ROAD","201410994","26/02/2014","Wed","0920","LB","MN1V","104A 303B 378B 831 832 929 ","","R","D","BN","F ","D","N","C","100","0","0","1","","","1283082","4884617",
"Gore District","WAIMUMU ROAD","550","E"," ","HUMPHRIES ROAD","201434914","25/03/2014","Tue","0817","DB","CE1","111A 131A ","P","M","W","ON","L "," ","N","C","100","0","0","0","","","1280438","4885428",
"Gore District","WYNDHAM ROAD","4630","N"," ","MARAIRUA ROAD","201430148","01/02/2014","Sat","1730","DA","CN1","131A 134A 357A ","F","M","D","BN","F "," ","N","C","100","0","0","0","","","1280093","4872427",
"Gore District","1S/842/3.216","120","E"," ","WEST ST","201434911","16/03/2014","Sun","1840","GA","VE1C","181A 929 ","","R","D","TN","F ","D","N","C","050","0","0","0","","","1297954","4887934",
"Gore District","1S/842/8.799","90","N"," ","MACGIBBON ROAD","201413732","09/06/2014","Mon","1734","FD","4N1CT","181A ","","R","D","TN","F "," ","N","C","100","0","1","0","","","1292786","4888172",
"Gore District","1S/842/9.609","900","N"," ","MACGIBBON ROAD","201435929","16/04/2014","Wed","2245","CC","CW1","137A ","","R","D","DN","F "," ","N","C","100","0","0","0","","","1292235","4888649",
"Gore District","1S/842/11.467","1000","E"," ","TALBOT ST","201435083","30/04/2014","Wed","2000","EC","CW1","912 ","W","M","D","DN","F "," ","N","C","100","0","0","0","","","1290454","4889121",
"Gore District","1S/854/4.48",""," ","I","NORFOLK ST","201436129","09/05/2014","Fri","1505","FB","CE1C","181A ","","R","W","O ","L ","R","G","C","050","0","0","0","","","1286849","4886996",
"Gore District","1S/854/4.677","5","E"," ","MAIN ST","201436806","23/04/2014","Wed","1527","FB","CW1C","181A ","","R","D","O ","F ","R","G","R","050","0","0","0","","","1286671","4886971",
"Gore District","1S/858/0.816",""," ","I","CROMBIE ST","201437498","31/05/2014","Sat","1031","FA","CN1C","331A 363A 370A 191B 902 ","","S","D","B ","F ","R","G","R","050","0","0","0","","","1286310","4886228",
"Gore District","1S/858/0.816",""," ","I","CROMBIE ST","201432308","01/02/2014","Sat","1145","HA","CN1C","302A ","","E","D","B ","F ","R","G","C","050","0","0","0","","","1286310","4886228",
"Gore District","1S/858/4.607","200","S"," ","SALEYARD ROAD","201432611","20/03/2014","Thu","1255","AO","TS1O","129A 150A ","","R","D","B ","F "," ","N","C","100","0","0","0","","","1284745","4882784",
"Gore District","1S/872/3.939","1700","S"," ","CRAIG ROAD","201431429","09/03/2014","Sun","0729","CB","CN1","103A 410A ","","R","D","O ","F "," ","N","C","100","0","0","0","","","1278308","4871427",
"Gore District","1S/872/5.513","770","S"," ","GIBSON ROAD","201437499","25/05/2014","Sun","1727","CB","CS1","130A 504A 803 903 ","","R","I","TN","SS"," "," ","C","100","0","0","0","","","1277500","4870077",
"Gore District","90/51/4.617","2100","S"," ","WAIKAKA ROAD","201434912","24/03/2014","Mon","0930","FD","CS1C","331A 378A 832 ","","M","W","ON","L "," ","N","C","100","0","0","0","","","1291821","4892710",
"Gore District","93/16/8.976",""," ","I","KAIWERA ROAD","201436807","22/04/2014","Tue","1500","GD","CW1C","333A ","","R","D","O ","F ","X","S","C","100","0","0","0","","","1297541","4875996",
"Gore District","93/16/9.976","1000","W"," ","ISLA ROAD","201432101","11/03/2014","Tue","1720","CB","CE1","129A 410A ","C","R","D","B ","F "," ","N","N","100","0","0","0","","","1296549","4876017",
"Gore District","93/31/7.104","2230","E"," ","RIVER ROAD","201411971","13/02/2014","Thu","1450","DA","VN1","111A 131A ","E","M","W","ON","L "," ","N","C","100","0","1","0","","","1284918","4877706",
"Gore District","94/0/1.175",""," ","I","NORTON ST","201410140","07/01/2014","Tue","1242","JA","CN1C","197A 302B 375B 402B 901 ","","R","W","O ","H ","T","G","C","050","0","0","1","","","1286461","4888125",
"Gore District","94/0/7.341","500","N"," ","MONAGHAN ROAD","201410886","13/02/2014","Thu","1946","DB","CN1","103A 111A 131A 801 ","F","E","W","TN","L "," "," ","C","100","0","2","0","","","1283050","4893060",
"Grey District","ALBERT ST","15","N"," ","GUINNESS ST","201431447","06/02/2014","Thu","2003","EA","CS1C","129A ","M","R","D","BF","F "," ","N","N","050","0","0","0","","","1452774","5298767",
"Grey District","ALBERT ST","15","N"," ","GUINNESS ST","201436241","06/02/2014","Thu","2003","EA","CS1C","129A ","M","R","D","B ","F "," ","N","N","050","0","0","0","","","1452774","5298767",
"Grey District","COWPER ST",""," ","I","RALEIGH ST","201434125","15/04/2014","Tue","1455","HA","CN2C","301B 375B 901 ","","R","W","ON","H ","X","S","C","050","0","0","0","","","1451812","5297518",
"Grey District","HALL-JONES ST","170","S"," ","CROMARTY ST","201438305","05/05/2014","Mon","0755","BF","CW1C","130A 359A 197B 801 ","","M","W","O ","L "," "," ","N","050","0","0","0","","","1456358","5304816",
"Grey District","HALL-JONES ST",""," ","I","CROMARTY ST","201437983","23/05/2014","Fri","1350","DB","4E1","130A 504A ","F","E","W","O ","F ","T","N","C","050","0","0","0","","","1456506","5304896",
"Grey District","MACKAY ST",""," ","I","BOUNDARY ST","201413629","12/03/2014","Wed","1200","HA","CS2P","302A 370A ","","R","D","O ","F ","R","G","R","050","0","1","0","","","1452586","5298866",
"Grey District","MARSDEN ROAD",""," ","I","NANCARROW ST","201413369","09/06/2014","Mon","1905","KB","SW1C","302B 375B ","","E","D","DO","F ","T","G","C","050","0","0","1","","43","1452431","5296798",
"Grey District","NEWCASTLE ST",""," ","I","FOX ST","201412074","20/04/2014","Sun","1650","HA","CN24","302A 375A 402A ","","E","W","O ","L ","X","G","N","050","0","0","1","","","1452881","5299731",
"Grey District","PRESTON ROAD",""," ","I","STEER AVENUE","201432095","30/01/2014","Thu","1250","JA","CN1C","302B 378B ","","E","D","BF","F ","T","G","C","050","0","0","0","","","1451724","5298353",
"Grey District","TAINUI ST","5","S"," ","MACKAY ST","201411043","20/02/2014","Thu","0850","NB","CS1K","376A 717B ","","R","D","B ","F ","X","S","X","050","0","0","1","19","","1452886","5298850",
"Grey District","TAINUI ST",""," ","I","MACKAY ST","201434082","02/04/2014","Wed","1718","HA","CE24","301A 375A ","","R","D","O ","F ","X","S","C","050","0","0","0","","","1452886","5298855",
"Grey District","TAYLORVILLE BLACKBALL ROA","3720","N"," ","TAYLORVILLE ROAD","201413781","05/05/2014","Mon","0940","DA","4S1","111A 131A ","F","M","W","ON","L "," ","N","C","100","0","0","1","","","1466807","5302590",
"Grey District","TAYLORVILLE ROAD","600","S"," ","COUNTY ST","201438307","09/05/2014","Fri","1715","CB","CS1","130A 412A ","F","R","W","TN","F "," "," ","C","100","0","0","0","","","1460598","5299246",
"Grey District","TAYLORVILLE ROAD","650","W"," ","SULKY CRK BR","201437706","22/05/2014","Thu","2215","EC","CN1","912 ","W","E","W","DN","L "," ","N","C","100","0","0","0","","","1459538","5298965",
"Grey District","6/403/7.55","60","S"," ","KARAROA CRK CV","201411044","17/02/2014","Mon","1830","JA","MS1C","130A 197A 308B 378B 926 ","","M","D","O ","F ","D"," ","C","100","0","1","0","","","1458288","5313941",
"Grey District","6/416/2.153","800","N"," ","HOLLAND ST","201413272","12/06/2014","Thu","0800","CB","TN1","104A 350A ","C","R","D","B ","F "," ","N","P","100","0","0","1","","","1455622","5308202",
"Grey District","BRIGHT ST",""," ","I","6/416/13.292","201413387","05/06/2014","Thu","1730","GD","4E1C","112A 181A 331A 387A 800 ","","R","W","TO","F ","T","G","L","050","0","0","1","","","1453355","5299228",
"Grey District","6/430/0.327","30","W"," ","WHALL ST","201435054","20/03/2014","Thu","1135","AO","CW1C","150A 381A ","","M","D","O ","F ","T","N","C","050","0","0","0","","","1453074","5298779",
"Grey District","LORD ST",""," ","I","6/430/0.582","201430477","25/01/2014","Sat","1530","CA","CE1S","204B ","","R","D","B ","F ","T","S","N","050","0","0","0","","","1452863","5298666",
"Grey District","6/430/1.149","10","S"," ","ODONNELL ST","201434417","18/04/2014","Fri","1154","GA","4S14","333A 922 ","","R","D","O ","F ","D","G","R","050","0","0","0","","","1452628","5298140",
"Grey District","6/430/1.702",""," ","I","FRANKLIN ST","201410363","13/01/2014","Mon","2014","HA","SS14","302B 377B ","","R","D","BF","F ","X","G","C","050","0","1","0","","60","1452301","5297718",
"Grey District","6/430/2.713","240","N"," ","SHAKESPEARE ST","201400016","24/01/2014","Fri","2300","DB","CS1","103A 111A 131A 402A ","H","E","D","DO","F "," ","N","C","050","1","2","0","","","1451493","5297116",
"Grey District","6/430/3.021",""," ","I","NELSON ST","201431448","11/02/2014","Tue","1712","FC","TN1V","352A ","","R","D","BF","F ","X","G","R","050","0","0","0","","","1451359","5296843",
"Grey District","6/430/3.138","100","N"," ","CHESTERFIELD ST","201413367","02/06/2014","Mon","1445","MC","CS1C","363B 372B 902 ","","R","D","B ","F "," "," ","L","050","0","0","1","","","1451307","5296734",
"Grey District","6/430/4.34",""," ","I","STANTON CRESCENT","201437709","30/05/2014","Fri","0445","DA","CS1","131A 412A ","T","E","W","DO","L ","T","N","C","070","0","0","0","","","1450849","5295624",
"Grey District","6/430/5.257",""," ","I","HEWLETT ROAD","201413780","15/04/2014","Tue","1607","GD","CS1V","331A ","","R","W","OF","H ","X","G","C","070","0","0","2","","","1450598","5294745",
"Grey District","6/430/5.414","15","N"," ","JAMIESON ROAD","201432099","28/01/2014","Tue","1135","MA","CN1C","373B ","","E","D","OF","F "," ","N","C","070","0","0","0","","","1450558","5294596",
"Grey District","6/430/6.821","100","S"," ","CLOUGH ROAD","201413368","07/06/2014","Sat","1405","CB","CS1","130A 433A 801 ","C","R","W","O ","L "," "," ","N","080","0","0","1","","","1449986","5293337",
"Grey District","6/430/14.512","30","N"," ","TARAMAKAU RIV BR","201412310","12/02/2014","Wed","1202","DA","MS1","131A 402A 800 801 ","","E","W","O ","L "," ","G","N","100","0","0","2","","","1447653","5286371",
"Grey District","6/430/14.542",""," ","A","TARAMAKAU RIV BR","201410027","26/01/2014","Sun","1505","CA","MN1","135A 800 ","B","R","W","O ","L ","T","G","N","100","0","1","0","","","1447667","5286344",
"Grey District","6/430/14.542",""," ","A","TARAMAKAU RIV BR","201410105","13/01/2014","Mon","1250","CA","MN1","130A 800 ","","R","W","O ","L "," "," ","N","100","0","0","1","","","1447667","5286344",
"Grey District","6/430/14.542",""," ","A","TARAMAKAU RIV BR","201410104","07/01/2014","Tue","1221","DA","MS1","130A 800 ","","E","W","O ","L "," "," ","N","100","0","0","1","","","1447667","5286344",
"Grey District","6/430/14.592",""," ","A","TARAMAKAU RIV BR","201410103","07/01/2014","Tue","1254","DA","MS1","131A 191A 800 ","","E","W","O ","L "," "," ","N","100","0","0","1","","","1447690","5286299",
"Grey District","7/224/10.931","500","N"," ","CARTERS ROAD","201412315","31/01/2014","Fri","1800","CC","4S1","410A ","FV","R","D","B ","F "," "," ","C","100","0","0","1","","","1482716","5311880",
"Grey District","7/239/0.052",""," ","A","AHAURA RIV BR","201432273","18/01/2014","Sat","1615","FA","MN1M","130A 353A ","","M","D","BN","F "," ","G","C","100","0","0","0","","","1479532","5310258",
"Grey District","7/255/13.887",""," ","I","GOLF LINKS ROAD","201411041","28/02/2014","Fri","1600","KB","CW1CC","130A 197A 407A 302B 353B ","","R","D","O ","F ","T","G","C","070","0","0","2","","","1456435","5297056",
"Grey District","7/255/16.17","1590","E"," ","MAWHERA QUAY","201410367","11/01/2014","Sat","1130","FD","CE1V","181A ","","E","D","BN","F "," ","N","C","080","0","1","0","","","1454633","5297979",
"Grey District","7/255/16.952","950","E"," ","SH 6","201438303","04/05/2014","Sun","1700","DB","CW1","131A 412A 812 ","G","M","D","TF","F "," "," ","C","080","0","0","0","","","1454158","5298578",
"Grey District","7/255/17.502","400","E"," ","SH 6","201433293","04/01/2014","Sat","1835","QG","4W1C","682A ","","E","D","BF","F "," ","N","C","080","0","0","0","","","1453715","5298888",
"Hamilton City","ABBOTSFORD ST",""," ","I","ULSTER ST","201432223","12/02/2014","Wed","0815","FB","CS1C","181A 331A 387A ","","R","D","B ","F ","X","G","R","050","0","0","0","","","1799947","5816442",
"Hamilton City","ANGLESEA ST",""," ","I","BRIDGE ST","201410211","07/01/2014","Tue","1723","HA","SN1C","387A 302B 375B ","","M","D","B ","F ","R","G","C","050","0","1","0","","37","1801262","5814583",
"Hamilton City","ANGLESEA ST",""," ","I","BRIDGE ST","201438060","06/06/2014","Fri","1204","KB","CN1C","386B ","","M","D","B ","F ","R","G","C","050","0","0","0","","","1801262","5814583",
"Hamilton City","ANGLESEA ST",""," ","I","BRIDGE ST","201431147","12/02/2014","Wed","1914","GO","CS1C","171A 201A ","","E","D","B ","F ","R","G","C","050","0","0","0","","","1801262","5814583",
"Hamilton City","ANGLESEA ST",""," ","I","BRIDGE ST","201434315","31/03/2014","Mon","1055","AC","CW2C","372A ","","E","D","B ","F ","R","G","R","050","0","0","0","","","1801269","5814596",
"Hamilton City","ANGLESEA ST",""," ","I","BRIDGE ST","201433141","25/03/2014","Tue","1640","FB","CN1C","181A ","","S","D","B ","F ","R","G","R","050","0","0","0","","","1801264","5814579",
"Hamilton City","ANGLESEA ST","30","S"," ","BRYCE ST","201431023","07/02/2014","Fri","1230","MO","VW1C","371A 386A ","M","E","D","B ","F "," ","N","C","050","0","0","0","","","1800668","5815426",
"Hamilton City","ANGLESEA ST",""," ","I","BRYCE ST","201410210","08/01/2014","Wed","1727","LB","CS1C","303B 375B ","","R","D","B ","F ","X","T","R","050","0","0","1","","","1800651","5815451",
"Hamilton City","ANGLESEA ST",""," ","I","BRYCE ST","201410312","04/01/2014","Sat","2144","LB","CE1C","303B ","","R","D","DO","F ","X","T","R","060","0","0","1","","","1800651","5815451",
"Hamilton City","ANGLESEA ST","20","S"," ","CARO ST","201437390","27/05/2014","Tue","0815","AC","CN1V","372A ","","R","D","BF","M "," ","N","C","050","0","0","0","","","1800849","5815160",
"Hamilton City","ANGLESEA ST","50","N"," ","CLARENCE ST","201432669","22/03/2014","Sat","1240","KB","VS1C","308B 375B 922 ","","R","D","B ","F ","D","N","C","050","0","0","0","","","1801179","5814697",
"Hamilton City","ANGLESEA ST",""," ","I","COBHAM DRIVE","201431480","24/02/2014","Mon","","GB","4E2C","375B ","","M","D","BF","F ","R","G","C","050","0","0","0","","","1801231","5814593",
"Hamilton City","ANGLESEA ST",""," ","I","COLLINGWOOD ST","201437947","06/06/2014","Fri","1220","HA","CN1C","322A 334A ","","R","D","B ","F ","X","T","C","050","0","0","0","","","1800907","5815078",
"Hamilton City","ANGLESEA ST",""," ","I","COLLINGWOOD ST","201412638","07/04/2014","Mon","0830","FE","CN1C","113A ","","R","D","BF","F ","X","T","C","050","0","0","2","","","1800907","5815078",
"Hamilton City","ANGLESEA ST",""," ","I","COLLINGWOOD ST","201436485","27/04/2014","Sun","1300","AC","CN1C","372A ","","R","D","OF","F ","X","T","C","050","0","0","0","","","1800907","5815078",
"Hamilton City","ANGLESEA ST","50","S"," ","KNOX ST","201434314","05/04/2014","Sat","1010","GD","CN1C","331A 922 ","","R","D","O ","F ","D","N","C","050","0","0","0","","","1801142","5814750",
"Hamilton City","ANGLESEA ST","100","S"," ","LONDON ST","201434889","30/03/2014","Sun","1152","MC","CN1C","372B ","","R","D","BF","F "," ","N","C","050","0","0","0","","","1800572","5815567",
"Hamilton City","ANGLESEA ST",""," ","I","ROSTREVOR ST","201436436","08/05/2014","Thu","0616","FE","TS1C","112A 113A ","","R","W","DO","L ","X","T","C","050","0","0","0","","","1800377","5815848",
"Hamilton City","ANGLESEA ST",""," ","I","ROSTREVOR ST","201412016","28/03/2014","Fri","1750","HA","CW2C","332A 351A ","","R","D","B ","F ","X","T","P","050","0","0","1","","","1800377","5815848",
"Hamilton City","AURORA TERRACE","60","S"," ","BRENNAN PLACE","201438084","24/05/2014","Sat","0020","CB","CS1","103A 130A 402A ","T","R","W","DO","F "," "," ","N","050","0","0","0","","","1804248","5814709",
"Hamilton City","AVALON DRIVE","70","S"," ","DOMINION ROAD","201436448","01/05/2014","Thu","1808","FD","CN1CCC","331A 350A ","","R","D","DO","F "," ","N","C","050","0","0","0","","","1797528","5816965",
"Hamilton City","AVALON DRIVE",""," ","I","DOMINION ROAD","201410307","02/01/2014","Thu","1855","JA","SW1C","302B 375B ","","E","D","BF","F ","R","G","R","050","0","0","1","","23","1797479","5817015",
"Hamilton City","AVALON DRIVE",""," ","I","DOMINION ROAD","201432738","22/01/2014","Wed","0830","KB","CS1M","302A 375A ","","R","D","O ","F ","R","G","C","050","0","0","0","","","1797479","5817015",
"Hamilton City","AVALON DRIVE",""," ","I","ELLICOT ROAD","201437387","24/05/2014","Sat","1030","FE","4S1C","181A ","","R","W","BF","F ","X","T","C","050","0","0","0","","","","",