"TLA NAME","CRASH ROAD","CRASH DIST","CRASH DIRN","INTSN","SIDE ROAD","CRASH ID","CRASH DATE","CRASH DOW","CRASH TIME","MVMT","VEHICLES","CAUSES","OBJECTS STRUCK","ROAD CURVE","ROAD WET","LIGHT","WTHRa","JUNC TYPE","TRAF CTRL","ROAD MARK","SPD LIM","CRASH FATAL CNT","CRASH SEV CNT","CRASH MIN CNT","PERS AGE1","PERS AGE2","EASTING","NORTHING"
"Hamilton City","AVALON DRIVE",""," ","I","GRANDVIEW ROAD","201434623","17/04/2014","Thu","2340","DB","VS1","135A 801 901 ","","R","W","DO","H ","R","G","R","050","0","0","0","","","1797756","5816729",
"Hamilton City","AVALON DRIVE",""," ","I","GRANDVIEW ROAD","201430387","15/01/2014","Wed","2315","LB","TN1C","302A 375A ","","R","D","DO","F ","R","G","C","050","0","0","0","","","1797756","5816729",
"Hamilton City","AVALON DRIVE","30","N"," ","KARAKA ST","201431149","19/02/2014","Wed","1950","CA","CS1","610A 650A ","IP","R","D","TF","F "," ","N","R","050","0","0","0","","","1797563","5816928",
"Hamilton City","AVALON DRIVE","10","S"," ","ROTOKAURI ROAD","201438081","23/05/2014","Fri","1120","CB","PN1","132A 800 ","","R","W","O ","F ","T","G","C","050","0","0","0","","","1797324","5817255",
"Hamilton City","AVALON DRIVE",""," ","I","SH 1N","201436844","03/06/2014","Tue","1745","FB","CN1C","181A 331A 353A ","","M","D","TO","F ","R","G","C","080","0","0","0","","","1797291","5817379",
"Hamilton City","BANKWOOD ROAD",""," ","I","LAURENCE ST","201413386","30/05/2014","Fri","0740","LB","SN1C","303B 375B ","","E","D","O ","F ","T","G","C","050","0","0","1","","17","1800388","5819252",
"Hamilton City","BOUNDARY ROAD","20","S"," ","BROOKLYN ROAD","201437636","16/05/2014","Fri","1645","JA","4E1C","308B 314B 353B 922 ","","R","D","B ","F ","D","N","C","050","0","0","0","","","1801969","5816927",
"Hamilton City","BOUNDARY ROAD",""," ","I","CASEY AVENUE","201413753","19/05/2014","Mon","1806","JA","MW1C","202B 375B ","","R","D","TO","F ","T","S","C","050","0","0","1","","","1800742","5816598",
"Hamilton City","BOUNDARY ROAD","200","E"," ","HEAPHY TERRACE","201411668","13/03/2014","Thu","0820","HO","CW1S","208A 377A 210B ","","R","D","BF","F "," ","N","X","050","0","0","1","","14","1801419","5816777",
"Hamilton City","BOUNDARY ROAD",""," ","I","HEAPHY TERRACE","201410419","14/01/2014","Tue","1700","KA","SS2C","302B ","","M","D","B ","F ","R","G","P","050","0","0","1","","14","1801207","5816721",
"Hamilton City","BOUNDARY ROAD",""," ","I","HEAPHY TERRACE","201436438","02/05/2014","Fri","2146","FB","CE1C","181A ","","R","D","DO","F ","R","G","R","050","0","0","0","","","1801203","5816720",
"Hamilton City","BOUNDARY ROAD","40","W"," ","OAKLEY AVENUE","201438062","14/05/2014","Wed","1930","FD","CE1CV","181A 181B ","","R","W","DO","F "," "," ","C","050","0","0","0","","","1800856","5816629",
"Hamilton City","BOUNDARY ROAD","100","W"," ","PEACHGROVE ROAD","201431017","10/02/2014","Mon","1635","FA","CE1C","197A 191B ","","R","D","B ","F "," ","N","C","050","0","0","0","","","1801892","5816906",
"Hamilton City","BOUNDARY ROAD",""," ","I","VICTORIA ST","201434538","06/04/2014","Sun","0930","AC","CW1C","372A ","","R","D","OF","F ","T","T","C","050","0","0","0","","","1800299","5816430",
"Hamilton City","BRAID ROAD","20","W"," ","SANDWICH ROAD","201438083","29/05/2014","Thu","0925","MO","CW1","427A ","H","R","W","O ","F "," "," ","P","050","0","0","0","","","1799056","5818688",
"Hamilton City","BRECKONS AVENUE","60","E"," ","CHRISTINE LANE","201431021","08/02/2014","Sat","2100","MO","VN1C","371A 386A 929 ","","R","D","DN","F ","D","N","N","050","0","0","0","","","1797199","5817213",
"Hamilton City","BRIDGE ST",""," ","I","ANGLESEA ST","201435773","10/05/2014","Sat","1315","KA","CS1C","302B 353B ","","R","W","O ","F ","R","G","C","050","0","0","0","","","1801262","5814583",
"Hamilton City","BRIDGE ST",""," ","I","ANGLESEA ST","201434640","11/04/2014","Fri","1412","DB","CW1","135A 804 ","C","M","W","OF","L ","R","G","R","050","0","0","0","","","1801269","5814596",
"Hamilton City","BRIDGE ST","10","W"," ","GREY ST","201434526","05/04/2014","Sat","0307","FE","CE1C","103A ","","R","D","DO","F ","T","T","R","050","0","0","0","","","1801834","5814956",
"Hamilton City","BRIDGE ST","15","W"," ","GREY ST","201430403","17/01/2014","Fri","1600","FD","CE1CC","181A 387A ","","R","D","B ","F ","T","T","C","050","0","0","0","","","1801830","5814954",
"Hamilton City","BRIDGE ST","10","E"," ","MEMORIAL DRIVE","201434624","06/03/2014","Thu","0745","AA","4W1C","372A ","","R","D","BF","F ","T","G","C","050","0","0","0","","","1801704","5814920",
"Hamilton City","BRIDGE ST","20","W"," ","MEMORIAL DRIVE","201436180","17/04/2014","Thu","1525","FD","VE1C","181A ","","R","D","O ","F "," "," ","C","050","0","0","0","","","1801679","5814904",
"Hamilton City","BRIDGE ST","15","E"," ","VICTORIA ST","201434625","06/03/2014","Thu","0830","FE","CW1C","181A ","","R","D","BF","F "," ","T","C","050","0","0","0","","","1801469","5814755",
"Hamilton City","BRIDGE ST","50","E"," ","VICTORIA ST","201437393","28/05/2014","Wed","1650","FD","CW1C","181A ","","R","D","BF","F "," ","N","C","050","0","0","0","","","1801497","5814775",
"Hamilton City","BRIDGE ST","40","N"," ","VICTORIA ST","201435566","24/04/2014","Thu","1026","FD","VS1C","181A 331A 352A 801 ","","R","W","O ","L "," "," ","C","050","0","0","0","","","1801489","5814770",
"Hamilton City","BRIDGE ST","5","W"," ","VON TEMPSKY ST","201435579","20/04/2014","Sun","1813","AC","CE1C","170A 351A 801 ","","R","W","TO","L ","T","S","P","050","0","0","0","","","1801764","5814935",
"Hamilton City","BRIDGE ST",""," ","I","VON TEMPSKY ST","201432671","03/03/2014","Mon","1326","LB","CE1C","303B 375B ","","R","D","B ","F ","T","N","C","050","0","0","0","","","1801769","5814936",
"Hamilton City","BROOKLYN ROAD","100","E"," ","HEAPHY TERRACE","201437629","17/05/2014","Sat","1348","FD","CE1CC","331A 352A 402A ","","R","D","B ","F "," "," ","C","050","0","0","0","","","1801611","5816080",
"Hamilton City","BRYANT ROAD","100","E"," ","TE RAPA ROAD","201437392","20/05/2014","Tue","1700","JA","CW1C","308B 375B 923 ","","R","D","OF","F ","D","N","C","050","0","0","0","","","1797955","5818761",
"Hamilton City","BRYCE ST",""," ","I","BARTON ST","201437649","11/03/2014","Tue","1115","GF","TE1V","129A 129B ","","E","D","B ","F ","T","G","C","050","0","0","0","","","1800751","5815521",
"Hamilton City","BRYCE ST","15","E"," ","VICTORIA ST","201436041","13/03/2014","Thu","0950","MO","TE1","371A ","HK","R","D","BF","F "," ","N","C","050","0","0","0","","","","",
"Hamilton City","BYRON ROAD","70","S"," ","WORDSWORTH CRESCENT","201435578","02/04/2014","Wed","1530","MO","CS1","386A 929 ","P","R","D","B ","F ","D"," ","N","050","0","0","0","","","1802153","5817329",
"Hamilton City","CAMBRIDGE ROAD",""," ","I","FLYNN ROAD","201437953","27/05/2014","Tue","1811","GD","CE1C","181A 353A ","","R","D","DO","F ","T","N","P","050","0","0","0","","","1803470","5814138",
"Hamilton City","CAMERON ROAD",""," ","I","FORD ST","201431461","28/01/2014","Tue","1249","JA","CN1T","302B 375B ","","R","D","BF","F ","X","G","C","050","0","0","0","","","1803317","5815326",
"Hamilton City","CAMERON ROAD","20","S"," ","OLD FARM ROAD","201435724","08/05/2014","Thu","1640","MO","CS1C","371A 929 ","M","R","D","TF","L ","D"," ","C","050","0","0","0","","","1803229","5815676",
"Hamilton City","CARO ST","10","W"," ","ALEXANDRA ST","201434362","01/04/2014","Tue","1120","MA","CW1V","373B ","","R","D","B ","F ","R","G","R","050","0","0","0","","","1800925","5815237",
"Hamilton City","CHURCHILL AVENUE","200","E"," ","MAEROA ROAD","201430953","10/02/2014","Mon","2226","DB","CE1","351A 524A ","P","E","D","DO","F "," ","N","N","050","0","0","0","","","1799142","5816471",
"Hamilton City","CHURCHILL AVENUE",""," ","I","MAEROA ROAD","201433815","03/04/2014","Thu","0820","DB","CS1","358A 423A ","F","S","D","O ","L ","T","G","C","050","0","0","0","","","1798952","5816442",
"Hamilton City","CLARKIN ROAD",""," ","I","BANKWOOD ROAD","201435872","30/01/2014","Thu","0227","DA","CS2","112A 131A 514A ","FH","R","D","DO","F ","T","G","C","050","0","0","0","","","1800676","5817798",
"Hamilton City","CLARKIN ROAD","20","E"," ","KENNEY CRESCENT","201433460","10/02/2014","Mon","1930","FF","CW1C","331A 352A 929 ","","R","D","BF","F ","D","N","C","050","0","0","0","","","1801365","5817979",
"Hamilton City","CLARKIN ROAD","100","W"," ","MCNICOL ST","201430381","18/01/2014","Sat","0543","CB","CE1","101A 112A ","T","R","D","DO","F "," ","N","N","050","0","0","0","","","1800110","5817651",
"Hamilton City","CLYDE ST",""," ","I","CAMERON ROAD","201433284","15/03/2014","Sat","1215","HA","VS2C","302A 375A ","","R","W","OF","L ","R","G","R","050","0","0","0","","","1803421","5815003",
"Hamilton City","CLYDE ST","5","W"," ","FOX ST","201437948","06/06/2014","Fri","1204","FD","CW1C","181A 330A 817 ","","R","D","O ","F ","X","G","C","050","0","0","0","","","1802849","5814982",
"Hamilton City","CLYDE ST","50","W"," ","KNIGHTON ROAD","201431320","03/03/2014","Mon","0955","FC","VW1C","181A ","","R","D","BF","F "," ","N","X","050","0","0","0","","","1803373","5814983",
"Hamilton City","CLYDE ST",""," ","I","NIXON ST","201413669","20/05/2014","Tue","1920","KA","SW14","534A 602A 302B 375B ","","R","D","DO","F ","X","G","P","050","0","0","1","","24","1802351","5814956",
"Hamilton City","CLYDE ST",""," ","I","OLD FARM ROAD","201438074","21/05/2014","Wed","1305","NF","CS1E","376A ","","R","D","O ","F ","X","G","P","050","0","0","0","","","","",
"Hamilton City","CLYDE ST","10","W"," ","PEACHGROVE ROAD","201411996","19/02/2014","Wed","0819","JA","CE1V","308B 375B 922 ","","R","D","OF","F ","D","N","C","050","0","0","1","","","1802488","5814991",
"Hamilton City","COBHAM DRIVE",""," ","I","ANGLESEA ST","201436035","11/04/2014","Fri","0815","FB","CE1C","181A ","","M","W","OF","L ","R","G","R","080","0","0","0","","","","",
"Hamilton City","COBHAM DRIVE","40","N"," ","HILLSBOROUGH TERRACE","201438078","08/05/2014","Thu","1736","FD","CS1CC","181A 181B 801 901 ","","M","W","DO","H "," "," ","R","080","0","0","0","","","1801325","5814144",
"Hamilton City","COBHAM DRIVE","50","S"," ","HILLSBOROUGH TERRACE","201434641","10/04/2014","Thu","0025","DA","CS1","111A 135A 402A 901 ","","M","W","DO","H "," ","N","C","080","0","0","0","","","1801283","5814066",
"Hamilton City","COBHAM DRIVE","650","S"," ","TRISTRAM ST","201410467","16/01/2014","Thu","2300","DA","CN1","111A 131A ","KX","E","D","DO","F "," "," ","C","080","0","0","1","","","1801235","5813898",
"Hamilton City","COLLINGWOOD ST",""," ","I","TRISTRAM ST","201437648","25/02/2014","Tue","1640","GC","4N1C","171B ","","M","D","B ","F ","R","G","R","060","0","0","0","","","","",
"Hamilton City","COMMERCE ST",""," ","I","LAKE ROAD","201435992","16/04/2014","Wed","1220","MO","BS2T","385A 446B ","M","R","D","OF","F ","T","G","C","050","0","0","0","","","1799546","5815410",
"Hamilton City","CRAWSHAW DRIVE","60","S"," ","PRINGLE PLACE","201411595","27/02/2014","Thu","1511","NA","CN1E","712B 713B 727B ","","E","D","BF","F "," ","N","C","050","0","0","1","5","","1796557","5816902",
"Hamilton City","DINSDALE ROAD","240","E"," ","ROBYN PLACE","201412781","15/05/2014","Thu","1505","CB","PW1","197A ","","R","D","BF","F "," ","N","C","050","0","0","1","","","1797862","5814602",
"Hamilton City","DIXON ROAD","60","N"," ","PELORUS ST","201432912","10/02/2014","Mon","1330","CB","CN1V","158A 929 ","","R","D","B ","F ","D"," ","C","050","0","0","0","","","1802203","5811287",
"Hamilton City","DOMINION ROAD","100","W"," ","BRECKONS AVENUE","201413296","14/06/2014","Sat","0900","FA","CE1C","181A 363A ","","R","D","B ","F "," ","N","P","050","0","0","2","","","1796924","5816617",
"Hamilton City","ELLICOTT ROAD","20","N"," ","MAGNOLIA CRESCENT","201430459","29/01/2014","Wed","1835","JA","CN1C","308B 929 ","","E","D","B ","F ","D","N","C","050","0","0","0","","","1797983","5816033",
"Hamilton City","ELLIS ST",""," ","I","KILLARNEY ROAD","201413298","04/06/2014","Wed","1508","HA","CN1C","302A 375A ","","R","D","B ","F ","X","G","C","050","0","0","1","","","1799372","5814531",
"Hamilton City","FAIRVIEW ST","100","N"," ","ALDERSON ROAD","201430115","30/01/2014","Thu","1930","CA","CS1","130A 195A ","P","R","D","BF","F "," ","N","N","050","0","0","0","","","1802565","5818140",
"Hamilton City","FAIRVIEW ST","150","N"," ","RADIATA ST","201411594","17/03/2014","Mon","2005","MO","CS1C","108A 357A ","F","R","D","DO","F "," ","N","N","050","0","0","1","","","1802499","5818335",
"Hamilton City","FAIRVIEW ST","30","S"," ","WATTLE PLACE","201438076","16/05/2014","Fri","1410","EA","CN1V","129A 902 ","M","R","D","B ","F "," "," ","N","050","0","0","0","","","1802491","5818361",
"Hamilton City","FARRINGDON AVENUE",""," ","I","SANDOWNE CLOSE","201436611","20/04/2014","Sun","1506","DB","CE1","110A 131A ","G","M","W","O ","F ","T","N","C","050","0","0","0","","","1799245","5822102",
"Hamilton City","FIFTH AVENUE","20","E"," ","PEACHGROVE ROAD","201430402","18/01/2014","Sat","1200","FO","VN1C","330A 371A 926 ","","R","D","O ","F ","D","N","C","050","0","0","0","","","1802023","5816950",
"Hamilton City","FIFTH AVENUE",""," ","I","SPENSER ROAD","201436229","06/05/2014","Tue","1420","MC","4E1C","372B ","","R","W","O ","F ","T","G","C","050","0","0","0","","","1802502","5817235",
"Hamilton City","FIRTH ST","15","S"," ","WELLINGTON ST","201432742","02/03/2014","Sun","2215","CB","CS1","130A 402A 420A ","P","R","D","DO","F "," "," ","C","050","0","0","0","","","1802234","5814448",
"Hamilton City","FOREST LAKE ROAD",""," ","I","TE RAPA ROAD","201432232","05/02/2014","Wed","2351","DB","CN2","111A 131A 402A ","C","M","D","DO","F ","X","T","C","050","0","0","0","","","1799274","5817372",
"Hamilton City","GALLOWAY ST",""," ","I","BROOKFIELD ST","201412805","12/04/2014","Sat","1603","HA","CN1C","113A 302A 335A 113B 302B 335B ","","R","D","B ","F ","T","G","C","050","0","0","1","","","1802888","5813881",
"Hamilton City","GALLOWAY ST",""," ","I","BROOKFIELD ST","201430448","19/01/2014","Sun","1515","LB","CN1C","303B ","","R","D","B ","F ","X","G","C","050","0","0","0","","","1802888","5813881",
"Hamilton City","GALLOWAY ST","100","S"," ","COOK ST","201435175","14/03/2014","Fri","1520","LB","PN1C","303B 314B 929 ","","R","D","B ","F ","D","N","C","050","0","0","0","","","1802674","5814691",
"Hamilton City","GALLOWAY ST",""," ","I","NAYLOR ST","201438608","11/06/2014","Wed","1855","LB","CN14","303B ","","R","W","DO","L ","X","T","P","050","0","0","0","","","1802828","5814112",
"Hamilton City","GARDEN HEIGHTS AVENUE","50","N"," ","TE ANAU PLACE","201400076","05/04/2014","Sat","0339","DA","CN1","103A 111A 131A 632A ","PT","E","D","DO","F "," "," ","N","050","1","0","1","","","1801701","5811662",
"Hamilton City","GORDONTON ROAD",""," ","I","NEW BORMAN ROAD","201435727","02/05/2014","Fri","1800","JA","CN1C","302B 353B ","","E","D","DO","F ","T","G","C","080","0","0","0","","","1801719","5822278",
"Hamilton City","GORDONTON ROAD","100","S"," ","STONELEIGH DRIVE","201436610","09/04/2014","Wed","1903","CC","CN1","103A 112A ","P","R","W","DO","F "," ","N","C","080","0","0","0","","","1801996","5819768",
"Hamilton City","GORDONTON ROAD",""," ","I","WAIRERE DRIVE","201435034","11/04/2014","Fri","1500","KA","CE1C","302B ","","R","D","B ","F ","R","G","C","080","0","0","0","","","1802094","5819388",
"Hamilton City","GREY ST",""," ","I","BEALE ST","201437397","23/05/2014","Fri","1630","LB","CS1C","303B 377B ","","R","W","ON","L ","X","G","L","050","0","0","0","","","1801817","5815062",
"Hamilton City","GREY ST",""," ","I","BRIDGE ST","201413348","26/05/2014","Mon","0819","AC","BE2C","129A 176A 330A 197B ","P","M","D","O ","F ","T","T","C","050","0","0","1","","","1801844","5814959",
"Hamilton City","GREY ST","100","S"," ","CLAUDELANDS ROAD","201435722","15/05/2014","Thu","1230","MA","CN1C","373B ","","R","D","B ","F "," "," ","C","050","0","0","0","","","1801602","5815857",
"Hamilton City","GREY ST",""," ","I","CLAUDELANDS ROAD","201410064","03/02/2014","Mon","1751","LB","CS1C","322B 507B ","","R","D","B ","F ","X","T","C","050","0","0","2","","","1801562","5815949",
"Hamilton City","GREY ST",""," ","I","CLAUDELANDS ROAD","201436609","19/04/2014","Sat","0959","HA","CS1C","302A 375A ","","R","D","O ","F ","X","G","R","050","0","0","0","","","1801562","5815949",
"Hamilton City","GREY ST","50","S"," ","CLYDE ST","201437673","19/05/2014","Mon","1148","KB","CS1C","112B 308B 377B 839 925 ","","R","D","B ","F ","D","N","C","050","0","0","0","","","1801890","5814781",
"Hamilton City","GREY ST",""," ","I","CLYDE ST","201434586","19/03/2014","Wed","2039","JA","CN1C","322A ","","R","D","DO","F ","X","T","C","050","0","0","0","","","1801877","5814829",
"Hamilton City","GREY ST",""," ","I","CLYDE ST","201437934","25/05/2014","Sun","2304","JA","CS1C","102A 322A ","","R","W","DO","F ","X","T","C","050","0","0","0","","","1801877","5814829",
"Hamilton City","GREY ST","30","N"," ","COOK ST","201432342","04/02/2014","Tue","1555","EA","CS1C","129A 423A ","M","R","D","O ","F "," "," ","C","050","0","0","0","","","1801931","5814627",
"Hamilton City","HALL ST","10","S"," ","HAIG ST","201412509","13/04/2014","Sun","0048","CC","4N1","103A 130A ","IT","R","D","DO","F ","T","G","R","050","0","1","0","","","1799359","5815463",
"Hamilton City","HALL ST","100","W"," ","KENT ST","201433532","20/02/2014","Thu","1046","FD","CW1CC","181A ","","R","D","BF","F "," ","N","C","050","0","0","0","","","1799364","5815469",
"Hamilton City","HALL ST",""," ","I","NORTON ROAD","201435152","31/03/2014","Mon","0815","GD","CN1C","181A ","","E","D","B ","F ","X","T","P","050","0","0","0","","","1799613","5815671",
"Hamilton City","HEAPHY TERRACE","5","S"," ","BOUNDARY ROAD","201437831","28/05/2014","Wed","1715","EE","CS1C","374B ","M","R","D","TF","F ","R","G","C","050","0","0","0","","","1801221","5816709",
"Hamilton City","HEAPHY TERRACE",""," ","I","BOUNDARY ROAD","201431022","09/02/2014","Sun","1845","FA","CS1C","181A ","","E","D","B ","F ","R","G","R","050","0","0","0","","","1801214","5816732",
"Hamilton City","HEAPHY TERRACE","30","S"," ","ONEILL ST","201435938","31/03/2014","Mon","1700","EA","VS1C","129A ","M","R","D","BF","F "," ","N","C","050","0","0","0","","","1801540","5815995",
"Hamilton City","HEAPHY TERRACE","20","S"," ","OXFORD ST","201431979","30/01/2014","Thu","1458","MB","CN1C","303B 375B ","","R","D","BF","F "," ","N","C","050","0","0","0","","","1801086","5817041",
"Hamilton City","HERBERT ROAD","50","N"," ","COLMAN ST","201411667","18/02/2014","Tue","1540","NA","CN1E","712B 713B 726B ","","R","D","BF","F "," ","N","C","050","0","0","1","6","","1799967","5819505",
"Hamilton City","HILLCREST ROAD","170","N"," ","MANSEL AVENUE","201437363","21/05/2014","Wed","2210","EC","CN1","911 ","W","E","D","DO","F "," ","N","C","050","0","0","0","","","1803911","5814438",
"Hamilton City","HOOD ST","50","E"," ","ANGLESEA ST","201434742","06/04/2014","Sun","0700","MO","CW1C","371A ","M","R","D","DO","F "," ","N","C","050","0","0","0","","","1801091","5814906",
"Hamilton City","HOOD ST",""," ","I","ANGLESEA ST","201432549","17/02/2014","Mon","1450","MG","CW1C","371A ","","R","D","B ","F ","X","T","R","050","0","0","0","","","1801051","5814876",
"Hamilton City","HORSHAM DOWNS ROAD","800","N"," ","BORMAN ROAD","201435568","20/04/2014","Sun","1344","DA","CS1","111A 131A 801 ","F","M","W","O ","L "," "," ","L","080","0","0","0","","","1800692","5823437",
"Hamilton City","HORSHAM DOWNS ROAD",""," ","I","BORMAN ROAD","201437476","23/05/2014","Fri","0750","JA","CN1C","124A 363A 645A 902 ","","R","D","B ","F ","X","G","C","050","0","0","0","","","1800722","5822722",
"Hamilton City","HORSHAM DOWNS ROAD",""," ","I","THOMAS ROAD","201412634","24/03/2014","Mon","0806","DB","SS1C","302A 375A ","","M","D","BF","F ","R","G","R","050","0","0","1","","13","1800323","5821629",
"Hamilton City","HUKANUI ROAD",""," ","I","CHEDWORTH AVENUE","201430144","25/01/2014","Sat","1718","JA","CS1C","302B 375B ","","R","D","BF","F ","T","G","R","050","0","0","0","","","1800992","5819174",
"Hamilton City","HUKANUI ROAD","110","N"," ","ELMIRA AVENUE","201434644","05/04/2014","Sat","1446","DA","CN1","332A 350A ","P","E","D","BF","F "," ","N","C","050","0","0","0","","","1801149","5818507",
"Hamilton City","HUKANUI ROAD",""," ","I","GERRAND PLACE","201410264","14/02/2014","Fri","0540","BF","CN1V","111A 131A ","","E","W","DO","L ","T","G","C","050","0","0","2","","","1800460","5819900",
"Hamilton City","HUKANUI ROAD","40","S"," ","KENSINGTON PLACE","201431712","18/01/2014","Sat","1600","MA","CN1C","373B ","","E","D","B ","F "," "," ","C","050","0","0","0","","","1801492","5818151",
"Hamilton City","HUKANUI ROAD","200","S"," ","LYNDEN COURT","201410053","05/02/2014","Wed","1517","FD","CN14C","331A 352A 402A ","","R","D","B ","F "," "," ","P","050","0","0","1","","","1800832","5819486",
"Hamilton City","HUKANUI ROAD",""," ","I","SOVEREIGN ISLE LANE","201432466","22/01/2014","Wed","1310","BB","CN1C","124A 357A ","","R","D","O ","F ","T","N","N","050","0","0","0","","","1800325","5820887",
"Hamilton City","HUKANUI ROAD","70","S"," ","WAIRERE DRIVE","201437675","29/05/2014","Thu","1225","FA","BS1C","158A 386A 929 ","","R","W","O ","F ","D","N","C","050","0","0","0","","","","",
"Hamilton City","HUKANUI ROAD",""," ","I","WAIRERE DRIVE","201436437","08/05/2014","Thu","0936","DA","CW2","111A 131A ","G","M","W","OF","L ","R","G","R","050","0","0","0","","","1800419","5820108",
"Hamilton City","HUNTINGTON DRIVE",""," ","I","DARJON DRIVE","201431019","30/01/2014","Thu","0540","HA","CW1S","302A 375A ","","E","D","B ","F ","R","G","R","050","0","0","0","","","1801369","5820163",
"Hamilton City","HYDE AVENUE",""," ","I","ELLICOTT ROAD","201436441","05/02/2014","Wed","1825","DA","CW2","111A 131A ","I","R","D","OF","F ","T","G","R","050","0","0","0","","","1797151","5815435",
"Hamilton City","KAHIKATEA DRIVE",""," ","I","HIGGINS ROAD","201411596","24/02/2014","Mon","1607","HA","CW1TV","302A 377A ","M","R","D","BF","F ","X","G","C","050","0","1","0","","","1798460","5813542",
"Hamilton City","KAKA ST",""," ","I","PUKEKO ST","201432347","09/02/2014","Sun","1725","DA","VE2","101A 131A ","T","R","D","B ","F ","T","G","C","050","0","0","0","","","1798473","5815335",
"Hamilton City","KARAKA ST",""," ","I","WALL ST","201412377","08/04/2014","Tue","2200","HA","CS24","302A 375A ","P","R","W","DO","F ","X","G","C","050","0","0","1","","","1797400","5816768",
"Hamilton City","KAREWA PLACE",""," ","I","WAIRERE DRIVE","201430461","21/01/2014","Tue","1815","FB","CE1C","181A 330A ","","E","D","B ","F ","T","G","C","050","0","0","0","","","1797227","5819693",
"Hamilton City","KAREWA PLACE",""," ","I","WAIRERE DRIVE","201437952","31/05/2014","Sat","1528","FB","CS1C","181A 331A ","","E","D","B ","F ","T","G","R","050","0","0","0","","","1797227","5819693",
"Hamilton City","KEATS CRESCENT","100","W"," ","BLAKE ST","201433282","20/03/2014","Thu","","EA","CE1C","129A ","M","R","D","DO","F "," ","N","C","050","0","0","0","","","1802020","5817917",
"Hamilton City","KENT ST",""," ","I","HALL ST","201410551","12/02/2014","Wed","1440","HA","SN1C","204A 300A 614A ","","R","D","BF","F ","X","T","C","050","0","0","1","","21","1799294","5815398",
"Hamilton City","KILLARNEY ROAD",""," ","I","QUEENS AVENUE","201412157","23/04/2014","Wed","0941","KA","SE1C","302B ","","R","D","B ","F ","X","G","C","050","0","0","1","","55","1799642","5814529",
"Hamilton City","KILLARNEY ROAD",""," ","I","SH 1N","201438061","19/05/2014","Mon","1325","HA","CN1C","691B ","","R","D","B ","F ","X","T","R","050","0","0","0","","","","",
"Hamilton City","KING ST","120","E"," ","LAKE ROAD","201432741","08/03/2014","Sat","1103","MB","CE1C","370B ","","R","D","O ","F "," "," ","C","050","0","0","0","","","1799773","5815358",
"Hamilton City","KING ST",""," ","I","LAKE ROAD","201411245","05/03/2014","Wed","1810","HA","CW1S","302A 902 ","","E","D","B ","F ","R","G","R","050","0","0","1","","26","1799679","5815264",
"Hamilton City","KNIGHTON ROAD",""," ","I","CAMERON ROAD","201437628","29/04/2014","Tue","1613","KA","CS2CC","302B 181C 331C 817 ","","M","D","B ","F ","R","G","R","030","0","0","0","","","1803439","5815004",
"Hamilton City","KNIGHTON ROAD","100","N"," ","HELENA ROAD","201413736","05/05/2014","Mon","1754","NA","PS1","194A 901 ","","R","W","DO","H "," ","N","C","050","0","1","0","","","1803510","5815127",
"Hamilton City","LAKE DOMAIN DRIVE","60","S"," ","FOWLERS AVENUE","201431616","17/01/2014","Fri","0605","DA","VN1","111A 131A ","FK","M","W","TF","L "," "," ","C","050","0","0","0","","","1799950","5814716",
"Hamilton City","LAKE DOMAIN DRIVE","40","N"," ","KILLARNEY ROAD","201438085","18/05/2014","Sun","0120","DB","CS1","101A 111A 131A ","CP","M","D","DO","M "," "," ","C","050","0","0","0","","","1799815","5814512",
"Hamilton City","LAKE DOMAIN DRIVE","200","N"," ","KILLARNEY ROAD","201437630","23/05/2014","Fri","1830","DA","CN1","102A 111A 131A 402A 801 ","C","S","W","DO","L "," "," ","C","050","0","0","0","","","1799894","5814642",
"Hamilton City","LAKE ROAD",""," ","I","MARAMA ST","201438077","15/05/2014","Thu","0937","JA","CS1C","302B ","","R","D","O ","F ","T","G","P","050","0","0","0","","","1800026","5815007",
"Hamilton City","LAKE ROAD",""," ","I","SOMERSET ST","201432987","06/03/2014","Thu","1412","JA","CS1C","302B 507B ","","R","D","B ","F ","T","G","C","050","0","0","0","","","1799774","5815186",
"Hamilton City","LINCOLN ST",""," ","I","ELLICOTT ROAD","201435778","09/05/2014","Fri","1430","LB","CN1C","323B 402B ","","R","D","B ","F ","X","T","R","050","0","0","0","","","1798089","5816149",
"Hamilton City","LIVERPOOL ST",""," ","I","VICTORIA ST","201437949","05/06/2014","Thu","1253","LB","CE1C","303B 334B ","","R","D","B ","F ","M","T","C","050","0","0","0","","","1800444","5816189",
"Hamilton City","LIVINGSTONE AVENUE","50","E"," ","WAIMARIE ST","201437927","06/06/2014","Fri","0825","MO","CN1C","372A ","Q","M","D","B ","F "," ","N","C","050","0","0","0","","","1797423","5816216",
"Hamilton City","LONDON ST","20","W"," ","HARWOOD ST","201434754","04/05/2014","Sun","1205","JA","CE1C","308B 375B 930 ","","R"," "," F","  ","D","N","N","050","0","0","0","","","1800565","5815684",
"Hamilton City","LONDON ST",""," ","I","TRISTRAM ST","201437950","02/06/2014","Mon","1511","LB","CN1C","303B 375B ","","R","D","B ","F ","X","T","C","050","0","0","0","","","1800319","5815515",
"Hamilton City","LONDON ST",""," ","I","TRISTRAM ST","201432155","29/01/2014","Wed","1237","LB","4E1C","303B ","","R","D","B ","F ","X","T","C","050","0","0","0","","","1800319","5815515",
"Hamilton City","LONDON ST","10","W"," ","VICTORIA ST","201411093","22/02/2014","Sat","1210","MA","CW1CC","350B 373B ","Q","R","D","O ","F ","X","T","C","050","0","0","1","","","1800711","5815784",