"TLA NAME","CRASH ROAD","CRASH DIST","CRASH DIRN","INTSN","SIDE ROAD","CRASH ID","CRASH DATE","CRASH DOW","CRASH TIME","MVMT","VEHICLES","CAUSES","OBJECTS STRUCK","ROAD CURVE","ROAD WET","LIGHT","WTHRa","JUNC TYPE","TRAF CTRL","ROAD MARK","SPD LIM","CRASH FATAL CNT","CRASH SEV CNT","CRASH MIN CNT","PERS AGE1","PERS AGE2","EASTING","NORTHING"
"Hamilton City","LONDON ST",""," ","I","VICTORIA ST","201432463","08/02/2014","Sat","0205","DA","CS1","111A 131A 801 ","KS","R","W","DO","L ","X","T","C","050","0","0","0","","","1800719","5815790",
"Hamilton City","LORIMER LANE","40","N"," ","COBHAM DRIVE","201436606","28/04/2014","Mon","0903","MO","CN1V","371A 371B 929 ","","R","D","B ","F ","D","N","N","040","0","0","0","","","1804028","5813705",
"Hamilton City","LYNDEN COURT",""," ","I","HUKANUI ROAD","201437826","27/05/2014","Tue","1245","FB","CE1C","181A 191B ","","R","D","B ","F ","T","G","C","050","0","0","0","","","1800698","5819635",
"Hamilton City","MAAHANGA DRIVE","40","S"," ","THE BASE PARADE","201430724","25/01/2014","Sat","0810","AA","CN14","159A 357A ","","R","D","BF","F "," ","N","R","050","0","0","0","","","1796639","5819794",
"Hamilton City","MAEROA ROAD",""," ","I","MAEROA","201436179","23/04/2014","Wed","0731","HA","CS2C","302A ","","R","D","B ","F ","R","G","R","050","0","0","0","","","1798889","5816135",
"Hamilton City","MAEROA ROAD",""," ","I","RIMU ST","201437946","08/06/2014","Sun","0813","HA","CN1C","302A 375A ","","E","D","B ","F ","R","G","R","050","0","0","0","","","1798889","5816135",
"Hamilton City","MAHOE ST","100","W"," ","SH 3","201436605","18/04/2014","Fri","1800","EA","CE1C","103A ","M","E","D","DO","F "," ","N","C","050","0","0","0","","","1800721","5812747",
"Hamilton City","MANSEL AVENUE","130","E"," ","MASTERS AVENUE","201437951","31/05/2014","Sat","1119","GD","CE1C","181A 387A 929 ","","R","D","B ","F ","D","N","C","050","0","0","0","","","1804226","5814062",
"Hamilton City","MASTERS AVENUE",""," ","I","MANSEL AVENUE","201432510","28/01/2014","Tue","0849","FB","CS1C","331A 358A ","","E","D","B ","F ","X","G","C","050","0","0","0","","","1804120","5814138",
"Hamilton City","MAUI ST SOUTH",""," ","I","CHURCH ROAD","201435775","09/05/2014","Fri","0650","DA","VN2","111A 131A 407A 801 ","T","M","W","O ","L ","X","T","C","050","0","0","0","","","1796488","5820460",
"Hamilton City","MILL ST",""," ","I","ULSTER ST","201432888","25/01/2014","Sat","2220","FE","VS1X","351A 423A ","","R","D","DO","F ","X","T","C","050","0","0","0","","","1800165","5816337",
"Hamilton City","MILL ST",""," ","I","WILLOUGHBY ST","201436514","16/04/2014","Wed","2045","LB","CS1C","101B 323B 334B 402B 801 ","","R","W","DO","L ","X","T","C","050","0","0","0","","","1800064","5816114",
"Hamilton City","MITCHAM AVENUE","50","E"," ","HOLLOWAY PLACE","201437928","02/06/2014","Mon","0430","MO","CS1C","101A 371A 929 ","M","R","D","DN","F ","D","N","N","050","0","0","0","","","1798458","5817144",
"Hamilton City","MONTGOMERY CRESCENT","60","N"," ","ALLENBY ST","201437399","18/05/2014","Sun","1230","MO","TE1C","371A 385A 929 ","M","E","D","BF","F ","D","N","N","050","0","0","0","","","1801683","5813183",
"Hamilton City","MOUNT VIEW ROAD","30","E"," ","GARDENIA CLOSE","201437552","04/04/2014","Fri","1140","EA","CE1V","129A 359A ","M","R","D","B ","F "," "," ","C","050","0","0","0","","","1800470","5812309",
"Hamilton City","NAYLOR ST",""," ","I","GALLOWAY ST","201413332","11/04/2014","Fri","0639","HA","4N2C","334A 334B 901 ","S","R","W","TO","H ","X","T","C","050","0","0","1","","","1802828","5814112",
"Hamilton City","NORRIE ST",""," ","I","PEACOCKES ROAD","201436018","15/04/2014","Tue","0944","FF","CS1V","331A 352A ","","E","D","BF","F ","T","G","C","050","0","0","0","","","","",
"Hamilton City","NORTON ROAD",""," ","I","MILL ST","201411987","29/03/2014","Sat","1630","FB","CE1C","331A 350A ","","E","D","BF","F ","X","G","C","050","0","0","1","","","1799613","5815671",
"Hamilton City","NORTON ROAD","15","S"," ","TANIWHA ST","201413671","14/05/2014","Wed","1120","CB","CW1","102A 130A ","T","R","D","O ","F "," "," ","P","050","0","0","1","","","","",
"Hamilton City","NORTON ROAD","40","W"," ","TRISTRAM ST","201413304","19/05/2014","Mon","1645","NA","BE1E","506B 713B ","","R","D","B ","F "," "," ","P","050","0","1","0","25","","1800279","5815523",
"Hamilton City","ODONOGHUE ST","5","S"," ","HILLCREST ROAD","201436513","24/04/2014","Thu","1353","DA","CN1","111A 131A 402A 901 ","P","M","W","O ","H ","T","G","C","050","0","0","0","","","1804125","5814893",
"Hamilton City","OHAUPO ROAD",""," ","I","PEMBROKE ST","201437490","16/05/2014","Fri","1800","LB","CS1C","303B 330B ","","E","D","DO","F ","T","G","C","050","0","0","0","","","1800724","5813091",
"Hamilton City","ONEILL ST","150","E"," ","GEORGE ST","201413276","14/06/2014","Sat","0810","EA","VE1C","129A 363A 902 ","M","R","D","B ","F "," ","N","C","050","0","0","1","","","1801395","5815950",
"Hamilton City","PEACHGROVE ROAD",""," ","I","BOUNDARY ROAD","201410561","01/02/2014","Sat","1030","GB","CN1TC","172B ","Q","M","D","BF","F ","R","G","R","050","0","0","1","","","1802004","5816928",
"Hamilton City","PEACHGROVE ROAD",""," ","I","CLARKIN ROAD","201410227","20/01/2014","Mon","2030","FB","CN1C","181A 330A ","","R","W","TF","L ","R","G","R","050","0","0","1","","","1801576","5818078",
"Hamilton City","PEACHGROVE ROAD","20","S"," ","CLYDE ST","201438607","16/06/2014","Mon","1827","MF","CN1C","371B ","","R","W","DO","L ","X","T","C","050","0","0","0","","","1802486","5815009",
"Hamilton City","PEACHGROVE ROAD","150","S"," ","FRANCES ST","201437772","03/06/2014","Tue","1050","EA","BS1C","129A 330A ","M","R","D","B ","F "," "," ","C","050","0","0","0","","","1802377","5815594",
"Hamilton City","PEACHGROVE ROAD",""," ","I","FRANCES ST","201410225","18/01/2014","Sat","1330","DB","PN1","135A 804 ","","E","D","B ","F ","T","G","C","050","0","0","2","","","1802376","5815743",
"Hamilton City","PEACHGROVE ROAD",""," ","I","HOLLAND ROAD","201410563","30/01/2014","Thu","2033","JA","CN14","302B 375B ","","R","D","TF","F ","T","G","C","050","0","0","2","","","1801711","5817651",
"Hamilton City","PEACHGROVE ROAD",""," ","I","RUAKURA ROAD","201434626","01/03/2014","Sat","1600","FE","CN1C","181A ","","R","D","BF","F ","X","T","C","050","0","0","0","","","1802413","5816086",
"Hamilton City","PEACOCKES ROAD","150","S"," ","STUBBS ROAD","201431459","01/02/2014","Sat","1800","DB","CS1","111A 131A 632A ","P","M","D","DN","F "," ","N","C","100","0","0","0","","","1804036","5810667",
"Hamilton City","PEMBROKE ST",""," ","I","CLARENCE ST","201411988","26/03/2014","Wed","1638","LB","CS1C","303B 375B ","","R","D","BF","F ","X","S","C","050","0","0","4","","","1800804","5814464",
"Hamilton City","PEMBROKE ST",""," ","I","CLARENCE ST","201410320","20/01/2014","Mon","1230","HA","CS14","321B ","","E","W","OF","F ","X","S","C","050","0","0","1","","","1800804","5814464",
"Hamilton City","PICKERING CRESCENT","20","S"," ","RUTHERFORD ST","201435151","25/03/2014","Tue","0233","EA","CW14","386A ","M","R","D","TF","F "," ","N","C","050","0","0","0","","","1800803","5819664",
"Hamilton City","PICKERING CRESCENT",""," ","I","RUTHERFORD ST","201434537","24/03/2014","Mon","0231","DB","CN2","103A 111A 131A ","S","E","D","DO","F ","T","N","C","050","0","0","0","","","1800818","5819677",
"Hamilton City","PUKETE ROAD","20","E"," ","TE RAPA ROAD","201438138","15/05/2014","Thu","1330","JA","CW1C","308B 377B 922 ","","M","D","BF","F ","D","N","C","050","0","0","0","","","","",
"Hamilton City","QUEENS AVENUE",""," ","I","UPPER KENT ST","201433121","20/03/2014","Thu","0450","DB","CS1","111A 131A ","P","M","D","DO","F ","T","G","N","050","0","0","0","","","1799780","5814920",
"Hamilton City","RESOLUTION DRIVE","20","N"," ","WAIRERE DRIVE","201411986","17/03/2014","Mon","0539","DB","PS1","129A ","P","E","W","DO","F "," ","N","R","080","0","0","1","","","1799311","5820714",
"Hamilton City","RICHMOND ST","80","W"," ","ULSTER ST","201437551","12/04/2014","Sat","1916","LB","CE1C","303B 927 ","","R","D","DO","F ","D","N","C","050","0","0","0","","","1799696","5816477",
"Hamilton City","RIFLE RANGE ROAD","180","N"," ","PUKEKO ST","201434664","11/04/2014","Fri","1010","KB","CS1V","308B 375B 930 ","","R","W","OF","L ","D","N","R","050","0","0","0","","","1798271","5815593",
"Hamilton City","RIFLE RANGE ROAD",""," ","I","RAILSIDE PLACE","201437634","12/05/2014","Mon","0830","JA","CS1C","302B 314B 402B ","S","R","D","O ","F ","T","G","C","050","0","0","0","","","1798316","5815727",
"Hamilton City","RIVER ROAD",""," ","I","BANBURY CRESCENT","201432739","27/02/2014","Thu","0745","MC","CS1C","387A 372B ","","R","D","O ","F ","T","G","R","050","0","0","0","","","1799797","5817474",
"Hamilton City","RIVER ROAD",""," ","I","COMRIES ROAD","201411734","02/03/2014","Sun","1320","JC","CN1C","321A ","","E","D","B ","F ","T","S","C","050","0","0","1","","","1799715","5819249",
"Hamilton City","RIVER ROAD",""," ","I","ENDEAVOUR AVENUE","201411760","26/03/2014","Wed","1120","LB","CW2M","302A ","","S","D","B ","F ","R","G","R","050","0","1","1","","","1798613","5820788",
"Hamilton City","RIVER ROAD",""," ","I","FAIRFIELD BRIDGE","201437930","11/06/2014","Wed","2200","FB","CE1C","110A 181A ","","R","W","DN","F ","R","G","R","050","0","0","0","","","1800024","5817153",
"Hamilton City","RIVER ROAD","10","N"," ","GLEN LYNNE AVENUE","201435774","14/05/2014","Wed","0850","FA","CS1C","112A 181A 331A ","","R","W","O ","F ","T","G","C","050","0","0","0","","","1799542","5819666",
"Hamilton City","RIVER ROAD",""," ","I","GLEN LYNNE AVENUE","201432700","24/02/2014","Mon","0841","DB","CS2","131A 501A ","T","M","D","B ","F ","T","G","C","050","0","0","0","","","1799550","5819660",
"Hamilton City","RIVER ROAD","150","S"," ","HARROWFIELD DRIVE","201434615","07/03/2014","Fri","1630","FF","PS1C","181A ","","E","D","BF","F "," ","N","C","050","0","0","0","","","1798884","5820233",
"Hamilton City","RIVER ROAD","10","N"," ","RIRO ST","201435542","02/05/2014","Fri","1453","GD","CS1CC","331A 350A ","","E","D","B ","F ","T","G","C","050","0","0","0","","","1801458","5815465",
"Hamilton City","RIVER ROAD",""," ","I","TAMIHANA AVENUE","201434643","05/04/2014","Sat","1335","FD","CN1C","181A ","","R","D","BF","F ","T","G","C","050","0","0","0","","","1800542","5816659",
"Hamilton City","RODNEY ST","30","N"," ","HAMBLYN CRESCENT","201413704","17/05/2014","Sat","2030","EA","CN1C","103A 129A ","M","E","D","DO","F "," ","N","N","050","0","0","1","","","1796562","5815752",
"Hamilton City","ROSTREVOR ST","25","N"," ","TRISTRAM ST","201410573","10/01/2014","Fri","1124","NA","CN1E","712B 713B 727B ","","R","D","BF","F "," ","N","C","050","0","0","1","5","","1800210","5815732",
"Hamilton City","RUAKIWI ROAD","40","W"," ","PEMBROKE ST","201413334","30/04/2014","Wed","1528","CA","CS1C","410A 423A 504A ","PX","R","D","O ","F "," "," ","C","050","0","0","1","","","1800803","5814146",
"Hamilton City","RUAKIWI ROAD",""," ","I","THACKERAY ROAD","201434755","11/04/2014","Fri","1019","DA","CW2C","111A 131A ","M","R"," "," F","  ","T","N","N","060","0","0","0","","","1800566","5814619",
"Hamilton City","RUAKURA ROAD","120","W"," ","KNIGHTON ROAD","201438137","08/05/2014","Thu","1620","FD","CE1CC","181A ","","R","W","OF","F "," ","N","C","050","0","0","0","","","","",
"Hamilton City","RUAKURA ROAD","80","N"," ","PERCIVAL ROAD","201438657","08/05/2014","Thu","1630","FD","CS1C","181A ","","R","D","O ","F "," "," ","C","050","0","0","0","","","","",
"Hamilton City","RUAKURA ROAD","300","N"," ","SILVERDALE ROAD","201437631","19/05/2014","Mon","0845","FD","CS1CC","112A 331A 352A 830 904 ","","R","D","O ","M "," "," ","C","080","0","0","0","","","","",
"Hamilton City","RUAKURA ROAD",""," ","I","WAIRERE DRIVE","201432743","03/03/2014","Mon","0733","KA","CW1T","324A 801 817 ","","R","W","O ","L ","X","T","R","060","0","0","0","","","1802812","5815997",
"Hamilton City","RUAPEHU ST","20","E"," ","BELLMONT AVENUE","201432668","27/03/2014","Thu","1415","MD","CE1C","371B 929 ","","R","D","O ","F ","D","N","C","050","0","0","0","","","1800833","5818808",
"Hamilton City","SANDWICH ROAD","10","W"," ","CECIL ST","201412779","03/05/2014","Sat","1115","NA","CE1E","712B 713B ","","R","D","BF","F ","T","N","P","050","0","0","1","10","","1798181","5819721",
"Hamilton City","SANDWICH ROAD",""," ","I","DELAMARE ROAD","201412770","28/03/2014","Fri","1636","JA","CE1S","302B 377B 839 ","","R","D","BF","F ","T","G","P","050","0","0","1","","13","1798592","5819578",
"Hamilton City","SANDWICH ROAD","60","N"," ","WARWICK AVENUE","201432224","17/02/2014","Mon","1627","EA","CN1V","410A ","M","R","D","B ","F "," "," ","C","050","0","0","0","","","1798821","5819087",
"Hamilton City","SCOTTSMANS VALLEY ROAD","100","S"," ","TAUWHARE ROAD","201438080","17/05/2014","Sat","0900","LB","CN1C","303B 930 ","","R","D","B ","F ","D","N","C","070","0","0","0","","","","",
"Hamilton City","SH 1N",""," ","I","AVALON DRIVE","201436040","01/05/2014","Thu","1107","FB","CN1C","181A ","","E","D","OF","F ","R","G","R","050","0","0","0","","","","",
"Hamilton City","SH 1N","100","S"," ","COBHAM DRIVE","201436032","02/04/2014","Wed","1441","AC","VS1V","184A 381A ","","R","D","BF","F "," ","N","C","080","0","0","0","","","","",
"Hamilton City","SH 1N","500","S"," ","COBHAM DRIVE","201436038","11/04/2014","Fri","1407","DA","CN1","135A 801 ","CK","M","W","OF","L "," ","N","C","080","0","0","0","","","","",
"Hamilton City","SH 1N",""," ","I","KILLARNEY ROAD","201437396","20/05/2014","Tue","1240","FE","CE1S","181A 331A ","","R","D","BF","F ","X","T","C","050","0","0","0","","","","",
"Hamilton City","SH 1N",""," ","A","MASSEY HALL OVERBRIDGE","201437635","15/05/2014","Thu","0740","JA","CS1C","197A 322B 350B ","","R","W","B ","F ","X","T","C","060","0","0","0","","","","",
"Hamilton City","SH 1N","90","W"," ","SH 26","201437674","19/05/2014","Mon","1008","CC","CW1","130A 386A ","I","R","D","B ","F "," "," ","R","060","0","0","0","","","","",
"Hamilton City","SH 23","230","W"," ","WALLACE ROAD","201413408","18/05/2014","Sun","0803","CA","4E1","130A 404A ","","R","D","O ","F "," "," ","C","100","0","0","1","","","","",
"Hamilton City","SILVERDALE ROAD",""," ","I","CARRINGTON AVENUE","201434540","01/04/2014","Tue","0901","LB","CN1C","387B ","","R","D","BF","F ","T","G","P","050","0","0","0","","","1804746","5815009",
"Hamilton City","SILVERDALE ROAD","10","S"," ","RUAKURA ROAD","201434603","20/02/2014","Thu","1720","FB","CN1C","331A 358A ","","R","D","BF","F ","R","G","R","050","0","0","0","","","1804248","5815941",
"Hamilton City","SILVERDALE ROAD","250","S"," ","RUAKURA ROAD","201435730","08/05/2014","Thu","0901","FD","TN1C","130A 331A 615A 801 ","","R","W","O ","L "," "," ","C","050","0","0","0","","","1804312","5815710",
"Hamilton City","SNELL DRIVE",""," ","I","CHAMBERLAIN PLACE","201410810","06/02/2014","Thu","0726","DB","CN1","103A 111A 131A 402A ","FT","E","D","O ","F ","T","G","C","050","0","0","1","","","1802033","5818435",
"Hamilton City","SOMERSET ST",""," ","I","DEVON ROAD","201436031","12/02/2014","Wed","1625","HA","SW1C","204A 300A ","","R","D","BF","F ","T","G","C","050","0","0","0","","","","",
"Hamilton City","STANLEY ST","70","E"," ","OAKLEY AVENUE","201410438","29/01/2014","Wed","1310","PF","VE1","129A ","","R","D","B ","F "," "," ","N","050","0","0","1","","","1801008","5816486",
"Hamilton City","STOREY AVENUE",""," ","I","STEELE ROAD","201435570","16/04/2014","Wed","1500","HA","CS14","302A 375A ","","R","D","O ","F ","R","G","R","050","0","0","0","","","1798869","5817451",
"Hamilton City","SUNSHINE AVENUE","15","W"," ","TE RAPA ROAD","201431404","24/02/2014","Mon","1018","EA","TE1C","385A 671A ","M","R","D","BF","F "," ","N","C","050","0","0","0","","","1797828","5818666",
"Hamilton City","TE AROHA ST",""," ","I","ARGYLE ST","201434360","10/04/2014","Thu","0840","FD","CE1C","181A 800 ","","R","W","O ","F ","T","G","C","050","0","0","0","","","1801982","5815977",
"Hamilton City","TE AROHA ST",""," ","I","GREY ST","201410052","07/02/2014","Fri","1315","CC","CS1","130A 507A ","HPS","R","D","B ","F ","R","G","C","050","0","0","1","","","1801606","5815832",
"Hamilton City","TE RAPA ROAD",""," ","I","GARNETT AVENUE","201430447","14/01/2014","Tue","","FO","CS1C","330A ","","E","D","B ","F ","X","T","C","060","0","0","0","","","1798465","5817891",
"Hamilton City","TE RAPA ROAD",""," ","I","HOME STRAIGHT","201437945","16/06/2014","Mon","1340","FE","CS14","101A 353A ","","R","W","O ","F ","T","T","C","060","0","0","0","","","1798284","5818135",
"Hamilton City","TE RAPA ROAD","30","S"," ","PUKETE ROAD","201436512","28/04/2014","Mon","1706","LB","CN1CV","303B 314B 350B 929 ","","R","W","DO","F ","D"," ","R","060","0","0","0","","","","",
"Hamilton City","TE RAPA ROAD",""," ","I","SUNSHINE AVENUE","201438139","16/05/2014","Fri","1605","HA","VE2C","302A ","","E","D","OF","F ","R","G","R","050","0","0","0","","","1797840","5818675",
"Hamilton City","TE RAPA ROAD",""," ","I","TE KOWHAI ROAD EAST","201411247","06/03/2014","Thu","1220","HA","4N1C","302A ","","M","D","B ","F ","R","G","R","080","0","0","2","","","1796392","5820315",
"Hamilton City","TE RAPA ROAD","100","N"," ","WAIRERE DRIVE","201430401","11/01/2014","Sat","1521","FA","VN1C","181A 357A 357B ","","R","D","O ","F "," ","N","R","060","0","0","0","","","1797003","5819631",
"Hamilton City","THACKERAY ST",""," ","I","RUAKIWI ROAD","201432887","14/03/2014","Fri","0948","JA","CS2C","302B ","","E","D","O ","F ","T","G","C","050","0","0","0","","","1800566","5814619",
"Hamilton City","THOMAS ROAD",""," ","I","CATE ROAD E","201435726","04/05/2014","Sun","2057","DB","CN2","133A ","IS","R","D","DO","F ","T","G","R","050","0","0","0","","","1799771","5821666",
"Hamilton City","THOMAS ROAD",""," ","I","CAVERSHAM DRIVE","201430193","15/01/2014","Wed","1723","JA","CW1C","302B 377B ","","R","D","BF","F ","T","G","R","050","0","0","0","","","1799397","5821596",
"Hamilton City","THOMAS ROAD","200","E"," ","SOMERTON DRIVE","201430449","09/01/2014","Thu","1120","CB","CE1","129A 427A ","I","R","W","B ","F "," ","N","R","050","0","0","0","","","1801298","5821487",
"Hamilton City","THOMAS ROAD",""," ","I","ST JAMES DRIVE","201432670","09/01/2014","Thu","1231","CB","CW1","110A 402A ","FI","R","W","O ","F ","R","G","R","050","0","0","0","","","1801397","5821450",
"Hamilton City","THOMAS ROAD","40","E"," ","SUDBURY COURT","201413297","15/06/2014","Sun","0949","CA","MW1","110A 135A ","","R","W","O ","M "," ","N","C","050","0","0","1","","","1800267","5821647",
"Hamilton City","TOMIN ROAD",""," ","I","RICHAN ST","201430456","15/01/2014","Wed","1815","GD","MN1C","181A 144B 929 ","","R","D","DO","F ","D","N","N","050","0","0","0","","","1801291","5811997",
"Hamilton City","TOTARA DRIVE","50","W"," ","FUCHSIA AVENUE","201435413","09/05/2014","Fri","2228","EA","CW1C","101A 129A ","M","R","W","DO","M "," ","N","C","050","0","0","0","","","1797377","5820833",
"Hamilton City","TRISTRAM ST",""," ","I","BRYCE ST","201431020","07/02/2014","Fri","0800","FE","CN1C","181A ","","R","D","O ","F ","X","T","C","050","0","0","0","","","1800454","5815315",
"Hamilton City","TRISTRAM ST",""," ","I","COBHAM DRIVE","201435852","31/03/2014","Mon","1241","GC","VN2C","171B ","","R","D","BF","F ","R","G","R","080","0","0","0","","","1801147","5814467",
"Hamilton City","TRISTRAM ST","20","S"," ","LONDON ST","201437398","15/05/2014","Thu","1745","FD","CN1CC","181A ","","R","D","DO","F "," ","N","C","050","0","0","0","","","1800330","5815498",
"Hamilton City","TRISTRAM ST","100","S"," ","LONDON ST","201413355","15/05/2014","Thu","1745","FD","CS1CC","331A 350A ","","R","D","TO","F "," "," ","C","050","0","0","2","","","1800374","5815432",
"Hamilton City","TRISTRAM ST",""," ","I","LONDON ST","201410652","24/02/2014","Mon","1615","LB","CE1C","303B 375B ","","M","D","B ","F ","X","T","C","050","0","0","1","","","1800319","5815515",
"Hamilton City","TRISTRAM ST",""," ","I","MILL ST","201432890","05/03/2014","Wed","1747","LB","CN1C","303B ","","R","D","B ","F ","X","T","R","050","0","0","0","","","1800006","5816011",
"Hamilton City","TRISTRAM ST",""," ","I","NORTON ROAD","201411248","14/03/2014","Fri","1311","LB","CE2C","303B ","","E","D","O ","F ","X","T","N","050","0","0","1","","","1800319","5815515",
"Hamilton City","TRISTRAM ST",""," ","I","PEMBROKE ST","201434749","26/04/2014","Sat","1250","GB","CN1C","172B ","","E","D","OF","F ","R","G","R","060","0","0","0","","","1800885","5814749",
"Hamilton City","TRISTRAM ST",""," ","I","THACKERAY ST","201436367","13/03/2014","Thu","1700","GF","CS1C","171B ","","S","D","BF","F ","R","G","C","050","0","0","0","","","1800864","5814776",
"Hamilton City","TUHIKARAMEA ROAD",""," ","I","COLLINS ROAD","201410234","09/01/2014","Thu","1306","JA","CS14","301B 375B ","","R","D","O ","F ","X","S","C","100","0","0","1","","","1795188","5810475",
"Hamilton City","ULSTER ST","100","E"," ","MILL ST","201430320","09/01/2014","Thu","1036","MC","4E1C","372B ","","R","D","B ","F "," ","N","C","050","0","0","0","","","1800256","5816294",
"Hamilton City","ULSTER ST",""," ","I","MILL ST","201437633","19/05/2014","Mon","1825","FE","CS1C","331A 359A 402A ","","R","D","DO","F ","X","T","C","060","0","0","0","","","1800165","5816337",
"Hamilton City","ULSTER ST",""," ","I","MILL ST","201434539","09/04/2014","Wed","1215","GF","CW1C","372A ","","M","D","OF","F ","X","T","C","050","0","0","0","","","1800165","5816337",
"Hamilton City","URLICH AVENUE","40","E"," ","SH 3","201436294","05/05/2014","Mon","1306","CC","4W1","103A 358A ","T","R","W","O ","L "," "," ","N","050","0","0","0","","","1800931","5812024",
"Hamilton City","VIALOU ST",""," ","I","ROSTREVOR ST","201411989","25/03/2014","Tue","1247","JC","CS1S","302A 375A ","","R","D","BF","F ","X","G","C","050","0","0","1","","70","1800278","5815781",
"Hamilton City","VICTORIA ST","50","N"," ","BRIDGE ST","201437677","17/05/2014","Sat","1815","FA","CN1C","112A 331A 370A ","","R","D","B ","F "," "," ","C","050","0","0","0","","","1801427","5814787",
"Hamilton City","VICTORIA ST","15","N"," ","BRYCE LANE","201435728","21/04/2014","Mon","1138","MA","CN1C","373B ","","R","W","O ","F "," "," ","R","050","0","0","0","","","1800775","5815710",
"Hamilton City","VICTORIA ST",""," ","I","BRYCE ST","201432222","13/02/2014","Thu","1302","JA","4W2C","322B ","","R","D","B ","F ","X","T","C","050","0","0","0","","","1800857","5815590",
"Hamilton City","VICTORIA ST","10","N"," ","CLAUDELANDS ROAD","201435038","02/04/2014","Wed","1710","FA","CN1C","181A ","","R","D","B ","F ","T","N","C","050","0","0","0","","","1800886","5815549",
"Hamilton City","VICTORIA ST",""," ","I","CLAUDELANDS ROAD","201430522","23/01/2014","Thu","0830","LB","CS1C","202B 303B ","","R","D","O ","F ","T","T","R","050","0","0","0","","","1800892","5815541",
"Hamilton City","VICTORIA ST",""," ","I","CLAUDELANDS ROAD","201410874","27/02/2014","Thu","0835","NF","CS2E","722B ","","R","D","B ","F ","T","T","P","050","0","0","1","33","","1800892","5815541",
"Hamilton City","VICTORIA ST","30","N"," ","COLLINGWOOD ST","201430453","26/01/2014","Sun","0226","MO","CN1C","371A ","","R","D","DO","F "," ","N","C","050","0","0","0","","","1801097","5815246",
"Hamilton City","VICTORIA ST",""," ","I","COLLINGWOOD ST","201434605","22/02/2014","Sat","0310","MB","CS1X","303B 375B ","","R","W","DO","F ","T","T","R","050","0","0","0","","","1801114","5815222",
"Hamilton City","VICTORIA ST",""," ","I","EDGECUMBE ST","201432154","29/01/2014","Wed","1717","LB","CN1C","303B 375B ","","R","D","B ","F ","T","N","C","050","0","0","0","","","1799947","5816884",
"Hamilton City","VICTORIA ST","100","N"," ","FAIRFIELD BRIDGE","201430833","05/02/2014","Wed","1743","FD","CS14","181A ","","R","D","BF","F "," ","N","C","050","0","0","0","","","1799783","5817068",
"Hamilton City","VICTORIA ST",""," ","I","HOOD ST","201432740","09/03/2014","Sun","0405","EC","CS1","330A 414A 671A ","S","R","D","DO","F ","T","T","R","050","0","0","0","","","1801256","5815024",
"Hamilton City","VICTORIA ST","30","E"," ","MACDIARMID ROAD","201413331","15/05/2014","Thu","1617","MC","CW1M","377B ","","R","D","B ","F "," "," ","C","050","0","0","1","","","1799390","5817293",
"Hamilton City","VICTORIA ST","50","S"," ","MILL ST","201434359","10/03/2014","Mon","1720","GB","SN1C","158A 929 ","","R","D","B ","F ","D","N","C","050","0","0","0","","","1800324","5816387",
"Hamilton City","VICTORIA ST",""," ","I","PRINCES ST","201430451","28/01/2014","Tue","1430","MO","TW1C","371A ","M","R","D","B ","F ","T","N","C","050","0","0","0","","","1800510","5816095",
"Hamilton City","VICTORIA ST","100","S"," ","ROSTREVOR ST","201437773","03/06/2014","Tue","1320","EA","BS1V","129A 330A ","M","R","D","O ","F "," "," ","C","050","0","0","0","","","1800639","5815905",
"Hamilton City","VICTORIA ST","150","S"," ","ROSTREVOR ST","201434121","24/03/2014","Mon","1945","JA","CS1C","308B 927 ","","E","D","DO","F ","D"," ","C","050","0","0","0","","","1800668","5815864",
"Hamilton City","VICTORIA ST",""," ","I","ROSTREVOR ST","201414112","06/03/2014","Thu","1730","JA","SN1C","301B 382B ","","R","D","BF","F ","X","S","C","050","0","0","1","","45","1800582","5815987",
"Hamilton City","WAIRERE DRIVE",""," ","I","CROSBY ROAD","201430454","25/01/2014","Sat","1740","AO","CN1C","150A 381A ","","E","D","B ","F ","R","G","C","080","0","0","0","","","1802064","5819363",
"Hamilton City","WAIRERE DRIVE",""," ","I","CROSBY ROAD","201430195","13/01/2014","Mon","1027","GC","CN1C","171A ","","M","D","OF","F ","R","G","C","080","0","0","0","","","1802064","5819363",
"Hamilton City","WAIRERE DRIVE",""," ","I","FIFTH AVENUE","201433467","19/02/2014","Wed","2233","DA","CS1","111A 131A 403A ","G","E","D","DO","F ","R","G","C","080","0","0","0","","","1802768","5817354",
"Hamilton City","WAIRERE DRIVE",""," ","I","FIFTH AVENUE","201411264","05/03/2014","Wed","1100","BF","CN1C","111A 131A 402A ","","E","D","B ","F ","R","G","R","080","0","0","1","","","1802737","5817319",
"Hamilton City","WAIRERE DRIVE","20","W"," ","GORDONTON ROAD","201434613","10/03/2014","Mon","1000","AA","CW1C","372A ","","E","D","BF","F "," ","N","C","080","0","0","0","","","1802011","5819400",
"Hamilton City","WAIRERE DRIVE",""," ","I","GORDONTON ROAD","201430986","09/02/2014","Sun","1730","AO","CN1C","381A ","","M","D","OF","F ","R","G","R","080","0","0","0","","","1802064","5819363",
"Hamilton City","WAIRERE DRIVE",""," ","I","HUKANUI ROAD","201433817","15/02/2014","Sat","1243","HA","CN2C","302A ","","M","D","B ","F ","R","G","C","050","0","0","0","","","1800414","5820105",
"Hamilton City","WAIRERE DRIVE",""," ","I","HUNTINGTON DRIVE W","201412247","22/04/2014","Tue","1650","JA","CE1C","302B 375B ","","R","D","TF","F ","T","G","R","080","0","0","1","","","1800672","5820057",