"TLA NAME","CRASH ROAD","CRASH DIST","CRASH DIRN","INTSN","SIDE ROAD","CRASH ID","CRASH DATE","CRASH DOW","CRASH TIME","MVMT","VEHICLES","CAUSES","OBJECTS STRUCK","ROAD CURVE","ROAD WET","LIGHT","WTHRa","JUNC TYPE","TRAF CTRL","ROAD MARK","SPD LIM","CRASH FATAL CNT","CRASH SEV CNT","CRASH MIN CNT","PERS AGE1","PERS AGE2","EASTING","NORTHING"
"Hamilton City","WAIRERE DRIVE",""," ","I","POWELLS ROAD","201431713","18/01/2014","Sat","0945","HA","CN1C","322B ","","R","D","B ","F ","X","T","R","080","0","0","0","","","1802646","5817628",
"Hamilton City","WAIRERE DRIVE","250","E"," ","PUKETE ROAD","201430194","14/01/2014","Tue","1755","FD","CE1C","110A 331A 353A ","","R","D","BF","F "," "," ","C","080","0","0","0","","","1797643","5819882",
"Hamilton City","WAIRERE DRIVE","5","W"," ","PUKETE ROAD","201437651","15/04/2014","Tue","1833","FB","CE1C","181A 191B ","","R","D","DO","F ","M","G","C","050","0","0","0","","","1797396","5819820",
"Hamilton City","WAIRERE DRIVE","5","W"," ","PUKETE ROAD","201434527","15/02/2014","Sat","0852","FE","CW1C","181A ","","R","D","BF","F ","X","T","C","080","0","0","0","","","1797398","5819803",
"Hamilton City","WAIRERE DRIVE",""," ","I","PUKETE ROAD","201431767","07/02/2014","Fri","0737","KA","CE1C","303B 375B ","","R","D","B ","F ","X","T","C","080","0","0","0","","","1797400","5819822",
"Hamilton City","WAIRERE DRIVE",""," ","I","PUKETE ROAD","201438136","27/03/2014","Thu","1430","FE","VW1C","181A ","","R","D","BF","F ","X","T","C","050","0","0","0","","","1797402","5819806",
"Hamilton City","WAIRERE DRIVE",""," ","I","PUKETE ROAD","201433140","19/03/2014","Wed","0630","LB","CE1C","322A 404A ","","R","D","DO","F ","X","T","C","080","0","0","0","","","1797400","5819822",
"Hamilton City","WAIRERE DRIVE","250","W"," ","RIVER ROAD","201438079","17/05/2014","Sat","0946","QG","VE1","687A ","X","R","D","O ","F "," "," ","R","080","0","0","0","","","","",
"Hamilton City","WAIRERE DRIVE","20","S"," ","RUAKURA ROAD","201435721","07/05/2014","Wed","0905","AC","CS14","159A 191A 434A ","","E","D","B ","F ","T","T","R","080","0","0","0","","","1802816","5816017",
"Hamilton City","WAIRERE DRIVE","20","E"," ","SH 1N","201432893","28/02/2014","Fri","1600","EB","CE1C","651B ","Q","S","D","O ","F ","T","T","R","080","0","0","0","","","1796346","5818982",
"Hamilton City","WAIRERE DRIVE",""," ","I","TE RAPA ROAD","201412862","19/04/2014","Sat","2030","LB","SE1C","322A 534A 602A ","","R","D","DO","F ","X","T","C","060","0","1","0","","29","1797070","5819557",
"Hamilton City","WAIRERE DRIVE",""," ","I","TE RAPA ROAD","201437391","25/05/2014","Sun","1820","MG","CW1T","428B ","","R","W","DO","F ","X","T","R","060","0","0","0","","","","",
"Hamilton City","WAIRERE DRIVE","50","S"," ","TRAMWAY ROAD OFFRAMP","201435858","30/01/2014","Thu","","FF","CN1C","512A 514A ","","R","D","DO","F "," ","N","R","080","0","0","0","","","1802265","5818794",
"Hamilton City","WAIRERE DRIVE W",""," ","I","TE RAPA ROAD","201437833","28/05/2014","Wed","1310","GA","CN1C","181A 387A ","","R","D","B ","F ","X","G"," ","060","0","0","0","","","1797070","5819557",
"Hamilton City","WARD ST",""," ","I","ANGLESEA ST","201434604","10/04/2014","Thu","1545","FE","CN2C","181A ","","R","W","ON","L ","T","T","C","050","0","0","0","","","1800722","5815349",
"Hamilton City","WELLINGTON ST","100","E"," ","FIRTH ST","201413099","16/05/2014","Fri","0749","JA","VE1CC","308B 382B 929 ","M","R","D","BF","F ","D","N","N","050","0","1","0","","","1802326","5814489",
"Hamilton City","WELLINGTON ST","30","W"," ","NIXON ST","201435914","02/04/2014","Wed","0600","EA","CW1C","129A ","M","R","D","DO","F "," ","N","C","050","0","0","0","","","1802434","5814518",
"Hamilton City","WILLOUGHBY ST","20","S"," ","MILL ST","201430417","16/01/2014","Thu","1850","LB","CW1C","303B 375B 929 ","","R","D","O ","F ","D","N","R","050","0","0","0","","","1800081","5816106",
"Hamilton City","WILLOUGHBY ST",""," ","I","MILL ST","201437955","13/06/2014","Fri","0250","LB","CN1C","303B 375B ","","R","W","DO","F ","X","T","C","050","0","0","0","","","1800064","5816114",
"Hamilton City","WILLOUGHBY ST",""," ","I","MILL ST","201430415","12/01/2014","Sun","1230","HA","CS2C","322A 334A ","","R","D","B ","F ","X","T","C","050","0","0","0","","","1800064","5816114",
"Hamilton City","WILLOUGHBY ST",""," ","A","WILLOUGHBY/RICHMOND","201411992","09/02/2014","Sun","0344","DA","CN1","103A 111A 131A 514A ","FP","S","D","DO","F "," ","N","C","050","0","0","2","","","1799621","5816325",
"Hamilton City","WYE ST",""," ","I","TORRINGTON AVENUE","201431044","07/02/2014","Fri","1730","HA","CE1C","302A 375A ","","R","D","O ","F ","M","G","C","050","0","0","0","","","1799594","5815779",
"Hamilton City","Z CPK CASH CONVERTERS","50","S"," ","LONDON ST","201435174","15/03/2014","Sat","1230","MO","CS1C","371A ","","R","W","O ","F "," ","N","C","030","0","0","0","","","1800656","5815686",
"Hamilton City","Z CPK NEW WORLD","70","E"," ","HORSHAM DOWNS ROAD","201400065","26/03/2014","Wed","1018","NF","CN1E","306A 376A ","","R","D","B ","F "," "," ","X","020","1","0","0","87","","1800392","5821870",
"Hamilton City","1N/533/7.925","300","S"," ","TE RAPA OBR","201436177","25/04/2014","Fri","0825","DB","CS1","131A ","G","E","W","B ","F "," "," ","R","100","0","0","0","","","1794603","5824159",
"Hamilton City","1N/540/5.656","50","S"," ","WAIRERE DRIVE OBR","201411728","17/02/2014","Mon","0800","CB","CS1","102A 112A 131A 402A ","G","R","D","B ","F "," "," ","R","100","0","0","1","","","1796407","5818961",
"Hamilton City","1N/540/5.707","100","S"," ","WAIRERE DRIVE OBR","201436270","29/04/2014","Tue","1410","FO","CN14","181A 191B ","","E","D","B ","F "," "," ","C","080","0","0","0","","","1796428","5818921",
"Hamilton City","1N/540/6.38","100","N"," ","FOREMAN ROAD","201436440","06/05/2014","Tue","0725","FD","CS1C","181A ","","R","W","OF","F "," ","N","R","080","0","0","0","","","1796757","5818333",
"Hamilton City","1N/540/7.23","200","N"," ","AVALON DRIVE","201411736","05/02/2014","Wed","1836","DB","CS1C","131A 402A 514A ","I","E","D","B ","F "," "," ","R","080","0","0","1","","","1797121","5817565",
"Hamilton City","1N/540/7.42","10","W"," ","CRAWFORD ST","201436515","06/03/2014","Thu","0855","AA","4S1C","353A 372A ","","E","D","B ","F ","R","G","R","080","0","0","0","","","1797241","5817436",
"Hamilton City","1N/540/7.444",""," ","I","AVALON DRIVE BYPASS","201430439","13/01/2014","Mon","1930","LB","CN1C","303B 375B ","","R","D","B ","F ","X","T","C","080","0","0","0","","","1797246","5817418",
"Hamilton City","1N/540/9.409",""," ","I","NORTON ROAD","201436368","20/03/2014","Thu","1642","FB","4S1C","181A ","","R","D","TF","F ","R","G","C","050","0","0","0","","","1798390","5815924",
"Hamilton City","1N/540/9.409",""," ","I","NORTON ROAD","201436007","21/04/2014","Mon","1235","GB","CS14","372B ","","E","D","BF","F ","R","G","R","060","0","0","0","","","1798391","5815920",
"Hamilton City","NORTON ROAD",""," ","I","LINCOLN ST","201436604","09/04/2014","Wed","1446","GE","CS1T","157A 171B 193B ","","M","D","B ","F ","R","G","R","060","0","0","0","","","1798415","5815902",
"Hamilton City","1N/540/9.44",""," ","I","LINCOLN ST","201437652","21/04/2014","Mon","1145","KA","4N1C","302B 375B ","","E","D","B ","F ","R","G","R","060","0","0","0","","","1798415","5815902",
"Hamilton City","1N/540/9.464",""," ","I","LINCOLN ST","201411171","24/03/2014","Mon","1057","GB","4N1V","172B ","","M","D","B ","F ","R","G","R","060","0","0","1","","","1798411","5815880",
"Hamilton City","1N/540/9.464",""," ","I","LINCOLN ST","201411985","07/03/2014","Fri","1630","FA","4N1C","181A ","","M","D","BF","F ","R","G","C","050","0","0","1","","","1798411","5815880",
"Hamilton City","1N/540/10.268","100","N"," ","SH 23","201435420","27/04/2014","Sun","1830","BB","CS1C","124A 353B 840 922 ","","R","D","DO","F ","D","N","C","060","0","0","0","","","1798914","5815261",
"Hamilton City","1N/540/10.368",""," ","I","MASSEY HALL OVERBRIDGE","201434612","10/03/2014","Mon","0900","FF","CW1C","181A 387A ","","E","D","OF","F ","X","T","C","050","0","0","0","","","1798978","5815184",
"Hamilton City","1N/540/10.408","50","N"," ","LORNE ST","201437944","10/06/2014","Tue","0820","FD","CN1CC","181A 330A ","","R","W","O ","F "," ","N","R","060","0","0","0","","","1798953","5815214",
"Hamilton City","1N/552/0",""," ","I","SH 1N LINCOLN","201435530","12/04/2014","Sat","1724","GC","CS1C","171B ","","M","D","B ","F ","R","G","R","060","0","0","0","","","1798978","5815184",
"Hamilton City","1N/552/0.1","100","S"," ","SH 23","201413752","01/06/2014","Sun","1130","MC","CN1C","372B ","","R","D","BF","F "," ","N","P","050","0","0","1","","","1798988","5815085",
"Hamilton City","1N/552/0.15","150","S"," ","SH 23","201413407","07/06/2014","Sat","1157","GB","CS1S","372A 927 ","","R","D","B ","F ","D","N","C","060","0","1","0","","23","1798993","5815035",
"Hamilton City","1N/552/0.218","100","N"," ","BANDON ST","201437676","09/05/2014","Fri","1607","FA","MS1V","370A 387A 372B ","","R","W","O ","F "," "," ","C","060","0","0","0","","","1799000","5814967",
"Hamilton City","1N/552/0.228","90","N"," ","BANDON ST","201412768","27/03/2014","Thu","1620","JA","MN1C","308B 377B 927 ","","R","D","BF","F ","D","N","C","050","0","0","1","","","1799001","5814957",
"Hamilton City","1N/552/0.368","50","S"," ","BANDON ST","201413757","25/03/2014","Tue","1700","MC","PN1C","372B ","","R","D","BF","F "," ","N","P","050","0","1","1","","","1799014","5814818",
"Hamilton City","1N/552/0.758","100","S"," ","KILLARNEY ROAD","201430518","03/01/2014","Fri","1450","MC","VN1C","372B ","","R","D","O ","F "," "," ","P","080","0","0","0","","","1799048","5814429",
"Hamilton City","1N/552/1.457","15","N"," ","DUKE ST","201430750","21/01/2014","Tue","1620","FD","CN1V","181A ","","R"," "," F","  "," ","N","C","050","0","0","0","","","1798984","5813734",
"Hamilton City","1N/552/1.477","5","S"," ","DUKE ST","201435567","17/04/2014","Thu","1515","FD","CS1CC","110A 331A 402A ","","R","D","O ","F ","X","G","C","080","0","0","0","","","1798982","5813714",
"Hamilton City","1N/552/1.502","30","S"," ","DUKE ST","201430416","16/01/2014","Thu","1641","FD","4S1C","181A 330A 132B ","","R","D","O ","F "," ","N","C","080","0","0","0","","","1798979","5813689",
"Hamilton City","1N/552/1.927","10","E"," ","LATHAM COURT","201437942","04/06/2014","Wed","1813","FD","VW1VV","181A 191B ","","R","D","DO","F ","T","N","C","060","0","0","0","","","1799072","5813339",
"Hamilton City","1N/552/1.999",""," ","I","GRASSLANDS PLACE","201430450","23/01/2014","Thu","1230","LB","4S1C","303B 830 ","","R","D","B ","F ","T","G","C","060","0","0","0","","","1799140","5813315",
"Hamilton City","1N/552/2.938","100","E"," ","ALISON ST","201437929","12/06/2014","Thu","1830","MC","TE1C","372B ","","R","W","DO","F "," ","N","P","060","0","0","0","","","1800030","5813018",
"Hamilton City","1N/552/3.106","15","E"," ","LANGDON LANE","201435776","01/05/2014","Thu","1706","AA","CW1B","372A ","T","E","D","TF","F "," "," ","P","060","0","0","0","","","1800194","5812979",
"Hamilton City","KAHIKATEA DRIVE",""," ","I","TAWA ST W","201437395","21/05/2014","Wed","1745","JC","CN2C","302A 375A ","","R","W","DO","F ","T","G","P","060","0","0","0","","","1800499","5812939",
"Hamilton City","1N/552/3.571","100","W"," ","OHAUPO ROAD","201431148","24/02/2014","Mon","1959","AO","TW1C","150A 381A 150B ","","R","D","TF","F "," ","N","C","060","0","0","0","","","1800650","5812973",
"Hamilton City","1N/552/3.609","80","E"," ","TAWA ST E","201434523","03/03/2014","Mon","0845","MO","CW1T","387A 371B 927 ","","R","D","BF","F ","D","N","C","060","0","0","0","","","1800683","5812992",
"Hamilton City","1N/552/3.651","20","S"," ","LORNE ST","201430404","09/01/2014","Thu","1739","CC","CS1","110A 130A ","P","R","W","O ","L "," ","N","R","080","0","0","0","","","1800719","5813012",
"Hamilton City","1N/553/0.46",""," ","I","DOWDING ST","201413333","14/05/2014","Wed","1516","LB","4E1C","314B 377B 801 ","","R","W","O ","L ","T","G","C","060","0","0","2","","","1801187","5813095",
"Hamilton City","1N/553/0.49","30","E"," ","DOWDING ST","201410001","06/01/2014","Mon","1715","FD","CE1V","181A 331A 358A ","","R","D","B ","F "," "," ","P","050","0","0","1","","","1801217","5813092",
"Hamilton City","1N/553/0.52",""," ","I","LORNE ST","201435855","02/04/2014","Wed","1615","FB","4E2C","181A ","","R","D","BF","F ","X","G","R","050","0","0","0","","","1801246","5813088",
"Hamilton City","1N/553/0.552","20","S"," ","LORNE ST W","201430418","13/01/2014","Mon","1459","FE","CS1C","181A 387A ","","R","D","B ","F ","T","T","C","060","0","0","0","","","1801264","5813106",
"Hamilton City","1N/553/0.652","300","S"," ","COBHAM DRIVE","201436006","20/04/2014","Sun","1455","DA","CS1","111A 131A ","C","S","W","OF","L "," ","N","C","080","0","0","0","","","1801311","5813194",
"Hamilton City","1N/553/0.852","100","S"," ","COBHAM DRIVE","201434741","08/04/2014","Tue","1630","AC","4S1C","372A 387A ","","R","D","OF","F "," ","N","C","080","0","0","0","","","1801416","5813364",
"Hamilton City","1N/553/0.932","20","S"," ","COBHAM DRIVE","201430523","04/01/2014","Sat","1910","AF","CS1S","128B ","","R","D","O ","F "," "," ","R","050","0","0","0","","","1801457","5813433",
"Hamilton City","1N/554/0",""," ","I","LINK ROAD","201435173","23/02/2014","Sun","0700","GA","CN1C","181A ","","E","D","B ","F ","T","G","N","080","0","0","0","","","1801472","5813447",
"Hamilton City","1N/554/0",""," ","I","LINK ROAD","201412155","04/05/2014","Sun","1342","LB","CN1C","334A 303B 334B ","","E","D","B ","F ","T","T","R","080","0","0","3","","","1801472","5813447",
"Hamilton City","1N/554/0",""," ","I","LINK ROAD","201413330","12/05/2014","Mon","1810","LB","CN1P","322A ","","R","D","DO","F ","T","T","R","080","0","0","1","","","1801472","5813447",
"Hamilton City","1N/554/0",""," ","I","SH 1N NORMANDY","201433627","28/02/2014","Fri","1437","LB","CN1C","322B 334B ","","R","D","B ","F ","T","T","R","080","0","0","0","","","1801472","5813447",
"Hamilton City","COBHAM DRIVE N",""," ","I","NORMANDY AVENUE","201430452","30/01/2014","Thu","0155","FE","CS1C","181A ","","R","D","DO","F ","X","T","R","080","0","0","0","","","1801474","5813463",
"Hamilton City","1N/554/0.399","400","E"," ","LINK ROAD","201432894","08/03/2014","Sat","1401","DA","CW1","111A 131A ","GK","S","D","B ","F "," "," ","C","100","0","0","0","","","1801800","5813229",
"Hamilton City","1N/554/0.535","60","S"," ","COBHAM BR W","201411990","15/03/2014","Sat","1514","DA","CS1","111A 131A ","C","S","W","OF","L "," ","N","C","080","0","0","2","","","1801928","5813183",
"Hamilton City","1N/554/0.58","15","S"," ","COBHAM BR W","201434299","15/03/2014","Sat","1635","DA","CN1","135A 801 806 ","C","M","W","O ","L "," "," ","C","080","0","0","0","","","1801971","5813189",
"Hamilton City","1N/554/0.58","15","S"," ","COBHAM BR W","201435565","19/04/2014","Sat","0702","DA","CS1","111A 131A 800 ","C","S","W","O ","F "," "," ","C","080","0","0","0","","","1801971","5813189",
"Hamilton City","1N/554/1.254",""," ","I","GREY ST","201437650","03/05/2014","Sat","1845","LB","CE1C","303B ","","E","D","DO","F ","T","G","C","050","0","0","0","","","1802513","5813528",
"Hamilton City","1N/554/1.254",""," ","I","GREY ST","201434748","09/04/2014","Wed","1620","FB","CS2C","181A ","","R","W","OF","H ","T","S","R","050","0","0","0","","","1802513","5813528",
"Hamilton City","1N/554/3.122","20","E"," ","CAMBRIDGE ROAD","201412636","07/04/2014","Mon","0726","ED","SE1T","504A ","Q","R","D","BF","F ","R","G","C","050","0","0","1","","18","1804221","5813755",
"Hamilton City","1N/554/3.38",""," ","I","SH 26 MORRINSVILLE","201411082","10/02/2014","Mon","0845","JA","CE1C","302B 382B ","","E","D","B ","F ","R","G","R","060","0","0","1","","","1804478","5813731",
"Hamilton City","1N/556/0.02","20","S"," ","SH 26","201436369","19/03/2014","Wed","1320","AC","TN1C","372A ","","R","D","ON","F "," ","N","C","050","0","0","0","","","1804501","5813694",
"Hamilton City","1N/556/0.114",""," ","I","MCCRACKEN AVENUE","201412154","06/05/2014","Tue","1658","LB","CN1C","303B ","","R","D","TF","F ","T","G","R","060","0","0","1","","","1804550","5813614",
"Hamilton City","1N/556/0.254","100","N"," ","HOWELL AVENUE E","201410054","24/01/2014","Fri","0727","EA","CN1C","130A 412A ","M","R","D","B ","F "," "," ","C","060","0","0","1","","","1804621","5813493",
"Hamilton City","23/0/0.02","20","S"," ","SH 1N","201432447","07/02/2014","Fri","1000","LB","CN1C","303B 370B 922 ","","R","D","OF","F ","D"," ","P","050","0","0","0","","","1798961","5815175",
"Hamilton City","23/0/0.76","30","W"," ","CAMPBELL ST","201410562","07/02/2014","Fri","1505","NB","CW1E","713B 726B ","","R","D","OF","F "," ","N","P","050","0","0","1","5","","1798308","5814826",
"Hamilton City","23/0/0.78","50","W"," ","CAMPBELL ST","201437954","13/06/2014","Fri","1649","FA","CE1C","181A 191B ","","R","D","B ","F "," ","N","C","050","0","0","0","","","1798290","5814817",
"Hamilton City","23/0/1.145","5","E"," ","RIFLE RANGE ROAD","201410209","07/01/2014","Tue","1040","NB","CN1E","713B 719B ","","E","D","B ","F ","R","G","R","050","0","0","1","17","","1797966","5814649",
"Hamilton City","23/0/1.15",""," ","I","RIFLE RANGE ROAD","201437472","24/05/2014","Sat","0921","DB","CS2C","101A 111A 131A 404A 197B ","JS","E","W","O ","F ","T","G","R","050","0","0","0","","","1797961","5814647",
"Hamilton City","23/0/1.15",""," ","I","RIFLE RANGE ROAD","201437972","12/06/2014","Thu","1104","JA","CN1V","302B 386B ","","M","W","O ","L ","T","G","C","050","0","0","0","","","1797961","5814647",
"Hamilton City","23/0/1.252",""," ","I","DINSDALE ROAD","201434750","31/03/2014","Mon","0930","GB","CN2C","333A ","","M","D","BF","F ","R","G","R","050","0","0","0","","","1797890","5814588",
"Hamilton City","23/0/1.252",""," ","I","DINSDALE ROAD","201435853","03/04/2014","Thu","1937","DB","PE1","136A 620A ","","M","W","DO","L ","R","G","R","050","0","0","0","","","1797887","5814580",
"Hamilton City","23/0/1.252",""," ","I","TUHIKARAMEA ROAD","201430405","21/01/2014","Tue","0128","DB","CN1","110A 632A ","G","M","W","DO","F ","R","G","R","050","0","0","0","","","1797887","5814580",
"Hamilton City","23/0/1.455","150","E"," ","POAKA AVENUE","201430460","27/01/2014","Mon","1108","ME","CE1C","371B ","","R","D","B ","F "," ","N","C","050","0","0","0","","","1797708","5814520",
"Hamilton City","23/0/1.606",""," ","I","POAKA AVENUE","201437943","04/06/2014","Wed","1843","GD","CE1V","181A 331A ","","R","W","DO","F ","T","N","C","100","0","0","0","","","1797563","5814479",
"Hamilton City","23/0/1.631","25","W"," ","POAKA AVENUE","201400046","06/03/2014","Thu","0712","NB","CE1E","363A 503B 711B 902 ","","R","D","BF","F "," ","N","C","050","1","0","0","64","","1797539","5814472",
"Hamilton City","23/0/2.529",""," ","I","NEWCASTLE ROAD","201430319","03/01/2014","Fri","1226","LB","CE1C","303B 375B ","","R","D","B ","F ","T","G","C","050","0","0","0","","","1796666","5814334",
"Hamilton City","26/0/1.013",""," ","I","SILVERDALE ROAD","201435729","06/05/2014","Tue","1500","JA","CE1C","301B 378B ","","R","D","O ","F ","T","S","R","080","0","0","0","","","1805378","5814203",
"Hamilton City","3/0/0",""," ","I","KAHIKATEA DRIVE","201437935","13/05/2014","Tue","1820","KC","CN1C","302A 427A ","","E","D","DO","F ","X","G","C","060","0","0","0","","","1800737","5813022",
"Hamilton City","3/0/0.343","60","N"," ","SH3 OFF RAMP","201413323","03/04/2014","Thu","0825","NB","CN1E","306A 376A 801 ","","R","W","O ","L "," "," ","X","060","0","0","1","12","","1800850","5812699",
"Hamilton City","3/0/0.771","300","S"," ","MOUNT VIEW ROAD","201438063","25/05/2014","Sun","2330","DB","CN1","404A 410A ","G","E","D","DO","M "," "," ","R","060","0","0","0","","","1800954","5812308",
"Hamilton City","3/0/1.097","20","N"," ","COLLINS ROAD","201433625","21/03/2014","Fri","1004","MO","4N1","423A 924 ","H","R","D","B ","F ","D"," ","C","050","0","0","0","","","1800883","5811990",
"Hamilton City","3/0/1.155","20","S"," ","COLLINS ROAD","201435186","23/03/2014","Sun","1555","FE","CS1C","181A 330A ","","E","D","B ","F ","T","T","R","060","0","0","0","","","1800875","5811951",
"Hamilton City","3/0/1.44",""," ","I","SAXBYS ROAD","201437941","01/06/2014","Sun","0913","HA","CN1C","302A 387A ","","M","D","B ","F ","R","G","C","060","0","0","0","","","1800916","5811698",
"Hamilton City","3/0/1.59","150","S"," ","TOMIN ROAD","201412376","14/04/2014","Mon","1310","LB","MN1C","303B 375B 929 ","","R","D","O ","F ","D"," ","C","060","0","0","1","","","1801044","5811619",
"Hamilton City","3/0/1.703","150","W"," ","LAMBERT COURT","201434888","31/03/2014","Mon","1700","KA","CN1C","308B 375B 929 ","","R","D","BF","F ","D","N","L","060","0","0","0","","","1801155","5811551",
"Hamilton City","3/0/2.593","30","S"," ","HOUCHENS ROAD","201432462","31/01/2014","Fri","1530","CC","CN1C","130A 427A ","MPT","R","D","B ","F "," "," ","C","070","0","0","0","","","1801925","5811105",
"Hamilton City","3/0/2.696","70","W"," ","DIXON ROAD","201412637","10/04/2014","Thu","0004","DB","CN1","111A 131A ","T","M","W","DO","L "," ","N","L","070","0","0","3","","","1802001","5811036",
"Hamilton City","3/0/5.255",""," ","I","RAYNES ROAD","201412150","13/05/2014","Tue","0728","JA","CS1C","301B ","","R","D","O ","M ","T","S","C","100","0","0","1","","","1802981","5808770",
"Hamilton City","39A/0/2.638","500","W"," ","EXELBY ROAD","201437394","01/05/2014","Thu","0700","GD","CW1V","181A 333A 928 ","","R","D","ON","F ","D","N","L","080","0","0","0","","","1792946","5820533",
"Hastings District","ANDERSON ROAD",""," ","I","WHAKATU ROAD","201432330","08/02/2014","Sat","1630","DB","CS2","111A 131A ","FP","M","W","O ","F ","T","N","C","100","0","0","0","","","1933298","5608501",
"Hastings District","APLEY ROAD","3500","N"," ","DARTMOOR ROAD","201437603","09/05/2014","Fri","2215","DA","VN1","131A 412A ","C","M","D","DN","F "," "," ","N","100","0","0","0","","","1921919","5624073",
"Hastings District","AVENUE ROAD EAST","50","S"," ","WARREN ST NORTH","201412957","04/06/2014","Wed","1535","JA","CS1S","308B 375B 930 ","","R","D","O ","F ","D","N","N","050","0","1","0","","14","1930191","5604821",
"Hastings District","AVENUE ROAD EAST",""," ","I","WARREN ST NORTH","201432458","04/02/2014","Tue","1320","HA","CW2C","302A 375A ","","R","D","B ","F ","X","G","C","050","0","0","0","","","1930161","5604861",
"Hastings District","BENNELONG PLACE","20","E"," ","NAPIER ROAD","201434014","10/04/2014","Thu","1720","EA","CW1C","386A ","M","R","D","B ","F "," ","N","C","050","0","0","0","","","1932914","5601997",
"Hastings District","BIG HILL ROAD","4050","N"," ","KERERU ROAD","201437699","07/06/2014","Sat","2222","DA","CN1","111A 131A 402A ","C","E","D","DN","F "," "," ","C","100","0","0","0","","","1895024","5610718",
"Hastings District","BROOKVALE ROAD",""," ","I","ST HILL LANE","201435270","21/04/2014","Mon","1600","MG","CS1C","371B ","","E","D","B ","F ","T","G","C","050","0","0","0","","","1933352","5602244",
"Hastings District","BURMA ROAD","3300","N"," ","SH 2","201400095","28/04/2014","Mon","0001","DB","CS1","103A 131A 350A ","E","M"," ","DN","  "," "," ","N","100","2","0","0","","","1915444","5592955",
"Hastings District","CANNING ROAD","5","S"," ","HAPIA ST","201436167","27/04/2014","Sun","1856","CB","CN14","102A 130A 410A ","M","R","D","DO","F ","T","G","C","050","0","0","0","","","1928274","5606674",
"Hastings District","CHATHAM ROAD","100","N"," ","MARGATE AVENUE","201430766","04/02/2014","Tue","1705","FD","VS1C","181A ","","R","D","BF","F "," ","N","C","050","0","0","0","","","1925464","5607863",
"Hastings District","CLIFTON ROAD","670","S"," ","EAST ROAD","201410083","11/01/2014","Sat","1750","DA","CN1","103A 111A 131A ","FP","E","D","B ","F "," "," ","C","100","0","1","0","","","1940011","5606887",
"Hastings District","DUART ROAD",""," ","I","CAMPBELL ST","201410340","27/01/2014","Mon","0842","HA","CN1C","302B 363B 902 ","","R","D","BF","F ","X","G","C","050","0","0","1","","","1933106","5601629",
"Hastings District","DUART ROAD","100","N"," ","MURITAI CRESCENT S","201435672","01/05/2014","Thu","1657","MC","VS1C","372B 402B ","","R","D","B ","F "," "," ","C","050","0","0","0","","","1933461","5601167",
"Hastings District","EASTBOURNE ST EAST","5","S"," ","RUSSELL ST SOUTH","201410628","10/02/2014","Mon","0800","EE","CS1C","374B ","Q","R","D","B ","F ","T","N","C","050","0","0","1","","","1929742","5604816",
"Hastings District","EASTBOURNE ST WEST","40","N"," ","KING ST SOUTH","201432602","20/03/2014","Thu","1320","MG","CN1C","371B 387B ","","R","D","B ","F "," ","N","C","050","0","0","0","","","1929537","5605088",
"Hastings District","EASTBOURNE ST WEST",""," ","I","NELSON ST SOUTH","201432831","14/02/2014","Fri","1240","HA","CE2C","301B 377B ","","R","D","B ","F ","X","S","R","050","0","0","0","","","1929464","5605185",
"Hastings District","EASTBOURNE ST WEST",""," ","I","NELSON ST SOUTH","201437416","27/05/2014","Tue","1651","HA","CE2CV","301B 375B ","","R","D","TF","F ","X","S","R","050","0","0","0","","","1929464","5605185",
"Hastings District","FARNDON ROAD",""," ","A","FARNDON OBR","201432357","12/02/2014","Wed","1100","GD","TS1C","181A ","","E","D","O ","F ","T","N","C","100","0","0","0","","","1934812","5609921",
"Hastings District","FLAXMERE AVENUE","180","S"," ","HENDERSON ROAD","201437441","14/05/2014","Wed","1950","MC","CS1C","102A 387A 372B 801 ","","R","W","DO","L "," "," ","C","050","0","0","0","","","","",
"Hastings District","FLAXMERE AVENUE",""," ","I","WILSON ROAD","201435869","14/04/2014","Mon","2135","HA","CS1C","302A 375A ","","R","W","DO","L ","R","G","R","050","0","0","0","","","1925876","5606580",
"Hastings District","FREDERICK ST",""," ","I","KONINI ST","201411916","18/03/2014","Tue","1510","JA","SS1C","302B 375B ","","R","D","BF","F ","T","G","C","050","0","0","1","","9","1930285","5606719",
"Hastings District","FREDERICK ST","15","E"," ","NELSON ST NORTH","201435942","08/04/2014","Tue","","FD","CW1C","181A ","","R","D","OF","F ","R","G","C","050","0","0","0","","","1930689","5606091",
"Hastings District","FREDERICK ST",""," ","I","RIMU ST","201433177","01/04/2014","Tue","0830","MO","CE2C","302A 308B 929 ","","R","D","O ","F ","D","N","C","050","0","0","0","","","1930037","5607102",
"Hastings District","GILPIN ROAD",""," ","I","MIDDLE ROAD","201431372","25/02/2014","Tue","0200","DB","CS1","102A 111A 131A ","C","M","D","DO","F ","M","G","R","100","0","0","0","","","1931174","5600062",
"Hastings District","GLENGARRY ROAD","7000","N"," ","PUKETITIRI ROAD","201432835","10/03/2014","Mon","0720","DA","CS1","131A 804 ","FJ","M","D","O ","F "," "," ","C","100","0","0","0","","","1922151","5632239",