"TLA NAME","CRASH ROAD","CRASH DIST","CRASH DIRN","INTSN","SIDE ROAD","CRASH ID","CRASH DATE","CRASH DOW","CRASH TIME","MVMT","VEHICLES","CAUSES","OBJECTS STRUCK","ROAD CURVE","ROAD WET","LIGHT","WTHRa","JUNC TYPE","TRAF CTRL","ROAD MARK","SPD LIM","CRASH FATAL CNT","CRASH SEV CNT","CRASH MIN CNT","PERS AGE1","PERS AGE2","EASTING","NORTHING"
"Hastings District","GLENGARRY ROAD","1800","W"," ","SH 5","201412349","05/04/2014","Sat","1200","DB","MN1","135A 804 ","","M","D","O ","F "," "," ","C","100","0","0","1","","","1922053","5637390",
"Hastings District","GORDON ROAD","50","S"," ","KENNEDY ROAD","201412331","29/03/2014","Sat","1839","NA","CS1E","712B 713B 727B ","","R","D","O ","F "," "," ","C","050","0","1","0","4","","1928256","5605338",
"Hastings District","HASTINGS ST NORTH",""," ","I","ST AUBYN ST EAST","201410673","08/03/2014","Sat","1503","HA","CE1C","101A 301A ","","R","D","B ","F ","X","S","R","050","0","0","2","","","1930341","5604822",
"Hastings District","HASTINGS ST NORTH",""," ","I","ST AUBYN ST EAST","201435866","07/04/2014","Mon","1115","KA","SN2C","301B 375B 671B ","","R","W","OF","H ","T","S","R","050","0","0","0","","","1930341","5604822",
"Hastings District","HASTINGS ST SOUTH",""," ","I","HERETAUNGA ST EAST","201432406","19/02/2014","Wed","2230","HA","CE1S","302A 426B 534B ","","M","D","DO","F ","R","G","R","050","0","0","0","","","1930046","5604600",
"Hastings District","HASTINGS ST SOUTH",""," ","I","LYNDON ROAD EAST","201437442","24/05/2014","Sat","1620","HA","CW1C","302B 375B ","","R","D","O ","F ","X","G","C","050","0","0","0","","","1929860","5604457",
"Hastings District","HASTINGS ST SOUTH","40","E"," ","SOUTHAMPTON ST EAST","201433774","01/04/2014","Tue","0921","NA","CE1E","711B ","","R","D","O ","F "," "," ","C","050","0","0","0","","","1929796","5604408",
"Hastings District","HAVELOCK ROAD",""," ","I","KARANEMA DRIVE","201431365","24/02/2014","Mon","1520","FB","CS1C","181A 350A ","","E","D","BF","F ","R","G","C","050","0","0","0","","","1932389","5602025",
"Hastings District","HAVELOCK ROAD","20","N"," ","ST GEORGES ROAD","201433439","16/03/2014","Sun","1640","AA","CN1C","372A ","","R","D","BF","F "," ","N","R","070","0","0","0","","","1931535","5602920",
"Hastings District","HAVELOCK ROAD","400","N"," ","ST GEORGES ROAD","201431539","04/01/2014","Sat","2145","FA","VS1C","181A 331A ","","R","D","DO","F "," "," ","C","070","0","0","0","","","1931275","5603197",
"Hastings District","HAVELOCK ROAD",""," ","I","ST GEORGES ROAD","201432530","31/01/2014","Fri","0920","AO","CN1C","129A 150A ","","E","D","B ","F ","R","G","C","070","0","0","0","","","1931549","5602906",
"Hastings District","HENDERSON ROAD","200","W"," ","STEVENS PLACE","201432659","13/03/2014","Thu","1610","GA","CW1C","181A 331A 929 ","","R","D","B ","F ","D","N","C","070","0","0","0","","","1926100","5607718",
"Hastings District","HENDLEY ROAD","1200","N"," ","PUKETITIRI ROAD","201412152","15/04/2014","Tue","0330","DB","CS1","410A ","F","E","W","DN","M "," "," ","N","100","0","0","1","","","1911159","5639533",
"Hastings District","HERETAUNGA ST EAST","60","E"," ","HASTINGS ST SOUTH","201412483","24/04/2014","Thu","2015","LB","MS1C","303B 375B 925 ","","R","D","DO","F ","D"," ","C","050","0","0","1","","","1930092","5604549",
"Hastings District","HERETAUNGA ST EAST",""," ","I","HASTINGS ST SOUTH","201433914","08/04/2014","Tue","1725","HA","4N14","302A 402A ","","E","D","O ","L ","R","G","R","050","0","0","0","","","1930049","5604611",
"Hastings District","HERETAUNGA ST EAST","15","N"," ","LUMSDEN ROAD","201431634","17/01/2014","Fri","1610","FD","CS1C","181A 427A ","","R","D","B ","F ","T","S","C","050","0","0","0","","","1930741","5603767",
"Hastings District","HERETAUNGA ST EAST","50","S"," ","MILLER ST","201410519","24/01/2014","Fri","1615","FD","CS14C","181A ","","R","D","BF","F "," ","N","C","050","0","0","1","","","1930166","5604449",
"Hastings District","HERETAUNGA ST EAST","50","S"," ","PARK ROAD NORTH","201430890","24/02/2014","Mon","1521","FD","CN1C","181A ","","R","D","BF","F "," ","N","C","050","0","0","0","","","1930648","5603868",
"Hastings District","HERETAUNGA ST EAST",""," ","I","RIVERSLEA ROAD SOUTH","201433913","07/04/2014","Mon","1515","HA","SE2C","301A 375A ","","R","D","O ","L ","X","S","C","050","0","0","0","","","1930367","5604176",
"Hastings District","HERETAUNGA ST EAST",""," ","I","SYLVAN ROAD","201436626","27/02/2014","Thu","1337","FB","CS1C","181A 330A ","","R","D","B ","F ","R","G","C","050","0","0","0","","","1930480","5604047",
"Hastings District","HERETAUNGA ST EAST",""," ","I","WILLOWPARK ROAD SOUTH","201430816","18/02/2014","Tue","1848","HA","BN1M","302A 375A ","","R","D","BF","F ","R","G","R","050","0","0","0","","","1930214","5604383",
"Hastings District","HERETAUNGA ST EAST","10","W"," ","WINDSOR AVENUE","201411046","11/02/2014","Tue","1829","MA","TS1C","102A 373B ","","R","D","B ","F ","T","S","P","050","0","0","1","","","1930828","5603674",
"Hastings District","HERETAUNGA ST EAST","50","W"," ","WINDSOR AVENUE","201436888","25/05/2014","Sun","0940","MO","CN1","420A 507A ","F","R","D","B ","F "," "," ","C","050","0","0","0","","","1930801","5603703",
"Hastings District","HERETAUNGA ST WEST",""," ","I","CHARLES ST","201435824","25/04/2014","Fri","1645","FB","VS1C","181A ","","R","D","BF","F ","R","G","R","050","0","0","0","","","1929380","5605496",
"Hastings District","HERETAUNGA ST WEST","15","N"," ","DAVIS ST","201433438","21/03/2014","Fri","2030","MA","VN1V","373B ","","R","W","DO","L "," ","N","C","050","0","0","0","","","1928969","5606038",
"Hastings District","HERETAUNGA ST WEST","20","N"," ","MCLEAN ST","201411077","08/01/2014","Wed","1651","EE","SS1C","352B 374B ","M","R","D","B ","F "," "," ","C","050","0","0","1","","25","1929212","5605717",
"Hastings District","HERETAUNGA ST WEST","15","S"," ","PAKOWHAI ROAD","201430263","11/01/2014","Sat","1040","PC","CS1K","308A 377A 927 ","","R","D","B ","F ","D","N","C","050","0","0","0","","","1928804","5606255",
"Hastings District","HERETAUNGA ST WEST",""," ","I","SOUTHLAND ROAD","201434353","12/04/2014","Sat","1530","JA","VN1V","301B ","","R","W","O ","L ","T","S","C","050","0","0","0","","","1929468","5605379",
"Hastings District","HERETAUNGA ST WEST","5","S"," ","STORTFORD ST","201433922","28/03/2014","Fri","1205","GO","4S14","381A 924 ","","R","D","B ","F ","D","N","R","050","0","0","0","","","1928883","5606152",
"Hastings District","HERETAUNGA ST WEST",""," ","I","TOMOANA ROAD","201431631","21/01/2014","Tue","2215","DC","CN1","351A ","T","R","D","DO","F ","R","G","R","050","0","0","0","","","1929344","5605544",
"Hastings District","HERETAUNGA ST WEST",""," ","I","TOWNSHEND ST","201413009","25/04/2014","Fri","1230","KB","VE1P","302A 375A ","","E","D","BF","F ","R","G","R","050","0","0","1","","","1929101","5605862",
"Hastings District","HILL ROAD","1000","E"," ","OMAHU ROAD","201437803","01/05/2014","Thu","1945","CB","CE1","103A 112A ","FPT","R","D","DN","F "," ","N","N","100","0","0","0","","","1924647","5610333",
"Hastings District","HOWARD ST",""," ","I","ST GEORGES ST","201435739","09/05/2014","Fri","2100","DB","CN2","102A 111A 131A ","FT","M","D","DO","F ","T","S","C","080","0","0","0","","","1931876","5603082",
"Hastings District","JERVOIS ST","30","E"," ","KARAMU ROAD NORTH","201430767","10/02/2014","Mon","1620","EA","SW1C","129A ","M","R","D","OF","F ","T","G","C","050","0","0","0","","","1930742","5605348",
"Hastings District","KARAMU ROAD NORTH",""," ","I","FREDERICK ST","201410297","11/02/2014","Tue","1718","ND","VW1E","306A 376A ","","R","D","O ","FF","X","T","C","050","0","0","1","14","","1931038","5605564",
"Hastings District","KARAMU ROAD NORTH",""," ","I","ST AUBYN ST EAST","201431376","27/02/2014","Thu","1525","FE","CE1C","331A 387A ","","R","D","BF","F ","X","T","C","050","0","0","0","","","1930185","5605031",
"Hastings District","KARAMU ROAD NORTH",""," ","I","TUDOR AVENUE","201432459","07/02/2014","Fri","0825","JC","CS2T","174B 672B 801 ","","R","W","O ","L ","T","G","C","050","0","0","0","","","1931152","5605632",
"Hastings District","KARAMU ROAD SOUTH","100","N"," ","MARTIN DALE","201435030","03/03/2014","Mon","0830","MC","VN1C","372B ","","R","D","B ","F "," ","N","C","050","0","0","0","","","1929267","5604304",
"Hastings District","LAWN ROAD","200","E"," ","PILCHER ROAD","201437417","20/05/2014","Tue","0400","DA","CS1","111A 131A 800 904 ","V","M","W","DN","M "," "," ","C","080","0","0","0","","","1935262","5607114",
"Hastings District","LAWN ROAD","800","E"," ","PILCHER ROAD","201431373","01/03/2014","Sat","2105","CA","4W1","112A 137A ","","R","D","DN","F "," ","N","N","100","0","0","0","","","1935652","5607570",
"Hastings District","LAWN ROAD","1500","N"," ","TE MATA MANGATERETERE ROA","201410412","18/01/2014","Sat","1130","CB","VS1","501A ","P","R","D","B ","F "," "," ","C","100","0","0","1","","","1936107","5608102",
"Hastings District","LONGLANDS ROAD WEST","1000","S"," ","RAILWAY ROAD SOUTH","201412530","30/04/2014","Wed","0724","LB","CN1S","303B 375B 377B 927 ","","R","D","O ","F ","D"," ","C","100","0","0","1","","27","1926360","5602735",
"Hastings District","LYNDHURST ROAD","100","S"," ","HART DRIVE","201435299","14/03/2014","Fri","1450","MF","CS1CC","112A 372B ","M","R","D","B ","F "," "," ","C","050","0","0","0","","","1929170","5607272",
"Hastings District","MANGAROA ROAD","40","S"," ","MARAEKAKAHO ROAD","201430527","31/01/2014","Fri","2115","DC","CN1","111A 131A ","G","E","W","DO","L "," "," ","C","100","0","0","0","","","1923163","5604016",
"Hastings District","MARAEKAKAHO ROAD","50","W"," ","FRANCIS HICKS AVENUE","201434178","06/04/2014","Sun","2245","CB","VW1","132A 195A 901 ","F","R","W","DO","H "," "," ","C","050","0","0","0","","","1928270","5605866",
"Hastings District","MARAEKAKAHO ROAD","570","S"," ","IRONGATE ROAD","201413820","25/05/2014","Sun","2025","DB","CS1","101A 111A 131A 433A 692A ","P","E","D","DO","F "," "," ","C","100","0","0","2","","","1925986","5604120",
"Hastings District","MARAEKAKAHO ROAD","100","W"," ","NGATARAWA ROAD","201411027","19/01/2014","Sun","2035","CC","CW1","410A ","P","R","D","TN","F "," "," ","C","100","0","0","1","","","1923058","5604092",
"Hastings District","MARAEKAKAHO ROAD",""," ","I","OMAHU ROAD","201412348","01/04/2014","Tue","0651","HA","CS24","302A 375A ","","R","D","DO","F ","R","G","R","050","0","0","1","","","1928784","5606279",
"Hastings District","MARAEKAKAHO ROAD",""," ","I","ORCHARD ROAD","201432826","04/03/2014","Tue","0900","AO","CE1C","386A ","","R","D","B ","F ","X","T","C","050","0","0","0","","","1928503","5606043",
"Hastings District","MARAEKAKAHO ROAD","20","S"," ","SOUTHAMPTON ST WEST","201432456","14/02/2014","Fri","1220","FE","CE1CC","331A 507A ","","R","D","B ","F ","X","T","C","050","0","0","0","","","1928487","5606031",
"Hastings District","MARAEKAKAHO ROAD",""," ","I","SOUTHAMPTON ST WEST","201435875","14/04/2014","Mon","0820","FE","CE1CC","423A 427A ","","R","W","OF","L ","X","T","C","050","0","0","0","","","1928503","5606043",
"Hastings District","MARKET ST SOUTH",""," ","I","LYNDON ROAD WEST","201430398","22/01/2014","Wed","1330","HA","CS2C","302A ","","R","D","B ","F ","X","G","C","050","0","0","0","","","1929549","5604870",
"Hastings District","MIDDLE ROAD","300","E"," ","CRYSTALL ROAD","201434824","02/04/2014","Wed","1640","DA","CW1","103A 131A ","FT","E","D","BF","F "," ","N","C","100","0","0","0","","","1929230","5598429",
"Hastings District","MILL ROAD",""," ","A","BLACKS BR","201432006","30/01/2014","Thu","1245","AD","CN1","131A 150A 350A 386A ","B","E","D","BF","F "," ","N","C","100","0","0","0","","","1937466","5608602",
"Hastings District","MURDOCH ROAD WEST","40","S"," ","MURDOCH PLACE","201436635","02/05/2014","Fri","1210","EA","4N1C","129A ","M","R","D","B ","F "," ","N","C","050","0","0","0","","","1928360","5604345",
"Hastings District","MURDOCH ROAD WEST","70","S"," ","MURDOCH PLACE","201410685","28/02/2014","Fri","0300","MO","TN1E","371A 105B 520B 929 ","","R","D","DO","F ","D","N","C","050","0","0","1","21","","1928381","5604325",
"Hastings District","MURDOCH ROAD WEST",""," ","I","RAILWAY ROAD","201430891","18/02/2014","Tue","1800","FB","CS1C","181A ","","R","D","BF","F ","X","S","R","050","0","0","0","","","1928842","5603900",
"Hastings District","NAPIER ROAD","320","N"," ","ROMANES DRIVE","201400005","07/01/2014","Tue","1510","BF","VS1C","131A ","","M","D","B ","F "," "," ","L","080","1","1","0","","","1933510","5603161",
"Hastings District","NELSON ST NORTH",""," ","I","FREDERICK ST","201413814","17/06/2014","Tue","0835","GC","CE1S","363A 370A 174B 902 ","","E","W","B ","F ","R","G","R","050","0","0","1","","17","1930681","5606104",
"Hastings District","NELSON ST NORTH",""," ","I","HERETAUNGA ST WEST","201411918","22/03/2014","Sat","1920","LB","CN1C","303B ","","R","W","DO","L ","X","T","C","050","0","0","3","","","1929560","5605258",
"Hastings District","NELSON ST NORTH",""," ","I","QUEEN ST WEST","201430848","13/01/2014","Mon","1650","HA","CE14","302B 375B ","","R","D","BF","F ","X","G","C","050","0","0","0","","","1929657","5605330",
"Hastings District","NELSON ST SOUTH",""," ","I","EASTBOURNE ST WEST","201433448","26/03/2014","Wed","1215","LB","4E1C","303B 375B ","","R","D","BF","F ","X","S","C","050","0","0","0","","","1929464","5605185",
"Hastings District","NELSON ST SOUTH",""," ","I","EASTBOURNE ST WEST","201430879","19/02/2014","Wed","1030","HA","CE1C","301B 375B ","","R","D","BF","F ","X","S","C","050","0","0","0","","","1929464","5605185",
"Hastings District","NELSON ST SOUTH",""," ","I","EASTBOURNE ST WEST","201431532","24/01/2014","Fri","0935","HA","CE1C","301B 375B 671B ","","R","D","BF","F ","X","S","C","050","0","0","0","","","1929464","5605185",
"Hastings District","NELSON ST SOUTH",""," ","I","EASTBOURNE ST WEST","201430772","13/02/2014","Thu","2144","HA","CW1C","301B 375B ","","R","D","DO","F ","X","S","C","050","0","0","0","","","1929464","5605185",
"Hastings District","NORTON ROAD","300","S"," ","COPELAND ROAD","201413374","09/06/2014","Mon","0530","CB","CN1","410A ","B","R","W","DN","F "," "," ","N","050","0","0","1","","","1929831","5602747",
"Hastings District","OLD TAUPO COACH ROAD","2300","E"," ","SH 5","201433918","01/04/2014","Tue","1300","DB","CW1","134A 138A 402A ","","M","D","B ","F "," ","N","N","100","0","0","0","","","1921328","5646600",
"Hastings District","OLIPHANT ROAD","20","N"," ","OLIPHANT PLACE","201410674","06/02/2014","Thu","0744","AA","SN1C","101A 372A ","","R","D","B ","F "," ","N","C","050","0","0","1","","44","1928078","5605221",
"Hastings District","OMAHU ROAD","20","S"," ","HAPUKA ST","201432603","19/03/2014","Wed","1320","FC","CS1C","181A 330A ","","R","D","B ","F "," ","N","C","050","0","0","0","","","1928533","5606518",
"Hastings District","OMAHU ROAD",""," ","I","HILL ROAD","201431111","14/02/2014","Fri","0704","GD","CN1C","181A 331A ","","R","D","B ","F ","T","N","C","100","0","0","0","","","1923851","5609727",
"Hastings District","OMAHU ROAD",""," ","I","HILL ROAD","201432457","14/02/2014","Fri","0704","GD","CN14","333A ","","R","D","B ","F ","T","G","C","100","0","0","0","","","1923851","5609727",
"Hastings District","OMAHU ROAD","15","E"," ","KELFIELD PLACE","201431621","19/01/2014","Sun","1920","MA","CW1C","373B ","","R","D","B ","F "," "," ","C","050","0","0","0","","","1927435","5607549",
"Hastings District","OMAHU ROAD","30","W"," ","NOTTINGLEY ROAD","201438015","09/06/2014","Mon","0830","FD","4E1CCC","181A 181B 181C 191D ","","R","D","O ","F "," "," ","C","050","0","0","0","","","","",
"Hastings District","OMAHU ROAD","5","N"," ","SH 50A","201437414","28/05/2014","Wed","1427","FB","CS1C","181A 387A 191B ","","R","D","B ","F ","R","G","R","050","0","0","0","","","","",
"Hastings District","OMAHU ROAD","100","N"," ","STONYCROFT ST","201435861","14/04/2014","Mon","0747","MC","CS1C","372B ","","R","W","OF","L "," ","N","C","050","0","0","0","","","1927805","5607226",
"Hastings District","ORCHARD ROAD","20","N"," ","MARAEKAKAHO ROAD","201436317","12/03/2014","Wed","0818","FD","CN14CC","181A ","","R","D","BF","F "," ","N","C","050","0","0","0","","","1928490","5606058",
"Hastings District","ORCHARD ROAD","100","N"," ","MCLEOD ST","201431265","02/03/2014","Sun","1110","MD","CS1V","371B 930 ","","R","D","BF","F ","D","N","C","050","0","0","0","","","1928312","5606252",
"Hastings District","ORCHARD ROAD","140","N"," ","MCLEOD ST","201432601","12/03/2014","Wed","1157","EA","CN1CC","129A 500A ","M","R","D","B ","F "," ","N","C","050","0","0","0","","","1928285","5606282",
"Hastings District","ORCHARD ROAD",""," ","I","STONEYCROFT ST","201438092","11/06/2014","Wed","1750","LB","CS1C","301A ","","R","D","O ","F ","T","S","N","050","0","0","0","","","","",
"Hastings District","ORMOND ROAD","500","S"," ","EVENDEN ROAD","201435267","24/04/2014","Thu","2020","CB","CN1","129A 800 ","V","R","D","DN","F "," "," ","C","060","0","0","0","","","1928867","5608798",
"Hastings District","ORMOND ROAD","1000","N"," ","OMAHU ROAD","201411720","27/02/2014","Thu","1330","CC","VS1","410A ","T","R","D","B ","F "," "," ","N","060","0","1","0","","","1928097","5608268",
"Hastings District","PAKOWHAI ROAD","150","E"," ","ALLEN ROAD","201435269","23/04/2014","Wed","1420","AO","CN1T","372A 507A ","","R","D","B ","F "," "," ","C","080","0","0","0","","","1931218","5613364",
"Hastings District","PAKOWHAI ROAD","1000","S"," ","ALLEN ROAD","201432801","11/03/2014","Tue","0800","GC","CS1T","372B 929 ","","R","D","B ","F ","D","N","C","100","0","0","0","","","1931604","5612606",
"Hastings District","PAKOWHAI ROAD","50","S"," ","CHESTERHOPE BR","201410099","03/02/2014","Mon","1510","CB","CS1","130A 358A 420A ","P","R","D","B ","F "," "," ","C","100","0","0","1","","","1932605","5609784",
"Hastings District","PAKOWHAI ROAD",""," ","I","FITZROY AVENUE","201433901","20/03/2014","Thu","0800","FD","CS1CC","181A 427A ","","R","D","B ","F ","T","N","P","050","0","0","0","","","1929313","5606678",
"Hastings District","PAKOWHAI ROAD",""," ","I","FITZROY AVENUE","201439901","20/03/2014","Thu","0800","FD","CS1CC","181A 427A ","","R","D","B ","F ","T","N","P","050","0","0","0","","","1929313","5606678",
"Hastings District","PAKOWHAI ROAD",""," ","I","HODGSON ROAD","201436169","08/05/2014","Thu","1210","GB","CN1T","372B ","","R","D","B ","F ","T","G","C","080","0","0","0","","","1932477","5610417",
"Hastings District","PAKOWHAI ROAD","3000","S"," ","LINKS ROAD EAST","201410518","21/01/2014","Tue","0503","PB","CS1E","722B ","","R","W","DN","L "," ","N","C","100","0","0","1","54","","1932385","5610776",
"Hastings District","PAKOWHAI ROAD",""," ","I","MORLEY ROAD","201412646","16/04/2014","Wed","0930","GC","TS1O","174B 372B ","","R","D","BN","F ","T","S","C","080","0","0","1","","","1931007","5607966",
"Hastings District","PAKOWHAI ROAD",""," ","I","ST AUBYN ST WEST","201436712","26/04/2014","Sat","1820","FE","CE1C","181A ","","R","D","TO","F ","X","T","C","050","0","0","0","","","1929081","5606504",
"Hastings District","PAKOWHAI ROAD",""," ","I","WILLIAMS ST","201412837","08/05/2014","Thu","0845","JA","VS1V","302B 375B ","","R","D","B ","F ","T","G","C","050","0","0","1","","","1930254","5607390",
"Hastings District","PARK ROAD SOUTH","10","E"," ","OUTRAM ROAD","201412259","03/04/2014","Thu","1138","GE","ME1C","157A 160A 929 ","","R","D","B ","F ","D","N","C","050","0","1","0","","","1930213","5603601",
"Hastings District","PARKHILL ROAD","300","N"," ","PALOMINO ROAD","201431542","20/01/2014","Mon","1700","MC","CS1V","372B ","","R","D","B ","F "," "," ","C","100","0","0","0","","","1938595","5607621",
"Hastings District","PEPPER ST",""," ","I","GORDON ROAD","201431633","21/01/2014","Tue","2045","DB","CS2","111A 131A ","F","E","D","TO","F ","T","G","N","050","0","0","0","","","1928441","5605093",
"Hastings District","PETERHEAD AVENUE","60","N"," ","PETERHEAD PLACE","201435871","13/04/2014","Sun","0942","CB","CN1","129A 361A ","S","R","D","OF","F "," ","N","X","050","0","0","0","","","1925379","5606403",
"Hastings District","PORTER DRIVE","30","S"," ","MIDDLE ROAD","201430889","24/02/2014","Mon","1150","JA","CS1C","308B 382B 925 ","F","R","D","BF","F ","D","N","C","050","0","0","0","","","1932517","5601534",
"Hastings District","PUKETAPU ROAD","1390","N"," ","DARTMOOR ROAD","201413081","30/05/2014","Fri","1510","DA","CE1","111A 131A ","EFT","S","W","ON","L "," ","N","C","100","0","1","1","","","1926501","5620960",
"Hastings District","PUKETITIRI ROAD","700","S"," ","SEAFIELD ROAD","201413655","10/06/2014","Tue","1100","DA","CN1","111A 131A ","E","S","D","O ","F "," "," ","C","100","0","0","1","","","1925649","5626003",
"Hastings District","QUEEN ST EAST",""," ","I","MILLER ST","201433518","25/02/2014","Tue","0815","HA","CS1V","302A 375A 839 ","","R","D","BF","F ","X","G","C","050","0","0","0","","","1930233","5604563",
"Hastings District","RAILWAY ROAD",""," ","I","GASCOIGNE ST","201433412","23/03/2014","Sun","0134","DC","CE2","112A 402A ","","R","W","DO","L ","T","S","C","050","0","0","0","","","1929009","5604080",
"Hastings District","RAILWAY ROAD SOUTH",""," ","I","LONGLANDS ROAD WEST","201430813","17/02/2014","Mon","1900","HA","CN1C","302B 375B ","P","R","D","BF","F ","X","G","C","100","0","0","0","","","1927234","5602249",
"Hastings District","RAUKAWA ROAD","1200","S"," ","GREEN HILL ROAD","201413079","28/05/2014","Wed","0720","CC","4N1","112A ","CF","R","D","BN","FF"," ","N","N","100","0","1","0","","","1917627","5600007",
"Hastings District","RAUKAWA ROAD","940","E"," ","TAHEKE ROAD","201410675","08/03/2014","Sat","1622","DB","ME1","131A 610A ","CP","M","D","B ","F "," ","N","C","100","0","1","0","","","1907793","5592171",
"Hastings District","RUAHAPIA ROAD","50","E"," ","OTENE ROAD","201430442","31/01/2014","Fri","2220","DA","CS1","137A 195A ","","M","W","DN","F "," ","N","C","100","0","0","0","","","1932840","5608108",
"Hastings District","RUAHAPIA ROAD","180","N"," ","OTENE ROAD","201432529","29/01/2014","Wed","1029","DA","CS1","121A 131A ","CF","E","D","B ","F "," ","N","C","100","0","0","0","","","1932655","5608240",
"Hastings District","RUAHAPIA ROAD","100","S"," ","PAKOUWHAI ROAD","201437419","14/05/2014","Wed","1815","FA","CN1C","181A 331A 901 ","","R","W","DN","H "," "," ","C","080","0","0","0","","","","",
"Hastings District","RUAHAPIA ROAD",""," ","I","WHAKATU ROAD","201430870","18/02/2014","Tue","0820","KB","CN1C","302B 375B ","","E","D","BF","F ","T","G","C","100","0","0","0","","","1932575","5608502",
"Hastings District","RUAHAPIA ROAD",""," ","I","WHAKATU ROAD","201431630","10/01/2014","Fri","1055","JA","CS1T","302B 387B ","","E","D","B ","F ","T","G","P","100","0","0","0","","","1932575","5608502",
"Hastings District","RUSSELL ST NORTH",""," ","I","ST AUBYN ST EAST","201431375","27/02/2014","Thu","1445","BC","CN2C","122A ","","E","W","BF","F ","X","T","C","050","0","0","0","","","1930073","5605180",
"Hastings District","RUSSELL ST SOUTH","20","E"," ","HERETAUNGA ST EAST","201430443","16/01/2014","Thu","1930","EA","CW1C","129A ","M","R","D","TO","F ","T","N","C","050","0","0","0","","","1929807","5604897",
"Hastings District","SCOTT DRIVE",""," ","I","HUDSON ROAD","201431629","22/01/2014","Wed","1855","MC","CW1V","352B 372B ","","E","D","B ","F ","T","N","C","050","0","0","0","","","1924428","5607387",
"Hastings District","SOUTHAMPTON ST EAST","30","E"," ","KARAMU ROAD SOUTH","201432832","06/03/2014","Thu","1430","FC","CE14","181A 331A ","","R","D","B ","F "," "," ","X","050","0","0","0","","","1929624","5604572",
"Hastings District","SOUTHAMPTON ST EAST",""," ","I","WILLOWPARK ROAD SOUTH","201413096","03/06/2014","Tue","1510","HA","CE1S","204B 382B ","","R","D","OF","F ","Y","G","R","050","0","0","1","","11","1929931","5604159",
"Hastings District","SOUTHAMPTON ST WEST",""," ","I","SOUTHLAND ROAD","201411907","27/03/2014","Thu","1545","FA","VW1S","129A ","","R","D","BF","F ","R","G","R","050","0","0","1","","36","1929179","5605159",
"Hastings District","SOUTHHAMPTON ST WEST",""," ","I","PEPPER ST","201437418","31/05/2014","Sat","1415","GD","VS1C","333A 358A ","","R","D","O ","F ","T","G","C","050","0","0","0","","","","",
"Hastings District","SOUTHLAND ROAD",""," ","I","EASTBOURNE ST WEST","201430740","13/02/2014","Thu","2130","JC","CS1V","302A 375A ","","R","D","DO","F ","X","G","N","050","0","0","0","","","1929373","5605307",
"Hastings District","SOUTHLAND ROAD","30","E"," ","SOUTHAMPTON ST WEST","201430051","05/01/2014","Sun","2350","FF","CN1C","512A ","","R","D","DO","F "," ","N","C","050","0","0","0","","","1929203","5605178",
"Hastings District","SOUTHLAND ROAD","20","N"," ","SOUTHAMPTON ST WEST","201435740","14/05/2014","Wed","0836","FD","CN1CCC","181A 331A 801 ","","R","W","O ","L "," "," ","C","050","0","0","0","","","1929195","5605171",
"Hastings District","SPRINGFIELD ROAD","1100","W"," ","PUKETAPU ROAD","201430812","23/02/2014","Sun","0031","DB","CN1","111A 131A ","F","M","D","DN","F "," ","N","C","100","0","0","0","","","1926958","5617862",
"Hastings District","SPRINGFIELD ROAD","3690","W"," ","WAIOHIKI ROAD","201431360","23/02/2014","Sun","2230","DB","CE1","131A ","P","M","D","DN","F "," ","N","C","100","0","0","0","","","1927059","5616904",
"Hastings District","ST AUBYN ST EAST",""," ","I","HASTINGS ST NORTH","201433437","14/03/2014","Fri","1348","HA","CS1CC","301B 375B ","","R","D","BF","F ","X","S","C","050","0","0","0","","","1930341","5604822",
"Hastings District","ST AUBYN ST EAST",""," ","I","WARREN ST NORTH","201436165","24/04/2014","Thu","1150","LB","CW14","303B ","","R","D","B ","F ","X","G","C","050","0","0","0","","","1930257","5604934",
"Hastings District","ST AUBYN ST EAST","15","N"," ","WILLOWPARK ROAD NORTH","201436890","14/05/2014","Wed","1720","FD","CS1T","181A 197A 331A 901 ","","R","W","DO","H "," "," ","C","050","0","0","0","","","1930501","5604606",
"Hastings District","ST AUBYN ST EAST",""," ","I","WILLOWPARK ROAD NORTH","201435652","27/04/2014","Sun","0900","HA","CN1C","302A 363A 902 ","","R","D","B ","F ","R","G","R","050","0","0","0","","","1930510","5604594",
"Hastings District","ST AUBYN ST WEST",""," ","I","GRAYS ROAD","201435817","09/05/2014","Fri","1225","HA","CS1C","302A 375A ","","E","D","BF","F ","R","G","R","050","0","0","0","","","1929435","5606038",
"Hastings District","ST AUBYN ST WEST","100","N"," ","NELSON ST NORTH","201436889","14/05/2014","Wed","2010","GB","CN1C","158A 333A 175B 371B 801 929 ","","R","W","DO","L ","D"," ","C","050","0","0","0","","","1929790","5605557",
"Hastings District","ST AUBYN ST WEST",""," ","I","TOMOANA ROAD","201412482","26/04/2014","Sat","1753","HA","CN2C","103B 322B 402B ","KXS","R","D","DO","F ","X","T","C","050","0","0","1","","","1929634","5605762",