"TLA NAME","CRASH ROAD","CRASH DIST","CRASH DIRN","INTSN","SIDE ROAD","CRASH ID","CRASH DATE","CRASH DOW","CRASH TIME","MVMT","VEHICLES","CAUSES","OBJECTS STRUCK","ROAD CURVE","ROAD WET","LIGHT","WTHRa","JUNC TYPE","TRAF CTRL","ROAD MARK","SPD LIM","CRASH FATAL CNT","CRASH SEV CNT","CRASH MIN CNT","PERS AGE1","PERS AGE2","EASTING","NORTHING"
"Hastings District","STOCK ROAD","50","S"," ","PORTSMOUTH ROAD","201433517","09/03/2014","Sun","1240","BE","VN1C","136A 631A ","","R","D","BN","F "," ","N","C","050","0","0","0","","","1925459","5605765",
"Hastings District","STOCK ROAD","220","E"," ","SH 2","201434016","09/04/2014","Wed","0435","BC","CE14","121A ","","E","D","DO","F "," ","N","C","080","0","0","0","","","1925453","5598839",
"Hastings District","SYLVAN ROAD",""," ","I","JERVOIS ST","201413095","04/06/2014","Wed","0800","AO","VS1S","183A 387A ","","R","D","OF","F ","T","G","C","050","0","0","1","","11","1931273","5604645",
"Hastings District","TAIHAPE ROAD","3000","E"," ","FLAG RANGE ROAD","201437667","15/05/2014","Thu","0600","DA","VS1","129A 131A 801 ","F","E","W","DN","L "," "," ","C","100","0","0","0","","","1910225","5619830",
"Hastings District","TAIHAPE ROAD","700","S"," ","GLENROSS ROAD","201437436","26/05/2014","Mon","1950","DA","CN1","129A 131A 198A ","C","E","W","DN","F "," "," ","C","100","0","0","0","","","1900588","5626851",
"Hastings District","TAIHAPE ROAD",""," ","I","RITCH ROAD","201437501","02/06/2014","Mon","0630","GE","VW14","160A ","","E","D","TN","M ","T","N","C","100","0","0","0","","","","",
"Hastings District","TE AUTE ROAD",""," ","I","CRYSTALL ROAD","201432329","27/01/2014","Mon","1402","JA","CW1V","302B ","","R","D","B ","F ","T","G","C","100","0","0","0","","","1927200","5600468",
"Hastings District","TE AUTE ROAD",""," ","I","LONGLANDS ROAD EAST","201400111","19/05/2014","Mon","0415","DB","CS2","111A 131A 402A ","FGZ","M","D","DO","F ","T","G","C","100","1","0","0","","","1928818","5600976",
"Hastings District","TE AUTE ROAD","1000","E"," ","RAILWAY ROAD SOUTH","201411923","02/03/2014","Sun","1035","GE","CW14","160A 333A 929 ","","R","D","BN","F ","D","N","C","100","0","0","1","","","1926223","5599994",
"Hastings District","TE MATA ROAD",""," ","I","KARANEMA DRIVE","201413178","20/05/2014","Tue","1520","KA","VW1C","302B 423B ","","M","D","B ","F ","T","G","C","050","0","0","1","","","1932998","5601845",
"Hastings District","TE MOTA ROAD","100","W"," ","EVEREST AVENUE","201438007","11/06/2014","Wed","1720","NA","CE1E","363A ","","R","W","DO","H "," "," ","C","050","0","0","0","","","","",
"Hastings District","TOMOANA ROAD","15","E"," ","FREDERICK ST","201431510","28/01/2014","Tue","1555","MA","CE1C","373B ","","R","D","OF","F "," "," ","C","050","0","0","0","","","1930497","5606414",
"Hastings District","TOMOANA ROAD",""," ","I","ST AUBYN ST WEST","201430814","10/02/2014","Mon","1710","HA","CW2CC","322B ","","R","W","OF","L ","X","T","C","050","0","0","0","","","1929634","5605762",
"Hastings District","TOMOANA ROAD",""," ","I","WILLIAMS ST","201410415","31/01/2014","Fri","0820","LB","CS1C","301B ","","R","D","O ","F ","X","S","C","050","0","0","1","","","1930757","5606610",
"Hastings District","TUKI TUKI ROAD","610","S"," ","MOORE ROAD","201413708","02/06/2014","Mon","1430","DA","MS1","131A ","V","S","D","BN","F "," ","N","N","100","0","1","0","","","1937835","5602925",
"Hastings District","WILLOWPARK ROAD SOUTH",""," ","I","BULLER ST","201430177","14/01/2014","Tue","1102","GD","VN1C","331A 363A ","","R","D","BF","F ","T","N","C","050","0","0","0","","","1929980","5604196",
"Hastings District","WILSON ROAD","60","S"," ","PETERHEAD AVENUE","201434180","08/04/2014","Tue","1517","MC","CN1C","352B 372B ","","R","W","OF","L "," "," ","C","050","0","0","0","","","1925422","5606252",
"Hastings District","WILSON ROAD",""," ","I","SUNDERLAND DRIVE","201434823","04/04/2014","Fri","1640","GB","CS1C","387A 351B 929 ","","R","D","BF","F ","D","N","C","050","0","0","0","","","1925295","5606081",
"Hastings District","YORK ROAD","10","N"," ","MARAEKAKAHO ROAD","201413037","22/05/2014","Thu","1347","FB","CS1C","331A 504A ","","R","D","ON","F ","T","G","C","100","0","0","1","","","1927290","5605139",
"Hastings District","YORK ROAD","470","N"," ","MARAEKAKAHO ROAD","201430815","15/02/2014","Sat","0936","LB","CS1O","371B 927 ","","R","D","BF","F ","D","N","C","070","0","0","0","","","1927017","5605509",
"Hastings District","YORK ST","10","N"," ","TOMOANA ROAD","201436763","09/04/2014","Wed","1645","MO","CS1C","371A 386A ","M","R","D","B ","F ","X","G","C","050","0","0","0","","","1930055","5606093",
"Hastings District","2/608/0.05","50","S"," ","WAIKOAU ROAD","201410771","26/03/2014","Wed","0635","GE","CS1T","160A 387A 930 ","","R","D","DN","F ","D","N","C","100","0","0","1","","","1935152","5652954",
"Hastings District","2/608/1","1000","S"," ","WAIKOAU ROAD","201430857","03/01/2014","Fri","2110","DA","VS1","131A ","T","E","D","DN","F "," ","N","C","100","0","0","0","","","1935607","5652184",
"Hastings District","2/608/2.955","2930","S"," ","MAHIARUHE STM BR","201432009","31/01/2014","Fri","1700","DA","CN1","131A 402A ","V","M","W","ON","F "," "," ","C","100","0","0","0","","","1935638","5650664",
"Hastings District","2/608/3.313","130","N"," ","TUTIRA RESERVE ROAD N","201412249","15/04/2014","Tue","1216","DB","CN1","129A 410A ","","M","D","B ","F "," ","N","C","100","0","0","1","","","1935761","5650355",
"Hastings District","2/608/10.891","950","N"," ","AROPAOANUI ROAD","201435874","10/04/2014","Thu","2308","DA","4N1","132A ","","M","W","DN","F "," ","N","C","100","0","0","0","","","1936165","5646398",
"Hastings District","2/626/8.354","1100","N"," ","WHIRINAKI ROAD","201430811","20/01/2014","Mon","1659","DA","CN1","129A 134A 352A ","","E","D","BN","F "," ","N","C","100","0","0","0","","","1935626","5634815",
"Hastings District","2/650/10.197","500","N"," ","FARNDON ROAD","201431366","08/02/2014","Sat","1220","AD","CN1","135A 801 ","V","R","W","ON","H "," ","N","C","100","0","0","0","","","1936395","5612084",
"Hastings District","2/650/10.438","100","N"," ","HELLYERS LANE","201433904","07/04/2014","Mon","1749","DA","CN1","111A 131A 403A ","","M","W","DN","F "," ","N","C","100","0","0","0","","","1936239","5611901",
"Hastings District","2/661/0.764","100","S"," ","WILLIAMSON ROAD","201436690","22/04/2014","Tue","1000","MD","4N1V","308B 375B 929 ","","E","D","B ","F ","D","N","C","050","0","0","0","","","1936201","5611046",
"Hastings District","2/661/0.92","250","N"," ","MILL ROAD","201413039","27/05/2014","Tue","1658","GD","4S1C4","331A 350A 929 ","","R","D","TF","F ","D","N","C","050","0","0","2","","","1936088","5610945",
"Hastings District","NAPIER ROAD",""," ","I","2/661/5.266","201430854","02/01/2014","Thu","2229","DA","CS1","111A 131A ","F","E","D","DO","F ","M","G","R","080","0","0","0","","","1934180","5607200",
"Hastings District","2/661/5.595","600","S"," ","PILCHER ROAD","201433446","28/03/2014","Fri","0742","CC","CS1","134A 358A ","V","R","D","BF","F "," ","N","C","080","0","0","0","","","1933933","5606989",
"Hastings District","2/661/6.481",""," ","I","PARAIRE ROAD","201430880","18/02/2014","Tue","0815","GD","VE1CC","181A ","","R","D","BF","F ","X","S","C","080","0","0","0","","","1933194","5606508",
"Hastings District","2/661/7.146",""," ","I","ST GEORGES ROAD","201434816","05/04/2014","Sat","1235","JA","CW14","301B 353B 377B ","","E","W","OF","L ","T","S","C","080","0","0","0","","","1932606","5606198",
"Hastings District","2/661/8.126",""," ","I","KENILWORTH ROAD","201437604","03/06/2014","Tue","1722","GD","CS1C","112A 331A 350A 402B 801 ","","R","W","DO","L ","T","G","C","050","0","0","0","","","1931688","5605956",
"Hastings District","2/678/2.168","1470","S"," ","STOCK ROAD","201436223","10/05/2014","Sat","0206","EC","TN1","912 ","W","R","D","DN","M "," "," ","C","100","0","0","0","","","1924636","5597653",
"Hastings District","2/678/5.047","1370","N"," ","TE MAHANGA ROAD","201410145","05/01/2014","Sun","1227","FD","TS1C","112A 181A 331A ","X","R","D","B ","F "," "," ","C","100","0","0","1","","","1922382","5595996",
"Hastings District","2/678/6.717","300","S"," ","TE MAHANGA ROAD","201435868","17/04/2014","Thu","0930","DB","CN1","131A 350A ","FX","E","W","ON","L "," ","N","C","100","0","0","0","","","1921102","5594963",
"Hastings District","2/691/4.203",""," ","I","TE AUTE TRUST ROAD","201430175","06/01/2014","Mon","1318","GB","4S1C","175B 320B 361B ","","R","D","BF","F ","T","N","C","100","0","0","0","","","1914124","5588056",
"Hastings District","2/691/5.862","800","S"," ","WAIKAREAO ROAD","201430859","17/02/2014","Mon","1848","DA","CS1","131A ","G","E","D","BF","F "," ","N","C","100","0","0","0","","","1912945","5586948",
"Hastings District","5/190/0.886","6600","N"," ","TATARAAKINA ROAD N","201410408","02/01/2014","Thu","1600","DA","MN1","131A ","","M","D","B ","F "," "," ","C","100","0","0","1","","","1907487","5677159",
"Hastings District","5/190/4.114","2970","S"," ","POHOKURA ROAD","201413093","28/05/2014","Wed","2000","DA","CS1","137A ","C","M","D","DN","F "," ","N","C","100","0","0","1","","","1908294","5674990",
"Hastings District","5/190/4.486","3000","N"," ","TATARAAKINA ROAD N","201437064","30/04/2014","Wed","1850","BF","CN14","131A 191A ","","M","W","DN","L "," "," ","C","100","0","0","0","","","1908541","5674756",
"Hastings District","5/190/4.786","2700","N"," ","TATARAAKINA ROAD N","201430172","03/01/2014","Fri","2315","DA","CN1","101A 111A 131A 801 903 ","G","S","W","DN"," S"," ","N","C","100","0","0","0","","","1908802","5674662",
"Hastings District","5/190/6.203","150","S"," ","TARAWERA TAV","201411078","01/02/2014","Sat","2359","DB","CN1","131A 359A 402A ","EZ","E","W","DN","F "," "," ","C","100","0","0","1","","","1909401","5673754",
"Hastings District","5/204/9.848","7000","N"," ","WAITARA ROAD","201437440","26/05/2014","Mon","0150","QG","TN1","130A 903 ","F","R","D","DN","FS"," "," ","C","100","0","0","0","","","1911429","5661143",
"Hastings District","5/204/10.94","3000","N"," ","MCVICAR ROAD","201437437","24/05/2014","Sat","2111","QG","VS1","130A 901 903 ","","R","W","DN","HS"," "," ","C","100","0","0","0","","","1911481","5660106",
"Hastings District","5/220/5.806","6800","S"," ","MCVICAR ROAD","201413827","30/05/2014","Fri","1250","BF","CN1C","111A 131A 801 ","G","M","W","O ","L "," "," ","C","100","0","0","2","","","1917729","5653873",
"Hastings District","5/220/11.975","300","S"," ","TE POHUE LOOP ROAD S","201411268","05/03/2014","Wed","2055","DB","CS1","131A 800 ","T","M","W","DN","F "," "," ","C","100","0","0","1","","","1918084","5648843",
"Hastings District","5/233/1.821","1000","N"," ","PALMER ROAD","201430524","27/01/2014","Mon","1559","QG","CN1","682A ","CG","E","W","O ","L "," "," ","C","100","0","0","0","","","1919007","5646960",
"Hastings District","5/233/4.989","60","N"," ","MCALLISTER ENT","201410160","02/01/2014","Thu","0640","DA","CS1","130A 411A ","E","E","D","B ","F "," "," ","C","100","0","7","0","","","1919840","5644306",
"Hastings District","5/233/7.171","5140","S"," ","OLD TAUPO COACH ROAD","201433916","04/04/2014","Fri","2305","DA","CS1","129A 402A 501A ","T","E","D","DN","F "," ","N","C","100","0","0","0","","","1920446","5642574",
"Hastings District","5/249/5.312",""," ","I","ELLIS WALLACE ROAD","201434661","23/03/2014","Sun","1240","GD","TN1C","831 ","","M","D","BN","F ","T","G","C","100","0","0","0","","","1928386","5634521",
"Hastings District","5/249/5.337","25","S"," ","ELLIS WALLACE ROAD","201438020","09/06/2014","Mon","1539","DA","TS1","131A 631A ","F","E","D","O ","F "," "," ","C","100","0","0","0","","","1928402","5634502",
"Hastings District","5/249/7.685","80","S"," ","SHAW ROAD","201413803","26/04/2014","Sat","1120","BB","CS1C","205A 358A 404A ","","M","D","B ","F "," "," ","C","100","0","0","2","","","1929603","5632906",
"Hastings District","50/5/5.136",""," ","A","TUTAEKURI BR S","201436166","12/04/2014","Sat","1056","FD","CS1C","181A ","","R","D","B ","F "," "," ","C","100","0","0","0","","","1931411","5614868",
"Hastings District","50/5/5.312","2000","S"," ","MEEANEE OFF SBD","201431374","26/02/2014","Wed","2100","FD","CS1CC","331A 339A ","","R","D","DO","F "," ","N","C","100","0","0","0","","","1931366","5614707",
"Hastings District","50/5/6.383","2000","S"," ","MEEANEE ON SBD","201410768","05/04/2014","Sat","1314","FD","VS14O","181A 330A ","","R","W","O ","L "," ","N","L","100","0","0","2","","","1930994","5613704",
"Hastings District","50/12/7.674","1000","N"," ","TAIHAPE ROAD","201435156","02/04/2014","Wed","1400","AF","TS1O","150A 386A ","","R","D","B ","F "," ","N","C","100","0","0","0","","","1923927","5612335",
"Hastings District","50/17/10.89",""," ","I","MARAEKAKAHO ROAD","201433440","16/03/2014","Sun","1045","JA","4E2C","113B 302B ","","R","D","BF","F ","T","G","C","100","0","0","0","","","1916081","5604836",
"Hastings District","50/17/11.117","1500","S"," ","WHEATLEY ROAD","201432855","25/02/2014","Tue","0955","FD","CS1T","181A 331A ","","R","D","B ","F "," "," ","C","100","0","0","0","","","1915854","5604849",
"Hastings District","50/33/1.223","450","W"," ","WHAKAPIRAU ROAD","201400044","03/03/2014","Mon","1345","BB","CE1C","123A ","C","M","D","B ","F "," "," ","L","100","1","0","3","","","1909814","5604671",
"Hastings District","50/49/2.025","10000","W"," ","GLENCOE STATION ROAD","201435928","18/04/2014","Fri","1440","FB","CN1V","331A ","","R","W","ON","L "," ","G","C","100","0","0","0","","","1898738","5595854",
"Hastings District","50A/0/0",""," ","I","SH 50 LINKS ROAD","201410296","14/02/2014","Fri","0820","LB","CN1C","303B 375B ","","R","D","B ","F ","T","G","R","100","0","0","2","","","1930935","5613540",
"Hastings District","50A/0/4.067","1000","N"," ","EVENDEN ROAD","201410339","27/01/2014","Mon","1645","EB","SN14","331A 350A ","Q","M","D","BF","F "," ","N","C","100","0","1","0","","48","1930184","5609587",
"Hastings District","50A/0/6.179","1000","S"," ","EVENDEN ROAD","201412324","21/03/2014","Fri","1101","EA","SE1V","331A 350A ","Q","R","D","O ","F "," "," ","C","100","0","1","0","","38","1928653","5608211",
"Hastings District","50A/0/6.858","600","E"," ","OMAHU ROAD","201435950","10/02/2014","Mon","2200","DA","CE1","131A ","F","E","D","DN","F "," ","N","C","100","0","0","0","","","1928111","5607801",
"Hastings District","50A/0/6.958","500","E"," ","OMAHU ROAD","201432528","02/02/2014","Sun","2134","CC","CW1","101A 112A ","F","R","D","DN","F "," ","N","C","100","0","0","0","","","1928031","5607741",
"Hastings District","50A/0/7.338","120","N"," ","OMAHU ROAD","201412325","20/04/2014","Sun","1152","CA","MS1","112A 130A 514A ","I","R","D","B ","F "," "," ","R","100","0","1","0","","","1927728","5607512",
"Hastings District","50A/0/7.428","30","N"," ","OMAHU ROAD","201432824","11/03/2014","Tue","1800","AO","TS1C","386A ","","E","D","B ","F "," "," ","C","100","0","0","0","","","1927657","5607457",
"Hastings District","50A/0/7.453",""," ","I","OMAHU ROAD","201435925","18/04/2014","Fri","1140","AC","CW1M","372A ","","M","D","OF","F ","R","G","R","050","0","0","0","","","1927641","5607416",
"Hastings District","OMAHU ROAD",""," ","I","50A/0/7.559","201431632","17/01/2014","Fri","1930","DA","CE1","129A 131A 402A ","IS","R","D","TF","F ","R","G","R","050","0","0","0","","","1927607","5607382",
"Hastings District","OMAHU ROAD",""," ","I","50A/0/7.559","201435671","07/05/2014","Wed","0020","DA","CS1","111A 131A 402A 514A ","FP","R","D","DO","F ","R","G","C","050","0","0","0","","","1927607","5607382",
"Hastings District","50A/0/9.166","90","N"," ","FLAXMERE AVENUE","201413080","29/03/2014","Sat","0004","MC","CN1C","372B ","","E","D","DN","F "," ","N","C","100","0","1","1","","","1926331","5606411",
"Hastings District","50A/0/12.677",""," ","I","MARAEKAKAHO ROAD","201433443","24/02/2014","Mon","1007","QG","TN1","111A 682A ","","M","D","BF","F ","R","G","R","100","0","0","0","","","1925557","5603150",
"Hastings District","50A/0/12.677",""," ","I","MARAEKAKAHO ROAD","201437415","01/06/2014","Sun","1300","DA","CN1","111A 131A 801 ","P","M","W","O ","L ","R","G","R","100","0","0","0","","","1925537","5603173",
"Hastings District","50A/0/13.601","650","N"," ","MANGAROA ROAD","201435673","02/05/2014","Fri","1855","EC","VN1","912 ","W","R","D","DN","F "," "," ","C","100","0","0","0","","","1925198","5602298",
"Hastings District","50A/0/14.251",""," ","I","MANGAROA ROAD","201437645","20/05/2014","Tue","0820","DC","CS2","110A 335A 904 ","","R","D","O ","M ","T","G","R","100","0","0","0","","","1924951","5601696",
"Hastings District","50A/0/15.265","500","N"," ","TURAMOE ROAD","201410750","28/03/2014","Fri","2105","CC","CS1","125A 358A ","","R","D","DN","F "," ","N","C","100","0","0","1","","","1924843","5600698",
"Hauraki District","AWAITI ROAD","1000","S"," ","WANI ROAD","201432735","09/03/2014","Sun","1250","CC","CS1","136A 631A ","F","R","D","B ","F "," "," ","C","100","0","0","0","","","1831168","5858427",
"Hauraki District","BUSH ROAD","210","S"," ","SH 25","201433529","28/02/2014","Fri","1055","DA","VS1","131A 681A ","F","M","D","BN","F "," ","N","C","100","0","0","0","","","1822379","5877709",
"Hauraki District","BUSH ROAD E","40","N"," ","ORCHARD EAST ROAD E","201431144","10/02/2014","Mon","1320","CB","CS1","129A 500A 810 ","V","R","D","B ","F "," ","N","C","100","0","0","0","","","1824339","5872112",
"Hauraki District","CENTRAL ROAD","2000","S"," ","SH 2","201410232","19/01/2014","Sun","1812","JA","CS14","308B 375B 927 ","","R","D","O ","F ","D","N","N","100","0","0","2","","","1816984","5869496",
"Hauraki District","EAST COAST ROAD","620","N"," ","POHUTUKAWA AVENUE","201411799","12/04/2014","Sat","2206","DA","VN1","104A 111A 131A ","F","E","D","DN","F "," "," ","C","070","0","1","0","","","1804305","5891429",
"Hauraki District","EAST COAST ROAD","1400","S"," ","PUKEKERERU LANE","201436878","27/04/2014","Sun","1425","DB","MS1","131A ","F","E","D","B ","F "," "," ","C","100","0","0","0","","","1804353","5895918",
"Hauraki District","GILMOUR ST",""," ","I","GEORGE ST","201435915","28/03/2014","Fri","0930","KB","CN1C","302B 375B ","","R","D","BF","F ","T","G","C","050","0","0","0","","","1852145","5857613",
"Hauraki District","GOLDEN VALLEY ROAD","2000","N"," ","NGATITANGATA ROAD","201410123","02/01/2014","Thu","2250","DA","CN1","131A ","F","E","D","DN","F "," "," ","C","100","0","0","1","","","1857138","5861752",
"Hauraki District","HAURAKI ROAD","600","N"," ","RATA ST","201435954","06/04/2014","Sun","1626","CB","CS1","137A ","CV","R","D","OF","F "," ","N","C","100","0","0","0","","","1827300","5876579",
"Hauraki District","HAURAKI ROAD","70","N"," ","SH 2","201410265","16/02/2014","Sun","1350","FA","MS1M","104A 111A ","FF","M","D","B ","F "," ","N","C","100","0","1","1","","","1831093","5867280",
"Hauraki District","HUBBARD ROAD","500","E"," ","SH 2","201436037","07/03/2014","Fri","2330","CC","VW1","103A 410A ","V","R","D","DN","F "," ","N","N","100","0","0","0","","","","",
"Hauraki District","HUBBARD ROAD","300","N"," ","SH 2","201411738","19/03/2014","Wed","1552","DB","CW1","131A 402A 412A ","F","E","D","B ","F "," "," ","C","100","0","0","1","","","1835011","5862287",
"Hauraki District","KENNY ST",""," ","I","SILVERTON ROAD","201412108","21/04/2014","Mon","1451","HA","CE1C","302B 375B ","","E","D","O ","L ","T","G","R","050","0","0","2","","","1851426","5857701",
"Hauraki District","PIPROA ROAD","3200","S"," ","SH 25","201413406","11/06/2014","Wed","0234","CA","VS1","132A 901 903 ","V","R","W","DN","HS"," "," ","C","100","0","0","1","","","","",
"Hauraki District","RAILWAY ST","30","N"," ","DEARLE ST","201413426","03/06/2014","Tue","1852","BF","CN1C","111A 131A 514A ","","E","D","DO","F "," "," ","N","050","0","0","1","","","","",
"Hauraki District","ROSEMONT ROAD",""," ","I","ADAMS ST","201435573","23/04/2014","Wed","2209","HA","CN2C","321A ","","R","D","DO","F ","T","S","C","050","0","0","0","","","1851863","5857257",
"Hauraki District","ROTOKOHU ROAD","500","E"," ","TE MOANANUI FLATS ROAD","201432286","05/02/2014","Wed","1540","GE","VE1C","160A 929 ","","R","D","O ","F ","D","N","C","100","0","0","0","","","1837347","5857174",
"Hauraki District","SEDDON ST","5","E"," ","HASZARD ST","201410864","10/01/2014","Fri","1120","CB","CE1E","130A ","KX","R","D","B ","F ","R","G","R","050","0","1","0","66","","1851581","5858000",
"Hauraki District","SH 2","15","N"," ","HUGHENDEN ST","201436042","14/04/2014","Mon","1000","EE","VN1C","374B ","M","R","W","OF","L "," ","N","C","050","0","0","0","","","","",
"Hauraki District","SH 2",""," ","I","KENNY ST","201436043","12/04/2014","Sat","1630","JC","CE2C","301A 375A ","","R","D","BF","F ","X","S","R","050","0","0","0","","","","",
"Hauraki District","SH 25",""," ","I","GILMOUR ST","201413424","21/06/2014","Sat","1137","HA","CN2C","113A 321A ","","R","D","B ","F ","X","S","C","050","0","0","2","","","","",
"Hauraki District","WAIHI BEACH ROAD","580","E"," ","TRIG ROAD SOUTH","201413193","17/05/2014","Sat","2100","DA","CW1","101A 111A 129A 134A ","F","E","D","DN","F "," "," ","C","100","0","1","1","","","1856202","5854838",
"Hauraki District","WAIHI BEACH ROAD","590","E"," ","TRIG ROAD SOUTH","201432288","08/02/2014","Sat","0950","DB","CE1","131A 801 ","F","M","W","O ","H "," "," ","C","100","0","0","0","","","1856212","5854840",
"Hauraki District","WAITAWHETA ROAD","15","E"," ","FRANKLIN ROAD","201431145","23/01/2014","Thu","1100","BB","CW1V","123A ","","E","D","B ","F "," ","N","C","080","0","0","0","","","1846096","5852389",
"Hauraki District","WAITAWHETA ROAD","500","S"," ","KENNEDY ROAD","201410863","07/01/2014","Tue","0727","DA","TS1","130A 363A 687A 810 902 ","T","M","D","O ","F "," "," ","N","100","0","0","1","","","1844873","5853626",
"Hauraki District","WAITAWHETA ROAD","100","S"," ","OLD TAURANGA ROAD","201410336","22/01/2014","Wed","2000","CC","CN1","103A ","CV","R","D","BN","F "," ","N","C","100","0","0","1","","","1849703","5854856",
"Hauraki District","WAITAWHETA ROAD","630","S"," ","OLD TAURANGA ROAD","201410966","07/02/2014","Fri","2005","DA","CN1","101A 111A 131A ","T","E","W","ON","H "," ","N","C","100","0","1","0","","","1849268","5854595",
"Hauraki District","WILLIAM ST",""," ","I","MARSHALL ST","201432319","22/01/2014","Wed","1900","HA","CW1C","301B 902 ","","R","D","B ","F ","X","S","C","050","0","0","0","","","1836231","5859764",
"Hauraki District","WILLIAM ST",""," ","I","MARSHALL ST","201433483","11/03/2014","Tue","1040","HA","CE1C","301B 375B ","","R","D","BF","F ","X","S","C","050","0","0","0","","","1836231","5859764",
"Hauraki District","2/32/0.637","380","E"," ","STEEN ROAD","201437999","15/04/2014","Tue","1247","QG","TN1T","330A 682A ","G","E","D","B ","F "," ","N","C","090","0","0","0","","","1806219","5871604",
"Hauraki District","2/32/0.657","400","N"," ","STEEN ROAD","201430380","20/01/2014","Mon","1204","DA","VN1","134A 350A ","G","M","W","O ","L "," ","N","L","090","0","0","0","","","1806238","5871612",
"Hauraki District","2/32/1.692","500","W"," ","SH 25 LINK","201411666","22/03/2014","Sat","1441","MB","VE1C","372B 375B ","","E","D","BN","F "," ","N","C","090","0","0","1","","","1807234","5871887",
"Hauraki District","2/32/2.102",""," ","I","SH25 LINK","201436550","22/05/2014","Thu","1225","GF","4W2C","129A ","","R","D","B ","F ","T","G","C","100","0","0","0","","","1807636","5871937",
"Hauraki District","2/37/0.03","30","E"," ","SH 27","201435169","21/04/2014","Mon","1550","FD","CW1C","181A 330A ","","R","D","B ","F ","T","S","C","100","0","0","0","","","1810252","5870175",
"Hauraki District","CANAL EAST ROAD",""," ","I","2/37/4.664","201437893","20/03/2014","Thu","0640","DC","CS1","112A 330A ","G","R","D","DN","M ","T","G","C","100","0","0","0","","","1814672","5871266",
"Hauraki District","2/48/0.638","20","E"," ","DENT ST","201433385","29/03/2014","Sat","1050","FF","CW1V","181A 925 ","","R","D","OF","F ","D","N","C","080","0","0","0","","","1821327","5871574",
"Hauraki District","2/61/9.625","10","S"," ","BRENAN ST","201433156","19/03/2014","Wed","1411","GD","CN14","331A 352A ","","R","D","B ","F ","T","G","C","050","0","0","0","","","1835843","5860559",
"Hauraki District","2/61/10.526","50","N"," ","CORBETT ST","201430521","02/01/2014","Thu","1307","MO","CN1C","357A 371A ","M","R","D","B ","F "," "," ","C","050","0","0","0","","","1836274","5859849",
"Hauraki District","2/61/10.832",""," ","A","WHARF ST","201432498","19/02/2014","Wed","1503","KB","CS1C","302B 353B 375B ","","M","D","BF","F ","T","G","N","050","0","0","0","","","1836433","5859588",
"Hauraki District","2/73/7.707","500","E"," ","SCHOOL ROAD","201411740","16/02/2014","Sun","0035","DB","VS1","104A 131A ","C","E","D","DN","F "," "," ","C","080","0","0","2","","","1841349","5854772",
"Hauraki District","2/73/9.709","2000","W"," ","WAITAWHETA ROAD","201430258","01/01/2014","Wed","2323","DA","CW1","111A 131A ","G","S","W","DN","M "," "," ","L","080","0","0","0","","","1842908","5855278",
"Hauraki District","2/73/13.709","2000","E"," ","WAITAWHETA ROAD","201431163","11/02/2014","Tue","1310","CB","4N1","130A 410A ","C","R","D","B ","F "," ","N","C","080","0","0","0","","","1845954","5855510",
"Hauraki District","2/73/13.968","400","E"," ","SEDDON ST","201437474","28/04/2014","Mon","2015","FA","TN1V","331A 901 ","Z","R","W","O ","H "," "," ","C","100","0","0","0","","","1846152","5855349",
"Hauraki District","2/73/19.921",""," ","I","MARTIN ROAD","201410484","23/02/2014","Sun","1340","DB","VS2C","103A 131A 133A 402A ","","R","W","O ","L ","X","G","C","050","0","0","1","","","1851087","5857862",
"Hauraki District","2/73/20.295",""," ","I","MORESBY AVENUE","201411670","13/03/2014","Thu","1000","NB","CE1","719B ","","R","D","BF","F ","R","G","C","050","0","1","0","38","","1851446","5857913",
"Hauraki District","2/93/0.631",""," ","I","MUELLER ST","201431097","08/01/2014","Wed","1825","CC","4E1","129A 410A ","PS","R","D","B ","F ","T","G","C","050","0","0","0","","","1852072","5857462",
"Hauraki District","2/93/4.568","500","N"," ","TRIG ROAD SOUTH","201433482","15/03/2014","Sat","1730","DA","CN1","136A 806 ","","E","W","ON","HS"," ","N","C","100","0","0","0","","","1853969","5854108",
"Hauraki District","2/93/4.618","450","N"," ","TRIG ROAD SOUTH","201410483","22/02/2014","Sat","1115","DA","CE1","111A 131A 404A ","V","E","W","O ","L "," "," ","C","100","0","0","2","","","1853973","5854059",
"Hauraki District","2/93/4.788","280","N"," ","TRIG ROAD SOUTH","201437478","16/05/2014","Fri","0151","EC","TN1","904 912 ","W","E","D","DN","M "," "," ","C","100","0","0","0","","","1853993","5853890",
"Hauraki District","2/93/5.268","200","S"," ","TRIG ROAD SOUTH","201413242","22/05/2014","Thu","0920","FD","MN1CC","102A 181A 331A ","","R","D","B ","F "," ","N","C","100","0","1","0","","","1854108","5853424",