"TLA NAME","CRASH ROAD","CRASH DIST","CRASH DIRN","INTSN","SIDE ROAD","CRASH ID","CRASH DATE","CRASH DOW","CRASH TIME","MVMT","VEHICLES","CAUSES","OBJECTS STRUCK","ROAD CURVE","ROAD WET","LIGHT","WTHRa","JUNC TYPE","TRAF CTRL","ROAD MARK","SPD LIM","CRASH FATAL CNT","CRASH SEV CNT","CRASH MIN CNT","PERS AGE1","PERS AGE2","EASTING","NORTHING"
"Hauraki District","2/93/6.174","340","S"," ","WOODLANDS ROAD","201410229","18/01/2014","Sat","0934","DA","VN1","134A 404A ","F","M","D","B ","F "," ","N","L","010","0","0","1","","","1854194","5852544",
"Hauraki District","25/0/6.528","5","E"," ","CANAL EAST ROAD","201434519","20/02/2014","Thu","0615","DA","TE1","110A 330A ","B","E","D","OF","F ","T","N","C","070","0","0","0","","","1812377","5876327",
"Hauraki District","25/217/1.177","4000","S"," ","TE TUTU ST","201432287","07/02/2014","Fri","0948","DA","CN1","131A 631A ","C","M","W","OF","H "," ","N","C","100","0","0","0","","","1854014","5873230",
"Hauraki District","25/217/1.392","1400","S"," ","OTAHU RIV BR","201430259","01/01/2014","Wed","1815","DB","CS1","131A 806 ","C","M","W","O ","F "," "," ","C","100","0","0","0","","","1854227","5873200",
"Hauraki District","25/226/7.394","1000","N"," ","GOLDEN VALLEY ROAD","201430277","04/01/2014","Sat","1145","BF","CN1VC","131A 801 ","","S","W","O ","L "," "," ","C","100","0","0","0","","","1856600","5863948",
"Hauraki District","25/226/12.121","500","S"," ","WILLOWS ROAD","201410231","10/01/2014","Fri","1848","CB","CS1","129A 134A ","C","R","D","B ","F "," ","N","C","100","0","0","1","","","1853992","5860379",
"Hauraki District","25/226/15.742",""," ","I","GILMOUR ST","201432703","24/02/2014","Mon","1100","MB","TS1C","197A 372B 375B 817 ","","R","D","B ","F ","X","S","C","050","0","0","0","","","1851902","5857997",
"Hauraki District","25/226/15.742",""," ","I","GILMOUR ST","201436435","07/05/2014","Wed","0344","DA","CN2","111A 131A ","","R","D","DO","F ","X","S","C","050","0","0","0","","","1851902","5857997",
"Hauraki District","26/60/7.858",""," ","I","PAPATUROA AVENUE","201433521","26/02/2014","Wed","1259","AB","CS1C","197A 331A ","","R","D","BF","F ","T","G","C","080","0","0","0","","","1836002","5858615",
"Hauraki District","26/60/8.859",""," ","A","OHINEMURI RIV BR","201432499","03/02/2014","Mon","1515","CO","BS1","129A 130A 353A 818 ","B","R","D","BF","F "," ","N","C","050","0","0","0","","","1836710","5859259",
"Hauraki District","26/70/0.5",""," ","I","BENNETT ST","201437477","16/05/2014","Fri","2252","DA","CN2","103A 131A 402A ","F","M","D","DO","F ","T","G","C","050","0","0","0","","","1836946","5859807",
"Hauraki District","26/70/4.397",""," ","I","KOMATA REEFS ROAD","201412423","22/04/2014","Tue","1045","MB","CS1C","104A 330B 375B 400B ","","R","D","B ","F ","T","S","L","100","0","1","3","","","1837222","5863488",
"Hauraki District","27/0/2.625","120","N"," ","SOUTH ROAD","201412015","26/03/2014","Wed","1926","CB","CN1","110A 116A 817 ","FV","R","D","TF","F "," ","N","N","080","0","0","1","","","1811320","5867832",
"Hauraki District","27/0/13.631","400","S"," ","MANGAWHARA ROAD","201412114","19/04/2014","Sat","1230","DA","CN1","131A 407A 901 ","V","M","W","O ","H "," "," ","L","100","0","0","1","","","1815931","5859434",
"Hauraki District","27/0/14.346","300","E"," ","TOP ROAD","201412026","25/03/2014","Tue","1523","BF","CE1C","129A 134A 402A ","EP","E","D","B ","F "," ","N","C","100","0","0","2","","","1816551","5859291",
"Horowhenua District","BARTHOLOMEW ROAD",""," ","I","MARTIN HARVEY ST","201435811","05/04/2014","Sat","0808","BB","CN1C","124A 363A 902 ","","E","D","BF","F ","T","N","C","050","0","0","0","","","1794545","5500478",
"Horowhenua District","BATH ST",""," ","I","CAMBRIDGE ST","201412890","27/04/2014","Sun","1948","KA","CN1C","302B 375B 402B 801 ","","S","W","DO","L ","R","G","R","050","0","0","1","","","1793326","5500457",
"Horowhenua District","BATH ST","20","E"," ","SH 1N","201435848","09/04/2014","Wed","0950","AA","CE1C","352A 372A ","","R","D","OF","F ","X","T","R","050","0","0","0","","","1793271","5500503",
"Horowhenua District","BATH ST",""," ","I","WINCHESTER ST","201432544","17/02/2014","Mon","1745","HA","CE2C","301B 375B ","","R","D","B ","F ","X","S","R","050","0","0","0","","","1793639","5500281",
"Horowhenua District","BRISTOL ST",""," ","I","STANLEY ST","201433456","20/03/2014","Thu","2100","HA","CS2C","302A 335A 375A ","","R","D","DO","F ","X","G","C","050","0","0","0","","","1793380","5500872",
"Horowhenua District","BULLER ROAD","150","E"," ","TARAHUNGA ROAD","201437563","29/05/2014","Thu","0629","EC","VW14","912 ","W","R","W","DN","F "," "," ","N","080","0","0","0","","","1789791","5498010",
"Horowhenua District","CAMBRIDGE ST","50","N"," ","BATH ST","201434031","17/04/2014","Thu","0530","MC","CN1T","330B 372B ","","R","W","DO","L "," ","N","C","050","0","0","0","","","1793386","5500492",
"Horowhenua District","CAMBRIDGE ST SOUTH",""," ","I","LIVERPOOL ST","201434416","01/04/2014","Tue","1010","KB","4N1C","302B 375B ","","M","D","B ","F ","T","G","R","050","0","0","0","","","1792859","5499871",
"Horowhenua District","CARGILL ST","20","W"," ","SOLWAY ST","201432249","23/02/2014","Sun","1655","GA","CE1C","112A 333A 929 ","","R","D","O ","F ","D"," ","N","050","0","0","0","","","1794060","5499042",
"Horowhenua District","CD FARM ROAD","600","S"," ","HOKIO BEACH ROAD","201434479","08/03/2014","Sat","0650","CC","CS1","130A 358A 402A ","T","R","D","O ","F "," "," ","N","100","0","0","0","","","1790726","5499828",
"Horowhenua District","DEVON ST",""," ","I","BRISTOL ST","201412658","19/04/2014","Sat","1744","HA","CW1C","302A ","","R","D","BF","F ","X","G","C","050","0","0","1","","","1793505","5501079",
"Horowhenua District","FOXTON SHANNON ROAD","700","W"," ","POPLAR NORTH ROAD","201411196","28/03/2014","Fri","0815","DB","VE1","101A 129A 134A 407A ","F","M","D","B ","F "," "," ","C","100","0","0","1","","","1800882","5514851",
"Horowhenua District","HAMARIA ROAD",""," ","I","HOKIO BEACH ROAD","201411587","15/03/2014","Sat","1945","DA","CW2","111A 131A ","T","S","W","DO","L ","T","S","C","050","0","0","1","","","1790781","5500485",
"Horowhenua District","HOKIO BEACH ROAD","180","E"," ","MOUTERE ROAD","201435828","16/03/2014","Sun","1419","DB","CW1","129A 134A 801 ","EF","E","W","ON","L "," ","N","C","100","0","0","0","","","1788640","5502306",
"Horowhenua District","HOKIO BEACH ROAD","1000","W"," ","MOUTERE ROAD","201434478","28/03/2014","Fri","2130","CB","CW1","101A 112A 130A ","FZ","R","D","DN","F "," "," ","C","100","0","0","0","","","1787604","5502871",
"Horowhenua District","KAWIU ROAD",""," ","I","TIRO TIRO ROAD","201432967","07/03/2014","Fri","0310","DB","CE1","102A 111A 131A 195A ","I","S","D","DN","F ","X","S","R","050","0","0","0","","","1792982","5502125",
"Horowhenua District","MAIN ST","50","S"," ","CLYDE ST","201438196","07/05/2014","Wed","2250","MO","CN1C","371A ","M","R","W","DO","F "," ","N","C","050","0","0","0","","","1793405","5517331",
"Horowhenua District","MAKERUA ROAD","3000","S"," ","MATARAU ROAD","201437614","02/05/2014","Fri","0800","CC","CN1","130A 358A 407A 645A ","F","R","D","B ","F "," "," ","C","100","0","0","0","","","","",
"Horowhenua District","MOTUITI ROAD",""," ","I","HIMATANGI BLOCK ROAD","201412834","01/05/2014","Thu","0809","DC","CE1","130A 196A 830 904 ","C","R","W","O ","M ","T","G","C","100","0","0","1","","","1801070","5517734",
"Horowhenua District","MOTUITI ROAD","730","W"," ","SH 1N","201410797","04/04/2014","Fri","1849","CB","CE1","103A 129A 358A ","FP","R","D","TN","F "," ","N","C","100","0","0","1","","","1795427","5519949",
"Horowhenua District","NORTH MANAKAU ROAD","820","E"," ","SH 1N","201413077","16/05/2014","Fri","2057","DC","CE1","410A 412A ","SX","M","D","DN","F "," ","N","C","100","0","0","1","","","1788357","5491311",
"Horowhenua District","PLIMMER TERRACE","5","S"," ","SH 57","201410493","02/03/2014","Sun","0043","EA","CS1C","103A 112A 130A 402A ","M","R","D","DO","F ","T","S","R","050","0","0","2","","","1804133","5508707",
"Horowhenua District","QUEEN ST EAST",""," ","I","CAMBRIDGE ST","201433726","24/01/2014","Fri","1406","GE","TE1V","171B ","","R","D","B ","F ","R","G","R","050","0","0","0","","","1793530","5500636",
"Horowhenua District","QUEEN ST EAST",""," ","I","KARAKA CRESCENT W","201438164","06/03/2014","Thu","2145","CC","CW1","101A 517A ","F","R","D","DO","F ","X","G","C","050","0","0","0","","","1794042","5500328",
"Horowhenua District","QUEEN ST EAST",""," ","I","QUEENWOOD ROAD","201436484","03/05/2014","Sat","1245","HA","CE2T","301B 350B ","","R","W","BF","F ","X","S","C","050","0","0","0","","","1793955","5500380",
"Horowhenua District","QUEEN ST EAST","100","W"," ","SH 57","201437609","29/05/2014","Thu","1745","EA","CS1C","130A 358A 862 ","M","R","W","DO","F "," "," ","C","050","0","0","0","","","1794979","5499767",
"Horowhenua District","QUEEN ST WEST","20","E"," ","BRISTOL ST","201432964","08/02/2014","Sat","1000","MB","CE1C","370B ","","R","D","B ","F "," "," ","C","050","0","0","0","","","1793332","5500754",
"Horowhenua District","QUEEN ST WEST","20","E"," ","SALISBURY ST","201412261","18/05/2014","Sun","1700","AO","VW1S","150A 386A ","","R","D","B ","F ","R","G","C","050","0","0","1","","51","1793222","5500821",
"Horowhenua District","REGENT LANE",""," ","I","BATH ST","201400131","09/06/2014","Mon","1240","PO","TN1E","371A 671A 730B ","","R","W","OF","L ","T","N","N","050","1","0","0","74","","1793201","5500545",
"Horowhenua District","ROSLYN ROAD","410","N"," ","NEWPORT ST","201434516","16/03/2014","Sun","0101","DA","CN1","103A 131A ","F","S","D","DN","F "," ","N","C","070","0","0","0","","","1794773","5502224",
"Horowhenua District","STANLEY ST","30","W"," ","SH 1N","201433723","25/03/2014","Tue","1100","MO","4W1C4","423A ","MM","R","D","O ","F "," "," ","C","050","0","0","0","","","1793467","5500820",
"Horowhenua District","VANCE ST",""," ","I","PLIMMER TERRACE","201411575","05/03/2014","Wed","1817","HA","4N1C","302B ","","R","D","BF","F ","X","G","C","050","0","0","1","","","1804038","5508624",
"Horowhenua District","WAITARERE BEACH ROAD","650","N"," ","WAITARERE HOKIO ROAD","201413823","21/05/2014","Wed","0740","DB","CW1","130A 191A 410A 801 ","T","M","W","O ","L "," "," ","C","100","0","0","1","","","1790003","5507870",
"Horowhenua District","WERAROA ROAD","50","S"," ","QUEEN ST WEST","201432966","28/02/2014","Fri","1402","FA","CS1C","191A 357A 181B 357B ","","R","D","B ","F "," "," ","R","050","0","0","0","","","1792981","5500906",
"Horowhenua District","WHIROKINO ROAD","1740","E"," ","SH 1N","201411576","25/02/2014","Tue","1053","DA","CW1","129A 131A ","F","M","D","BF","F "," ","N","C","100","0","0","1","","","1794101","5511481",
"Horowhenua District","WILTON ST","100","E"," ","CAMBRIDGE ST","201434943","27/03/2014","Thu","1515","MO","CW1V","103A 371A 929 ","M","R","D","BF","F ","D","N","N","050","0","0","0","","","1793149","5500089",
"Horowhenua District","WILTON ST","200","E"," ","CAMBRIDGE ST","201436157","08/05/2014","Thu","0850","GD","4E1C","331A 929 ","","R","W","O ","F ","D","N","N","050","0","0","0","","","1793234","5500037",
"Horowhenua District","WINCHESTER ST","20","S"," ","QUEEN ST EAST","201434767","29/04/2014","Tue","1318","MO","CS1C","371A 927 ","M","R","W","OF","L ","D","N","C","050","0","0","0","","","1793755","5500477",
"Horowhenua District","1N/954/6.369","1400","S"," ","MOTUITI ROAD","201433982","07/04/2014","Mon","1130","MC","CN1C","372B ","","R","D","B ","F "," ","N","C","100","0","0","0","","","1794363","5518876",
"Horowhenua District","1N/954/12.828","20","N"," ","WHIROKINO ROAD","201436116","30/04/2014","Wed","1345","CC","CS1","501A ","G","R","D","B ","F "," "," ","C","100","0","0","0","","","1793056","5512838",
"Horowhenua District","1N/967/5.795","100","N"," ","WAITARERE BEACH ROAD","201431049","27/02/2014","Thu","0215","BC","CS1C","101A 108A 121A ","","E","D","DO","F "," ","N","C","100","0","0","0","","","1791762","5506993",
"Horowhenua District","1N/967/5.895",""," ","I","WAITARERE BEACH ROAD","201434202","17/03/2014","Mon","1500","JA","TN1C","302B ","","M","D","O ","F ","T","G","R","100","0","0","0","","","1791776","5506895",
"Horowhenua District","1N/967/8.802","700","S"," ","TE WHANGA ROAD","201413241","02/03/2014","Sun","1514","CC","CS1","129A 632A ","FT","R","D","B ","F "," ","N","L","100","0","1","0","","","1793572","5504773",
"Horowhenua District","1N/967/10.183","90","S"," ","HEATHERLEA EAST ROAD","201435810","17/04/2014","Thu","1820","EC","CS1","821 ","X","E","W","DN","LS"," ","N","C","100","0","0","0","","","1794583","5503842",
"Horowhenua District","1N/967/12.368","140","S"," ","GORDON PLACE","201413745","13/06/2014","Fri","1618","NA","CN1E","105B 713B ","","R","D","BF","F "," ","N","C","070","0","0","1","17","","1794333","5501732",
"Horowhenua District","1N/967/12.368","140","S"," ","GORDON PLACE","201438193","30/04/2014","Wed","1215","EA","TS14","129A ","Q","R","D","BF","F "," ","N","C","070","0","0","0","","","1794333","5501732",
"Horowhenua District","1N/967/13.737","20","N"," ","QUEEN ST EAST","201432250","21/02/2014","Fri","1030","AA","4S1C","372A 402A ","","R","D","B ","F "," "," ","R","050","0","0","0","","","1793424","5500723",
"Horowhenua District","QUEEN ST WEST",""," ","I","1N/967/13.757","201433183","02/04/2014","Wed","1155","HA","CW1S","204B 322B ","","R","D","B ","F ","X","T","R","050","0","0","0","","","1793411","5500708",
"Horowhenua District","QUEEN ST WEST",""," ","I","1N/967/13.757","201436158","06/05/2014","Tue","1357","FB","CE1C","331A ","","R","D","B ","F ","T","G","C","050","0","0","0","","","1793411","5500708",
"Horowhenua District","1N/967/13.787","30","S"," ","QUEEN ST EAST","201411198","10/04/2014","Thu","1052","PO","CS1E","420A ","K","R","D","B ","F "," "," ","P","050","0","0","1","41","","1793392","5500684",
"Horowhenua District","BATH ST",""," ","I","OXFORD ST","201436721","23/05/2014","Fri","1601","LB","CE1C","303B 375B ","","R","D","O ","F ","X","T","C","050","0","0","0","","","1793254","5500513",
"Horowhenua District","1N/967/14.764",""," ","I","MAKO MAKO ROAD","201413229","19/05/2014","Mon","1800","JA","CN1C","301B 377B 830 ","","R","D","TO","F ","T","S","C","050","0","0","1","","","1792799","5499911",
"Horowhenua District","1N/967/14.764",""," ","I","MAKO MAKO ROAD","201437687","01/06/2014","Sun","1804","LB","VN1C","303B 386B 402B ","","R","D","O ","F ","T","G","P","050","0","0","0","","","1792799","5499911",
"Horowhenua District","1N/967/15.679","1000","N"," ","BOULTON ROAD","201431944","17/03/2014","Mon","1730","CB","4N1","410A ","P","R","D","BF","F "," ","N","P","080","0","0","0","","","1792229","5499199",
"Horowhenua District","1N/985/0",""," ","A","SH 57","201432253","07/02/2014","Fri","1223","BE","TS1V","129A 130A 407A ","I","R","D","B ","F ","T","G","R","080","0","0","0","","","1791111","5497863",
"Horowhenua District","1N/985/4.154",""," ","I","KUKU BEACH ROAD","201432965","14/03/2014","Fri","1000","LB","CN1V","303B 375B ","","R","D","B ","F ","T","G","P","100","0","0","0","","","1789306","5494321",
"Horowhenua District","1N/985/4.154",""," ","I","KUKU BEACH ROAD","201436496","14/05/2014","Wed","1626","JA","CN1C","302B 375B ","","R","W","OF","L ","T","G","C","100","0","0","0","","","1789306","5494321",
"Horowhenua District","1N/985/6.897","150","N"," ","WHAKAHORO ROAD","201410157","04/01/2014","Sat","1619","DA","MN1CB","131A ","G","M","D","O ","F "," "," ","L","100","0","1","0","","","1787827","5492139",
"Horowhenua District","1N/985/6.947","100","N"," ","WHAKAHORO ROAD","201436194","14/05/2014","Wed","1500","FD","CS1CC","331A 353A 402A ","","M","W","O ","L "," "," ","C","100","0","0","0","","","1787794","5492102",
"Horowhenua District","1N/985/9.554","160","S"," ","GLEESON ROAD","201400063","25/03/2014","Tue","1305","BF","CN14","130A ","","E","D","ON","F "," "," ","L","100","1","0","1","","","1786927","5489658",
"Horowhenua District","56/0/7.006","2000","S"," ","POPLAR ROAD","201436480","15/04/2014","Tue","0750","GD","CN1C","181A 387A 927 ","","R","D","BN","F ","D","N","C","100","0","0","0","","","1807973","5518188",
"Horowhenua District","ARAPAEPAE ROAD",""," ","I","57/0/2.09","201431525","15/01/2014","Wed","1845","DB","CE2","103A 111A 131A ","P","S","D","B ","F ","X","G","C","100","0","0","0","","","1792985","5496938",
"Horowhenua District","KIMBERLEY ROAD",""," ","I","57/0/2.09","201434432","19/04/2014","Sat","1241","DA","CS2","132A 355A 801 ","F","M","W","O ","L ","X","G","R","100","0","0","0","","","1792985","5496938",
"Horowhenua District","57/0/2.09",""," ","I","KIMBERLEY ROAD","201431943","28/02/2014","Fri","1730","DA","CS1","133A ","F","S","D","BF","F ","X","S","R","100","0","0","0","","","1792985","5496938",
"Horowhenua District","57/0/5.286","300","S"," ","QUEEN ST EAST","201410074","12/01/2014","Sun","0712","CC","CN1","130A 412A ","P","R","D","O ","F "," "," ","L","100","0","1","0","","","1794874","5499484",
"Horowhenua District","57/0/6.686","1100","N"," ","QUEEN ST EAST","201431469","23/02/2014","Sun","0350","CC","CS1","137A 407A ","V","R","D","DN","F "," ","N","C","100","0","0","0","","","1795768","5500562",
"Horowhenua District","57/0/16.247","600","S"," ","BUCKLEY ROAD","201432065","25/01/2014","Sat","1700","DB","4N1","111A 131A 680A ","V","E","W","BN","F "," ","N","C","100","0","0","0","","","1802403","5506200",
"Horowhenua District","57/0/18.442","150","N"," ","PRETORIA ROAD","201433722","15/02/2014","Sat","1430","DB","CN1","410A ","V","E","D","O ","F "," "," ","C","100","0","0","0","","","1803920","5507618",
"Horowhenua District","57/0/20.225","20","W"," ","GREY ST","201430654","07/02/2014","Fri","1906","MC","CE1C","330B 372B ","","R","D","TF","F "," ","N","C","050","0","0","0","","","1804384","5508949",
"Horowhenua District","57/21/2.125","600","S"," ","KINGSTON ROAD","201435282","20/04/2014","Sun","0800","CB","CN1","129A 351A ","V","R","D","O ","F "," "," ","C","100","0","0","0","","","1806334","5510572",
"Horowhenua District","57/26/3.36","2800","N"," ","KAIHINAU ROAD","201435281","17/04/2014","Thu","1630","CB","4N1","130A 903 ","","R","D","O ","FS"," "," ","C","100","0","0","0","","","1810730","5513412",
"Horowhenua District","57/26/3.56","3000","N"," ","KAIHINAU ROAD","201435280","17/04/2014","Thu","1815","CA","TS1","130A 903 ","","R","D","DN","FS"," "," ","C","100","0","0","0","","","1810800","5513599",
"Horowhenua District","57/26/7.487",""," ","I","TOKOMARU EAST ROAD","201432405","17/02/2014","Mon","2030","DA","CN2","101A 131A 632A ","G","M","D","TN","F ","X","G","C","070","0","0","0","","","1812759","5516519",
"Hurunui District","AMURI AVENUE","80","S"," ","CHELTENHAM ST","201410250","07/01/2014","Tue","1401","NB","4N1E","713B 726B ","","R","D","B ","F "," ","N","N","030","0","0","1","6","","1586015","5292144",
"Hurunui District","GEORGE ST",""," ","I","HEATON ST","201410118","12/01/2014","Sun","0800","LB","MS1O","303B ","","E","D","B ","F ","X","G","C","070","0","0","1","","","1595622","5272907",
"Hurunui District","HORSLEY DOWN ROAD","400","S"," ","BENTLEYS ROAD","201412988","07/05/2014","Wed","1820","DA","4N1","131A 801 ","","E","W","DN","L "," "," ","C","100","0","1","0","","","1570247","5249057",
"Hurunui District","HORSLEY DOWN ROAD","630","S"," ","BENTLEYS ROAD","201411539","06/03/2014","Thu","1830","DA","CN1","103A 129A 131A ","","E","D","BF","F "," ","N","C","100","0","0","1","","","1570281","5248829",
"Hurunui District","JOLLIES PASS ROAD","40","E"," ","CONICAL HILL ROAD","201431091","07/02/2014","Fri","2310","BA","MW1C","101A 327A 514A ","","R","D","DO","F "," ","N","C","050","0","0","0","","","1586046","5292288",
"Hurunui District","LYNDON ST",""," ","I","PARNASSUS ST","201434467","04/04/2014","Fri","0010","DA","CS2","110A 131A 904 ","F","M","D","DO","M ","X","G","C","050","0","0","0","","","1603562","5277234",
"Hurunui District","MAYS ROAD","750","E"," ","LEITHFIELD ROAD","201430108","28/01/2014","Tue","2135","CB","CE1","133A 433A ","T","R","D","DN","F "," "," ","N","100","0","0","0","","","1577861","5217164",
"Hurunui District","MEDBURY ROAD","670","E"," ","GILBERTS ROAD","201414106","06/06/2014","Fri","0750","BA","CN14","310A 363A ","","R","D","BN","FF"," ","G","N","100","0","0","1","","","1571348","5252794",
"Hurunui District","RESERVE ROAD","200","N"," ","LAWCOCKS ROAD","201411847","20/03/2014","Thu","0515","CC","CS1","195A ","P","R","D","DN","F "," ","N","C","100","0","0","1","","","1575074","5221713",
"Hurunui District","SCARGILL VALLEY ROAD","500","W"," ","PANNETTS ROAD","201432296","01/01/2014","Wed","1045","DB","CE1","111A 131A ","K","M","D","B ","F "," "," ","N","100","0","0","0","","","1593548","5246288",
"Hurunui District","SHORTCUT ROAD","1810","W"," ","BALMORAL STATION ROAD","201411979","17/03/2014","Mon","0920","JA","4E1M","308B 377B 835 929 ","","R","D","BN","F ","D","N","N","100","0","1","0","","","1574739","5261377",
"Hurunui District","STOKES ROAD","370","N"," ","WESTERN TERRACE ROAD","201411050","16/02/2014","Sun","1605","DA","MS1","111A 131A 402A 430A ","","E","D","B ","F "," "," ","N","100","0","1","0","","","1574587","5217335",
"Hurunui District","UNNAMED ROAD","100","S"," ","LYNDON ST","201432153","06/01/2014","Mon","1945","BC","CS14","111A 121A 402A ","","M","D","B ","F "," ","N","N","050","0","0","0","","","1603147","5277368",
"Hurunui District","WAIKARI VALLEY ROAD","730","E"," ","MCRAES ROAD","201411664","06/02/2014","Thu","1330","DA","ME1","111A 131A ","V","M","D","BN","F "," ","N","C","100","0","1","0","","","1581261","5244589",
"Hurunui District","1S/217/6.096","20","N"," ","MCPHERSONS STM BR","201410425","23/01/2014","Thu","0049","DB","CN1","129A 131A 410A ","S","M","D","DN","F "," "," ","C","100","0","0","1","","","1622753","5265003",
"Hurunui District","1S/217/12.441","250","S"," ","JED RIV BR","201411211","28/02/2014","Fri","2030","DA","CS1","111A 130A 817 843 ","","M","W","DN","L "," "," ","N","100","0","0","1","","","1622069","5259451",
"Hurunui District","1S/235/7.223",""," ","A","BENMORE STM BR","201412194","19/04/2014","Sat","1300","BE","VS1TT","129A 131A 404A 181C 331C 350C ","","M","D","B ","F "," "," ","C","100","0","1","1","","","1612268","5251475",
"Hurunui District","1S/247/0.014","50","W"," ","ETHELTON ROAD","201412210","11/04/2014","Fri","1942","FA","CW1C","181A 423A ","","M","W","DN","  "," ","N","N","100","0","0","1","","","1607983","5250502",
"Hurunui District","1S/247/0.294","210","S"," ","HURUNUI RIV BR","201410046","07/02/2014","Fri","1930","DA","4N1","111A 131A 633A 801 809 ","C","M","W","TN","L "," "," ","L","100","0","0","2","","","1607788","5250309",
"Hurunui District","1S/247/1.084","1000","S"," ","HURUNUI RIV BR","201434522","12/02/2014","Wed","1030","DA","CN1","116A 135A 339A 804 817 ","C","E","D","BN","F "," ","N","N","100","0","0","0","","","1608056","5249603",
"Hurunui District","1S/262/2.62","2620","W"," ","VALLEY ROAD","201411561","04/03/2014","Tue","1515","DA","CE1","131A 410A ","EF","M","W","ON","H "," ","N","C","100","0","0","1","","","1595101","5242020",
"Hurunui District","1S/262/3.57","2300","E"," ","BURROWS ROAD","201410084","05/01/2014","Sun","1440","DA","MN1","111A 131A 402A ","V","M","D","B ","F "," "," ","L","100","0","1","0","","","1594410","5241416",
"Hurunui District","1S/273/0.989","200","S"," ","REECES ROAD","201412413","09/03/2014","Sun","0946","CC","CS1","130A 404A 412A ","F","R","D","O ","F "," "," ","C","100","0","0","1","","","1587921","5236670",
"Hurunui District","1S/284/3.52","200","N"," ","STOCKGROVE ROAD","201431188","24/01/2014","Fri","1736","FB","4S1C","181A 132B 357B ","","R","D","B ","F "," ","N","N","100","0","0","0","","","1578833","5228607",
"Hurunui District","1S/284/4.02","300","S"," ","STOCKGROVE ROAD","201430358","17/01/2014","Fri","1618","CC","CN1","112A 406A ","","R","D","B ","F "," ","N","L","100","0","0","0","","","1578753","5228114",
"Hurunui District","1S/284/5.576","500","N"," ","INNES ROAD","201437665","28/02/2014","Fri","0252","CC","4N1","412A ","P","R","D","DN","F "," "," ","C","100","0","0","0","","","1578483","5226581",
"Hurunui District","1S/284/10.102","20","S"," ","MARKHAM ST","201410155","03/01/2014","Fri","1700","LB","SS1V","303B 375B 922 ","","R","D","B ","F ","D","N","P","050","0","0","1","","43","1578038","5222115",
"Hurunui District","1S/284/13.268","1500","S"," ","GRAYS ROAD","201410701","21/02/2014","Fri","1320","MC","4S1C","372B ","","E","D","O ","F "," ","N","C","100","0","0","1","","","1579229","5219362",
"Hurunui District","1S/284/15.115","200","S"," ","MILL ROAD","201412717","07/04/2014","Mon","0833","DA","TN1","129A 350A ","","E","W","ON","M "," ","N","L","100","0","0","2","","","1579345","5217644",
"Hurunui District","1S/284/16.291",""," ","I","MAYS ROAD","201411781","02/04/2014","Wed","0750","JA","MN1C","302B 377B ","","R","D","O ","F ","X","G","C","100","0","1","0","","","1579006","5216554",
"Hurunui District","1S/284/16.291",""," ","I","MAYS ROAD","201410087","06/02/2014","Thu","1455","HA","CS1V","302A 350A ","","R","D","B ","F ","X","G","C","100","0","1","1","","","1579006","5216554",
"Hurunui District","7/0/7.651","1000","N"," ","ANTILLS BR","201434837","05/04/2014","Sat","1705","DA","CN1","103A 131A ","V","E","D","ON","F "," ","N","C","100","0","0","0","","","1575787","5237443",
"Hurunui District","7/16/0.672","500","N"," ","MCRAES ROAD","201437469","08/05/2014","Thu","1755","BE","CS14","112A 130A 404A 817 ","V","R","W","DN","L "," "," ","N","100","0","0","0","","","1576142","5244836",
"Hurunui District","7/16/5.77","200","N"," ","MOUNT ALEXANDER ROAD","201435389","01/05/2014","Thu","1540","QG","4N1TC","130A 688A 198C 402C ","X","E","D","B ","F "," "," ","C","100","0","0","0","","","1577422","5249285",
"Hurunui District","7/16/9.265","200","S"," ","MEDBURY ROAD","201410700","24/02/2014","Mon","1522","AD","CN1","112A 150A 400A ","Z","R","D","B ","F "," ","N","C","100","0","0","1","","","1578786","5251896",
"Hurunui District","7/16/9.465",""," ","I","MEDBURY ROAD","201435025","15/04/2014","Tue","1415","AD","CS1","151A 404A ","","R","D","O ","F ","T","N","C","100","0","0","0","","","1578932","5252031",
"Hurunui District","7/28/1.186","300","N"," ","BALMORAL STATION ROAD","201410117","11/01/2014","Sat","1345","CB","CN1","403A 810 ","F","R","D","B ","F "," "," ","L","100","0","0","1","","","1581535","5254173",
"Hurunui District","7/28/12.723","20","N"," ","STOCK ROAD","201432596","02/03/2014","Sun","0920","JA","CS1C","101B 407B 927 ","","R","D","B ","F ","D","N","X","050","0","0","0","","","1587458","5264069",
"Hurunui District","7/44/3.463",""," ","I","FLINTOFT MOUSE POINT ROAD","201410699","04/03/2014","Tue","1900","KA","TS1C","113B 302B 375B ","","R","W","O ","H ","T","G","C","100","0","1","0","","","1589146","5270529",