"TLA NAME","CRASH ROAD","CRASH DIST","CRASH DIRN","INTSN","SIDE ROAD","CRASH ID","CRASH DATE","CRASH DOW","CRASH TIME","MVMT","VEHICLES","CAUSES","OBJECTS STRUCK","ROAD CURVE","ROAD WET","LIGHT","WTHRa","JUNC TYPE","TRAF CTRL","ROAD MARK","SPD LIM","CRASH FATAL CNT","CRASH SEV CNT","CRASH MIN CNT","PERS AGE1","PERS AGE2","EASTING","NORTHING"
"Hutt City","STOCKDALE ST","250","W"," ","WELLINGTON ROAD","201436839","08/05/2014","Thu","0330","MO","CE1C","129A 371A ","M","R","D","DO","F "," "," ","N","050","0","0","0","","","1763003","5433524",
"Hutt City","STOKES VALLEY ROAD","80","S"," ","EASTERN HUTT ROAD","201435331","24/03/2014","Mon","0737","AC","TN1C","372A ","","R","D","O ","F "," "," ","C","050","0","0","0","","","1766249","5441392",
"Hutt City","STOKES VALLEY ROAD","40","N"," ","WAGON ROAD","201436685","08/05/2014","Thu","1554","AC","CN1C","330A 372A ","","E","D","O ","F "," ","N","C","050","0","0","0","","","1766295","5441415",
"Hutt City","TAITA DRIVE",""," ","I","BARRAUD ST","201438110","27/03/2014","Thu","1840","JA","SE1C","204A 308B 929 ","","R","D","BF","F ","D","N","C","050","0","0","0","","","1763152","5438495",
"Hutt City","TAITA DRIVE","300","S"," ","HIGH ST","201412144","11/05/2014","Sun","1710","EA","CS1V","129A 358A ","M","R","D","TF","F "," "," ","C","050","0","0","1","","","1764602","5440494",
"Hutt City","THE ESPLANADE","100","E"," ","HUTT ROAD","201430715","20/02/2014","Thu","0803","AA","VE1C","387A ","","R","D","OF","F "," ","N","R","050","0","0","0","","","1756206","5434614",
"Hutt City","THE ESPLANADE","5","W"," ","JESSIE ST","201436585","21/04/2014","Mon","1522","FD","CE1C","110A 331A ","","R","D","B ","F ","T","G","R","050","0","0","0","","","1758306","5433819",
"Hutt City","THE ESPLANADE","210","W"," ","NEVIS ST","201436833","22/05/2014","Thu","1457","AC","TE1T","112A 159A 184A ","","R","D","B ","F "," "," ","P","050","0","0","0","","","1756273","5434598",
"Hutt City","THE ESPLANADE",""," ","I","TE PUNI ST","201413195","25/02/2014","Tue","0758","MC","ME1C","202B 372B ","","R","D","B ","F ","T","G","R","050","0","1","0","","","1756577","5434491",
"Hutt City","THE ESPLANADE",""," ","I","TE PUNI ST","201431698","23/01/2014","Thu","0738","JA","CE1C","302B ","","R","D","B ","F ","T","G","C","050","0","0","0","","","1756577","5434491",
"Hutt City","THE ESPLANADE",""," ","I","WILLIAM ST","201437058","09/03/2014","Sun","1421","MC","CE1C","372B ","","R","D","B ","F ","T","G","N","050","0","0","0","","","1758085","5433909",
"Hutt City","TIROHANGA ROAD","5","N"," ","ARDAL GROVE","201435181","21/03/2014","Fri","1730","JA","CN14","308B 375B 929 ","","E","D","O ","F ","D","N","C","040","0","0","0","","","1759667","5437523",
"Hutt City","TRAFALGAR ST","5","E"," ","COLLINGWOOD ST","201431109","22/01/2014","Wed","1245","MO","CE1C","371A 926 ","","R","D","B ","F ","D","N","C","050","0","0","0","","","1761097","5435451",
"Hutt City","TREVETHICK GROVE","80","S"," ","WHITES LINE WEST","201436647","10/05/2014","Sat","1100","MO","CS1C","371A 929 ","M","R","D","B ","F ","D","N","N","050","0","0","0","","","1759807","5434767",
"Hutt City","UDY ST",""," ","I","CUBA ST","201436072","11/02/2014","Tue","","FB","CE1C","387A ","","R","D","BF","F ","T","S","C","050","0","0","0","","","","",
"Hutt City","VICTORIA ST","15","N"," ","JACKSON ST","201430795","21/02/2014","Fri","1607","EA","CN1C","129A ","M","R","D","BF","F "," ","N","N","050","0","0","0","","","1757098","5434701",
"Hutt City","VOGEL ST",""," ","I","CAMBRIDGE TERRACE W","201430776","09/02/2014","Sun","1200","DB","CN1","137A ","P","E","W","OF","L ","T","G","R","050","0","0","0","","","1763139","5437351",
"Hutt City","VOGEL ST",""," ","I","NAENAE ROAD","201430875","11/02/2014","Tue","1540","HA","CS1C","302A 375A ","","M","D","OF","F ","R","G","R","050","0","0","0","","","1763389","5436991",
"Hutt City","WAIMUIOMATA ROAD","80","W"," ","QUEEN ST","201413373","29/05/2014","Thu","2106","ND","CW1E","370A 402A 711B 801 862 925 ","","E","W","DO","L ","D","S","R","050","0","0","1","54","","","",
"Hutt City","WAINUI ROAD",""," ","I","RIVERSIDE DRIVE SOUTH","201438168","13/04/2014","Sun","1819","DA","VN1","111A 131A ","FT","M","W","DO","L ","T","G","C","050","0","0","0","","","1760571","5434185",
"Hutt City","WAINUIOMATA HILL ROAD","100","S"," ","GRACEFIELD OFF","201413104","20/03/2014","Thu","","DA","MS1","111A 131A 804 817 ","","M","D","D ","F "," "," ","C","080","0","0","1","","","1761083","5433439",
"Hutt City","WAINUIOMATA HILL ROAD","300","S"," ","GRACEFIELD OFF","201435619","25/03/2014","Tue","1659","DB","CS1","111A 131A ","G","S","D","B ","F "," "," ","R","080","0","0","0","","","1761077","5433248",
"Hutt City","WAINUIOMATA HILL ROAD","150","S"," ","GRACEFIELD ON","201435275","12/04/2014","Sat","0340","DA","CS1","131A 801 ","G","M","W","DO","L "," "," ","C","080","0","0","0","","","1761097","5433594",
"Hutt City","WAINUIOMATA HILL ROAD",""," ","I","GRACEFIELD ON","201434938","16/03/2014","Sun","2138","DA","CS1","111A 131A 410A ","G","E","W","DO","H ","Y","N","C","080","0","0","0","","","1761044","5433734",
"Hutt City","WAINUIOMATA HILL ROAD","800","S"," ","GRACEFIELD ROAD","201432728","01/03/2014","Sat","0420","DA","CS1","131A 402A 412A ","G","M","D","DN","F "," "," ","R","080","0","0","0","","","1760989","5433031",
"Hutt City","WAINUIOMATA HILL ROAD","500","N"," ","PARKWAY","201431919","15/01/2014","Wed","2253","DB","VS1","103A 131A ","G","M","D","DO","F "," ","N","R","080","0","0","0","","","1761286","5431528",
"Hutt City","WAINUIOMATA HILL ROAD","700","N"," ","PURIRI ST","201435332","22/03/2014","Sat","0838","DB","CN1","111A 131A ","C","M","D","B ","F "," "," ","C","080","0","0","0","","","1761215","5431808",
"Hutt City","WAINUIOMATA ROAD","400","N"," ","PARKWAY","201410444","26/01/2014","Sun","0700","DB","CS1","131A 402A ","C","M","D","B ","F "," "," ","C","080","0","0","4","","","1761958","5430897",
"Hutt City","WAINUIOMATA ROAD","1600","N"," ","PARKWAY","201436122","04/05/2014","Sun","1336","DA","CS1","131A 632A ","CG","E","D","O ","F "," "," ","R","080","0","0","0","","","1762988","5430306",
"Hutt City","WAINUIOMATA ROAD","450","S"," ","PARKWAY","201434791","13/04/2014","Sun","1034","CB","CS1","132A 357A ","T","R","D","OF","F "," ","N","C","080","0","0","0","","","1761993","5430862",
"Hutt City","WAINUIOMATA ROAD","50","W"," ","QUEEN ST","201434932","19/03/2014","Wed","1130","CC","CE1","129A 350A ","I","R","D","BF","F "," ","N","R","050","0","0","0","","","1762882","5430356",
"Hutt City","WAINUIOMATA ROAD",""," ","I","RATA ST","201434326","04/04/2014","Fri","2040","DA","CW2","205A 501A ","P","E","D","DO","F ","T","G","R","050","0","0","0","","","1762154","5430702",
"Hutt City","WAINUIOMATA ROAD","300","W"," ","THE STRAND","201412947","28/05/2014","Wed","1537","FC","CE1V","181A 331A ","","R","D","O ","F "," "," ","X","050","0","0","1","","","1762333","5430617",
"Hutt City","WAIONE ST","100","W"," ","KIRKCALDY ST","201430706","29/01/2014","Wed","1720","FD","CW1C","381A ","","R","D","BF","F "," ","N","R","050","0","0","0","","","1758540","5433765",
"Hutt City","WAIONE ST",""," ","I","KIRKCALDY ST","201412950","01/06/2014","Sun","1508","LB","CE1C","303B ","","R","D","O ","F ","X","S","C","050","0","0","1","","","1758641","5433764",
"Hutt City","WAIWHETU ROAD",""," ","I","GUTHERIE ST","201437427","05/05/2014","Mon","1312","HA","CE1C","301B 382B 801 ","","R","W","O ","L ","X","S","R","050","0","0","0","","","","",
"Hutt City","WAKEFIELD ST","40","E"," ","HUTT ROAD","201437980","08/05/2014","Thu","1449","MO","CN1C","371A 386A 930 ","M","R","D","B ","F ","D","N","C","050","0","0","0","","","1757820","5435394",
"Hutt City","WATERLOO ROAD","15","E"," ","BIRCH ST","201432200","13/02/2014","Thu","1640","FC","CW1V","181A ","","R","D","BF","F "," "," ","X","050","0","0","0","","","1760894","5436040",
"Hutt City","WATERLOO ROAD",""," ","I","WAIWHETU ROAD","201435752","20/03/2014","Thu","1405","FB","CE1C","331A 387A 129B 440B ","","R","D","B ","F ","R","G","R","050","0","0","0","","","1761787","5435782",
"Hutt City","WATERLOO ROAD","5","E"," ","WITAKO ST","201413038","19/05/2014","Mon","1030","FD","CE1X","181A ","","R","D","BF","F ","T","S","X","050","0","0","1","","","1760884","5436043",
"Hutt City","WILKIE CRESCENT","280","S"," ","GRIERSON ST E","201432088","05/02/2014","Wed","2237","DB","CN1","111A 131A 402A 801 ","T","M","W","DO","L "," "," ","N","050","0","0","0","","","1764133","5436235",
"Hutt City","WILSON GROVE","100","N"," ","POTO ROAD","201433814","28/02/2014","Fri","1635","DB","CS1","423A 507A 929 ","HJ","R","D","O ","F ","D","N","N","050","0","0","0","","","1758412","5437419",
"Hutt City","WOBURN ROAD","20","E"," ","MARKET GROVE","201412745","15/03/2014","Sat","1014","GB","SE1C","204A 375A 930 ","","E","D","OF","F ","D","N","N","050","0","1","0","","13","1759302","5435831",
"Hutt City","WOBURN ROAD","100","S"," ","MARKET GROVE","201411259","09/02/2014","Sun","2110","EA","VS14","103A 129A ","M","R","W","DO","L "," "," ","P","050","0","0","1","","","1759344","5435762",
"Hutt City","WOBURN ROAD","100","S"," ","MYRTLE ST","201436837","14/05/2014","Wed","1044","JA","CN1C","308B 377B 402B 801 839 930 ","","R","W","O ","L ","D"," ","C","050","0","0","0","","","1759452","5435583",
"Hutt City","2/946/13.225","300","S"," ","WESTERN HUTT ON NBD","201432450","04/02/2014","Tue","1730","AO","MN1C","184A 357A 184B 357B ","","R","D","O ","F "," "," ","C","100","0","0","0","","","1767449","5443219",
"Hutt City","2/946/15.199","600","N"," ","SH 58","201413314","15/05/2014","Thu","1623","CA","VN1","137A 195A 801 ","C","R","W","O ","L "," "," ","C","100","0","1","0","","","1765948","5441986",
"Hutt City","2/962/0",""," ","I","SH 58","201436394","03/05/2014","Sat","1720","FE","CN1C","181A ","","R","W","DO","L ","T","T","C","100","0","0","0","","","1765438","5441673",
"Hutt City","2/962/0",""," ","I","SH 58","201431427","15/02/2014","Sat","1057","FE","VW1V","181A 387A ","","R","D","BF","F ","T","T","R","100","0","0","0","","","1765445","5441660",
"Hutt City","2/962/0.2","200","S"," ","SH 58","201432623","09/03/2014","Sun","2250","QG","CS1","688A ","G","R","D","DO","F "," ","M","C","100","0","0","0","","","1765289","5441536",
"Hutt City","2/962/3.56","180","N"," ","HEBDEN CRESCENT S","201413390","24/05/2014","Sat","1533","DA","CN1","130A 351A 903 ","G","E","W","O "," S"," "," ","R","100","0","0","2","","","1762913","5439182",
"Hutt City","2/962/4.871","40","E"," ","FAIRWAY DRIVE","201432799","11/03/2014","Tue","1535","CA","VW1C","130A 403A 420A ","G","R","D","B ","F "," "," ","R","100","0","0","0","","","1761869","5438387",
"Hutt City","2/962/4.911",""," ","I","FAIRWAY DRIVE","201436708","15/05/2014","Thu","0630","FE","VS1C","181A ","","R","W","DO","F ","R","T","C","100","0","0","0","","","1761837","5438364",
"Hutt City","2/962/4.913",""," ","I","FAIRWAY DRIVE","201413312","22/05/2014","Thu","0924","KB","CE144","112A 322A 514A ","CP","R","D","B ","F ","T","T","R","100","0","0","1","","","1761831","5438373",
"Hutt City","2/962/4.943",""," ","I","FAIRWAY ON SBD","201430476","17/01/2014","Fri","1500","FE","CW1T","181A 330A ","","E","D","B ","F ","T","T","C","050","0","0","0","","","1761812","5438345",
"Hutt City","2/962/5.804","50","N"," ","GROUNSELL CRESCENT S","201435551","30/04/2014","Wed","1705","FD","CN1C","181A 331A ","","R","D","O ","F "," "," ","C","100","0","0","0","","","1761111","5437848",
"Hutt City","2/962/5.838","15","N"," ","GROUNSELL CRESCENT","201430043","11/01/2014","Sat","1015","FE","CS1V","181A ","","R","D","BF","F ","T","T","R","100","0","0","0","","","1761089","5437817",
"Hutt City","2/962/5.853",""," ","I","GROUNSELL CRESCENT","201431496","22/02/2014","Sat","1745","FE","CS1C","181A ","","R","D","BF","F ","T","T","R","100","0","0","0","","","1761077","5437809",
"Hutt City","2/962/5.854",""," ","I","GROUNSELL CRESCENT S","201412504","21/03/2014","Fri","1049","NB","CN1E","713B ","","R","D","B ","F ","T","T","R","100","0","1","0","17","","1761071","5437819",
"Hutt City","2/962/5.953","100","S"," ","GROUNSELL CRESCENT","201435865","13/04/2014","Sun","0330","CB","VS1","130A 412A ","G","R","W","DO","L "," ","N","R","100","0","0","0","","","1760993","5437753",
"Hutt City","2/962/6.391","1000","E"," ","MELLING LINK","201432914","04/03/2014","Tue","0806","FD","CW14","181A 191A 181B 197B ","","R","D","B ","F "," "," ","C","100","0","0","0","","","1760632","5437505",
"Hutt City","2/962/6.86","400","E"," ","BLOCK ROAD","201436583","17/05/2014","Sat","1358","FD","CW1CC","331A ","","R","D","B ","F "," "," ","C","100","0","0","0","","","1760247","5437238",
"Hutt City","2/962/6.991","400","E"," ","MELLING LINK","201432797","13/03/2014","Thu","0842","FD","VW1VC","181A 331A 402A ","","R","D","O ","F "," "," ","C","100","0","0","0","","","1760141","5437161",
"Hutt City","2/962/7.16","100","N"," ","BLOCK ROAD","201438161","03/06/2014","Tue","0825","FD","CS1CC4","181A 181C ","","R","W","BN","F "," ","N","C","100","0","0","0","","","1760002","5437064",
"Hutt City","2/962/7.26",""," ","I","BLOCK ROAD","201438159","21/01/2014","Tue","0742","FE","CW1M","331A ","","R","W","OF","L ","X","T","C","100","0","0","0","","","1759918","5437010",
"Hutt City","MELLING LINK S",""," ","I","2/962/7.391","201432526","29/01/2014","Wed","1800","FE","VW1C","181A ","","R","D","B ","F ","T","T","C","050","0","0","0","","","1759806","5436941",
"Hutt City","2/962/7.391",""," ","I","MELLING LINK","201435184","02/04/2014","Wed","0630","FE","4S1C","181A 330A ","","R","D","B ","F ","T","T","C","080","0","0","0","","","1759806","5436941",
"Hutt City","2/962/7.391",""," ","I","MELLING LINK","201437656","02/05/2014","Fri","1347","FB","CS1C","181A 387A 191B ","","R","D","B ","F ","T","G","R","100","0","0","0","","","1759806","5436941",
"Hutt City","2/962/7.392",""," ","I","HARBOUR VIEW ROAD","201413006","01/05/2014","Thu","1114","HA","MW1C","322A ","","R","D","BF","F ","X","T","N","100","0","1","0","","","1759800","5436951",
"Hutt City","2/962/7.642","250","S"," ","HARBOUR VIEW ROAD","201434068","16/04/2014","Wed","1830","FD","CN1C","112A 132A 181A ","","R","W","DO","F "," ","N","C","100","0","0","0","","","1759586","5436821",
"Hutt City","2/962/9.804","20","S"," ","DOWSE INTERCHANGE","201431620","14/01/2014","Tue","1901","AF","VN1C","671A 407B ","","R","D","B ","F "," "," ","R","100","0","0","0","","","1757834","5435568",
"Hutt City","2/962/10.272","150","W"," ","DOWSE ON SBD","201432085","21/01/2014","Tue","0730","AA","VW1M","184A 372A 801 ","","R","W","O ","L "," "," ","C","100","0","0","0","","","1757430","5435331",
"Hutt City","2/962/12.077","100","N"," ","PETONE ON SBD","201432625","25/03/2014","Tue","0720","FD","CS1CCC","181A 330A ","","R","D","O ","F "," ","N","C","100","0","0","0","","","1755775","5434709",
"Hutt City","2/962/12.276","100","S"," ","PETONE OFF NBD","201430349","12/01/2014","Sun","0732","CC","CN1","101A 410A ","","R","D","O ","F "," ","N","C","100","0","0","0","","","1755585","5434643",
"Hutt City","2/962/12.536","600","S"," ","PETONE OBR SBD","201433433","18/03/2014","Tue","0650","FD","CS1C","181A ","","R","W","DO","L "," ","N","C","100","0","0","0","","","1755349","5434535",
"Hutt City","2/962/12.827","650","S"," ","PETONE ON SBD","201438111","24/03/2014","Mon","0943","FD","CW1CCC","181A 181D ","","R","D","BF","F "," ","N","C","100","0","0","0","","","1755091","5434403",
"Hutt City","2/962/12.847","150","W"," ","HOROKIWI ROAD","201430532","30/01/2014","Thu","1825","FD","CE1C","181A ","","R","D","B ","F "," "," ","C","100","0","0","0","","","1755068","5434405",
"Hutt City","SH 2",""," ","I","58/0/0.015","201433514","05/03/2014","Wed","0847","DA","CE2","133A ","G","R","W","OF","L ","T","T","R","100","0","0","0","","","1765445","5441660",
"Hutt City","58/0/0.736","200","S"," ","HUGH DUNCAN ST","201431413","09/02/2014","Sun","0920","DA","CS1","131A 400A ","C","M","W","ON","L "," ","N","C","100","0","0","0","","","1765927","5442154",
"Invercargill City","ALBERT ST","20","W"," ","PARK ST W","201430509","04/01/2014","Sat","0200","EA","VE1C","101A 129A ","M","R","W","DO","L "," "," ","N","050","0","0","0","","","1242899","4852077",
"Invercargill City","ANTRIM ST","70","N"," ","NEWCASTLE ST","201410765","06/04/2014","Sun","1652","BE","CS1CC","103A 112A 514A ","","R","W","O ","L "," ","N","N","050","0","0","1","","","1243808","4851076",
"Invercargill City","BALMORAL DRIVE",""," ","I","NESS ST","201436137","14/05/2014","Wed","1600","HA","CW14","302A ","","R","D","O ","F ","R","G","R","050","0","0","0","","","1243505","4848316",
"Invercargill City","BANDON ST",""," ","I","LAGAN ST","201413252","07/06/2014","Sat","2330","DA","CN1","111A 131A ","P","M","D","DO","F ","T","N","C","050","0","0","3","","","1243176","4828419",
"Invercargill City","BAY ROAD","850","W"," ","CUNNINGHAM ST","201430511","04/01/2014","Sat","0400","CA","4W1","103A 130A ","V","R","W","DN","L "," "," ","C","100","0","0","0","","","1240512","4852278",
"Invercargill City","BETHUNES LANE","400","N"," ","FINDLAY ROAD","201430510","04/01/2014","Sat","0330","CB","VS1","101A 130A ","F","R","W","DN","L "," "," ","N","050","0","0","0","","","1246083","4852274",
"Invercargill City","BOND ST","30","N"," ","BUTE ST","201431181","05/03/2014","Wed","1100","FA","CN1C","181A 191B ","","R","D","O ","F "," ","N","C","050","0","0","0","","","1241914","4849118",
"Invercargill City","BOUNDARY ROAD",""," ","I","STIRRAT ST","201433139","25/03/2014","Tue","2300","DA","CS1","131A ","F","R","D","DN","F ","T","G","C","100","0","0","0","","","1246655","4846073",
"Invercargill City","CENTRE ST","50","E"," ","METZGER ST","201413071","13/05/2014","Tue","1715","NA","CW1E","713B ","","R","W","OF","L "," ","N","X","050","0","0","1","9","","1244857","4848615",
"Invercargill City","CENTRE ST","200","E"," ","METZGER ST","201410198","13/01/2014","Mon","1215","MO","CE1","407A 423A ","H","R","W","O ","L "," "," ","C","050","0","0","1","","","1245006","4848624",
"Invercargill City","CENTRE ST",""," ","I","REGENT ST","201435548","23/04/2014","Wed","1300","KA","SW1C","302B 370B 402B ","","E","D","O ","F ","R","G","R","050","0","0","0","","","1245623","4848673",
"Invercargill City","CHELMSFORD ST","80","W"," ","WILTON ST","201436293","11/05/2014","Sun","1630","MD","SE1V","204A 929 ","","R","D","O ","F ","D","N","C","050","0","0","0","","","1243984","4851867",
"Invercargill City","CONON ST",""," ","I","BALMORAL DRIVE","201413253","03/06/2014","Tue","0750","HA","CE2S","302A 375A ","","R","D","TF","F ","X","G","P","050","0","0","1","","31","1243012","4848287",
"Invercargill City","CONON ST","40","S"," ","DALRYMPLE ST","201433413","01/03/2014","Sat","2300","MO","CN1C","371A 929 ","M","R","W","DO","L ","D","N","N","050","0","0","0","","","1243024","4848096",
"Invercargill City","CONON ST",""," ","I","EYE ST","201430771","14/02/2014","Fri","0855","HA","CS1C","302A 375A ","","R","W","OF","L ","X","G","C","050","0","0","0","","","1242960","4849152",
"Invercargill City","CONON ST",""," ","I","TWEED ST","201430096","02/02/2014","Sun","1145","AA","CS1C","372A ","","R","D","BF","F ","R","G","R","050","0","0","0","","","1242973","4849030",
"Invercargill City","CONON ST",""," ","I","TYNE ST","201437622","27/05/2014","Tue","0859","FD","CS1CC","181A 331A 402A ","","R","W","O ","F ","X","G","C","050","0","0","0","","","1242953","4849272",
"Invercargill City","CONON ST",""," ","I","TYNE ST","201431771","20/02/2014","Thu","1907","FB","VN1C","181A 331A ","","R","D","O ","F ","X","G","C","050","0","0","0","","","1242953","4849272",
"Invercargill City","CRINAN ST","40","E"," ","CONON ST","201437595","01/06/2014","Sun","1750","PC","CE1","371A 929 ","","R","D","DO","F ","D","N","N","050","0","0","0","","","1243038","4848530",
"Invercargill City","CRINAN ST",""," ","I","CONON ST","201436140","11/05/2014","Sun","0715","CA","CE1","101A 130A ","S","R","D","DO","F ","X","G","C","050","0","0","0","","","1242998","4848528",
"Invercargill City","DEVERON ST","25","S"," ","ESK ST","201437843","08/06/2014","Sun","1000","MO","CN1C","372A ","M","R","D","B ","F ","X","G"," ","050","0","0","0","","","1242929","4849668",
"Invercargill City","DON ST",""," ","I","JED ST","201412831","15/04/2014","Tue","2202","HA","CE1C","104B 112B 321B 801 862 ","JS","R","W","DO","L ","X","S","R","050","0","0","2","","","1243163","4849829",
"Invercargill City","DON ST",""," ","I","JED ST","201412997","13/06/2014","Fri","1335","HA","CS24","101A 301A 355A ","","R","D","B ","F ","X","S","R","050","0","0","2","","","1243163","4849829",
"Invercargill City","DUNNS ROAD",""," ","I","ORETI ROAD","201410108","14/01/2014","Tue","1735","KB","SE1C","302B 902 ","","R","D","B ","F ","T","G","C","070","0","1","0","","55","1239302","4847262",
"Invercargill City","DUNNS ROAD",""," ","I","SANDY POINT ROAD","201436588","13/05/2014","Tue","1250","GB","CW1C","158A 333A 175B ","","R","D","O ","F ","T","G","C","070","0","0","0","","","1236345","4847021",
"Invercargill City","ELLES ROAD","110","S"," ","DALRYMPLE ST","201432937","13/03/2014","Thu","1547","FA","CS1C","181A 331A ","","R","D","B ","F "," "," ","R","050","0","0","0","","","1243617","4848062",
"Invercargill City","ELLES ROAD",""," ","I","DIPTON ST","201435077","29/04/2014","Tue","0825","KB","CN1C","302B 375B ","","R","W","O ","F ","T","G","C","050","0","0","0","","","1243717","4846310",
"Invercargill City","ELLES ROAD","5","S"," ","ELIZABETH ST","201431117","15/02/2014","Sat","2145","EC","CS1","911 ","W","R","D","DO","F ","T","G","C","050","0","0","0","","","1243668","4847249",
"Invercargill City","ELLES ROAD",""," ","I","LANSDOWNE ST","201433745","02/04/2014","Wed","0905","AO","CS1C","145B ","","R","D","B ","F ","T","G","C","050","0","0","0","","","1243649","4847548",
"Invercargill City","ELLES ROAD","10","N"," ","MARTIN ST","201436764","30/04/2014","Wed","1845","MO","CN1C","357A 512A 371B 926 ","","R","D","DO","F ","D","N","C","050","0","0","0","","","1243624","4847941",
"Invercargill City","ELLES ROAD",""," ","I","TRAMWAY ROAD","201410885","18/02/2014","Tue","0945","KA","SS14","302B 375B ","","R","D","O ","F ","T","G","R","050","0","0","1","","42","1243655","4847453",
"Invercargill City","ELLES ROAD","50","N"," ","TWEED ST","201437997","16/05/2014","Fri","1744","AO","CN1C","150A 357A 381A ","","R","D","DO","F "," ","N","C","050","0","0","0","","","1243553","4849120",
"Invercargill City","ELLES ROAD",""," ","I","TWEED ST","201435374","05/05/2014","Mon","2010","GF","CN1C","386A ","","E","W","DO","F ","R","G","R","050","0","0","0","","","1243558","4849043",
"Invercargill City","ELLES ROAD","20","N"," ","VERNON ST","201435934","06/05/2014","Tue","1445","CB","CS1S","357A 512A ","","R","D","OF","F ","T","G","C","050","0","0","0","","","1243695","4846782",
"Invercargill City","ESK ST","40","E"," ","SH 6","201437589","11/06/2014","Wed","1629","MO","CE1","423A ","H","R","D","B ","F "," "," ","N","030","0","0","0","","","1242481","4849667",
"Invercargill City","ETTRICK ST",""," ","I","LIDDEL ST","201434984","26/04/2014","Sat","0835","LB","CE1V","303B 375B ","","R","D","OF","F ","X","G","N","050","0","0","0","","","1242359","4848733",
"Invercargill City","FLAGSTAFF ROAD","160","S"," ","RESERVOIR ROAD","201436378","23/02/2014","Sun","1719","DA","CN1","101A 131A ","","S","D","BN","F "," ","N","C","050","0","0","0","","","1242800","4827686",
"Invercargill City","FORTH ST","15","E"," ","CONON ST","201430764","11/02/2014","Tue","1200","MF","CE1C","371B ","","R","D","BF","F "," ","N","C","050","0","0","0","","","1242961","4849400",
"Invercargill City","FORTH ST",""," ","I","CONON ST","201433930","20/03/2014","Thu","1655","HA","CS2C","302B 375B ","","R","D","B ","F ","X","G","C","050","0","0","0","","","1242946","4849399",
"Invercargill City","GALA ST",""," ","I","DEVERON ST","201410818","07/02/2014","Fri","0845","GB","CW1S","205B 372B ","","R","D","B ","F ","T","G","C","050","0","0","1","","11","1242891","4850297",
"Invercargill City","GALA ST",""," ","I","DEVERON ST","201434237","19/02/2014","Wed","1700","LB","CE1C","191A 402A 303B 338B 404B 930 ","","R","D","B ","F ","D","G","C","050","0","0","0","","","1242891","4850297",
"Invercargill City","GLADSTONE TERRACE",""," ","I","SYCAMORE PLACE","201413133","24/05/2014","Sat","1055","DC","CS1","501A ","K","E","D","B ","F ","T","N","C","050","0","0","1","","","1242963","4852286",
"Invercargill City","GLENGARRY CRESCENT","80","S"," ","GLEN WAY W","201437068","29/05/2014","Thu","0950","MO","CS1","427A ","HK","R","W","O ","F "," "," ","N","050","0","0","0","","","1245254","4850942",
"Invercargill City","GORGE ROAD-INVERCARGILL H","930","E"," ","MURPHY ROAD NORTH","201435143","26/02/2014","Wed","0650","EC","4W1","132A 195A ","V","R","D","DN","F "," ","N","C","100","0","0","0","","","1249234","4845631",
"Invercargill City","GORGE ROAD-INVERCARGILL H","930","E"," ","MURPHY ROAD NORTH","201435144","26/02/2014","Wed","0655","EC","BW1","912 ","W","R","D","DN","F "," ","N","C","100","0","0","0","","","1249234","4845631",
"Invercargill City","HERBERT ST","50","E"," ","DEE ST","201437029","20/05/2014","Tue","1614","FD","CW1C","331A ","","R","W","DO","H "," "," ","C","050","0","0","0","","","1242373","4851561",
"Invercargill City","HERBERT ST",""," ","I","QUEENS DRIVE","201434611","02/04/2014","Wed","1220","AC","BW1V","372A 671A ","","R","D","BF","F ","R","G","R","050","0","0","0","","","1243413","4851619",
"Invercargill City","HERBERT ST","10","W"," ","RUSSEL ST","201411225","28/01/2014","Tue","1713","MA","CW1C","373B ","","R","D","B ","F ","T","G","R","050","0","0","1","","","1242546","4851571",
"Invercargill City","HERBERT ST",""," ","I","WINDSOR ST","201410828","05/01/2014","Sun","0900","KA","SS2C","302B 375B ","","R","D","B ","F ","R","G","R","050","0","0","1","","30","1243722","4851644",
"Invercargill City","HUMBER ST",""," ","I","HUMBER PLACE","201433414","14/03/2014","Fri","2334","DA","CW2","130A 433A ","","R","D","DO","F ","T","G","C","050","0","0","0","","","1244276","4844953",
"Invercargill City","INGLEWOOD ROAD",""," ","I","LUNE ST","201434621","20/04/2014","Sun","2110","DA","CW2","111A 131A ","F","R","W","DO","L ","T","G","C","050","0","0","0","","","1245119","4849823",
"Invercargill City","ISABELLA ST","100","N"," ","YARROW ST","201437616","31/05/2014","Sat","0105","CB","CN1","103A 133A 402A 433A 801 ","K","R","W","DO","L "," "," ","C","050","0","0","0","","","1244635","4850568",
"Invercargill City","ISABELLA ST",""," ","I","YARROW ST","201431434","05/03/2014","Wed","1745","LB","CN1V","303B 375B ","","R","D","BF","F ","X","S","P","050","0","0","0","","","1244673","4850475",
"Invercargill City","ISABELLA ST",""," ","I","YARROW ST","201437591","09/06/2014","Mon","1040","HA","CS1C","321A 335A ","","R","D","O ","F ","X","S","C","050","0","0","0","","","1244673","4850475",