"TLA NAME","CRASH ROAD","CRASH DIST","CRASH DIRN","INTSN","SIDE ROAD","CRASH ID","CRASH DATE","CRASH DOW","CRASH TIME","MVMT","VEHICLES","CAUSES","OBJECTS STRUCK","ROAD CURVE","ROAD WET","LIGHT","WTHRa","JUNC TYPE","TRAF CTRL","ROAD MARK","SPD LIM","CRASH FATAL CNT","CRASH SEV CNT","CRASH MIN CNT","PERS AGE1","PERS AGE2","EASTING","NORTHING"
"Invercargill City","JANET ST",""," ","I","NESS ST","201436646","09/05/2014","Fri","0858","FB","CE1C","181A ","","R","W","O ","F ","X","G","C","050","0","0","0","","","1243519","4847913",
"Invercargill City","JED ST",""," ","I","GALA ST","201435540","29/03/2014","Sat","1705","HA","CW2C","302B 378B 402B ","","R","D","B ","F ","M","G","C","050","0","0","0","","","1243133","4850312",
"Invercargill City","JED ST",""," ","I","SPEY ST","201430999","16/02/2014","Sun","1110","HA","CS1C","302B 375B ","","R","D","BF","F ","X","G","C","050","0","0","0","","","1243155","4849949",
"Invercargill City","JED ST","10","S"," ","YARROW ST","201432259","13/02/2014","Thu","1600","FD","CN1C","331A ","","R","W","O ","H ","X","S","C","050","0","0","0","","","1243148","4850060",
"Invercargill City","JENKIN ST","60","E"," ","NELSON ST","201431669","22/02/2014","Sat","1520","MO","CE1V","371A 929 ","M","R","D","O ","F ","D","N","N","050","0","0","0","","","1244118","4847720",
"Invercargill City","JENKIN ST",""," ","I","NELSON ST","201412806","11/04/2014","Fri","1025","HA","CN24","302A 370A 375A ","","S","D","B ","F ","X","G","C","050","0","1","0","","","1244058","4847716",
"Invercargill City","JOHN ST","50","W"," ","JOHN PLACE","201436138","14/05/2014","Wed","1805","GD","CE1C","331A 929 ","","R","D","TF","F ","D","N","C","050","0","0","0","","","1245031","4848126",
"Invercargill City","JOHN ST",""," ","I","REGENT ST","201435547","29/04/2014","Tue","1110","DA","CS2","111A 131A 403A 801 ","CP","E","W","O ","L ","T","G","R","050","0","0","0","","","1245707","4848056",
"Invercargill City","JOHN ST",""," ","I","SATURN ST","201436136","11/05/2014","Sun","0009","DB","CN2","103A 111A 131A ","F","R","W","DO","L ","T","G","C","050","0","0","0","","","1244439","4848090",
"Invercargill City","KELVIN ST","15","N"," ","ESK ST","201435078","26/03/2014","Wed","1230","MB","CS1V","372B ","","R","D","B ","F ","X","T","C","050","0","0","0","","","1242686","4849694",
"Invercargill City","KELVIN ST","25","S"," ","SPEY ST","201432941","28/02/2014","Fri","1315","MA","CS1C","387B ","","R","D","O ","F "," "," ","L","050","0","0","0","","","1242674","4849896",
"Invercargill City","KELVIN ST","50","S"," ","SPEY ST","201430874","11/02/2014","Tue","1420","MO","CS1C","371A 927 ","","R","W","ON","F ","D","N","C","050","0","0","0","","","1242675","4849871",
"Invercargill City","KEW ROAD","400","E"," ","SH 1S","201432312","29/01/2014","Wed","0500","CB","CW1","130A 358A ","P","R","D","DO","F "," "," ","C","050","0","0","0","","","1243214","4846924",
"Invercargill City","LEVEN ST",""," ","I","GALA ST","201437888","06/06/2014","Fri","1445","JA","CS1C","302B 375B ","","R","D","O ","F ","T","G","C","050","0","0","0","","","1242269","4850257",
"Invercargill City","LEVEN ST",""," ","I","SPEY ST","201431249","17/01/2014","Fri","1615","HA","CN1V","322B 350B ","","R","D","OF","F ","X","T","C","050","0","0","0","","","1242291","4849898",
"Invercargill City","LEWIS ST",""," ","I","GREY ST","201436131","29/04/2014","Tue","1744","DA","CN2","131A 351A ","J","R","D","O ","F ","X","G","N","050","0","0","0","","","1242731","4851744",
"Invercargill City","LIDDEL ST","25","S"," ","FORTH ST","201435158","16/03/2014","Sun","2115","CB","CS1","129A ","","R","D","DO","F "," ","N","C","050","0","0","0","","","1242323","4849336",
"Invercargill City","LINDISFARNE ST","50","S"," ","SH 1S","201437643","19/05/2014","Mon","1600","PC","CE1","371A 801 929 ","","R","W","O ","L ","D","N","N","050","0","0","0","","","1244282","4849770",
"Invercargill City","LYON ST","40","N"," ","YARROW ST","201437644","01/06/2014","Sun","0925","MD","CS1C","308B 371B 929 ","","R","D","O ","F ","D","N","N","050","0","0","0","","","1245148","4850882",
"Invercargill City","MACMASTER ST",""," ","I","ST ANDREW ST","201431433","20/01/2014","Mon","1651","FB","CN1C","352A 423A ","","R","D","BF","F ","T","G","C","050","0","0","0","","","1243571","4850651",
"Invercargill City","MASON ROAD","20","E"," ","MILL ROAD SOUTH","201410197","30/01/2014","Thu","","CB","4W1","130A 198A ","V","R","D","O ","F "," "," ","N","050","0","0","1","","","1249112","4848205",
"Invercargill City","MCIVOR ROAD",""," ","I","RETREAT ROAD","201411210","07/01/2014","Tue","1235","KA","SW1C","302B 350B 375B ","","R","W","O ","H ","T","G","C","100","0","0","1","","68","1243584","4854998",
"Invercargill City","MCMILLAN ST",""," ","I","TRAMWAY ROAD","201437588","05/06/2014","Thu","2010","DA","CE2","131A 402A 813 ","V","R","W","DN","F ","T","N","N","050","0","0","0","","","1245819","4847584",
"Invercargill City","MCQUARRIE ST",""," ","I","BROWN ST","201437000","26/05/2014","Mon","0902","JA","CN24","301A ","","S","W","O ","F ","X","S","C","050","0","0","0","","","1244455","4847087",
"Invercargill City","MCQUARRIE ST",""," ","I","MOULSON ST","201437621","02/05/2014","Fri","1630","LB","CE2C","303B 363B 402B 902 ","","R","D","B ","F ","X","G","C","050","0","0","0","","","1244464","4847119",
"Invercargill City","MOTU RIMU ROAD",""," ","I","BOUNDARY ROAD","201400056","17/03/2014","Mon","1249","DC","CW1T","111A 131A 404A 197B ","FV","M","D","ON","F ","T","G","C","100","1","0","2","","","1247319","4843026",
"Invercargill City","NESS ST",""," ","I","BALMORAL DRIVE","201432307","03/02/2014","Mon","1041","HA","CE2C","302A 354A ","","E","D","B ","F ","R","G","P","050","0","0","0","","","1243505","4848316",
"Invercargill City","NESS ST",""," ","I","FORTH ST","201438097","30/05/2014","Fri","1530","HA","CS1V","302A ","","M","D","O ","F ","R","G","R","050","0","0","0","","","1243428","4849427",
"Invercargill City","NESS ST",""," ","I","JANET ST","201410822","13/02/2014","Thu","1005","HA","CW2C","302B 350B 801 ","FJ","R","W","O ","L ","X","G","C","050","0","0","1","","","1243519","4847913",
"Invercargill City","OHARA ST",""," ","I","NESS ST","201436139","09/05/2014","Fri","1645","HA","CN2C","302B ","","R","W","O ","L ","X","G","C","050","0","0","0","","","1243552","4847369",
"Invercargill City","OHARA ST",""," ","I","NESS ST","201435096","31/03/2014","Mon","0900","HA","CE14","302A 351A ","","R","W","B ","FF","X","G","C","050","0","0","0","","","1243552","4847369",
"Invercargill City","QUEENS DRIVE",""," ","I","DUKE ST","201434165","12/04/2014","Sat","1405","JA","4N1C","302B 382B ","","R","D","B ","F ","T","G","R","050","0","0","0","","","1243388","4851946",
"Invercargill City","QUEENS DRIVE","100","N"," ","MOANA ST","201436300","17/03/2014","Mon","2135","CC","CN1","129A 359A ","X","R","W","DO","L "," ","N","R","050","0","0","0","","","1243357","4852505",
"Invercargill City","RACECOURSE ROAD",""," ","I","HERBERT ST","201410580","13/02/2014","Thu","1415","CB","CN1C","101A 129A ","Q","R","W","OF","L ","T","G","C","050","0","0","2","","","1245416","4851750",
"Invercargill City","RACECOURSE ROAD","110","S"," ","YARROW ST","201432255","21/02/2014","Fri","0651","CC","TS1","410A ","P","R","D","O ","F "," "," ","R","050","0","0","0","","","1245763","4850935",
"Invercargill City","REGENT ST","60","N"," ","JOHN ST","201437592","14/06/2014","Sat","2240","EA","CS1C","129A 359A ","M","R","D","DO","F "," "," ","R","050","0","0","0","","","1245709","4848116",
"Invercargill City","REGENT ST","50","N"," ","LAUDER CRESCENT","201437624","31/05/2014","Sat","0618","DB","CS1","103A 111A 131A 402A 801 ","T","E","W","DO","L "," "," ","R","050","0","0","0","","","","",
"Invercargill City","REGENT ST",""," ","I","TRAMWAY ROAD","201436135","13/05/2014","Tue","0815","DB","CE2C","111A 131A 801 ","M","E","W","O ","L ","T","G","R","050","0","0","0","","","1245478","4847565",
"Invercargill City","RITCHIE ST",""," ","I","HERRIOT ST","201434155","01/04/2014","Tue","1744","BD","CN14","129A 129B ","","S","D","B ","F ","T","G","N","050","0","0","0","","","1243925","4849831",
"Invercargill City","SANDY POINT ROAD","2000","S"," ","DUNNS ROAD","201435082","27/04/2014","Sun","1400","BC","CS1C","121A ","","M","W","O ","F "," ","N","C","070","0","0","0","","","1236114","4845066",
"Invercargill City","SH 1S",""," ","I","BOND ST","201436076","16/04/2014","Wed","1620","FF","CN1C","357A 512A ","","R","D","OF","F ","X","S","R","050","0","0","0","","","","",
"Invercargill City","SPEY ST","15","E"," ","KELVIN ST","201435933","02/05/2014","Fri","1330","MA","VE1C","373B ","","R","D","OF","F "," ","N","C","050","0","0","0","","","1242687","4849922",
"Invercargill City","SPEY ST","40","W"," ","KELVIN ST","201435936","14/04/2014","Mon","1500","MO","CE1C","371A ","M","R","D","OF","F "," ","N","C","050","0","0","0","","","1242632","4849919",
"Invercargill City","STOBO ST","30","N"," ","BAY ROAD","201434992","20/04/2014","Sun","0045","EA","CS1C","103A 129A ","M","R","D","DO","F "," ","N","N","050","0","0","0","","","1241753","4852241",
"Invercargill City","SYDNEY ST","80","N"," ","ST ANDREW ST","201435931","06/04/2014","Sun","1139","FA","CS1C","331A 350A ","","R","D","OF","F "," ","N","C","050","0","0","0","","","1243702","4850786",
"Invercargill City","TEVIOT ST","130","W"," ","NESS ST","201431925","12/02/2014","Wed","2142","CB","CW1C","130A ","FM","R","W","DO","L "," ","N","C","050","0","0","0","","","1243329","4848911",
"Invercargill City","TEVIOT ST",""," ","I","YTHAN ST","201410992","27/01/2014","Mon","1508","HA","CE1C","302B 350B ","","R","D","BF","F ","X","G","C","050","0","1","0","","","1243217","4848904",
"Invercargill City","TEVIOT ST",""," ","I","YTHAN ST","201434156","03/04/2014","Thu","1636","HA","CE1C","302B 375B ","","R","D","B ","F ","X","G","C","050","0","0","0","","","1243217","4848904",
"Invercargill City","THE CRESCENT",""," ","I","LEVEN ST","201434920","19/03/2014","Wed","1515","JA","CS2C","302B 375B ","","E","W","OF","L ","R","G","R","050","0","0","0","","","1242308","4849588",
"Invercargill City","THE CRESCENT",""," ","I","LEVEN ST","201430847","05/01/2014","Sun","1054","JA","CS2C","302B 375B ","","E","D","BF","F ","R","G","R","050","0","0","0","","","1242308","4849588",
"Invercargill City","TRAMWAY ROAD",""," ","I","BROWN ST","201437623","27/05/2014","Tue","1530","JA","CW1C","302B 375B ","","R","D","O ","F ","T","G","C","050","0","0","0","","","1244429","4847501",
"Invercargill City","TRAMWAY ROAD","20","E"," ","PRINCES ST","201411818","21/03/2014","Fri","1420","JA","SW1C","204A 358A 929 ","","R","D","BF","F ","D","N","N","050","0","0","1","","20","1243895","4847468",
"Invercargill City","TWEED ST",""," ","I","LINDISFARNE ST","201430851","09/01/2014","Thu","2018","DB","CS2","103A ","IT","R","D","OF","F ","X","G","R","050","0","0","0","","","1244440","4849120",
"Invercargill City","TWEED ST","80","E"," ","METZGER ST","201434157","04/04/2014","Fri","1405","MC","CE1B","372B 801 ","","R","W","O ","L "," "," ","R","050","0","0","0","","","1244856","4849143",
"Invercargill City","TWEED ST",""," ","I","NELSON ST","201434238","03/03/2014","Mon","0845","LB","CE1C","303B 314B 375B 402B ","","R","D","O ","F ","T","G","C","050","0","0","0","","","1243969","4849092",
"Invercargill City","WILTON ST",""," ","I","GEORGE ST","201433915","09/03/2014","Sun","0922","HA","TE2C","302B 375B ","","R","D","O ","F ","X","G","C","050","0","0","0","","","1244091","4851470",
"Invercargill City","YARROW ST",""," ","I","ISABELLA ST","201435539","28/04/2014","Mon","1426","HA","CE1C","301B 370B 801 ","","R","W","O ","L ","X","S","C","050","0","0","0","","","1244673","4850475",
"Invercargill City","YARROW ST",""," ","I","ISABELLA ST","201410991","04/03/2014","Tue","0922","HA","CS2C","321A ","","R","D","OF","F ","X","S","C","050","0","0","2","","","1244673","4850475",
"Invercargill City","YARROW ST",""," ","I","MARGARET ST","201436789","19/05/2014","Mon","1750","GD","CE1C","181A ","","R","D","B ","F ","X","G","C","050","0","0","0","","","1244562","4850429",
"Invercargill City","Z CPK PAK N SAVE","70","S"," ","TAY ST","201411110","16/02/2014","Sun","1425","NO","4N1E","370A 711B ","","R","D","O ","F "," "," ","N","030","0","0","2","62","","1242898","4849481",
"Invercargill City","1S/900/17.261",""," ","I","MILL ROAD NORTH","201438315","15/05/2014","Thu","1103","KA","SE1C","302B ","","R","D","O ","F ","T","G","C","100","0","0","0","","","1247944","4851462",
"Invercargill City","1S/900/18.981","500","E"," ","RACECOURSE ROAD","201437884","17/05/2014","Sat","1630","MC","4W1C","372B ","","R","D","B ","F "," ","N","C","080","0","0","0","","","1246373","4850765",
"Invercargill City","1S/920/1.128",""," ","I","ANGLEM ST","201410892","20/02/2014","Thu","0703","KA","SW1C","302B 375B 642B 904 ","","R","D","O ","M ","T","G","C","050","0","0","1","","","1244899","4850083",
"Invercargill City","1S/920/1.348","100","E"," ","LORN ST","201413652","03/06/2014","Tue","1520","FD","CW1V","181A 191B 350B ","","R","D","O ","F "," "," ","C","050","0","0","3","","","1244697","4849997",
"Invercargill City","1S/920/2.598",""," ","I","ELLES ROAD","201434576","03/03/2014","Mon","1744","LB","CW1C","303B 375B ","","R","W","DO","H ","X","T","R","050","0","0","0","","","1243526","4849593",
"Invercargill City","1S/920/3.047","100","W"," ","JED ST","201436133","19/01/2014","Sun","0408","MC","CE1C","103B 303B 402B ","","R","D","DO","F "," "," ","R","050","0","0","0","","","1243078","4849578",
"Invercargill City","1S/920/3.205","15","W"," ","DEVERON ST","201438625","28/05/2014","Wed","1155","MO","CE1C","371A ","M","R","D","O ","F "," "," ","R","050","0","0","0","","","1242920","4849568",
"Invercargill City","TAY ST",""," ","I","CLYDE ST","201431915","11/02/2014","Tue","1300","HA","CN2C","302A 375A ","","M","D","BF","F ","R","G","C","050","0","0","0","","","1242438","4849519",
"Invercargill City","1S/923/0.149",""," ","I","FORTH ST","201410185","22/01/2014","Wed","1204","HA","CN1C","302B 375B ","","R","D","O ","F ","X","G","C","050","0","0","1","","","1242447","4849370",
"Invercargill City","1S/923/0.199","50","S"," ","FORTH ST","201410817","01/02/2014","Sat","0555","NB","CS1E","105B 713B ","","R","D","TO","F "," "," ","C","050","0","0","1","23","","1242462","4849320",
"Invercargill City","1S/923/0.518",""," ","I","TWEED ST","201434985","12/04/2014","Sat","0220","DA","CS1C","103A 111A 131A ","M","M","W","DO","L ","R","G","R","050","0","0","0","","","1242479","4849001",
"Invercargill City","1S/923/0.519",""," ","I","TWEED ST","201437049","30/05/2014","Fri","0750","FB","VN1C","181A 387A ","","R","W","O ","L ","R","G","R","050","0","0","0","","","1242469","4849005",
"Invercargill City","1S/923/0.541",""," ","I","SH 1S","201430918","24/02/2014","Mon","0830","AO","CN2C","381A ","","R","D","OF","F ","R","G","C","050","0","0","0","","","1242470","4848982",
"Invercargill City","1S/923/0.784",""," ","I","ETTRICK ST","201434921","25/03/2014","Tue","1525","KB","VS1C","302B 375B ","","R","D","BF","F ","X","G","R","050","0","0","0","","","1242496","4848740",
"Invercargill City","1S/923/0.784",""," ","I","ETTRICK ST","201410990","05/03/2014","Wed","1710","HA","CS1C","302B 375B ","","R","D","BF","F ","X","G","R","050","0","0","1","","","1242496","4848740",
"Invercargill City","1S/923/0.789","5","S"," ","ETTRICK ST","201437618","21/05/2014","Wed","0949","FA","4S1C","357A 512A 357B 402B ","","R","W","O ","F ","X","G","R","050","0","0","0","","","1242497","4848735",
"Invercargill City","1S/923/1.653",""," ","I","GRACE ST","201437617","29/05/2014","Thu","0702","JA","4S1C","302B 386B 901 ","","R","W","DO","H ","T","G","C","070","0","0","0","","","1242801","4848001",
"Invercargill City","OHARA ST",""," ","I","1S/923/2.324","201431180","11/03/2014","Tue","0835","JA","CS1C","302B 375B ","","R","D","B ","F ","T","G","C","070","0","0","0","","","1242821","4847332",
"Invercargill City","1S/926/3.043","400","S"," ","AVON ROAD","201434986","24/04/2014","Thu","1550","EC","TS1","660A ","P","E","D","ON","F "," ","N","C","100","0","0","0","","","1244271","4844614",
"Invercargill City","1S/926/6.422",""," ","I","MOTU RIMU ROAD","201430556","22/01/2014","Wed","1500","DB","TN1","132A 801 901 903 ","V","M","W","O ","HS","T","G","L","100","0","0","0","","","1246283","4841973",
"Invercargill City","1S/933/12.419","500","N"," ","GREENPOINT ROAD","201437048","24/05/2014","Sat","1300","EC","CN1","820 ","X","R","W","O ","H "," "," ","L","100","0","0","0","","","1239920","4831696",
"Invercargill City","1S/933/13.692","180","N"," ","NICHOL ROAD N","201410172","16/01/2014","Thu","1145","AO","CS1O","101A 112A 155A ","","R","D","O ","F "," "," ","L","100","0","1","1","","","1240348","4830505",
"Invercargill City","6/1157/8.769",""," ","I","FLORA ROAD EAST","201413059","15/05/2014","Thu","1730","HA","CW2C","301A ","","R","D","TO","F ","X","S","C","080","0","1","1","","","1241894","4858813",
"Invercargill City","6/1168/0.08","80","S"," ","SH 98","201431585","17/01/2014","Fri","0102","CB","CS1","130A 801 ","CF","R","W","DO","L "," "," ","C","080","0","0","0","","","1242001","4857042",
"Invercargill City","6/1168/1.616","30","N"," ","DEVONSHIRE ST","201438096","30/05/2014","Fri","2200","MC","VS1C","372B ","","R","W","DO","L "," "," ","P","080","0","0","0","","","1242094","4855508",
"Invercargill City","6/1168/2.319","400","N"," ","WEST PLAINS ROAD","201432460","02/02/2014","Sun","0818","CC","4S1","103A 412A ","FS","R","D","B ","F "," "," ","C","050","0","0","0","","","1242134","4854806",
"Invercargill City","6/1168/2.619","100","N"," ","WEST PLAINS ROAD","201436301","18/03/2014","Tue","1700","BE","CS1V","129A 410A ","","R","D","BF","F "," ","N","P","050","0","0","0","","","1242152","4854507",
"Invercargill City","6/1168/4.063",""," ","I","ELGIN ST","201412536","01/05/2014","Thu","1202","JA","CN1C","301B 377B 402B ","","R","D","B ","F ","T","S","C","050","0","0","1","","","1242227","4853067",
"Invercargill City","6/1168/4.465","40","S"," ","BULLAR ST","201433178","28/03/2014","Fri","1700","MO","VS1C","386A ","M","R","D","B ","F "," "," ","C","050","0","0","0","","","1242264","4852666",
"Invercargill City","6/1168/4.68","50","S"," ","PRESTON ST","201410821","12/02/2014","Wed","1630","AO","CS1S","129A 353A 386A ","","R","D","B ","F "," "," ","R","050","0","0","1","","21","1242277","4852451",
"Invercargill City","6/1168/4.818","30","S"," ","DOUGLAS ST","201434893","14/03/2014","Fri","1725","FD","4N1C","181A ","","R"," ","BF","F ","T","G","C","050","0","0","0","","","1242273","4852313",
"Invercargill City","6/1168/4.954",""," ","I","BAY ROAD","201434239","10/02/2014","Mon","0840","GF","TE2C","122A 129A 179A ","","E","D","B ","F ","T","G","C","050","0","0","0","","","1242281","4852178",
"Invercargill City","HERBERT ST",""," ","I","6/1168/5.575","201431116","25/02/2014","Tue","0950","HA","CS2C","308B 375B 926 ","","R","D","O ","F ","D","N","P","050","0","0","0","","","1242323","4851558",
"Invercargill City","6/1168/5.575",""," ","I","HERBERT ST","201431118","26/02/2014","Wed","1226","FE","CS1C","334A 353A ","","R","D","B ","F ","M","T","C","050","0","0","0","","","1242323","4851558",
"Invercargill City","6/1168/5.737","40","N"," ","ARTHUR ST","201437619","29/05/2014","Thu","1245","CB","CN1V","129A 130A ","F","R","D","O ","F "," "," ","C","050","0","0","0","","","1242321","4851396",
"Invercargill City","6/1168/6.318","10","N"," ","FOX ST","201434577","08/03/2014","Sat","1154","FE","4S14C","331A 358A ","","R","D","BF","F ","X","T","R","050","0","0","0","","","1242368","4850816",
"Invercargill City","FOX ST",""," ","I","DEE ST E","201435471","17/04/2014","Thu","1930","LB","CW1C","303B 375B ","","R","D","TO","F ","X","T","C","050","0","0","0","","","1242369","4850806",
"Invercargill City","6/1168/6.769",""," ","I","VICTORIA AVENUE","201431914","12/02/2014","Wed","1205","MG","CS1C","371B ","","R","D","OF","F ","T","G","R","050","0","0","0","","","1242395","4850366",
"Invercargill City","6/1168/6.791",""," ","I","VICTORIA AVENUE","201435935","07/05/2014","Wed","0850","FD","VN1C","181A ","","R","W","OF","F ","T","G","C","050","0","0","0","","","1242389","4850344",
"Invercargill City","6/1168/6.989",""," ","I","LEET ST","201437620","21/05/2014","Wed","1450","FA","CS14","331A 801 ","","R","W","O ","L ","X","G","C","050","0","0","0","","","1242412","4850147",
"Invercargill City","6/1168/7.11",""," ","I","YARROW ST","201413072","18/05/2014","Sun","1042","FE","CS1CC4","181A 331A 350A ","","R","D","OF","F ","T","T","C","050","0","0","1","","","1242419","4850026",
"Invercargill City","6/1168/7.11",""," ","I","YARROW ST","201432418","31/01/2014","Fri","1430","FE","CS1C","181A 191B ","","R","D","B ","F ","X","T","C","050","0","0","0","","","1242419","4850026",
"Invercargill City","6/1168/7.231",""," ","I","SPEY ST","201410983","04/03/2014","Tue","1232","HA","CN1C4","322A ","","R","D","OF","F ","X","T","R","050","0","0","2","","","1242415","4849906",
"Invercargill City","6/1168/7.231",""," ","I","SPEY ST","201434366","09/03/2014","Sun","1905","FE","CS1M","181A ","","R","D","O ","F ","X","T","C","050","0","0","0","","","1242427","4849906",
"Invercargill City","6/1168/7.311","80","S"," ","SPEY ST","201430163","09/01/2014","Thu","1510","MO","CS1C","371A 371 ","M","R","D","OF","F "," "," ","R","050","0","0","0","","","1242432","4849826",
"Invercargill City","6/1168/7.366","15","S"," ","DON ST","201432433","19/01/2014","Sun","0040","MO","CS1C","330A 351A ","M","R","D","DO","F "," "," ","N","050","0","0","0","","","1242435","4849771",
"Invercargill City","6/1168/7.473",""," ","I","ESK ST","201430873","15/02/2014","Sat","1210","FE","CS1C","181A ","","R","W","BF","L ","T","T","C","050","0","0","0","","","1242441","4849664",
"Invercargill City","6/1168/7.567","20","N"," ","SH 1S","201435369","01/05/2014","Thu","1530","FD","BS1T","181A ","","R","D","O ","F ","R","G","R","050","0","0","0","","","1242448","4849570",
"Invercargill City","99/0/0.567","30","E"," ","LORNEVILLE OBR","201413067","27/05/2014","Tue","0602","DB","4W1","131A 135A 802 ","","E","I","DO","FF"," ","N","C","080","0","0","1","","","1241447","4857186",
"Invercargill City","99/0/0.771","50","E"," ","WALLACETOWN-LORNEVILL ROA","201437050","27/05/2014","Tue","0730","DB","VW1","131A 802 ","B","M","I","DO","F "," "," ","C","080","0","0","0","","","1241245","4857154",
"Kaikoura District","AUSTIN ST","15","S"," ","CROMER ST","201411983","27/03/2014","Thu","1029","BA","CS1M","331A 353A 205B ","","R","D","BN","F "," ","N","N","050","0","0","1","","","1657447","5303609",
"Kaikoura District","CHURCHILL ST","30","S"," ","LUDSTONE ROAD","201430997","06/03/2014","Thu","1515","EO","TS1","686A ","B","R","D","BF","F "," ","N","C","050","0","0","0","","","1655913","5305601",
"Kaikoura District","MOUNT FYFFE ROAD",""," ","I","SCHOOLHOUSE ROAD","201431605","19/01/2014","Sun","1115","HA","CN1C","302B ","","R","D","B ","F ","X","G","N","100","0","0","0","","","1653834","5309261",
"Kaikoura District","POSTMANS ROAD",""," ","I","MOUNT FYFFE ROAD","201433925","02/03/2014","Sun","2100","GE","4E1C","357A 144B ","","R","D","TN","F ","T","G","N","080","0","0","0","","","1653431","5310577",
"Kaikoura District","SCARBOROUGH ST","20","W"," ","KAIKOURA LOOKOUT ROAD","201432825","03/03/2014","Mon","2250","DA","CW1","111A 131A 402A ","F","E","D","DO","F "," "," ","C","050","0","0","0","","","1657029","5303607",
"Kaikoura District","SH 1S","40","S"," ","BIRCHES ROAD","201413425","28/06/2014","Sat","1457","DA","4N1","131A ","CK","E","D","B ","F "," "," ","C","100","0","0","5","","","","",
"Kaikoura District","1S/118/2.284","1800","S"," ","WAIPAPA ROAD","201410256","12/01/2014","Sun","2133","CC","4N1","125A 357A ","","R","D","DN","F "," ","N","C","100","0","0","1","","","1674443","5330214",
"Kaikoura District","1S/118/4.364","3880","S"," ","WAIPAPA ROAD","201410516","15/01/2014","Wed","1505","BB","VN1C","137A 197A 129B 404B ","","E","D","BN","F "," ","N","C","100","0","2","0","","","1673013","5328805",
"Kaikoura District","1S/118/19.962","40","N"," ","BLUE DUCK ROAD","201438041","12/06/2014","Thu","0640","EC","CN1","821 ","X","E","W","DN","M "," "," ","C","100","0","0","0","","","1663380","5318955",
"Kaikoura District","1S/138/4.025","500","N"," ","KIWA ROAD","201400048","06/03/2014","Thu","1605","BD","4N1O","129A ","","E","D","BF","F "," ","N","C","100","1","1","1","","","1661961","5315745",
"Kaikoura District","1S/138/5.626","80","W"," ","STATION ROAD","201430339","03/01/2014","Fri","1330","CB","CW1","135A 903 ","FV","R","D","B ","FS"," ","N","C","100","0","0","0","","","1660762","5315310",
"Kaikoura District","1S/138/8.586","300","N"," ","KANUKA LANE","201431470","02/03/2014","Sun","0330","DA","CN1","102A 131A 410A ","B","E","D","DN","F "," ","N","C","100","0","0","0","","","1659047","5314223",
"Kaikoura District","1S/138/16.303","150","N"," ","BEACH ROAD","201431096","05/02/2014","Wed","1430","EA","CN1C","386A ","M","R","D","B ","F "," ","N","C","050","0","0","0","","","1656043","5308242",
"Kaikoura District","1S/155/1.236","200","N"," ","HAWTHORNE ROAD","201434975","01/04/2014","Tue","2006","EA","CN1C","129A 358A ","M","R","D","DO","F "," ","N","C","050","0","0","0","","","1655918","5307013",
"Kaikoura District","1S/155/1.732",""," ","I","EDMUND AVENUE","201411065","11/03/2014","Tue","1710","JA","PS14","534A 301B 375B ","","R","D","O ","F ","T","S","C","050","0","0","1","","","1655904","5306517",
"Kaikoura District","1S/155/3.826",""," ","I","KILLARNEY ST","201413400","22/06/2014","Sun","0245","DA","CS2","104A 111A 131A 402A ","K","M","W","DO","L ","T","G","C","050","0","0","2","","","1655811","5304510",
"Kaikoura District","1S/155/3.826",""," ","I","KILLARNEY ST","201433972","08/04/2014","Tue","1445","JA","TS1C","302B 375B 404B ","","E","W","O ","L ","T","G","C","050","0","0","0","","","1655811","5304510",
"Kaikoura District","1S/179/0.035",""," ","A","OARO OBR","201430305","19/01/2014","Sun","1120","CB","CN1","137A 358A ","G","R","D","B ","F "," ","N","C","100","0","0","0","","","1641590","5293241",
"Kaipara District","GORGE ROAD","100","S"," ","KIRK ROAD","201410805","08/02/2014","Sat","1145","DB","MN1","135A 805 ","","E","D","O ","F "," "," ","N","100","0","0","1","","","1722468","6005846",
"Kaipara District","JACK BOYD DRIVE","800","S"," ","MANGAWHAI HEADS ROAD","201411614","21/03/2014","Fri","1845","DB","CN1","111A 131A ","V","E","D","TN","F "," ","N","R","070","0","0","1","","","1741643","6004747",
"Kaipara District","KAI IWI LAKES ROAD","5250","N"," ","OMAMARI ROAD","201430426","18/01/2014","Sat","1535","DB","4E1","101A 137A 930 ","CT","E","D","O ","F ","D","N","N","100","0","0","0","","","1656607","6037978",
"Kaipara District","KAIKOHE ROAD","2200","W"," ","WAIMATENUI EAST ROAD","201436681","29/04/2014","Tue","1230","BB","TN1T","120A 138A 120B 138B 831 ","","S","W","O ","F "," ","N","N","100","0","0","0","","","1663206","6057219",