"TLA NAME","CRASH ROAD","CRASH DIST","CRASH DIRN","INTSN","SIDE ROAD","CRASH ID","CRASH DATE","CRASH DOW","CRASH TIME","MVMT","VEHICLES","CAUSES","OBJECTS STRUCK","ROAD CURVE","ROAD WET","LIGHT","WTHRa","JUNC TYPE","TRAF CTRL","ROAD MARK","SPD LIM","CRASH FATAL CNT","CRASH SEV CNT","CRASH MIN CNT","PERS AGE1","PERS AGE2","EASTING","NORTHING"
"Kaipara District","MOLESWORTH DRIVE",""," ","I","MOIR ST","201411042","01/01/2014","Wed","","PO","CS1E","112A 129A 357A ","","R","D","B ","F ","T","G","C","050","0","0","2","50","","1741810","6000950",
"Kaipara District","MOLESWORTH DRIVE","230","W"," ","THELMA ROAD SOUTH","201430641","06/02/2014","Thu","1145","AA","CW1S","110A 137A 534B ","V","R","W","O ","L "," ","N","C","080","0","0","0","","","1742236","6002922",
"Kaipara District","NEEMS ROAD",""," ","I","KARAKANUI ROAD","201432107","16/02/2014","Sun","","BB","CN1C","124A ","","M","D","B ","F ","T","N","N","100","0","0","0","","","1708197","5996146",
"Kaipara District","NOTORIOUS WEST ROAD","500","E"," ","MAHUTA ROAD","201431693","12/02/2014","Wed","1840","CB","4W1","130A 813 902 ","X","R","D","B ","F "," "," ","N","100","0","0","0","","","1674609","6014361",
"Kaipara District","OMANA ROAD","1200","S"," ","PUKEHUIA ROAD","201413646","27/05/2014","Tue","0950","BB","CW1V","111A 310A ","","E","D","B ","F "," ","G","N","100","0","1","0","","","1694247","6028968",
"Kaipara District","PAPAROA OAKLEIGH ROAD","1000","N"," ","BURKE ROAD","201432489","15/02/2014","Sat","1450","DB","CN1","131A 404A ","E","E","D","BN","F "," ","N","C","100","0","0","0","","","1715060","6012124",
"Kaipara District","POUTO ROAD","200","S"," ","AOROA ROAD","201412503","07/03/2014","Fri","1635","DA","4S1","101A 131A 423A 501A ","P","E","D","O ","F "," "," ","C","100","0","1","1","","","1679626","6017047",
"Kaipara District","POUTO ROAD","770","S"," ","EMPIRE STREET","201410480","22/02/2014","Sat","1545","BA","CN1CC","130A 501A ","","R","D","B ","F "," "," ","C","100","0","0","1","","","1678748","6018820",
"Kaipara District","POUTO ROAD","250","N"," ","SARICH ROAD","201430187","04/01/2014","Sat","2035","CB","TN1","129A 130A ","V","R","D","ON","F "," "," ","C","100","0","0","0","","","1687775","6000881",
"Kaipara District","ROPE CRESCENT","50","W"," ","GLINKS ROAD","201411746","22/03/2014","Sat","1005","DB","CS1","131A 504A ","T","E","D","B ","F "," "," ","N","050","0","0","1","","","1677261","6006855",
"Kaipara District","SEA VIEW ROAD",""," ","I","KELLY ST","201437009","03/05/2014","Sat","1744","BF","MW1V","131A ","","M","D","TF","F ","T","G","C","050","0","0","0","","","1667309","6021409",
"Kaipara District","TARA ROAD","200","E"," ","DARMAH LANE","201410351","23/01/2014","Thu","1932","JA","CW14","308B 375B 929 ","","M","D","TN","F ","D","N","C","100","0","0","2","","","1740092","6001222",
"Kaipara District","TINOPAI ROAD","750","W"," ","CHADWICK ROAD","201410785","08/03/2014","Sat","1530","DA","4S1","130A 350A ","","M","D","B ","F "," ","N","C","100","0","0","2","","","1709596","5989353",
"Kaipara District","TINOPAI ROAD","900","W"," ","CHADWICK ROAD","201412714","05/03/2014","Wed","1715","DA","CW1","103A 131A ","C","M","D","ON","F "," ","N","C","100","0","1","0","","","1709479","5989435",
"Kaipara District","TINOPAI ROAD","1130","S"," ","MATAKOHE WEST ROAD","201430406","11/01/2014","Sat","1920","BC","CE14","103A 121A ","","M","D","O ","F "," ","N","C","100","0","0","0","","","1705339","5999713",
"Kaipara District","TOKATOKA ROAD","1150","E"," ","SH 12","201435355","03/05/2014","Sat","1150","CA","CE1","130A 813 ","V","R","D","O ","F "," "," ","N","100","0","0","0","","","1688078","6009236",
"Kaipara District","TROUNSON PARK ROAD","800","E"," ","MCLEAN ROAD","201410255","12/01/2014","Sun","1028","DA","VN1","131A 134A 404A ","","M","D","B ","F "," ","N","C","100","0","0","2","","","1657553","6047692",
"Kaipara District","VICTORIA ST","5","N"," ","HOKIANGA ROAD","201435508","20/04/2014","Sun","0030","CA","CN1","101A 130A 801 ","IX","R","W","DO","L ","X","G","R","050","0","0","0","","","1678429","6022148",
"Kaipara District","VICTORIA ST","70","N"," ","HOKIANGA ROAD","201432497","02/03/2014","Sun","1310","EE","CN1C","374B ","M","R","D","BF","F "," ","N","C","050","0","0","0","","","1678460","6022205",
"Kaipara District","WAIHUE ROAD","1100","S"," ","WAIMATA ROAD","201413661","29/05/2014","Thu","2240","MO","4S1","103A 386A ","FV","R","D","DN","F "," "," ","C","100","0","0","1","","","","",
"Kaipara District","WAIRERE ROAD","2000","W"," ","PAPAROA STATION ROAD","201437008","27/05/2014","Tue","1830","DA","CW1","131A ","C","M","D","DN","F "," "," ","N","100","0","0","0","","","1716261","6006310",
"Kaipara District","WHAKAPIRAU ROAD","300","W"," ","LATTA ROAD","201436365","23/03/2014","Sun","0500","EC","CN1","912 ","W","R","D","DN","F "," ","N","C","100","0","0","0","","","1713035","5998291",
"Kaipara District","WOOD ST","50","W"," ","ALBERT ST","201435455","31/03/2014","Mon","1500","MO","CE1C","386A 926 ","M","R","D","B ","F ","D","N","N","050","0","0","0","","","1743005","6004441",
"Kaipara District","Z BCH SAND DUNES","22000","S"," ","GLINKS ROAD","201410330","26/01/2014","Sun","1330","CA","ME1","135A 812 ","","R","D","ON","F "," ","N","N","020","0","1","0","","","1678406","6004981",
"Kaipara District","12/106/10.979","150","W"," ","MAITAHI ROAD","201431692","15/02/2014","Sat","2015","DA","CN1","111A 131A ","F","M","D","TN","F "," "," ","C","100","0","0","0","","","1658970","6042610",
"Kaipara District","12/106/14.707","1000","N"," ","KAIHU WOOD ROAD","201435494","03/04/2014","Thu","2130","EC","CN1","912 ","W","R","W","DN","F "," ","N","C","100","0","0","0","","","1662075","6041794",
"Kaipara District","12/122/5.824",""," ","I","OMAMARI ROAD","201410986","01/03/2014","Sat","1554","JA","CN1C","301B ","","E","D","BN","F ","X","S","C","100","0","0","4","","","1665826","6036889",
"Kaipara District","12/132/5.581","3200","S"," ","MAITAHI ROAD","201413727","20/05/2014","Tue","1732","DB","CN1","111A 131A ","V","M","D","BN","F "," ","N","C","100","0","1","0","","","1670804","6029626",
"Kaipara District","12/132/17.231","100","E"," ","SEGEDIN ROAD","201412262","11/05/2014","Sun","1020","GA","4W1C","132A 331A 929 ","","E","D","O ","F ","D","N","C","070","0","0","2","","","1676888","6020952",
"Kaipara District","12/132/18.904","150","S"," ","LOGAN ST","201430555","28/01/2014","Tue","1110","GD","CS14","331A 927 ","","R","D","B ","F ","D","N","C","050","0","0","0","","","1678159","6021643",
"Kaipara District","12/132/19.568",""," ","I","HOKIANGA ROAD","201432111","15/03/2014","Sat","0905","AC","CN1CC","372A 381A ","M","R","W","O ","F ","X","G","C","050","0","0","0","","","1678343","6022213",
"Kaipara District","12/132/19.752",""," ","I","POTO ST","201435193","25/03/2014","Tue","1717","JA","CS1C","301B 375B ","","R","D","B ","F ","T","S","C","050","0","0","0","","","1678462","6022353",
"Kaipara District","12/153/8.753","1000","S"," ","BRADLEYS LANDING EAST ROA","201436680","27/04/2014","Sun","0549","CC","CN1","410A ","C","R","D","DN","F "," ","N","C","100","0","0","0","","","1683414","6015183",
"Kaipara District","12/169/2.866",""," ","I","BLONG ROAD","201410162","04/01/2014","Sat","1644","DA","CS1","131A ","T","M","D","B ","FS","T","G","C","100","0","0","1","","","1688468","6006804",
"Kaipara District","12/169/14.014","800","W"," ","TE KOWHAI ROAD","201435446","01/04/2014","Tue","1600","CB","CW1","102A 410A ","Z","R","D","B ","F "," ","N","C","100","0","0","0","","","1693801","6001541",
"Kaipara District","12/169/14.814",""," ","I","HODGSON ROAD","201435422","29/03/2014","Sat","0100","MO","VE1","101A 371A 385A ","V","R","D","DN","F ","X","G","C","100","0","0","0","","","1694533","6001863",
"Kaipara District","12/185/11.788","100","W"," ","BARLOW LANE","201436424","22/03/2014","Sat","1800","MG","CN1T","371B ","","R","D","BN","F "," ","G","C","100","0","0","0","","","1706757","6001502",
"Kaipara District","12/202/2.2","80","S"," ","NURSE CAVELL LANE","201410029","20/02/2014","Thu","0815","BF","4N1C","111A 131A 632A 801 ","ES","M","W","O ","L "," "," ","C","070","0","0","2","","","1712096","6003947",
"Kaipara District","12/202/10.88","20","W"," ","WHAKAPIRAU ROAD","201434195","14/04/2014","Mon","1725","DA","CW1","131A 801 ","C","M","W","DF","L "," "," ","C","100","0","0","0","","","1719837","6001662",
"Kaipara District","12/202/13.439",""," ","I","GORGE ROAD","201432504","18/01/2014","Sat","1450","LB","CN1C","301A 375A ","","E","D","B ","F ","T","S","C","050","0","0","0","","","1721895","6003016",
"Kaipara District","12/202/13.439",""," ","I","GORGE ROAD","201431435","19/02/2014","Wed","1510","LB","CE1C","361B ","","M","W","OF","L ","Y","N","C","050","0","0","0","","","1721895","6003016",
"Kaipara District","12/202/16.511","1000","E"," ","MOUNTAIN ROAD","201412888","09/03/2014","Sun","1715","CC","CW1","130A 358A 407A ","FT","R","D","B ","F "," "," ","C","100","0","1","1","","","1724540","6003921",
"Kaipara District","12/202/17.611","2100","E"," ","MOUNTAIN ROAD","201432640","14/03/2014","Fri","0520","CB","CE1","130A 410A ","F","R","D","DN","F "," ","N","C","100","0","0","0","","","1725531","6004398",
"Kaipara District","12/202/18.021","1300","W"," ","BRYNDERWYN ROAD","201430393","05/01/2014","Sun","1630","FD","CS1C","110A 181A ","","S","W","O ","F "," ","N","C","100","0","0","0","","","1725931","6004443",
"Kaipara District","12/202/20.837","100","W"," ","SH 1N","201410546","02/01/2014","Thu","1405","BF","CW14","103A 131A 358A ","S","M","D","BN","F "," ","N","C","100","0","0","2","","","1728662","6004328",
"Kaipara District","14/30/9.665","4200","E"," ","TANGOWAHINE VALLEY ROAD","201411763","26/03/2014","Wed","0704","DA","4W1","111A 131A 402A 801 ","FS","M","W","O ","F "," "," ","C","100","0","1","0","","","1687608","6030884",
"Kaipara District","14/44/7.575","1400","N"," ","AWAKINO POINT NORTH ROAD","201413147","09/05/2014","Fri","1804","CC","CS1","191A 195A 407A ","V","R","W","DF","  "," "," ","C","100","0","0","1","","","1680437","6026261",
"Kaipara District","1N/303/15.768","100","N"," ","SH 12","201411204","09/01/2014","Thu","1240","BE","CN1C","130A 350A 645A 901 ","","R","W","O ","H "," "," ","L","100","0","0","1","","","1728672","6004426",
"Kaipara District","1N/319/3.512","430","S"," ","BALDROCK ROAD","201437780","10/06/2014","Tue","0915","DB","CS1","111A 131A 901 ","S","E","W","O ","H "," "," ","L","100","0","0","0","","","1728829","6001185",
"Kaipara District","1N/319/4.488","350","N"," ","MOUNTAIN ROAD","201412469","17/04/2014","Thu","0750","BE","4N1CV","130A 901 903 ","","R","W","O ","HS"," "," ","L","100","0","0","4","","","1728638","6000237",
"Kaipara District","1N/319/6.854","1000","N"," ","KAIWAKA MANGAWHAI ROAD","201412859","26/01/2014","Sun","1920","DB","CS1","111A 131A 801 ","C","E","W","O ","L "," "," ","L","100","0","1","0","","","1729446","5998136",
"Kaipara District","1N/319/7.274","580","N"," ","KAIWAKA MANGAWHAI ROAD","201434424","18/04/2014","Fri","1350","GC","CN1V","174B 372B 929 ","T","R","D","B ","F ","D"," ","C","100","0","0","0","","","1729602","5997746",
"Kaipara District","1N/319/15.219","470","S"," ","ORUAWHARO ROAD","201435743","24/03/2014","Mon","1600","DB","CS1","131A 631A ","C","M","D","B ","F "," "," ","C","100","0","0","0","","","1732426","5991552",
"Kapiti Coast District","ARAWHATA ROAD","100","S"," ","TUTANEKAI ST","201436507","16/04/2014","Wed","1056","CB","CS1","130A 420A 524A ","F","R","D","B ","F "," "," ","C","050","0","0","0","","","1768972","5469582",
"Kapiti Coast District","AWANUI DRIVE","50","W"," ","PAPAWAI GROVE","201432546","05/02/2014","Wed","0840","CC","4E1","129A 410A ","","R","D","B ","F "," ","N","N","050","0","0","0","","","1773992","5474098",
"Kapiti Coast District","CONNELLY WAY","100","E"," ","TERRACE ROAD","201434744","18/04/2014","Fri","1200","MO","VE1C","371A ","M","R"," "," F","  "," ","N","N","050","0","0","0","","","1779019","5469303",
"Kapiti Coast District","GRAY AVENUE","250","W"," ","BEACHWATER GROVE","201412954","26/04/2014","Sat","1545","GC","MW1C","160A 929 ","","R","D","B ","F ","D","N","N","050","0","1","1","","","1767975","5471320",
"Kapiti Coast District","GUILDFORD DRIVE",""," ","I","TE ROTO DRIVE","201435279","19/04/2014","Sat","0005","DB","CE2","111A 131A ","K","S","D","DO","F ","T","N","C","050","0","0","0","","","1768680","5470078",
"Kapiti Coast District","HINEMOA ST",""," ","I","KAPITI ROAD","201435609","28/04/2014","Mon","1650","JA","CN1C","124B 302B 801 ","","S","W","O ","L ","T","G","P","050","0","0","0","","","1769151","5468604",
"Kapiti Coast District","KAPITI ROAD","15","S"," ","ARKO PLACE","201434795","12/04/2014","Sat","1122","FD","CS1VCC","331A 363A ","","R","D","BF","F "," ","N","P","050","0","0","0","","","1768160","5469851",
"Kapiti Coast District","KAPITI ROAD",""," ","I","HINEMOA ST","201436256","07/05/2014","Wed","1550","JA","CN2V","302A 357A ","","R","D","O ","F ","T","G","C","050","0","0","0","","","1769151","5468604",
"Kapiti Coast District","KAPITI ROAD",""," ","I","HOWELL ROAD","201411892","25/02/2014","Tue","1640","JA","MN1C","302B 375B ","","E","D","BF","F ","T","G","C","050","0","1","0","","","1767032","5471253",
"Kapiti Coast District","KAPITI ROAD",""," ","I","LANGDALE AVENUE","201432113","14/03/2014","Fri","1010","JC","CW1C","302A ","","R","D","B ","F ","T","G","C","070","0","0","0","","","1767794","5470281",
"Kapiti Coast District","KAPITI ROAD",""," ","I","MILNE DRIVE","201433860","08/04/2014","Tue","1020","JC","CE2M","302A ","","E","W","O ","L ","X","G","R","050","0","0","0","","","1768289","5469669",
"Kapiti Coast District","KAPITI ROAD","150","W"," ","RIMU ROAD","201411845","24/03/2014","Mon","1510","FD","CW1CC","331A ","","R","D","BF","F "," ","N","C","050","0","0","2","","","1768805","5468942",
"Kapiti Coast District","KAPITI ROAD","20","W"," ","TE ROTO DRIVE","201434793","01/04/2014","Tue","1759","FE","CN1CC","331A 410A ","","R","D","BF","F "," ","T","R","050","0","0","0","","","1768242","5469735",
"Kapiti Coast District","LUPIN ROAD","50","W"," ","TAMIHANA ST","201437564","31/05/2014","Sat","1015","MA","CE1C","373B ","","R","D","B ","F "," "," ","N","050","0","0","0","","","1780805","5486711",
"Kapiti Coast District","MACLEAN ST","25","E"," ","MARINE PARADE","201435611","30/04/2014","Wed","1015","MO","CE1","371A 671A ","X","R","D","B ","F "," "," ","C","030","0","0","0","","","1766768","5471132",
"Kapiti Coast District","MAIN ST","15","W"," ","AOTAKI ST","201434401","17/04/2014","Thu","1140","EE","CW1C","374B ","M","R","D","B ","F "," "," ","C","050","0","0","0","","","1780678","5486466",
"Kapiti Coast District","MARGARET ROAD",""," ","I","RAUMATI ROAD","201434761","26/04/2014","Sat","1641","MO","CE2","133A 423A ","H","R","D","BF","F ","T","N","C","050","0","0","0","","","1766854","5468365",
"Kapiti Coast District","MATATUA ROAD",""," ","I","RAUMATI ROAD","201434141","12/04/2014","Sat","1400","JA","CS1C","302B 375B ","","E","D","B ","F ","T","G","X","050","0","0","0","","","1766831","5468375",
"Kapiti Coast District","MAZENGARB ROAD",""," ","I","MICHAEL ROAD","201433462","05/03/2014","Wed","1343","HA","CN1C","302B 335B 375B ","","R","W","OF","H ","T","G","C","050","0","0","0","","","1768435","5472204",
"Kapiti Coast District","MAZENGARB ROAD",""," ","I","RATANUI ROAD","201413824","19/06/2014","Thu","1825","JA","CS1C","301B 378B 832 ","","R","D","DO","F ","T","S","L","050","0","0","1","","","1769154","5471057",
"Kapiti Coast District","MENIN ROAD","20","W"," ","MATAI ROAD","201411895","11/03/2014","Tue","1152","EA","CE1T","129A 358A ","M","R","D","BF","F "," ","N","C","050","0","0","1","","","1767134","5467372",
"Kapiti Coast District","MILL ROAD","20","W"," ","MILLHAVEN PLACE","201433758","31/03/2014","Mon","1515","FC","CE1C","331A 359A ","","R","D","B ","F "," "," ","X","050","0","0","0","","","1781765","5485863",
"Kapiti Coast District","OCEAN ROAD",""," ","I","SEAVIEW ROAD","201410436","31/01/2014","Fri","1529","HA","CS2C","301A ","","R","D","B ","F ","X","S","C","050","0","0","1","","","1766773","5470881",
"Kapiti Coast District","OCEAN ROAD",""," ","I","SEAVIEW ROAD","201433104","21/03/2014","Fri","1853","HA","CS2C","321A ","","R","D","B ","F ","X","S","C","050","0","0","0","","","1766773","5470881",
"Kapiti Coast District","ONO ST",""," ","I","RANGIHIROA ST","201431498","28/02/2014","Fri","2050","DA","CN1","101A 131A 632A ","TX","E","D","DO","F ","Y","N","C","050","0","0","0","","","1770785","5474186",
"Kapiti Coast District","OTAKI GORGE ROAD","10000","E"," ","SH 1N","201430831","11/01/2014","Sat","0615","BC","VW1V","111A 121A ","","E","D","ON","F "," ","N","N","080","0","0","0","","","1786740","5476989",
"Kapiti Coast District","OTAKI GORGE ROAD","700","N"," ","TE HORO-HAUTERE CROSS ROA","201410082","22/01/2014","Wed","2130","DA","CN1","111A 131A 801 ","T","E","W","TN","L "," "," ","C","100","0","1","0","","","1782721","5481405",
"Kapiti Coast District","PAEKAKARIKI HILL ROAD","2000","N"," ","SH 1N","201437647","23/05/2014","Fri","1250","AC","CS1C","159A 381A 904 ","","S","D","O ","M "," "," ","C","060","0","0","0","","","1763628","5459597",
"Kapiti Coast District","PAEKAKARIKI HILL ROAD","2000","S"," ","SH 1N","201433744","03/04/2014","Thu","1816","BC","TS1C","129A 818 ","","S","D","B ","F "," "," ","C","100","0","0","0","","","1763628","5459597",
"Kapiti Coast District","PARATA ST","50","N"," ","CRANBROOK GROVE","201435612","21/04/2014","Mon","1008","MO","CS1CCC","130A 420A 507A ","MPX","M","D","B ","F "," "," ","N","030","0","0","0","","","1774412","5473671",
"Kapiti Coast District","PUKEKO ST","40","N"," ","LINWOOD DRIVE","201430735","16/02/2014","Sun","0330","EA","CN1C","129A ","M","R","D","DO","F "," ","N","C","050","0","0","0","","","1769445","5470035",
"Kapiti Coast District","RAUMATI ROAD",""," ","I","RIMU ROAD","201430736","25/01/2014","Sat","0920","HA","CS2C","302A 375A ","","R","D","ON","F ","R","G","R","050","0","0","0","","","1767948","5467709",
"Kapiti Coast District","REIKORANGI ROAD","380","S"," ","ELIZABETH ST","201412522","20/04/2014","Sun","1210","DB","CS1","131A ","T","E","D","B ","F "," "," ","C","100","0","0","1","","","1774678","5471617",
"Kapiti Coast District","RIMU ROAD",""," ","I","IHAKARA ST","201433106","07/03/2014","Fri","1435","HA","CS1CCC","302A ","MP","R","D","B ","F ","R","G","R","050","0","0","0","","","1768406","5468328",
"Kapiti Coast District","RIVERBANK ROAD",""," ","I","AOTAKI ST","201437611","10/04/2014","Thu","2005","BF","MS2C","111A 131A 602A ","","M","D","DO","F ","T","G","C","050","0","0","0","","","1780208","5485655",
"Kapiti Coast District","RIVERBANK ROAD","100","N"," ","MIRO ST S","201430728","11/02/2014","Tue","0840","MB","VN1C","303B 375B ","","R","D","OF","F "," ","N","C","070","0","0","0","","","1780594","5485292",
"Kapiti Coast District","ROSETTA ROAD","200","S"," ","MYRTLE LANE","201432355","05/02/2014","Wed","1140","GB","VS1C","158A 929 ","","R","D","B ","F ","D","N","C","050","0","0","0","","","1766575","5467676",
"Kapiti Coast District","ROSETTA ROAD","70","S"," ","TIROMOANA ROAD","201434088","22/04/2014","Tue","1230","KA","CS1T","308B 929 ","","R","D","O ","F ","D","N","C","050","0","0","0","","","1766415","5466746",
"Kapiti Coast District","SH 1N","730","S"," ","AMES ST","201436019","04/02/2014","Tue","0740","FD","VS1V","181A ","","R","D","OF","F "," ","N","L","080","0","0","0","","","","",
"Kapiti Coast District","SHEFFIELD ST","5","S"," ","TE ROTO DRIVE","201431325","27/02/2014","Thu","1050","MG","CN1C","371B ","","R","D","BF","F ","T","G","C","050","0","0","0","","","1768417","5469854",
"Kapiti Coast District","TE HORO BEACH ROAD",""," ","I","PUKENAMU ROAD","201411229","03/01/2014","Fri","1720","BF","CW1C","131A 402A 801 ","","M","W","B ","L ","T","G","C","080","0","0","1","","","1776744","5482062",
"Kapiti Coast District","TE MITI ST","50","W"," ","TILLEY ROAD","201430113","06/02/2014","Thu","","CC","CN1C","133A 433A ","M","R","D","DO","F "," "," ","C","050","0","0","0","","","1765145","5461761",
"Kapiti Coast District","TE MOANA ROAD","80","W"," ","RICHMOND AVENUE","201438104","25/04/2014","Fri","1820","DB","CE1","111A 131A ","FH","M","D","DO","F "," ","N","C","050","0","0","0","","","1772358","5472746",
"Kapiti Coast District","TE MOANA ROAD","20","E"," ","SH 1N","201412205","15/04/2014","Tue","2110","PO","4W1E","371A 830 ","","R","D","TO","F "," ","N","N","050","0","0","1","81","","1773927","5472655",
"Kapiti Coast District","TE ROTO ROAD","270","W"," ","RAHUI ROAD","201431484","23/02/2014","Sun","1622","MD","VE1C","373B 929 ","","R","D","B ","F ","D","N","N","050","0","0","0","","","1782363","5485091",
"Kapiti Coast District","WAERENGA ROAD","10","E"," ","AOTAKI ST","201431773","04/02/2014","Tue","1400","GA","CS1C","350A 386A 423B 929 ","","R","D","ON","F ","D"," ","C","050","0","0","0","","","1780576","5486168",
"Kapiti Coast District","Z BEACH WAITOHU","2000","N"," ","OLD COACH ROAD NORTH","201412822","08/03/2014","Sat","","CO","MN1","130A 350A ","","R","W","TN","F "," "," ","N","100","0","1","0","","","1780005","5490696",
"Kapiti Coast District","Z CPK WAIKANAE COUN/LODGE","60","W"," ","MAPLE LANE","201410206","06/01/2014","Mon","1525","MO","CW1EE","371A 930 ","","R","D","B ","F ","D","N","N","010","0","1","1","","","1773034","5472502",
"Kapiti Coast District","1N/995/1.399","150","W"," ","FOREST LAKES ROAD","201434768","04/03/2014","Tue","2105","GD","TN1C","387A 929 ","","E","W","DO","H ","D","N","L","100","0","0","0","","","1784547","5488103",
"Kapiti Coast District","1N/995/3.553","250","S"," ","TAYLORS ROAD","201437961","07/06/2014","Sat","1739","DA","CN1","134A 330A ","F","E","W","DN","F "," ","N","C","100","0","0","0","","","1782893","5486866",
"Kapiti Coast District","1N/995/4.589","30","S"," ","TE MANUAO ROAD","201411848","17/03/2014","Mon","1609","CB","CN1","504A ","FP","R","D","BF","F "," ","N","C","050","0","0","1","","","1782584","5485957",
"Kapiti Coast District","1N/995/4.619","60","S"," ","TE MANUAO ROAD","201430653","09/02/2014","Sun","1744","CC","CS1","410A 423A ","","R","D","B ","F "," ","N","C","050","0","0","0","","","1782564","5485935",
"Kapiti Coast District","1N/995/5.183",""," ","I","RAHUI ROAD","201412392","27/03/2014","Thu","0822","HA","4N1C","302A 375A ","","R","D","B ","F ","R","G","R","050","0","0","2","","","1782124","5485602",
"Kapiti Coast District","1N/995/5.207",""," ","I","MILL ROAD","201432951","03/01/2014","Fri","1920","HA","CN1C","302A 375A ","","S","D","O ","F ","R","G","R","050","0","0","0","","","1782114","5485591",
"Kapiti Coast District","1N/995/5.207",""," ","I","MILL ROAD","201412815","08/04/2014","Tue","2025","HA","TN1C","302A 375A ","","E","D","DO","F ","R","G","C","050","0","0","1","","","1782114","5485591",
"Kapiti Coast District","1N/995/5.232","25","S"," ","RAHUI ROAD","201430166","02/01/2014","Thu","1405","AA","4S1C","184A ","","R","D","BF","F "," "," ","C","050","0","0","0","","","1782099","5485572",
"Kapiti Coast District","1N/995/5.774",""," ","I","WAERENGA ROAD","201435137","22/03/2014","Sat","1050","JA","CN1C","302B 375B ","","R","D","B ","F ","T","G","C","050","0","0","0","","","1781721","5485183",
"Kapiti Coast District","1N/995/6.62",""," ","I","RIVERBANK ROAD","201412602","28/03/2014","Fri","1356","JA","4N1C","301B 375B ","","E","D","BF","F ","T","S","C","070","0","0","1","","","1781088","5484649",
"Kapiti Coast District","1N/995/7.642",""," ","I","ADDINGTON ROAD","201413378","30/05/2014","Fri","1429","GD","CS1C","333A 350A ","","R","D","B ","F ","T","G","L","100","0","0","2","","","1780666","5483723",
"Kapiti Coast District","1N/995/10.878","30","S"," ","SCHOOL ROAD","201413063","23/03/2014","Sun","0809","JA","VN1C","104B 308B 929 ","","E","D","BF","F ","D","N","L","080","0","1","0","","","1778921","5480999",
"Kapiti Coast District","1N/1012/1.4","1400","S"," ","PEKA PEKA ROAD","201431495","28/02/2014","Fri","1203","DB","CN1","131A ","G","E","D","OF","F "," ","N","P","100","0","0","0","","","1775711","5475512",
"Kapiti Coast District","1N/1012/3.361","450","N"," ","HEMI ST","201432527","01/02/2014","Sat","1250","FD","CS1C4C","132A 181A ","","R","D","B ","F "," ","N","C","100","0","0","0","","","1774681","5473845",
"Kapiti Coast District","1N/1012/4.762",""," ","I","TE MOANA ROAD","201430347","10/01/2014","Fri","1400","FA","4S1C","132A 150A ","","R","D","B ","F ","T","T","C","050","0","0","0","","","1773947","5472653",
"Kapiti Coast District","1N/1012/4.762",""," ","I","TE MOANA ROAD","201430315","12/01/2014","Sun","0805","FE","CS1V","181A 350A ","","R","D","B ","F ","T","T","C","080","0","0","0","","","1773947","5472653",
"Kapiti Coast District","1N/1012/4.762",""," ","I","TE MOANA ROAD","201410135","22/01/2014","Wed","1817","LB","MN1C","303B 375B 404B ","","R","D","O ","F ","T","T","R","050","0","0","1","","","1773947","5472653",
"Kapiti Coast District","1N/1012/6.935","850","W"," ","KEBBELL DRIVE","201413742","06/06/2014","Fri","1615","FD","VN1M","181A ","","R","D","BF","F "," ","N","P","080","0","0","1","","","1772265","5471495",
"Kapiti Coast District","1N/1012/7.085","1000","W"," ","KEBBELL DRIVE","201432332","01/02/2014","Sat","1130","FD","CW1CCC","181A 331A 181B 181C ","","R","D","B ","F "," "," ","P","080","0","0","0","","","1772145","5471404",
"Kapiti Coast District","1N/1012/7.305","860","N"," ","OTAIHANGA ROAD","201413148","19/05/2014","Mon","1417","CB","TS1","410A ","P","R","D","B ","F "," "," ","C","080","0","0","1","","","1771970","5471272",
"Kapiti Coast District","1N/1012/8.665","500","S"," ","OTAIHANGA ROAD","201432789","26/02/2014","Wed","1510","FD","4N1C","112A 331A ","","R","D","B ","F "," "," ","C","080","0","0","0","","","1770957","5470670",
"Kapiti Coast District","1N/1023/0.279","330","W"," ","HINEMOA ST","201434794","18/04/2014","Fri","0415","CB","4S1","129A 410A ","T","R","D","DO","F "," ","N","C","050","0","0","0","","","1769244","5468984",
"Kapiti Coast District","1N/1023/0.475","170","N"," ","KAPITI ROAD","201435457","14/04/2014","Mon","2015","AA","VN1C","372A ","","R","D","DO","F "," ","N","P","050","0","0","0","","","1769132","5468824",
"Kapiti Coast District","1N/1023/0.615","30","N"," ","KAPITI ROAD","201413352","23/03/2014","Sun","1636","JA","CS14","314B 377B 922 ","","R","D","B ","F ","D"," ","C","050","0","0","2","","","1769054","5468708",
"Kapiti Coast District","1N/1023/0.625","20","N"," ","KAPITI ROAD","201432220","19/02/2014","Wed","0930","AA","VN1V","184A 184B ","","R","D","B ","F "," "," ","C","050","0","0","0","","","1769048","5468699",
"Kapiti Coast District","1N/1023/0.64","5","N"," ","KAPITI ROAD","201436574","27/05/2014","Tue","0655","FE","CS1C","331A ","","R","D","DO","F ","X","T","C","050","0","0","0","","","1769040","5468687",