"TLA NAME","CRASH ROAD","CRASH DIST","CRASH DIRN","INTSN","SIDE ROAD","CRASH ID","CRASH DATE","CRASH DOW","CRASH TIME","MVMT","VEHICLES","CAUSES","OBJECTS STRUCK","ROAD CURVE","ROAD WET","LIGHT","WTHRa","JUNC TYPE","TRAF CTRL","ROAD MARK","SPD LIM","CRASH FATAL CNT","CRASH SEV CNT","CRASH MIN CNT","PERS AGE1","PERS AGE2","EASTING","NORTHING"
"Kapiti Coast District","1N/1023/0.645",""," ","I","KAPITI ROAD","201430074","15/02/2014","Sat","1845","LB","CW2V","322A ","","R","D","BF","F ","X","T","C","050","0","0","0","","","1769037","5468683",
"Kapiti Coast District","1N/1023/0.695","50","S"," ","KAPITI ROAD","201434955","14/03/2014","Fri","1545","FD","CN1V","181A ","","R","D","BF","F "," ","N","R","050","0","0","0","","","1769009","5468641",
"Kapiti Coast District","1N/1023/2.284","200","S"," ","RAUMATI ROAD","201431748","25/01/2014","Sat","2200","LB","MN1V","303B 375B 929 ","","R","D","DN","F ","D"," ","C","100","0","0","0","","","1768234","5467265",
"Kapiti Coast District","1N/1023/3.127","20","N"," ","LEINSTER AVENUE","201438162","25/05/2014","Sun","0135","CB","4S1C","410A ","Q","R","D","DO","F "," ","N","C","100","0","0","0","","","1767967","5466464",
"Kapiti Coast District","1N/1023/3.6",""," ","I","POPLAR AVENUE","201435615","03/04/2014","Thu","1115","FB","CE2C","331A 387A ","","M","D","O ","F ","T","G","C","050","0","0","0","","","1767821","5466015",
"Kapiti Coast District","1N/1023/8.077","2600","N"," ","BEACH ROAD","201435278","12/04/2014","Sat","0330","CA","CS1","410A ","G","R","D","DO","F "," "," ","C","100","0","0","0","","","1766381","5461832",
"Kapiti Coast District","1N/1023/9.677","1000","N"," ","BEACH ROAD","201412301","24/02/2014","Mon","1706","DA","CN1","410A ","F","E","D","B ","F "," "," ","L","080","0","0","1","","","1764992","5461301",
"Kapiti Coast District","1N/1023/10.677",""," ","I","BEACH ROAD","201412619","18/01/2014","Sat","1802","CC","MN1","101A 129A ","I","R","D","BF","F ","T","S","R","070","0","1","1","","","1764246","5460672",
"Kapiti Coast District","1N/1035/1","1000","S"," ","PAEKAKARIKI HILL ROAD","201413027","06/05/2014","Tue","1729","FD","VN1C","331A 353A ","","R","D","DN","F "," ","N","C","010","0","0","1","","","1763095","5459415",
"Kapiti Coast District","1N/1035/1.702","1600","S"," ","AMES ST","201438105","02/04/2014","Wed","1614","DB","CN1","129A 350A ","G","E","D","BN","F "," ","N","N","080","0","0","0","","","1762517","5459019",
"Kawerau District","PLUNKET ST","200","W"," ","ISLINGTON ST","201411824","29/03/2014","Sat","1455","NA","CE1E","713B ","","E","D","BF","F "," ","N","C","050","0","0","1","10","","1924531","5778152",
"Kawerau District","34/15/3.04","5","W"," ","FLETCHER AVENUE","201412554","30/04/2014","Wed","1831","FE","CE1C","331A 355A ","","R","D","TO","F ","X","T","R","070","0","0","2","","","1925859","5778939",
"Kawerau District","34/15/5.545","100","N"," ","VALLEY ROAD","201436359","01/03/2014","Sat","1500","CB","CS1","410A ","","R","D","BF","F "," ","N","C","070","0","0","0","","","1923693","5778656",
"Mackenzie District","CLAYTON ROAD","1420","S"," ","KERR ROAD","201410058","23/01/2014","Thu","1430","FA","CS1V","331A 358A ","","R","D","B ","F "," "," ","C","100","0","0","2","","","1426269","5116491",
"Mackenzie District","GODLEY PEAKS ROAD","1800","N"," ","SH 8","201410702","23/02/2014","Sun","1400","BB","CN1C","123A 410A ","","M","D","B ","F "," ","N","N","100","0","0","1","","","1395683","5126205",
"Mackenzie District","HAKATARAMEA PASS ROAD","11000","S"," ","HALDON ROAD","201412223","21/02/2014","Fri","1520","CC","MN1","110A 138A 330A ","","R","D","BN","F "," ","N","N","100","0","0","1","","","1405414","5093847",
"Mackenzie District","LAKE ALEXANDRINA ROAD","300","W"," ","GODLEY PEAKS ROAD","201411086","16/01/2014","Thu","1300","DB","CW1","110A 138A ","C","E","D","B ","F "," "," ","N","100","0","0","1","","","1397355","5131797",
"Mackenzie District","SH 8 CENTRAL ENTRANCE","210","N"," ","DOMAIN ROAD","201435463","11/03/2014","Tue","1220","BC","CW1C","121A ","","M","D","BN","F "," "," ","N","030","0","0","0","","","1397754","5124514",
"Mackenzie District","SPUR ROAD","200","W"," ","ROCKWOOD ROAD","201434262","02/02/2014","Sun","1600","CB","CW1","103A 112A 138A ","C","R","D","B ","F "," "," ","N","100","0","0","0","","","1435939","5107992",
"Mackenzie District","Z CPK LAKE PUKAKI","100","N"," ","SH 8","201412139","30/04/2014","Wed","1457","NA","CN1E","194A 711B 927 ","","E","D","B ","F ","D","N","N","030","0","0","1","44","","1372282","5103700",
"Mackenzie District","79/46/4.951","2100","N"," ","MOUNT MICHAEL ROAD","201431199","23/02/2014","Sun","1615","DB","ME1","111A ","C","S","D","B ","F "," ","N","C","100","0","0","0","","","1432070","5120475",
"Mackenzie District","79/46/5.851","1200","N"," ","MOUNT MICHAEL ROAD","201435696","16/04/2014","Wed","1337","DA","CS1","111A 131A 404A 801 ","G","S","W","O ","L "," "," ","C","100","0","0","0","","","1431477","5120406",
"Mackenzie District","8/57/10.234","100","W"," ","STONELEIGH ROAD","201435676","05/04/2014","Sat","0030","EC","CW1","195A 801 904 915 ","W","R","W","DN","M "," "," ","C","100","0","0","0","","","1418901","5122025",
"Mackenzie District","8/73/7.1","2000","E"," ","BURKES PASS SUMMIT","201410707","03/03/2014","Mon","1009","CC","CW1","198A ","V","R","D","O ","F "," ","N","C","100","0","0","1","","","1410082","5115217",
"Mackenzie District","8/73/8.884","3140","E"," ","HALDON ROAD","201413319","10/05/2014","Sat","1114","DA","TE1","410A ","C","M","D","B ","F "," "," ","C","100","0","0","1","","","1408309","5115319",
"Mackenzie District","8/73/11.624","400","N"," ","HALDON ROAD","201430515","01/01/2014","Wed","1500","DB","CS1","131A 404A 410A ","C","M","D","O ","F "," "," ","C","100","0","0","0","","","1405650","5114879",
"Mackenzie District","8/85/0",""," ","I","HALDON ROAD","201400084","17/04/2014","Thu","1715","DA","CS1","111A 131A 407A 632A 901 ","T","M","W","TN","H ","T","G","C","100","1","0","2","","","1405390","5114576",
"Mackenzie District","8/85/8.933","2000","N"," ","EDWARD STM BR","201434782","18/04/2014","Fri","1703","QG","CS1","111A 687A ","","E","W","ON","L "," ","N","C","100","0","0","0","","","1400345","5120460",
"Mackenzie District","8/85/12.382","50","S"," ","LAKE TEKAPO REST AREA","201434886","21/03/2014","Fri","1400","GA","CS1V","333A 352A 926 ","","R","D","BN","F ","D","N","C","100","0","0","0","","","1399691","5123710",
"Mackenzie District","8/99/2.313",""," ","I","GODLEY PEAKS ROAD","201430180","28/01/2014","Tue","1045","GD","4W1V","331A 361A ","","R","D","B ","F ","T","G","C","100","0","0","0","","","1395955","5124734",
"Mackenzie District","8/99/17.132",""," ","A","IRISHMAN CRK BR","201433660","11/04/2014","Fri","","DB","VS1","410A ","","E","D","O ","F "," "," ","C","100","0","0","0","","","1387763","5114966",
"Mackenzie District","8/99/17.658","10000","N"," ","MARY BURN BR","201400059","23/03/2014","Sun","1445","AB","CN1T","156A 378A 831 ","","E","D","B ","F "," "," ","C","100","1","0","0","","","1387954","5114483",
"Mackenzie District","8/118/3.565","5000","S"," ","IRISHMAN CRK BR","201436966","09/05/2014","Fri","0855","BA","CN1C","129A 197B 904 ","F","R","W","O ","M "," "," ","C","100","0","0","0","","","1387973","5110062",
"Mackenzie District","8/131/11.323","4000","S"," ","HAYMAN ROAD","201432650","05/03/2014","Wed","1400","DA","CS1","129A ","EF","M","D","O ","F "," ","N","C","100","0","0","0","","","1374260","5104800",
"Mackenzie District","8/146/8.549",""," ","I","RUATANIWHA ROAD","201432144","27/01/2014","Mon","1320","LB","CN1C","303B 375B ","","R","D","B ","F ","T","G","P","100","0","0","0","","","1368934","5095161",
"Mackenzie District","80/0/1","1000","W"," ","SH 8","201410825","03/02/2014","Mon","1505","DB","CS1","104A 131A 412A ","","E","D","B ","F "," "," ","C","100","0","0","3","","","1369466","5103913",
"Mackenzie District","80/0/11.833",""," ","A","PETERS LOOKOUT","201430365","16/01/2014","Thu","1133","CB","CN1","404A 410A ","V","R","D","B ","FS"," ","N","C","100","0","0","0","","","1370656","5114190",
"Mackenzie District","80/17/11.193",""," ","A","WHALE STM BR","201430686","31/01/2014","Fri","1530","CB","CS1","129A 410A ","E","R","D","B ","F "," ","N","C","100","0","0","0","","","1369709","5129067",
"Mackenzie District","80/35/1.02","90","N"," ","GLENTANNER PARK ACCESS","201431065","17/02/2014","Mon","1400","CB","CN1","130A 410A ","E","R","D","B ","FS"," ","N","C","100","0","0","0","","","1368881","5133999",
"Manawatu District","ARANUI ROAD","640","W"," ","MCKENZIE SETTLEMENT ROAD","201430655","24/01/2014","Fri","0615","CB","CE1","129A 134A ","F","R","D","TF","F "," ","N","C","100","0","0","0","","","1814549","5532767",
"Manawatu District","AWAHURI FEILDING ROAD","400","S"," ","LEES ROAD","201432473","22/02/2014","Sat","1008","CC","CS1","136A 650A ","V","R","D","B ","F "," ","N","L","100","0","0","0","","","1815803","5541925",
"Manawatu District","AWAHURI FEILDING ROAD","5","N"," ","SH 3","201432970","07/03/2014","Fri","1600","FB","4S1C","331A 387A ","","R","D","O ","F ","X","G","C","050","0","0","0","","","1813571","5539177",
"Manawatu District","AWAHURI FEILDING ROAD",""," ","I","STEWART ROAD","201432471","15/02/2014","Sat","0900","FA","4S1C","331A 358A ","","E","D","BF","F ","Y","N","C","100","0","0","0","","","1815442","5541165",
"Manawatu District","BEATTIE ST","50","S"," ","CAMDEN ST","201432354","26/01/2014","Sun","2300","DA","CN1","131A 197A ","P","M","W","DO","L "," "," ","C","050","0","0","0","","","1817983","5544957",
"Manawatu District","CAMPBELL ROAD","200","E"," ","NANNESTADS LINE","201431941","15/03/2014","Sat","2117","CC","CE1","103A 130A ","V","R","W","DN","L "," ","N","C","100","0","0","0","","","1822397","5539076",
"Manawatu District","CHURCH ST",""," ","I","GREY ST","201434074","14/04/2014","Mon","0950","HA","CN1C","302B 375B ","","R","W","O ","F ","X","G","C","050","0","0","0","","","1818199","5544477",
"Manawatu District","COLYTON ROAD","200","N"," ","GROVE ROAD","201434051","06/04/2014","Sun","2025","CC","CS1","137A 195A ","FTV","R","D","DN","F "," ","N","C","100","0","0","0","","","1833255","5538298",
"Manawatu District","COLYTON ROAD","400","N"," ","OLD KIPS ROAD","201400106","30/04/2014","Wed","1500","CC","CS1","130A 410A 504A ","TV","R","D","B ","F "," "," ","C","100","1","0","0","","","1832520","5538818",
"Manawatu District","DENBIGH ST",""," ","I","BAILEY ST","201410171","16/01/2014","Thu","1000","HA","CN1C","302B ","","R","D","O ","F ","X","G","C","050","0","0","1","","","1818779","5544159",
"Manawatu District","DUNOLLY ROAD","250","S"," ","NITSCHKE ROAD","201413701","24/05/2014","Sat","1809","NA","4E1E","713B 929 ","","R","W","DN","HS"," ","N","N","100","0","1","0","13","","1822266","5561586",
"Manawatu District","FRASER DRIVE","110","W"," ","LOGAN GROVE","201435139","07/04/2014","Mon","2310","DA","CN1","101A 111A ","CF","M","W","DO","L "," ","N","N","050","0","0","0","","","1817967","5546545",
"Manawatu District","HALCOMBE ROAD","850","S"," ","FERGUSSON ROAD S","201412088","14/04/2014","Mon","1740","DB","CS1","134A 195A ","C","E","W","TN","FF"," ","N","C","100","0","0","1","","","1813231","5551646",
"Manawatu District","HALCOMBE ROAD",""," ","A","HILL ROAD","201437613","24/05/2014","Sat","1054","DA","CW1","131A 330A 801 ","F","M","W","O ","L "," "," ","C","100","0","0","0","","","1817089","5545958",
"Manawatu District","HALCOMBE ROAD",""," ","I","MANAGHS ROAD","201433720","18/03/2014","Tue","1355","DA","TS1","111A 131A ","BCF","M","D","B ","F ","T","G","L","100","0","0","0","","","1813863","5549918",
"Manawatu District","HALCOMBE ROAD","500","S"," ","MOUNT TAYLOR DRIVE","201412089","17/04/2014","Thu","1115","DA","CN1","110A 134A ","P","M","W","O ","L "," ","N","C","070","0","0","1","","","1817109","5545958",
"Manawatu District","HALCOMBE ROAD",""," ","I","STEWART ST","201410136","02/01/2014","Thu","1140","LB","CN1C","191A 303B 375B 929 ","","R","D","O ","F ","D","N","C","050","0","0","1","","","1812225","5553561",
"Manawatu District","HEATHERLEA HEIGHTS",""," ","I","TAUPO TERRACE","201430730","09/02/2014","Sun","1140","JA","CE1C","300B ","","R","D","OF","F ","T","N","N","050","0","0","0","","","1818264","5546414",
"Manawatu District","HIGHWAY 56",""," ","I","HIMATANGI BLOCK ROAD","201436492","01/05/2014","Thu","0725","DA","CN2","111A 131A ","F","R","D","OF","M ","T","S","C","100","0","0","0","","","1802987","5523687",
"Manawatu District","HIGHWAY 56","300","E"," ","MAIN DRAIN ROAD","201433983","13/04/2014","Sun","2232","EC","TE1","912 ","W","E","W","DN","F "," ","N","C","100","0","0","0","","","1807688","5522425",
"Manawatu District","HIMATANGI BEACH ROAD","590","E"," ","KOPUTARA ROAD","201410018","06/02/2014","Thu","0140","DA","CN1","103A 111A 131A 402A ","F","E","D","DN","F "," "," ","C","100","0","1","0","","","1790860","5528343",
"Manawatu District","HURST ROAD","250","S"," ","WIGHTMAN ROAD","201400103","08/05/2014","Thu","","DB","CS1","130A 402A ","VZ","E","W","DN","  "," "," ","N","100","1","0","0","","","1804731","5548321",
"Manawatu District","KAIMATARAU ROAD","1380","W"," ","BANKS ROAD","201412513","23/04/2014","Wed","1800","CC","CE1","112A 130A 350A ","V","R","D","DN","F "," "," ","C","100","0","0","1","","","1804231","5535091",
"Manawatu District","KAIRANGA BUNNYTHORPE ROAD","30","S"," ","GILLESPIES LINE","201436193","08/05/2014","Thu","1351","CB","CN1","130A 402A ","V","R","W","O ","L "," "," ","C","100","0","0","0","","","1817421","5532529",
"Manawatu District","KAIRANGA BUNNYTHORPE ROAD","1000","E"," ","LONGBURN RONGOTEA ROAD S","201437816","07/05/2014","Wed","1219","CB","CE1","132A 351A ","","R","D","B ","F "," ","N","C","100","0","0","0","","","1815793","5531170",
"Manawatu District","KAWAKAWA ROAD","2040","S"," ","SOUTH ST","201412656","16/03/2014","Sun","1555","DA","CW1","131A 358A ","F","E","D","ON","F "," ","N","C","080","0","0","1","","","1817128","5541985",
"Manawatu District","LONGBURN RONGOTEA ROAD S",""," ","I","KAIRANGA BUNNYTHORPE ROAD","201434136","18/03/2014","Tue","0845","JA","CS1C","302B 375B ","","R","D","OF","F ","X","G","C","100","0","0","0","","","1815025","5530529",
"Manawatu District","MAKINO ROAD","170","S"," ","MCKAYS LINE","201434573","23/03/2014","Sun","1405","CC","CN1","410A ","F","R","D","BN","F "," ","N","C","100","0","0","0","","","1822509","5554293",
"Manawatu District","MANCHESTER ST",""," ","I","KIMBOLTON ROAD","201430613","23/01/2014","Thu","0510","LB","CW1C","302A 375A ","","E","W","DO","L ","R","G","R","050","0","0","0","","","1818187","5543987",
"Manawatu District","MANGAONE ROAD","1060","E"," ","VOGEL ST","201434086","17/04/2014","Thu","1259","DA","CE1","131A 804 ","","E","W","O ","F "," ","N","N","100","0","0","0","","","1814203","5552909",
"Manawatu District","MINGAROA ROAD","1250","N"," ","NGAIO ROAD","201435759","12/05/2014","Mon","1410","DA","TN1","111A 131A ","GZ","S","D","O ","F "," "," ","N","100","0","0","0","","","1807120","5550488",
"Manawatu District","MT STEWART HALCOMBE ROAD","550","N"," ","SANDON ROAD","201413756","04/05/2014","Sun","0300","DB","CN1","101A 131A ","P","M","D","DN","F "," ","N","C","100","0","1","0","","","","",
"Manawatu District","NGAIO ROAD","1620","E"," ","WILSON ROAD","201434572","16/03/2014","Sun","1825","CC","CW1","130A 351A ","","R","D","BN","F "," ","N","N","100","0","0","0","","","1808510","5548682",
"Manawatu District","NO 1 LINE LONGBURN","1100","W"," ","KARERE ROAD","201400013","21/01/2014","Tue","1730","CB","CW1","130A 407A 801 ","FVX","R","W","O ","L "," "," ","C","100","1","0","0","","","1812604","5526322",
"Manawatu District","NORTH ST",""," ","I","LETHBRIDGE ST","201412893","06/05/2014","Tue","0915","KB","CE1C","301B 375B 402B ","","R","D","B ","F ","X","S","C","050","0","1","0","","","1817983","5545433",
"Manawatu District","PHARAZYN ST","50","W"," ","NORTH ST","201437584","07/06/2014","Sat","1220","JA","CS1C","308B 377B 922 ","","R","D","O ","F ","D","N","N","050","0","0","0","","","1819830","5544983",
"Manawatu District","POHANGINA ROAD","1500","N"," ","NORTH ST","201433778","21/03/2014","Fri","1105","AA","VS1C","372A 197B ","","R","D","B ","F "," "," ","C","100","0","0","0","","","1834597","5539074",
"Manawatu District","POHANGINA ROAD","1000","N"," ","SPUR ROAD","201436783","08/05/2014","Thu","0735","CC","4S1","195A 402A ","","R","D","DN","F "," ","N","C","100","0","0","0","","","1835115","5541991",
"Manawatu District","POHANGINA VALLEY EAST ROA","930","N"," ","NO 3 LINE","201412501","15/04/2014","Tue","1445","BF","MW1C","111A 131A 402A ","","M","D","B ","F "," "," ","C","100","0","1","2","","","1838640","5547534",
"Manawatu District","POHANGINA VALLEY WEST ROA","1920","N"," ","KUKU ROAD","201438192","04/05/2014","Sun","1845","LB","CS14","103B 303B 929 ","","R","D","DN","F ","D","N","N","100","0","0","0","","","1839927","5550495",
"Manawatu District","POHANGIRA ROAD","2100","W"," ","WEKA ST","201437686","06/06/2014","Fri","0920","DA","CS1","138A 363A 407A 813 817 902 ","C","M","D","B ","F "," "," ","N","100","0","0","0","","","","",
"Manawatu District","RANGIWAHIA ROAD","20","S"," ","BLUFF ROAD","201432649","14/03/2014","Fri","0920","DA","TS1","131A 631A ","","M","D","B ","F "," ","N","C","100","0","0","0","","","1840730","5571157",
"Manawatu District","REID LINE EAST","790","S"," ","DIXONS LINE","201434431","23/03/2014","Sun","0710","DB","CS1","103A 111A 131A ","V","E","D","O ","F "," "," ","C","100","0","0","0","","","1827094","5539256",
"Manawatu District","REID LINE EAST","980","W"," ","DIXONS LINE","201435132","18/02/2014","Tue","1500","CB","CN1T","112A 132A 407A 443B ","Q","R","D","B ","F "," ","N","C","100","0","0","0","","","1825936","5540474",
"Manawatu District","SADDLE ROAD","1830","S"," ","POHANGINA BR","201413340","18/04/2014","Fri","2350","DA","VW1","111A 131A 403A 804 ","C","M","D","DN","F "," "," ","C","100","0","0","2","","","1836686","5536578",
"Manawatu District","SANDON ROAD","350","W"," ","HARPER MEWS","201437810","11/04/2014","Fri","0914","DA","VW1","129A 134A ","C","E","W","O ","L "," ","N","C","100","0","0","0","","","1816778","5544670",
"Manawatu District","VALLEY ROAD","800","E"," ","MIDLAND ROAD","201410075","07/01/2014","Tue","1528","DA","CW1","131A 133A ","F","E","W","O ","F "," "," ","C","100","0","1","0","","","1831439","5546576",
"Manawatu District","1N/927/0.086","30","N"," ","WIGHTMAN ROAD","201434475","27/03/2014","Thu","1049","MC","TS1C","371B 671B ","","R","D","B ","F "," "," ","P","100","0","0","0","","","1803338","5548317",
"Manawatu District","1N/927/0.155",""," ","I","TANGIMOANA ROAD","201411704","18/03/2014","Tue","1229","FD","CN1C","181A ","","R","D","B ","F ","T","S","L","100","0","0","1","","","1803352","5548249",
"Manawatu District","1N/927/1.175",""," ","I","PUKENUI ROAD","201436848","11/04/2014","Fri","0619","LB","VN1C","303B 387B 642B 904 ","","E","W","DN","M ","T","G","R","100","0","0","0","","","1803675","5547285",
"Manawatu District","1N/927/3.023",""," ","I","FAGAN ROAD","201437821","26/05/2014","Mon","1530","GD","CS14","137A 331A ","","R","D","B ","F ","T","G","L","100","0","0","0","","","1805059","5546096",
"Manawatu District","1N/932/1.2","1200","S"," ","DUNDAS ROAD","201400041","28/02/2014","Fri","1614","BE","CN14","129A 130A 197B ","","R","D","BN","F "," "," ","C","100","1","1","0","","","1805550","5544038",
"Manawatu District","1N/939/5.653","400","S"," ","MILNER ROAD","201400007","08/01/2014","Wed","0008","FD","TS1CT","112A 692A 692B 692C ","","R","D","DN","F "," ","N","C","100","2","0","2","","","1799570","5533778",
"Manawatu District","3/450/3.5","3500","S"," ","SH 1N","201437612","20/05/2014","Tue","1205","JA","4W1C","197A 308B 357B 370B 801 929 ","","E","W","O ","L ","D","N","C","100","0","0","0","","","1809365","5543418",
"Manawatu District","3/450/9.719","400","W"," ","AWAHURI FEILDING ROAD","201437585","09/06/2014","Mon","1053","GB","CN1C","158A 181A 929 ","","R","D","B ","F ","D","N","C","100","0","0","0","","","1813437","5539550",
"Manawatu District","3/450/14.34","1600","W"," ","ARANUI ROAD","201413062","27/03/2014","Thu","0355","GC","TN1C","174B 372B 929 ","","R","D","DN","F ","D","N","C","100","0","1","0","","","1815969","5535830",
"Manawatu District","54/17/0.005","50","N"," ","WAITUNA TAPUAE ROAD","201412655","12/04/2014","Sat","0720","DA","CN1","111A 131A ","","S","W","ON","L "," ","N","C","100","0","0","1","","","1825053","5564339",
"Manawatu District","54/17/4.02","5000","N"," ","MCKAYS LINE","201413188","17/01/2014","Fri","1020","DA","CN1","130A 402A 504A ","C","E","D","O ","F "," "," ","C","100","0","0","1","","","1824888","5560345",
"Manawatu District","54/17/7.008","130","N"," ","BEACONSFIELD VALLEY ROAD","201412873","09/05/2014","Fri","0800","DA","CS1","135A 800 804 ","CT","M","W","B ","F "," "," ","C","100","0","0","1","","","1825878","5557805",
"Manawatu District","54/17/8.92","100","N"," ","MCKAYS LINE","201412609","04/01/2014","Sat","2000","AC","CS1V","386A 430A ","VV","R","D","ON","F "," ","N","C","100","0","0","1","","","1824819","5556213",
"Manawatu District","54/17/18.513","300","N"," ","RIDDS ROAD","201413216","26/05/2014","Mon","0512","CA","CS1","135A 801 903 ","","R","W","DN","LS"," ","N","C","100","0","0","1","","","1823457","5548136",
"Manawatu District","54/17/20.853",""," ","I","COLYTON ROAD","201411973","24/03/2014","Mon","0830","JA","CW1C","302B 377B ","","R","D","BF","F ","T","G","C","100","0","0","3","","","1822141","5546239",
"Manawatu District","54/38/3.952",""," ","I","DENBIGH ST","201438189","15/05/2014","Thu","1255","HA","CE1V","302B 375B ","","R","D","BF","F ","X","G","C","050","0","0","0","","","1818713","5544272",
"Manawatu District","54/38/3.952",""," ","I","DENBIGH ST","201430762","10/02/2014","Mon","1050","HA","CN2C","302A 357A 377A 839 ","","R","D","OF","F ","X","G","R","050","0","0","0","","","1818713","5544272",
"Manawatu District","54/38/3.952",""," ","I","DENBIGH ST","201435138","08/04/2014","Tue","1230","HA","CS2C","302B 375B ","","R","W","O ","F ","X","G","R","050","0","0","0","","","1818713","5544272",
"Manawatu District","NORTH ROAD",""," ","I","54/38/4.287","201430238","10/01/2014","Fri","1130","AO","TN2C","386A ","","E","D","O ","F ","R","G","R","050","0","0","0","","","1818432","5544101",
"Manawatu District","CHURCH ST",""," ","I","KIMBOLTON ROAD","201434743","29/04/2014","Tue","1325","HA","CS1V","302A 375A ","","E","D","OF","F ","R","G","R","050","0","0","0","","","1818421","5544118",
"Manawatu District","54/38/4.534","5","E"," ","EYRE ST","201435133","05/03/2014","Wed","1420","MA","VS1C","387A 373B 503B ","","R","D","B ","F ","T","N","C","050","0","0","0","","","1818560","5543890",
"Manawatu District","54/38/5.259",""," ","I","EAST ST","201412823","01/03/2014","Sat","2145","DB","CS1","111A 131A 632A ","P","S","D","DO","F ","T","G","R","050","0","0","2","","","1818935","5543270",
"Manawatu District","54/38/6.815","250","N"," ","CAMERONS LINE","201411106","03/04/2014","Thu","1610","CC","CN1","130A 501A ","F","R","D","B ","F "," "," ","C","100","0","0","1","","","1819832","5542056",
"Manawatu District","54/38/7.065",""," ","I","WAUGHS ROAD","201436489","09/05/2014","Fri","0637","FB","VN1C","331A 353A ","","R","D","BN","F ","T","S","C","080","0","0","0","","","1819991","5541864",
"Manawatu District","MILSON LINE",""," ","I","KAIRANGA BUNNYTHORPE ROAD","201432306","29/01/2014","Wed","1735","LB","CN1C","303B ","","R","D","O ","F ","X","S","N","080","0","0","0","","","1820018","5534701",
"Manawatu District","56/11/4.937",""," ","I","TIAKITAHUNA ROAD","201411060","03/03/2014","Mon","0935","DA","CS1","133A 404A 801 ","PV","M","W","O ","L ","X","G","R","100","0","0","1","","","1812168","5524536",
"Manawatu District","56/11/6.082","1200","W"," ","KARERE ROAD","201434087","04/02/2014","Tue","1915","AD","CW1","125A 150A 407A ","CV","R","D","B ","F "," ","N","C","100","0","0","0","","","1813173","5525085",
"Manawatu District","56/11/8.409","200","W"," ","NGAIRE ST SOUTH","201434135","06/04/2014","Sun","1306","CC","CE1","130A 358A 402A ","TV","R","D","O ","F "," "," ","C","100","0","0","0","","","1815216","5526198",
"Marlborough District","ALABAMA ROAD","730","E"," ","DRY HILLS LANE","201437710","09/06/2014","Mon","1620","DA","VS1","131A 133A 801 ","P","M","W","ON","L "," "," ","C","080","0","0","0","","","1681922","5402273",
"Marlborough District","ALABAMA ROAD",""," ","I","REDWOOD ST","201435605","18/04/2014","Fri","0725","HA","VS2C","302A 370A ","","E","D","O ","F ","R","G","C","050","0","0","0","","","1680211","5402189",
"Marlborough District","ALABAMA ROAD",""," ","I","RILEY CRESCENT","201432140","22/03/2014","Sat","0700","CB","CE1","101A 112A ","P","R","D","DO","F ","T","N","C","050","0","0","0","","","1678939","5402114",
"Marlborough District","ALABAMA ROAD","100","W"," ","WELD ST","201410715","11/03/2014","Tue","1915","CB","CE1C","112A 410A 692A ","KM","R","D","BF","F "," ","N","C","050","0","0","1","","","1679544","5402146",
"Marlborough District","ALABAMA ROAD",""," ","I","WELD ST","201436632","05/05/2014","Mon","0840","HA","CW1S","302A 375A ","","R","W","O ","L ","R","G","C","050","0","0","0","","","1679644","5402151",
"Marlborough District","ALFRED ST","50","W"," ","HENRY ST","201410022","05/01/2014","Sun","0925","CB","VE1C","130A 504A ","CM","R","W","B ","F "," "," ","C","050","0","0","1","","","1679498","5404099",
"Marlborough District","ALFRED ST",""," ","I","HENRY ST","201432102","10/03/2014","Mon","0901","HA","CN2C","302A 350A ","","R","D","O ","F ","X","G","C","050","0","0","0","","","1679548","5404096",
"Marlborough District","ALFRED ST","5","W"," ","SH 1S","201435604","01/05/2014","Thu","1119","AC","VE1C","372A ","","R","D","B ","F ","R","G","C","050","0","0","0","","","1680048","5404089",
"Marlborough District","ALFRED ST",""," ","I","SH 1S","201438005","16/06/2014","Mon","1210","GF","BE1C","386A ","","S","D","B ","F ","R","G","P","050","0","0","0","","","","",
"Marlborough District","ANGLESEA ST","80","N"," ","BOYCE ST","201435779","19/05/2014","Mon","2250","EA","CN1C","129A ","M","R","D","DO","F "," "," ","N","050","0","0","0","","","1668421","5404140",
"Marlborough District","ARTHUR ST",""," ","I","MARKET ST","201436162","05/05/2014","Mon","0930","DA","CN2C","201A ","M","R","D","B ","L ","T","N","C","050","0","0","0","","","1679830","5403778",
"Marlborough District","ARTHUR ST",""," ","I","SEYMOUR ST","201437923","12/06/2014","Thu","1530","HA","4W14","302A 375A ","","R","D","B ","F ","X","G","C","050","0","0","0","","","1679643","5403789",
"Marlborough District","BEACH ROAD","200","N"," ","MARINA DRIVE","201430717","04/02/2014","Tue","1400","EA","CN1C","129A ","M","R","D","BF","F "," ","N","C","050","0","0","0","","","1686924","5430911",
"Marlborough District","BROADWAY","15","W"," ","HIGH ST","201432292","19/03/2014","Wed","1445","MC","CE1C","372B ","","R","D","B ","F "," "," ","C","050","0","0","0","","","1684278","5428231",