"TLA NAME","CRASH ROAD","CRASH DIST","CRASH DIRN","INTSN","SIDE ROAD","CRASH ID","CRASH DATE","CRASH DOW","CRASH TIME","MVMT","VEHICLES","CAUSES","OBJECTS STRUCK","ROAD CURVE","ROAD WET","LIGHT","WTHRa","JUNC TYPE","TRAF CTRL","ROAD MARK","SPD LIM","CRASH FATAL CNT","CRASH SEV CNT","CRASH MIN CNT","PERS AGE1","PERS AGE2","EASTING","NORTHING"
"Marlborough District","BROADWAY",""," ","I","YORK ST","201412802","30/04/2014","Wed","1520","KB","CE1C","302B 363B 375B ","","R","D","B ","F ","X","G","C","050","0","0","1","","","1683886","5428246",
"Marlborough District","BUDGE ST",""," ","I","GASCOIGNE ST","201411713","07/03/2014","Fri","1640","LB","CW1C","303B ","","R","D","B ","F ","T","N","N","050","0","0","1","","","1680863","5404765",
"Marlborough District","CARVELL ST","70","S"," ","STEPHENSON ST","201431760","02/02/2014","Sun","0100","CC","CN1C","129A 130A ","M","R"," ","DO","  "," ","N","C","050","0","0","0","","","1679780","5403096",
"Marlborough District","CROISILLES-FRENCH PASS RD",""," ","A","UNKNOWN","201410956","17/02/2014","Mon","1900","DA","CS1","131A ","","M","D","TN","F "," ","N","N","080","0","0","1","","","0","0",
"Marlborough District","FULTON ST",""," ","I","MOWAT ST N","201410688","21/03/2014","Fri","0850","HA","VW1C","302B 375B ","","R","D","B ","F ","X","G","C","050","0","0","1","","","1678479","5404991",
"Marlborough District","GASCOIGNE ST","90","S"," ","BUDGE ST","201435146","04/04/2014","Fri","0006","MO","CE1","101A 357A 371A 929 ","F","R","D","DO","F ","D","N","N","050","0","0","0","","","1680843","5404677",
"Marlborough District","HIGH ST","30","W"," ","BEAVER ROAD","201434265","15/03/2014","Sat","0900","GB","SE1C","158A 929 ","","R","D","O ","F ","D"," ","C","050","0","0","0","","","1679018","5404014",
"Marlborough District","HIGH ST","80","N"," ","BROADWAY","201430849","08/01/2014","Wed","1530","EA","4N1C","129A 352A ","M","R","D","BF","F "," ","N","C","050","0","0","0","","","1684296","5428311",
"Marlborough District","HIGH ST","10","W"," ","LEE ST","201435780","15/05/2014","Thu","1234","MC","VW1C","372B ","","R","D","B ","F ","T","G","C","050","0","0","0","","","1678842","5404009",
"Marlborough District","HIGH ST","15","S"," ","LONDON QUAY","201432911","14/03/2014","Fri","0930","MF","CS1V","371B ","","R","D","B ","F "," "," ","C","050","0","0","0","","","1684310","5428686",
"Marlborough District","HIGH ST",""," ","I","SEYMOUR ST","201437024","28/05/2014","Wed","1705","AC","CW1C","159A ","","R","D","O ","F ","R","G","R","050","0","0","0","","","1679651","5403983",
"Marlborough District","HIGH ST",""," ","I","SEYMOUR ST","201437023","29/05/2014","Thu","1715","AO","CE1C","386A ","","E","D","O ","F ","R","G","R","050","0","0","0","","","1679648","5403976",
"Marlborough District","HIGH ST",""," ","I","SEYMOUR ST","201410883","17/01/2014","Fri","0930","HA","CE1S","302A 375A ","","R","D","B ","F ","R","G","P","050","0","0","1","","49","1679648","5403976",
"Marlborough District","HUNTER ROAD","1100","E"," ","SH 1S","201410559","11/02/2014","Tue","0625","CB","4E1","129A 410A ","BZ","R","D","BN","F "," ","N","C","100","0","0","1","","","1681505","5412997",
"Marlborough District","JACKS ROAD","610","W"," ","SH 6","201433655","06/04/2014","Sun","0209","CB","CW1","103A 130A ","F","R","D","DN","F "," "," ","N","100","0","0","0","","","1667753","5405185",
"Marlborough District","KINROSS ST","10","E"," ","REDWOOD ST","201436630","08/05/2014","Thu","1330","KA","CS1S","302B 375B ","","R","D","B ","F ","X","G","C","050","0","0","0","","","1680147","5403630",
"Marlborough District","LANSDOWNE ST","40","N"," ","CHELSEA WAY","201437489","30/05/2014","Fri","2135","CB","CN1","103A 130A ","P","R","D","DO","F "," "," ","C","050","0","0","0","","","1679780","5405296",
"Marlborough District","LONDON QUAY","25","E"," ","SH 1S","201431425","16/02/2014","Sun","1715","MO","VW1C","385A ","M","E","D","BF","F "," ","N","C","050","0","0","0","","","1684220","5428687",
"Marlborough District","MAIN ST","50","E"," ","SCOTT ST","201434599","17/03/2014","Mon","1457","MA","4W1C","373B ","","R","D","BF","F "," ","N","C","050","0","0","0","","","1679879","5403757",
"Marlborough District","MANAROA ROAD","4200","N"," ","KENEPURU ROAD","201410156","01/01/2014","Wed","2100","QD","4S1E","404A 428A ","T","R","D","DN","F "," "," ","N","100","0","2","0","31","","1688396","5445714",
"Marlborough District","MARAMA ROAD","250","S"," ","OLD FORD ROAD","201413102","17/04/2014","Thu","0520","BF","VN1T","111A 129A 131A 801 903 ","","M","W","DN","LS"," "," ","C","100","0","1","0","","","1685299","5384400",
"Marlborough District","MARKET ST","10","N"," ","ARTHUR ST","201437022","22/05/2014","Thu","1000","MO","4N14","386A ","M","E","D","B ","F ","T","N","N","030","0","0","0","","","1679830","5403788",
"Marlborough District","MAXWELL ROAD",""," ","I","ALABAMA ROAD","201431959","03/03/2014","Mon","0040","DB","CS1","136A 410A 631A ","FIK","R","D","DO","F ","R","G","R","050","0","0","0","","","1678750","5402098",
"Marlborough District","MAXWELL ROAD","30","W"," ","SCOTT ST","201434785","01/05/2014","Thu","1955","CB","CW1C","103A 129A ","KMP","R","D","DO","F "," ","N","C","050","0","0","0","","","1679813","5403716",
"Marlborough District","MAXWELL ROAD",""," ","I","SEYMOUR ST","201412115","27/03/2014","Thu","0809","HA","VS1S","302A 363A 902 ","","M","D","B ","F ","R","G","R","050","0","1","0","","51","1679681","5403598",
"Marlborough District","MAXWELL ROAD",""," ","I","SEYMOUR ST","201433732","02/04/2014","Wed","1000","KA","SW2C","302B 387B ","","E","D","B ","F ","R","G","R","050","0","0","0","","","1679681","5403598",
"Marlborough District","MAXWELL ROAD",""," ","I","STEPHENSON ST","201431499","03/03/2014","Mon","0147","EA","CN1C","129A ","M","R","D","DO","F ","T","N","C","050","0","0","0","","","1679419","5403251",
"Marlborough District","MCLAUCHLAN ST",""," ","I","PARKER ST","201437830","04/06/2014","Wed","1530","KA","SS1C","302B ","","R","D","B ","F ","T","G","C","050","0","0","0","","","1678863","5404458",
"Marlborough District","NEW RENWICK ROAD","20","E"," ","BRANCOTT ROAD","201430881","20/02/2014","Thu","0710","CC","CE1","137A ","F","R","W","ON","M "," ","N","C","100","0","0","0","","","1671483","5402206",
"Marlborough District","NEW RENWICK ROAD",""," ","I","BRANCOTT ROAD","201410017","20/02/2014","Thu","0715","LB","CW1VC","602A 101B 303B 375B 904 ","","R","W","O ","M ","T","N","C","100","0","2","0","","","1671463","5402209",
"Marlborough District","NORTHBANK ROAD","2000","N"," ","SH 6","201435781","19/05/2014","Mon","0845","DA","TS1","129A 134A 350A 682A ","V","M","D","B ","F "," "," ","C","100","0","0","0","","","1665449","5407833",
"Marlborough District","NORTHBANK ROAD","2250","W"," ","SH 6","201413365","31/05/2014","Sat","1050","DA","4E1","111A 131A ","FT","S","D","B ","F "," "," ","C","100","0","0","2","","","1665253","5407902",
"Marlborough District","OLD RENWICK ROAD","200","W"," ","BLICKS LANE","201436021","28/02/2014","Fri","0135","EC","CW1","911 ","W","R","D","DN","F "," ","N","C","070","0","0","0","","","","",
"Marlborough District","OLD RENWICK ROAD","20","W"," ","GLENROY CRESCENT","201430516","23/01/2014","Thu","1410","CB","CE1V","512A ","M","R","D","B ","F "," "," ","C","070","0","0","0","","","1678650","5405452",
"Marlborough District","OLD RENWICK ROAD","110","W"," ","HAMMERICHS ROAD","201410216","03/01/2014","Fri","1135","MC","CW1C","372B 402B ","","R","W","O ","F "," ","N","C","070","0","0","1","","","1676345","5405336",
"Marlborough District","OLD RENWICK ROAD","50","E"," ","ST LEONARDS ROAD","201432138","17/03/2014","Mon","1445","MC","CE1T","330B 372B ","","R","D","B ","F "," ","N","C","100","0","0","0","","","1675556","5405297",
"Marlborough District","PARK TERRACE","50","N"," ","SH 1S","201436926","22/05/2014","Thu","1445","EA","CE1CC","129A 352A ","MM","R","D","B ","F "," "," ","N","050","0","0","0","","","1680124","5403845",
"Marlborough District","PORT UNDERWOOD ROAD","900","N"," ","COOKS RIDGE","201410960","03/01/2014","Fri","1815","DA","SS1","129A 137A ","","M","D","BN","F "," ","N","C","050","0","0","1","","64","1688431","5431598",
"Marlborough District","PORT UNDERWOOD ROAD","500","W"," ","RARANGI BEACH ROAD","201432243","18/02/2014","Tue","1430","CB","CE1","129A 816 ","","R","D","B ","F "," "," ","N","050","0","0","0","","","1687070","5417127",
"Marlborough District","PURKISS ST","50","S"," ","BANK ST","201433775","02/04/2014","Wed","0645","EA","CN1C","129A 358A ","M","R","D","DO","F "," "," ","C","050","0","0","0","","","1678426","5403913",
"Marlborough District","QUEEN CHARLOTTE DRIVE","400","S"," ","MOENUI ROAD","201434364","15/04/2014","Tue","1400","BF","VN1C","111A 131A 404A ","","M","W","O ","L "," "," ","C","050","0","0","0","","","1667031","5429520",
"Marlborough District","QUEEN CHARLOTTE DRIVE","580","W"," ","PHILLIPS ROAD","201432647","15/03/2014","Sat","1713","DB","CW1","103A 131A ","V","S","W","O ","F "," ","N","C","050","0","0","0","","","1680286","5430426",
"Marlborough District","REDWOOD ST","10","S"," ","NIKAU DRIVE","201430533","28/01/2014","Tue","1150","MC","CS1C","372B ","","R","D","B ","F ","T","G","C","050","0","0","0","","","1680201","5402371",
"Marlborough District","REDWOOD ST",""," ","I","WITHER ROAD","201437781","12/06/2014","Thu","0650","HA","VS1V","302B 370B 801 ","","R","W","DO","L ","X","G","C","050","0","0","0","","","1680268","5401059",
"Marlborough District","RONGA ROAD","7900","E"," ","SH 6","201434833","12/02/2014","Wed","0200","DB","CN1","131A 412A ","BVZ","E","D","DN","F "," ","N","C","100","0","0","0","","","1651290","5443418",
"Marlborough District","SCOTT ST",""," ","I","CLEGHORN ST","201436050","15/04/2014","Tue","1235","LB","CN14","303B 351B 375B ","","R","D","OF","F ","X","G","C","050","0","0","0","","","","",
"Marlborough District","SCOTT ST","30","N"," ","LEWIS ST","201436631","27/04/2014","Sun","0910","MO","CE1C","308A 930 ","","R","D","B ","F ","D","N","N","050","0","0","0","","","1679908","5402292",
"Marlborough District","SCOTT ST","100","N"," ","LEWIS ST","201437529","03/06/2014","Tue","1040","JA","4S1C","308B 350B 929 ","FT","R","D","O ","F ","D","N","C","050","0","0","0","","","1679905","5402362",
"Marlborough District","SCOTT ST",""," ","I","MULLER ROAD","201412575","09/05/2014","Fri","0820","LB","SN1CC","303B 353B 375B ","","R","D","B ","F ","X","G","C","050","0","1","0","","42","1679883","5402804",
"Marlborough District","SEYMOUR ST","10","S"," ","ARTHUR ST","201413393","11/06/2014","Wed","1614","NA","CN1E","112A 306A 330A 801 ","","R","W","O ","L ","X","G","X","050","0","0","1","12","","1679642","5403779",
"Marlborough District","SEYMOUR ST",""," ","I","ARTHUR ST","201431757","07/02/2014","Fri","1020","GD","CS1C","331A 350A ","","R","D","B ","F ","X","G","X","050","0","0","0","","","1679643","5403789",
"Marlborough District","SEYMOUR ST",""," ","I","ARTHUR ST","201434784","03/05/2014","Sat","1400","GD","CN1C","331A 333A ","","R","D","BF","FF","X","G","X","050","0","0","0","","","1679643","5403789",
"Marlborough District","SEYMOUR ST",""," ","I","HIGH ST","201431784","21/01/2014","Tue","1325","FB","CN1C","181A 331A 801 ","","R","W","O ","L ","R","G","R","050","0","0","0","","","1679657","5403961",
"Marlborough District","SEYMOUR ST",""," ","I","MAXWELL ROAD","201438624","11/06/2014","Wed","0810","HA","CN2S","302A ","","E","W","O ","H ","R","G","R","050","0","0","0","","","1679681","5403598",
"Marlborough District","SH 1N","160","N"," ","STACES ROAD","201413783","11/06/2014","Wed","0300","DA","CS1","104A 131A ","V","E","W","DN","H "," ","N","C","100","0","0","1","","","","",
"Marlborough District","SH 1S","1000","S"," ","ANGIE ST","201413412","22/06/2014","Sun","1245","DA","4N1","111A 131A ","G","M","D","O ","F "," "," ","L","100","0","0","1","","","","",
"Marlborough District","SH 1S","500","S"," ","PARA ROAD","201436070","25/05/2014","Sun","1330","AA","CN1C","372A ","","R","D","ON","FS"," ","N","C","100","0","0","0","","","","",
"Marlborough District","SH 6",""," ","I","KINGSFORD SMITH AVENUE","201435683","09/05/2014","Fri","1130","FA","CW1C","331A ","","R","D","B ","F ","T","N","C","080","0","0","0","","","","",
"Marlborough District","SNOWDEN CRESCENT","140","W"," ","DILLONS POINT ROAD","201413422","19/05/2014","Mon","0850","PC","CE1E","371A 645A 929 ","","R","D","O ","F ","D","N","N","050","0","0","1","70","","","",
"Marlborough District","STEPHENSON ST","50","E"," ","WELD ST","201431323","04/03/2014","Tue","1520","BC","CW1C","122A 930 ","","R","D","OF","F ","D","N","C","050","0","0","0","","","1679643","5403159",
"Marlborough District","SYMONS ST","20","N"," ","MAIN ST","201413423","23/03/2014","Sun","0309","PO","CS1E","105B 722B ","","E","D","DO","F "," "," ","R","050","0","1","0","29","","","",
"Marlborough District","WAIHOPAI VALLEY ROAD","600","N"," ","AVONDALE ROAD","201410560","16/02/2014","Sun","2045","CB","4N1","103A 197A ","","R","D","TN","F "," ","N","N","100","0","2","0","","","1658590","5392735",
"Marlborough District","WAIKAWA ROAD","50","W"," ","NEWGATE ST","201430190","21/01/2014","Tue","1555","JA","CW1C","308B 375B 507B 801 929 ","","R","W","OF","L ","D"," ","C","050","0","0","0","","","1684773","5428564",
"Marlborough District","WELD ST",""," ","I","GOULTER ST","201412610","11/04/2014","Fri","1650","HA","VW1C","302B 375B ","","R","W","OF","L ","X","G","N","050","0","0","1","","","1689553","5386173",
"Marlborough District","WELD ST","40","N"," ","GRAHAM ST","201436932","25/05/2014","Sun","0934","MO","4S1","371A 504A 929 ","F","R","D","B ","F ","D","N","N","050","0","0","0","","","1679601","5402988",
"Marlborough District","WITHER ROAD","50","E"," ","REDWOOD ST","201411753","27/03/2014","Thu","0752","EA","CE14","129A 363A 370A 902 ","M","R","D","B ","F "," "," ","C","050","0","0","1","","","1680318","5401061",
"Marlborough District","1S/0/0.297",""," ","I","DUBLIN ST","201431540","21/01/2014","Tue","1200","LB","CN1C","303B 801 ","","R","W","O ","L ","X","S","C","050","0","0","0","","","1684207","5428487",
"Marlborough District","1S/0/0.297",""," ","I","DUBLIN ST","201430850","03/01/2014","Fri","1120","HA","CS1V","301B 375B ","","R","W","OF","HS","X","S","N","050","0","0","0","","","1684207","5428487",
"Marlborough District","1S/0/1.264","20","S"," ","KENT ST","201434365","11/04/2014","Fri","1500","AA","CS14","372A ","","R","D","O ","F ","T","G","C","050","0","0","0","","","1683788","5427746",
"Marlborough District","1S/0/1.921","180","S"," ","ANGLE ST","201434024","13/04/2014","Sun","2139","MC","CS1C","353B 372B ","","R","W","DO","L "," ","N","C","050","0","0","0","","","1683346","5427261",
"Marlborough District","1S/0/5.721","100","S"," ","LINDENS ROAD","201431426","06/03/2014","Thu","1000","CB","CS1","358A ","V","R","D","ON","F "," ","N","C","100","0","0","0","","","1681193","5424374",
"Marlborough District","1S/0/13.455","5000","N"," ","BUSH ROAD","201431922","15/02/2014","Sat","1213","DA","4N1T4","668A 197B ","","E","D","BN","F "," ","N","C","100","0","0","0","","","1679532","5417249",
"Marlborough District","1S/18/0.783",""," ","I","BUSH ROAD","201411072","30/01/2014","Thu","1839","BC","VS1T","121A ","","E","D","TF","F ","T","G","C","080","0","0","1","","","1680218","5413315",
"Marlborough District","1S/18/1.12",""," ","I","HUNTER ROAD","201432886","14/03/2014","Fri","1700","KB","4N1V","302B ","","E","D","B ","F ","T","G","P","080","0","0","0","","","1680406","5413040",
"Marlborough District","1S/18/2.92","1800","S"," ","HUNTER ROAD","201410754","02/04/2014","Wed","0300","CB","CS1","116A 137A 198A 817 ","","R","D","DN","F "," ","N","N","080","0","0","1","","","1680556","5411296",
"Marlborough District","1S/18/5.926",""," ","I","MILLS AND FORD ROAD EAST","201432103","10/03/2014","Mon","1100","JA","4N14","302B 350B ","","E","D","B ","F ","T","G","R","100","0","0","0","","","1680332","5408304",
"Marlborough District","1S/18/6.069",""," ","I","VICKERMAN ST","201435782","16/05/2014","Fri","1835","EC","CS1","912 ","W","R","D","DO","F ","T","G","C","100","0","0","0","","","1680333","5408161",
"Marlborough District","1S/18/6.845",""," ","I","STACES ROAD","201432139","20/01/2014","Mon","1140","LB","CN1V","113B 303B 375B ","","E","D","B ","F ","T","G","C","100","0","0","0","","","1680592","5407444",
"Marlborough District","1S/18/7.021","10","S"," ","FELL ST","201431916","15/02/2014","Sat","1325","GA","CN1V","181A 923 ","","M","D","BF","F ","D","G","C","100","0","0","0","","","1680616","5407270",
"Marlborough District","1S/18/7.163",""," ","I","NOLANS ROAD","201435147","02/04/2014","Wed","1340","GE","CS1V","112A 150A 331A ","","R","D","B ","F ","T","N","C","100","0","0","0","","","1680604","5407128",
"Marlborough District","1S/18/8.146",""," ","I","ROWLEY CRESCENT","201434598","13/03/2014","Thu","1420","JA","TN1C","302B 375B ","","E","D","BN","F ","T","G","C","100","0","0","0","","","1680511","5406150",
"Marlborough District","1S/18/9.443",""," ","I","BUDGE ST","201410716","13/03/2014","Thu","1846","LB","VN1V","303B 375B ","","R","D","B ","F ","X","G","R","050","0","0","1","","","1680168","5404923",
"Marlborough District","1S/18/9.589",""," ","I","FARMAR ST","201434269","26/02/2014","Wed","1145","MC","VN1C","370B 372B 404B ","","R","D","B ","F ","T","N","C","050","0","0","0","","","1680136","5404781",
"Marlborough District","1S/18/9.967",""," ","I","DILLONS POINT ROAD","201438135","18/05/2014","Sun","1610","HA","CN1C","302A ","","E","D","BF","F ","R","G","C","050","0","0","0","","","1680061","5404411",
"Marlborough District","1S/18/9.967",""," ","I","NELSON ST","201432244","21/02/2014","Fri","1923","LB","CN1C","302A 375A ","","R","D","B ","F ","R","G","R","050","0","0","0","","","1680061","5404411",
"Marlborough District","DILLONS POINT ROAD",""," ","I","1S/18/9.998","201437456","31/05/2014","Sat","1550","KA","VS1C","302B 363B 902 ","","R","D","B ","F ","R","G","R","050","0","0","0","","","1680061","5404391",
"Marlborough District","1S/18/9.998",""," ","I","DILLONS POINT ROAD","201431758","04/02/2014","Tue","1530","KA","CW2C","302B ","","M","D"," N","F ","R","G"," ","050","0","0","0","","","1680061","5404391",
"Marlborough District","1S/28/0.292",""," ","I","HORTON ST","201410752","03/04/2014","Thu","1137","AO","4S14","130A 501A ","","R","D","B ","F ","R","G","C","050","0","0","1","","","1680063","5404099",
"Marlborough District","ALFRED ST",""," ","I","1S/28/0.308","201434906","26/02/2014","Wed","1810","AO","CE1C","129A ","","R","D","BF","F ","R","G","R","050","0","0","0","","","1680053","5404090",
"Marlborough District","1S/28/4.873",""," ","I","MALTHOUSE ROAD","201431103","19/02/2014","Wed","1208","MC","VW14","372B ","","R","D","B ","F ","T","N","C","100","0","0","0","","","1683673","5402156",
"Marlborough District","1S/28/11.004","90","N"," ","SEVENTEEN VALLEY BR","201436463","14/05/2014","Wed","1727","DB","CS1","111A 131A ","F","M","W","TN","F "," ","N","C","100","0","0","0","","","1686150","5398209",
"Marlborough District","1S/28/11.004","1900","S"," ","SMITHS OBR","201436930","19/05/2014","Mon","1845","EC","CN1C","912 ","W","R","D","DN","F "," "," ","C","100","0","0","0","","","1686150","5398209",
"Marlborough District","1S/28/12.121",""," ","A","PUKA PUKA BR","201410344","23/01/2014","Thu","0710","BF","MN14","131A 903 ","","E","D","BN","FS"," ","N","C","100","0","1","1","","","1686333","5397129",
"Marlborough District","1S/43/10.728","30","W"," ","BLIND RIVER LOOP ROAD","201410882","12/01/2014","Sun","1328","DB","4N1","131A 407A 903 ","C","E","D","B ","FS"," "," ","C","100","0","0","2","","","1689751","5384802",
"Marlborough District","1S/43/10.758",""," ","I","BLIND RIVER LOOP ROAD","201431785","06/02/2014","Thu","0034","DB","TN1","111A 131A 402A ","B","M","D","DO","F ","T","G","C","100","0","0","0","","","1689774","5384784",
"Marlborough District","1S/57/8.328","1270","N"," ","TAIMATE ROAD","201410823","26/01/2014","Sun","1340","DA","CN1","131A 198A 402A 801 903 ","C","E","W","O ","LS"," "," ","C","100","0","1","1","","","1694862","5375826",
"Marlborough District","1S/57/9.718","120","S"," ","TAIMATE ROAD","201411532","09/03/2014","Sun","1633","BC","CN1C","129A 410A ","E","E","W","BN","L "," ","N","C","100","0","3","0","","","1695452","5374590",
"Marlborough District","1S/73/1.033",""," ","I","SEDDON ST","201435145","07/04/2014","Mon","0730","GD","CN14","181A 331A ","","R","D","O ","M ","T","N","C","080","0","0","0","","","1693909","5368518",
"Marlborough District","1S/73/2.361","500","S"," ","WESTS ROAD","201431423","09/03/2014","Sun","1225","DB","CS1","195A ","","E","D","ON","F "," ","N","C","100","0","0","0","","","1693278","5367359",
"Marlborough District","1S/73/3.461","1600","S"," ","WESTS ROAD","201411598","17/03/2014","Mon","1730","CB","CN1","129A 134A 410A ","F","R","D","BN","F "," ","N","C","100","0","0","2","","","1693078","5366309",
"Marlborough District","1S/73/7.408","2000","N"," ","URE ROAD","201435467","06/04/2014","Sun","1427","CB","CN1","116A 139A 330A 817 ","","R","D","BN","F "," ","N","N","050","0","0","0","","","1692741","5362575",
"Marlborough District","1S/73/9.108","300","N"," ","URE ROAD","201410332","29/01/2014","Wed","1420","QF","4S1","112A 406A ","EF","R","D","BF","F "," ","N","C","090","0","0","1","","","1692468","5360916",
"Marlborough District","6/0/0.306",""," ","I","HUTCHESON ST","201436994","20/05/2014","Tue","1635","HA","CE1C","302A ","","E","D","O ","F ","R","G","R","050","0","0","0","","","1679756","5404388",
"Marlborough District","6/0/0.784","25","E"," ","CURRY ST","201413782","11/06/2014","Wed","2155","FD","VE1C","181A ","","R","W","DO","L "," ","N","C","050","0","0","1","","","1679278","5404363",
"Marlborough District","6/0/1.657",""," ","I","BOYCE ST","201430102","05/01/2014","Sun","1335","LB","CW1V","303B 404B ","","R","D","B ","F ","T","G","R","050","0","0","0","","","1678407","5404319",
"Marlborough District","6/0/2.233",""," ","I","BATTYS ROAD","201431422","07/03/2014","Fri","1440","HA","CN2C","302A 375A ","","R","D","OF","F ","X","G","C","050","0","0","0","","","1677832","5404288",
"Marlborough District","6/0/4.524","20","W"," ","BELLS ROAD","201433285","19/03/2014","Wed","1515","FE","4W14","181A 817 ","","R","D","BN","F "," ","T","N","050","0","0","0","","","1675544","5404173",
"Marlborough District","6/0/4.554","50","W"," ","BELLS ROAD","201412477","21/03/2014","Fri","1540","FE","TW1CC","331A 350A 817 ","","R","D","B ","F "," ","T","L","100","0","0","1","","","1675514","5404171",
"Marlborough District","6/0/7.578",""," ","I","TANCRED CRESCENT","201433590","14/03/2014","Fri","0750","LB","TW1C","303B 363B 902 ","","R","D","BF","F ","T","G","R","080","0","0","0","","","1672494","5404021",
"Marlborough District","6/10/1.604","140","E"," ","INKERMAN ST","201413335","17/05/2014","Sat","1800","JA","CE1C","101B 308B 923 ","","R","D","DO","F ","D"," ","C","050","0","0","2","","","1668898","5404493",
"Marlborough District","6/10/2.527",""," ","A","GIBSON CREEK BR","201432135","14/03/2014","Fri","0935","CB","CN1","129A 410A ","CP","R","D","B ","F "," ","N","C","070","0","0","0","","","1668326","5404885",
"Marlborough District","6/16/0.328",""," ","A","WAIRAU BRIDGE","201410507","21/01/2014","Tue","1800","BA","CS1C","104A 129A ","","R","D","ON","F "," ","N","C","100","0","0","2","","","1667787","5407878",
"Marlborough District","6/16/11.398","700","N"," ","KENNINGTONS ROAD","201436931","24/05/2014","Sat","1600","CB","CN1C","112A 197A 801 ","T","R","W","O ","L "," "," ","C","100","0","0","0","","","1664625","5416703",
"Marlborough District","6/34/4.474","1000","S"," ","MAHAKIPAWA ROAD","201413274","19/06/2014","Thu","1411","CB","VS1","610A 680A ","","R","D","B ","F "," ","N","C","100","0","0","1","","","1664484","5428083",
"Marlborough District","6/50/13.823",""," ","I","BULFORD ROAD","201412659","15/04/2014","Tue","0950","DA","CN2","131A 386A ","E","R","W","ON","H ","T","G","C","100","0","0","1","","","1648179","5432233",
"Marlborough District","62/0/0",""," ","I","SH 1S","201433109","23/03/2014","Sun","1750","FB","CE14","181A ","","R","D","B ","F ","T","S","R","080","0","0","0","","","1680353","5409656",
"Marlborough District","62/0/0.856","250","E"," ","MURRAYS ROAD","201411712","11/03/2014","Tue","0025","DA","CE1","103A 111A 131A ","F","M","D","DN","F "," "," ","C","100","0","3","0","","","1679625","5410002",
"Marlborough District","62/0/1.106",""," ","I","MURRAYS ROAD","201436161","10/05/2014","Sat","1400","GD","VE14","331A ","","R","D","B ","F ","T","G","C","100","0","0","0","","","1679387","5409955",
"Marlborough District","63/0/12.217","3000","W"," ","WAIHOPAI BR","201431759","31/01/2014","Fri","1959","CB","CW1","130A 195A ","F","R","D","BN","F "," ","N","C","100","0","0","0","","","1658279","5402419",
"Marlborough District","63/17/3.995","480","W"," ","SCHOLLUMS ROAD","201431766","07/02/2014","Fri","1620","FA","CW1O","112A 331A 402A ","","R","W","ON","L "," ","N","C","100","0","0","0","","","1650141","5400755",
"Marlborough District","63/59/9.568","200","S"," ","WAIRAU (WASH) BR","201431786","06/02/2014","Thu","0827","BE","CN14","197A 205A 404A 197B ","","M","D","O ","F "," "," ","C","100","0","0","0","","","1607847","5381737",
"Masterton District","BLUFF RANGITUMAU ROAD","2000","E"," ","STUART ROAD","201433461","08/03/2014","Sat","1014","DA","CE1","129A 134A ","P","E","D","BF","F "," ","N","C","100","0","0","0","","","1826655","5472657",
"Masterton District","CHURCH ST","10","S"," ","DIXON ST","201437354","04/06/2014","Wed","1525","FD","CN1C","331A 352A ","","R"," "," F","F ","R","G","R","050","0","0","0","","","1824116","5463304",
"Masterton District","COCKBURN ST",""," ","I","COLOMBO ROAD","201431079","02/03/2014","Sun","0548","DA","CS1","101A 131A ","","M","D","DO","F ","T","N","C","050","0","0","0","","","1823376","5461710",
"Masterton District","COLOMBO ROAD",""," ","I","HERBERT ST","201410616","17/02/2014","Mon","1450","NE","CW1E","376A 711B ","","R","D","B ","F ","X","G","C","050","0","0","1","","","1823708","5461973",
"Masterton District","COLOMBO ROAD","60","E"," ","JOHNSTONE ST","201413073","28/05/2014","Wed","1603","AA","SE1C","105A 372A ","","R","D","BF","F "," ","N","C","050","0","0","1","","47","1824382","5462499",
"Masterton District","COLOMBO ROAD","30","W"," ","JONES PLACE","201434892","21/03/2014","Fri","1855","MO","CE1","110A 357A 371A ","FH","R"," ","DF","F "," ","N","N","050","0","0","0","","","1823588","5461879",
"Masterton District","DIXON ST",""," ","I","RUSSELL ST","201412777","20/03/2014","Thu","1700","LB","SN1C","303B 377B ","","R","D","BF","F ","T","G","C","050","0","0","1","","55","1823333","5462705",
"Masterton District","HERBERT ST","150","S"," ","DIXON ST","201432023","18/02/2014","Tue","1520","MC","CS1C","372B ","","R","D","O ","F "," "," ","C","050","0","0","0","","","1823305","5462494",