"TLA NAME","CRASH ROAD","CRASH DIST","CRASH DIRN","INTSN","SIDE ROAD","CRASH ID","CRASH DATE","CRASH DOW","CRASH TIME","MVMT","VEHICLES","CAUSES","OBJECTS STRUCK","ROAD CURVE","ROAD WET","LIGHT","WTHRa","JUNC TYPE","TRAF CTRL","ROAD MARK","SPD LIM","CRASH FATAL CNT","CRASH SEV CNT","CRASH MIN CNT","PERS AGE1","PERS AGE2","EASTING","NORTHING"
"Masterton District","KAKA ST","230","S"," ","WORKSOP ROAD","201431775","05/02/2014","Wed","2030","MO","4S1C","371A ","M","R"," ","DO","  "," "," ","C","050","0","0","0","","","1823902","5462545",
"Masterton District","KIPPENBERGER ST","180","S"," ","KITCHENER ST","201437233","18/05/2014","Sun","1730","EA","CS1C","129A ","M","R"," "," F","  "," ","N","N","050","0","0","0","","","1825856","5464363",
"Masterton District","LINCOLN ROAD",""," ","I","QUEEN ST","201434032","17/04/2014","Thu","1045","HA","CE2C","302A 386A ","","R","W","O ","H ","X","G","C","050","0","0","0","","","1824036","5463409",
"Masterton District","LINCOLN ROAD",""," ","I","TRUSTEE ST","201431604","09/01/2014","Thu","1107","DA","CE2","111A 131A ","K","M","W","O ","L ","T","G","N","050","0","0","0","","","1823783","5463733",
"Masterton District","LINCOLN ROAD",""," ","I","VILLA ST","201435266","17/04/2014","Thu","1640","FD","CS1C","181A ","","R","W","TF","F ","X","S","C","050","0","0","0","","","1823712","5464095",
"Masterton District","MASTERS CRESCENT","50","N"," ","CORNWALL ST","201437364","13/06/2014","Fri","1920","MO","CN1","133A 427A 929 ","F","R"," "," F","  ","D"," ","N","050","0","0","0","","","1821937","5463398",
"Masterton District","MASTERTON-CASTLEPOINT ROA","15","N"," ","LANGDALE ROAD","201437152","08/05/2014","Thu","0630","BA","TS1T","125A ","","R","D","DN","F "," ","N","C","100","0","0","0","","","1856763","5466950",
"Masterton District","MASTERTON-CASTLEPOINT ROA","120","S"," ","MASTERTON-STRONVAR ROAD","201400100","05/05/2014","Mon","1840","DA","CW1","101A 111A 131A 402A ","F","E","D","DN","F "," "," ","C","100","1","1","0","","","1829099","5461897",
"Masterton District","MASTERTON-CASTLEPOINT ROA","1200","E"," ","TE PARAE ROAD","201413186","10/04/2014","Thu","1648","DB","CE14","111A 129A 131A 130B 197B 801 ","E","M","W","O ","L "," "," ","C","100","0","0","3","","","1837326","5461948",
"Masterton District","MEMORIAL DRIVE","20","S"," ","DIXON ST","201434822","29/03/2014","Sat","2230","CB","CN1","103A 129A ","S","R","D","DN","F "," ","N","N","050","0","0","0","","","1824524","5463608",
"Masterton District","NGAUMU ROAD","1630","S"," ","MOTUKAI ROAD","201413255","21/02/2014","Fri","0730","DA","CN1","111A 131A ","FV","M","D","B ","F "," ","N","C","100","0","0","1","","","1838117","5448291",
"Masterton District","NGAUMUTAWA ROAD",""," ","I","RENALL ST","201411810","25/03/2014","Tue","0805","HA","4N1P","302A 375A ","","R","D","BF","F ","R","G","P","050","0","0","1","","","1821991","5463837",
"Masterton District","NGAUMUTAWA ROAD",""," ","I","UPPER PLAIN ROAD","201432427","12/02/2014","Wed","1555","KB","CS14","302A ","","E","D","B ","F ","R","G","R","050","0","0","0","","","1821991","5463837",
"Masterton District","NORTH ROAD",""," ","I","WEST ROAD","201430220","23/01/2014","Thu","1835","HA","CW1C","302B ","","R","D","B ","F ","X","G","N","050","0","0","0","","","1826176","5484149",
"Masterton District","OPAKI-KAIPARORO ROAD","200","N"," ","KOPUARANGA RIV BR","201430282","25/01/2014","Sat","1930","DB","CN1","111A 131A 517A ","F","M","D","B ","F "," "," ","C","100","0","0","0","","","1826089","5479061",
"Masterton District","PAIERAU ROAD","1100","S"," ","LOOP LINE","201410235","25/01/2014","Sat","1650","CB","CN1","104A 357A 512A ","FP","R","D","B ","F "," ","N","L","100","0","1","0","","","1822433","5468103",
"Masterton District","POWNALL ST","70","N"," ","ESSEX ST","201434062","04/04/2014","Fri","2304","CB","CS1","103A 112A ","P","R","D","DO","F "," ","N","C","050","0","0","0","","","1822902","5463680",
"Masterton District","POWNALL ST",""," ","I","RENALL ST","201435009","09/04/2014","Wed","0836","HA","CW24","302A 375A ","","M","D","O ","L ","R","G","R","050","0","0","0","","","1822826","5463504",
"Masterton District","QUEEN ST",""," ","I","CHURCH ST","201438184","22/05/2014","Thu","1610","HA","CN1C","302A 375A ","","R","D","BF","F ","X","G","C","050","0","0","0","","","1824036","5463409",
"Masterton District","QUEEN ST",""," ","I","CRAYNE ST","201431264","05/02/2014","Wed","0945","HA","CN1C","302B 375B ","","R","D","OF","F ","X","G","C","050","0","0","0","","","1822935","5462552",
"Masterton District","QUEEN ST","100","N"," ","HARLEQUIN ST","201413074","29/05/2014","Thu","1440","AC","SN1P","375A ","","R","D","BF","F "," ","N","C","050","0","0","2","","16","1823484","5462976",
"Masterton District","RENALL ST",""," ","I","POWNALL ST","201410844","11/02/2014","Tue","1700","NA","CS1EP","306A 370A 717B 181C 420C ","","E","D","B ","F ","R","G","X","050","0","0","2","","","1822826","5463504",
"Masterton District","RENALL ST",""," ","I","POWNALL ST","201430570","22/01/2014","Wed","1040","HA","CE1C","302A ","","E","D","B ","F ","R","G","R","050","0","0","0","","","1822826","5463504",
"Masterton District","SOUTH ROAD","50","N"," ","VIVIAN ST","201413350","30/04/2014","Wed","1305","EA","CN14","129A 130A 412A ","M","R","D","B ","F "," "," ","C","050","0","0","1","","","1822215","5461827",
"Masterton District","TE ORE ORE ROAD","30","E"," ","GORDON ST","201412773","26/04/2014","Sat","1600","GD","4E144","331A 358A 926 ","","R","D","BF","F ","D","N","C","050","0","0","4","","","1825735","5463510",
"Masterton District","TE ORE ORE ROAD","50","E"," ","SH 2","201435371","08/05/2014","Thu","1650","MA","4W1C","373B ","","R","D","O ","F "," "," ","C","050","0","0","0","","","1824743","5463901",
"Masterton District","TE ORE ORE ROAD","60","E"," ","TOTARA ST","201430860","27/02/2014","Thu","1500","GD","CE1C","333A 926 ","","R","D","BN","F ","D","N","C","050","0","0","0","","","1825062","5463776",
"Masterton District","TE ORE ORE-BIDEFORD ROAD","2200","E"," ","CAVES ROAD","201430219","06/01/2014","Mon","0830","CA","CW1","129A 130A ","","R","D","B ","F "," "," ","C","100","0","0","0","","","1832300","5465447",
"Masterton District","TE ORE ORE-BIDEFORD ROAD","50","W"," ","WHANGAEHU VALLEY ROAD","201435659","23/04/2014","Wed","0330","EC","CW1","904 912 ","W","R","D","DN","M "," "," ","C","100","0","0","0","","","1833114","5466070",
"Masterton District","TE WHITI ROAD","150","S"," ","NURSERY ROAD","201434006","16/04/2014","Wed","0300","EC","VN1","912 ","W","R","D","DN","F "," ","N","C","100","0","0","0","","","1824844","5461326",
"Masterton District","TINUI VALLEY ROAD","7960","N"," ","MASTERTON-CASTLEPOINT ROA","201433277","25/03/2014","Tue","1540","AO","TS1C","818 ","","R","D","BN","F "," ","N","N","100","0","0","0","","","1865922","5477284",
"Masterton District","VILLA ST",""," ","I","PERRY ST","201431252","24/02/2014","Mon","1517","HA","CW1C","301B 375B ","","R","D","BF","F ","X","S","R","050","0","0","0","","","1823524","5464127",
"Masterton District","WILLOW PARK DRIVE","760","E"," ","SH 2","201437601","03/06/2014","Tue","0010","CC","CE1","103A 130A 801 ","F","R","W","DN","L "," "," ","N","100","0","0","0","","","1825057","5468413",
"Masterton District","WORKSOP ROAD","10","S"," ","KAKA ST","201433537","21/04/2014","Mon","1320","EC","CN1","911 ","W","R","D","BF","F ","X","G","C","050","0","0","0","","","1824057","5462700",
"Masterton District","WORKSOP ROAD","60","N"," ","KIRTON ST","201432913","16/03/2014","Sun","2000","CC","CN1","130A 402A ","FK","R","D","TO","F "," "," ","C","050","0","0","0","","","1824014","5462755",
"Masterton District","2/858/4.585","3000","N"," ","KIRIWHAKAPAPA ROAD","201436851","24/05/2014","Sat","1420","QG","4S1","130A 901 903 ","","E","W","O ","HS"," "," ","C","100","0","0","0","","","1820814","5482094",
"Masterton District","2/883/0.03","30","S"," ","TE ORE ORE ROAD","201433746","04/04/2014","Fri","1519","FD","CS14T","331A 181B 902 ","","E","D","B ","F "," "," ","R","050","0","0","0","","","1824672","5463900",
"Masterton District","2/883/0.065","150","E"," ","QUEEN ST","201413106","16/05/2014","Fri","0910","NB","CN1E","306A 363A 376A 902 ","","E","D","B ","F "," "," ","X","050","0","0","1","73","","1824645","5463877",
"Masterton District","VILLA ST",""," ","I","2/883/0.335","201430129","24/02/2014","Mon","2205","FB","CS1C","331A ","","R","D","DO","F ","T","G","R","050","0","0","0","","","1824439","5463842",
"Masterton District","2/883/0.868",""," ","I","ALBERT ST","201436835","20/05/2014","Tue","1500","KC","CS1C","308A 370A 370B 927 ","","R","D","B ","F ","D","G","C","050","0","0","0","","","1824057","5463579",
"Masterton District","2/883/1.149","30","S"," ","PERRY ST","201412135","17/04/2014","Thu","1700","FD","PE14","181A ","","R","W","O ","H "," "," ","C","050","0","0","1","","","1823846","5463412",
"Masterton District","2/883/1.431","50","N"," ","RENALL ST","201434145","14/04/2014","Mon","1536","KA","VS1C","308B 375B 801 927 ","","R","W","O ","L ","D"," ","C","050","0","0","0","","","1823623","5463238",
"Masterton District","2/883/1.934",""," ","I","RUSSELL ST","201435984","21/03/2014","Fri","1745","JC","CW2C","302A 375A ","","S","D","OF","F ","T","G","C","050","0","0","0","","","1823185","5462897",
"Masterton District","2/883/2.595",""," ","I","COCKBURN ST","201434028","08/04/2014","Tue","0853","KA","VS1CC","302B 375B ","","R","W","O ","F ","R","G","P","050","0","0","0","","","1822677","5462477",
"Masterton District","2/883/2.634",""," ","I","COCKBURN ST","201434011","10/04/2014","Thu","1840","CC","CE1","132A ","S","R","W","DO","F ","R","G","C","050","0","0","0","","","1822659","5462474",
"Masterton District","2/883/2.903",""," ","I","SHORT ST","201430400","17/01/2014","Fri","1640","JA","CW1C","145A 302B 375B ","","R","W","TF","H ","T","G","C","050","0","0","0","","","1822477","5462400",
"Masterton District","2/883/3.003","100","W"," ","SHORT ST","201412774","01/04/2014","Tue","1508","FD","CW1CC","181A ","","R","D","BF","F "," ","N","X","050","0","0","1","","","1822380","5462374",
"Masterton District","2/883/3.646","5","E"," ","BLEDISLOE ST","201430317","15/01/2014","Wed","2105","FC","CW1C","350A 427A ","","R","D","DO","F ","T","N","C","050","0","0","0","","","1821758","5462208",
"Masterton District","2/883/3.651",""," ","I","BLEDISLOE ST","201412480","22/04/2014","Tue","1040","FC","ME1C","112A 181A 331A 402A 801 ","","R","W","O ","L ","T","G","C","050","0","0","1","","","1821753","5462206",
"Masterton District","FLEET ST",""," ","I","HIGH ST","201430343","11/01/2014","Sat","0540","DB","CE1C","103A 111A ","M","R","D","O ","F ","T","G","C","050","0","0","0","","","1821583","5462160",
"Masterton District","2/883/4.012","100","E"," ","MANCHESTER ST","201412126","29/03/2014","Sat","1448","BF","CE1C","130A 501A ","","R","D","B ","F "," "," ","C","050","0","0","2","","","1821402","5462136",
"Masterton District","JUDDS ROAD",""," ","I","2/883/4.327","201437747","09/06/2014","Mon","1618","DB","CE2","131A 133A 402A 801 ","P","M","W","O ","L ","T","G"," ","050","0","0","0","","","1821086","5462134",
"Matamata-Piako District","ANDERSON ST","50","W"," ","LEAR ST","201432345","11/02/2014","Tue","0645","CB","CE1","410A ","E","R","D","B ","F "," "," ","N","060","0","0","0","","","1822618","5829120",
"Matamata-Piako District","ANDERSON ST",""," ","I","STUDHOLME ST","201410544","12/02/2014","Wed","0800","NB","CW1E","712B ","","R","D","BN","F ","X","S","R","050","0","0","1","78","","1822904","5829264",
"Matamata-Piako District","ARMADALE ROAD",""," ","I","MANAWARU ROAD","201400049","08/03/2014","Sat","1154","HA","MS1T","302B 375B ","","R","D","BF","F ","X","G","C","100","1","0","0","","","1847328","5824201",
"Matamata-Piako District","AVENUE ROAD NORTH",""," ","A","AVENUE ROAD NORTH","201435576","19/04/2014","Sat","0750","DB","CW2","111A 131A 402A ","V","S","W","O ","F "," "," ","C","070","0","0","0","","","1821671","5829295",
"Matamata-Piako District","BELL ROAD",""," ","I","SCOTSMAN VALLEY ROAD","201435577","24/04/2014","Thu","1345","DA","CN2","111A 131A 801 804 ","B","M","W","O ","L ","T","N","C","100","0","0","0","","","1823244","5818924",
"Matamata-Piako District","CAMERON ROAD",""," ","I","CROSS ROAD","201431160","17/02/2014","Mon","1510","LB","TW1T","125A 303A 410A ","T","R","D","B ","F ","T","N","C","100","0","0","0","","","1818918","5836984",
"Matamata-Piako District","CAMERON ROAD","1800","W"," ","MORRINSVILLE TAHUNA ROAD","201413405","11/06/2014","Wed","1845","DA","CE1","131A 901 903 ","V","M","W","DN","HS"," "," ","C","100","0","0","1","","","1819163","5837090",
"Matamata-Piako District","CORONATION ROAD","100","N"," ","DAVID ST","201433155","29/03/2014","Sat","1540","DB","CN1","131A 929 ","P","R","D","O ","F ","D","N","C","050","0","0","0","","","1822895","5829888",
"Matamata-Piako District","EMA ST",""," ","I","GILCHRIST ST","201411231","10/01/2014","Fri","0824","HA","CW1C","113B 302B ","","R","D","B ","F ","X","G","N","050","0","0","1","","","1839550","5842045",
"Matamata-Piako District","GILCHRIST ST",""," ","I","EMA ST","201437940","12/06/2014","Thu","1400","HA","CS1C","302B 357B ","","R","W","O ","L ","X","G","C","050","0","0","0","","","1839550","5842045",
"Matamata-Piako District","GOODWIN AVENUE","120","W"," ","STUDHOLME ST","201413326","23/05/2014","Fri","0750","EA","CE1T","129A 363A 902 ","M","R","D","B ","F "," "," ","N","050","0","0","1","","","1822046","5830328",
"Matamata-Piako District","GOODWIN ROAD","800","S"," ","OLD TE AROHA ROAD","201413807","25/04/2014","Fri","1130","BE","CN14","197A 357A 404A 197B 853 ","","R","W","O ","F "," "," ","N","100","0","0","3","","","1852225","5819525",
"Matamata-Piako District","GORDON AVENUE","70","E"," ","GRATTAN ROAD","201411195","25/03/2014","Tue","0630","CC","VW1","358A 801 ","CFS","R","W","O ","L "," "," ","C","070","0","0","1","","","1837740","5839783",
"Matamata-Piako District","GUNN ROAD",""," ","I","LANDSDOWNE ROAD","201438654","21/06/2014","Sat","1101","HA","CS2T","302B ","","R","W","O ","F ","X","G","C","100","0","0","0","","","","",
"Matamata-Piako District","HETHERINGTON ST","80","S"," ","CORONATION ROAD","201437717","21/03/2014","Fri","1915","GE","MS1C","160A 372B 929 ","","R","D","TF","F ","D"," ","N","050","0","0","0","","","1823132","5829952",
"Matamata-Piako District","HINUERA ROAD","300","S"," ","PUKETUTU ROAD","201400138","23/06/2014","Mon","1823","EC","CN1","912 ","FTW","R","D","DN","F "," "," ","C","100","1","0","0","","","","",
"Matamata-Piako District","HINUERA ROAD",""," ","I","PUKETUTU ROAD","201411303","18/03/2014","Tue","1530","GC","VS1C","171B 404B ","","R","D","BF","F ","T","G","L","100","0","0","2","","","1842673","5806930",
"Matamata-Piako District","HINUERA ROAD",""," ","I","PUKETUTU ROAD","201433120","22/03/2014","Sat","0950","GD","CS1T","331A ","","R","D","B ","F ","T","G","L","100","0","0","0","","","1842673","5806930",
"Matamata-Piako District","HORRELL ROAD","3000","N"," ","MURRAY ROAD","201436449","07/05/2014","Wed","1944","CB","CN1","129A ","P","R","W","DN","F "," ","N","C","100","0","0","0","","","1824515","5833332",
"Matamata-Piako District","KEREONE ROAD","1100","E"," ","MAUNGATAPU ROAD","201437939","23/05/2014","Fri","1400","CB","TW1","330A 665A ","CF","R","D","O ","F "," ","N","C","100","0","0","0","","","1829808","5826690",
"Matamata-Piako District","KEREONE ROAD","100","W"," ","SETTLEMENT ROAD","201411663","20/03/2014","Thu","0940","BA","CW1T","129A 350A ","","R","D","BN","F "," ","N","C","100","0","1","0","","","1832313","5826728",
"Matamata-Piako District","KEREONE ROAD","170","E"," ","STOCKMANS ROAD","201434520","04/03/2014","Tue","1900","GE","CW14","333A 927 ","","R","D","TN","F ","D","N","C","100","0","0","0","","","1825272","5827465",
"Matamata-Piako District","KURANUI ROAD","1350","N"," ","DODD ROAD","201435412","11/05/2014","Sun","0155","EC","CN1","912 ","W","R","D","DN","F "," ","N","C","100","0","0","0","","","1819511","5826955",
"Matamata-Piako District","LORNE ST","5","N"," ","SH 26","201413324","24/05/2014","Sat","0420","CB","CN1","410A 801 ","P","R","W","DO","L ","X","G","R","050","0","0","1","","","1822991","5828916",
"Matamata-Piako District","MACE ROAD","250","N"," ","STANLEY ROAD SOUTH","201411188","19/03/2014","Wed","1710","QG","TS1C","682A ","D","R","D","B ","F "," "," ","C","100","0","0","1","","","1841298","5836685",
"Matamata-Piako District","MATUKU ROAD","500","N"," ","PIAKO ROAD","201437627","23/05/2014","Fri","2000","DB","CS1","131A 197A 801 ","F","S","W","DO","L "," "," ","C","100","0","0","0","","","1817886","5828274",
"Matamata-Piako District","MORRINSVILLE TAHUNA ROAD","1550","S"," ","PAEROA TAHUNA ROAD","201436005","17/04/2014","Thu","0950","DA","CS1","136A 631A ","F","E","W","ON","H "," ","N","C","100","0","0","0","","","1820978","5843583",
"Matamata-Piako District","MORRINSVILLE TAHUNA ROAD","2900","S"," ","PAEROA TAHUNA ROAD","201410322","20/01/2014","Mon","1305","DB","CN1","111A 131A 632A ","T","M","W","OF","L "," ","N","C","100","0","0","1","","","1821225","5842312",
"Matamata-Piako District","MORRINSVILLE TAHUNA ROAD","2900","S"," ","PAEROA TAHUNA ROAD","201430411","20/01/2014","Mon","1310","DB","CN1","111A ","V","M","W","O ","F "," ","N","C","100","0","0","0","","","1821225","5842312",
"Matamata-Piako District","MORRINSVILLE TAHUNA ROAD","3100","S"," ","PAEROA TAHUNA ROAD","201434337","13/04/2014","Sun","0146","DA","4S1","103A 131A ","V","M","W","DN","F "," "," ","C","100","0","0","0","","","1821188","5842120",
"Matamata-Piako District","MORRINSVILLE TAHUNA ROAD","3200","N"," ","QUINE ROAD","201411601","05/03/2014","Wed","0850","DB","CN1","111A 131A ","CFV","M","W","ON","L "," ","N","C","100","0","1","0","","","1821214","5842337",
"Matamata-Piako District","MORRINSVILLE TAHUNA ROAD","1000","N"," ","REWA ROAD","201432291","04/01/2014","Sat","2048","CB","CS1","410A ","P","R","D","TN","F "," "," ","C","100","0","0","0","","","1821473","5839522",
"Matamata-Piako District","MORRINSVILLE TAHUNA ROAD","1000","S"," ","REWA ROAD","201433818","23/02/2014","Sun","1309","DB","4S1","197A ","P","M","D","B ","F "," "," ","C","100","0","0","0","","","1820893","5837667",
"Matamata-Piako District","MORRINSVILLE WALTON ROAD","300","S"," ","KURANUI ROAD","201413414","13/06/2014","Fri","2227","EC","VN1","912 ","W","R","D","DN","F "," "," ","C","100","0","1","0","","","1823711","5828228",
"Matamata-Piako District","MORRINSVILLE WALTON ROAD","600","W"," ","MILLIKEN ROAD","201400042","01/03/2014","Sat","0940","GD","ME1O","331A 929 ","","R","D","BN","F ","D","N","C","100","1","0","0","","","1831844","5819622",
"Matamata-Piako District","NGARUA ROAD","2600","N"," ","WAIHEKAU ROAD","201431545","02/01/2014","Thu","1345","AF","CS1C","129B 130B 191B ","F","R","D","BN","F "," "," ","N","100","0","0","0","","","1833848","5832136",
"Matamata-Piako District","NGUTUMANGA ROAD",""," ","I","BOWLER ROAD","201430255","04/01/2014","Sat","0937","KB","TN1C","301B 507B ","","R","D","B ","F ","X","S","N","100","0","0","0","","","1833118","5843683",
"Matamata-Piako District","PIAKONUI ROAD","2000","E"," ","PARATU ROAD","201435948","31/03/2014","Mon","2120","DA","CW1","129A 134A ","CF","M","D","DN","F "," ","N","N","100","0","0","0","","","1834129","5814614",
"Matamata-Piako District","RAWHITI AVENUE",""," ","I","ARAWA ST","201437473","23/05/2014","Fri","1409","JA","CN1C","302B 370B ","","R","W","B ","F ","T","G","C","050","0","0","0","","","1844249","5811895",
"Matamata-Piako District","SH 27",""," ","I","PAEROA TAHUNA ROAD","201436442","14/05/2014","Wed","1925","EC","CS1","341A ","GI","S","W","DO","L ","R","G","R","100","0","0","0","","","","",
"Matamata-Piako District","SH 27",""," ","I","POHLEN ROAD","201432889","11/03/2014","Tue","1132","JA","VS1C","302B 361B ","","R","D","B ","F ","T","G","C","100","0","0","0","","","","",
"Matamata-Piako District","SH 27","2000","N"," ","SH 26","201437632","20/05/2014","Tue","1900","CB","CS1","130A 412A ","T","R","D","DN","F "," "," ","C","100","0","0","0","","","","",
"Matamata-Piako District","SH 27","200","S"," ","SH 26","201437784","06/06/2014","Fri","1927","AD","CN1","130A 150A ","F","R","W","DO","F "," "," ","C","100","0","0","0","","","","",
"Matamata-Piako District","SH 27",""," ","I","SH 29","201436842","11/05/2014","Sun","1254","FB","CN1M","181A 331A 387A ","","R","D","B ","F ","T","S","C","100","0","0","0","","","","",
"Matamata-Piako District","STANLEY ROAD SOUTH","670","N"," ","MCCABE ROAD","201430412","16/01/2014","Thu","1450","DB","CN1","102A ","FP","E","D","B ","F "," ","N","C","100","0","0","0","","","1840058","5839236",
"Matamata-Piako District","STATION ROAD","150","E"," ","BOWLERS ROAD","201434666","14/04/2014","Mon","2130","CC","CW1","195A ","V","R","D","DN","F "," ","N","C","100","0","0","0","","","1841454","5810478",
"Matamata-Piako District","STUDHOLME ST","80","N"," ","SNELL ST","201411258","08/03/2014","Sat","2028","CB","CN1","103A 130A 433A 804 ","T","R","D","B ","F "," "," ","R","050","0","0","2","","","1822523","5829832",
"Matamata-Piako District","STUDHOLME ST",""," ","I","SNELL ST","201432221","13/02/2014","Thu","1605","KB","CS1C","301B 377B ","","R","D","O ","F ","T","S","R","050","0","0","0","","","1822567","5829766",
"Matamata-Piako District","TAUTITI ROAD","880","N"," ","ANDREWS ROAD","201410873","19/02/2014","Wed","2340","DA","MN1","101A 121A 131A ","F","E","D","DN","F "," "," ","C","100","0","1","0","","","1831696","5845766",
"Matamata-Piako District","TE AROHA GORDON ROAD",""," ","I","MACE ROAD","201413302","10/05/2014","Sat","1344","HA","CN24","103A 129A 321A ","TV","R","D","B ","F ","X","S","C","100","0","0","1","","","1841944","5838889",
"Matamata-Piako District","TOWER ROAD","400","S"," ","ARMADALE ROAD","201431408","02/03/2014","Sun","0140","DB","CS1","103A ","CF","M","D","DN","F "," ","N","C","100","0","0","0","","","1847627","5823949",
"Matamata-Piako District","WAHAROA ROAD EAST",""," ","I","POHLEN ROAD","201413293","27/05/2014","Tue","1533","JA","4S1C","302B 375B ","","R","D","B ","F ","T","G","C","100","0","0","2","","","1843248","5814446",
"Matamata-Piako District","WARDVILLE ROAD",""," ","I","ALEXANDRA ROAD","201438059","03/03/2014","Mon","0654","DC","CS2","335A 904 ","F","R","W","DN","M ","T","G","R","100","0","0","0","","","1844324","5820507",
"Matamata-Piako District","YOUNG ST",""," ","I","SAIN CRESCENT N","201434751","24/04/2014","Thu","0800","DC","CE2","133A 423A ","P","R","D","OF","F ","T","N","N","050","0","0","0","","","1821784","5830246",
"Matamata-Piako District","24/0/0.022","100","N"," ","HETANA ST","201432315","03/02/2014","Mon","0840","MF","4N14","371B 377B ","","R","D","B ","F "," "," ","R","050","0","0","0","","","1843952","5811791",
"Matamata-Piako District","24/0/0.069",""," ","I","WAHAROA ROAD EAST","201431161","10/02/2014","Mon","1155","JC","TS1V","113A 302A ","","E","D","B ","F ","T","G","C","050","0","0","0","","","1843993","5811768",
"Matamata-Piako District","24/0/0.267",""," ","I","ARAWA ST","201432563","25/01/2014","Sat","2312","HA","4E1C","302A 375A ","","R","D","DO","F ","R","G","R","050","0","0","0","","","1844152","5811680",
"Matamata-Piako District","TOWER ROAD",""," ","I","24/0/1.114","201432343","06/02/2014","Thu","1445","LB","CW1C","302A ","","R","D","B ","F ","R","G","C","050","0","0","0","","","1844893","5811286",
"Matamata-Piako District","24/0/6.908","400","S"," ","DAVIDSON ROAD","201410872","11/01/2014","Sat","1921","BF","CN1C","131B 668B ","F","S","D","O ","F "," "," ","C","100","0","3","2","","","1849326","5807813",
"Matamata-Piako District","24/0/9.888","100","W"," ","STOPFORD ROAD","201434528","04/04/2014","Fri","1220","DA","CW1","129A 134A ","","E","D","BF","F "," ","N","N","100","0","0","0","","","1851597","5806625",
"Matamata-Piako District","24/0/10.168","180","E"," ","STOPFORD ROAD","201400053","15/03/2014","Sat","0054","BF","VW1T","111A 131A ","","M","D","DN","F "," "," ","C","100","1","0","0","","","1851864","5806705",
"Matamata-Piako District","24/0/10.593",""," ","I","OLD TE AROHA ROAD","201435843","07/03/2014","Fri","1745","GA","TE1CC","331A 363A 604B 902 ","","R","D","BN","F ","Y","N","C","100","0","0","0","","","1852214","5806493",
"Matamata-Piako District","26/17/2.608","650","N"," ","HARBOTTLE ROAD","201431546","04/01/2014","Sat","0740","CB","CS1","412A ","FX","R","D","B ","F "," "," ","N","100","0","0","0","","","1817564","5825234",
"Matamata-Piako District","26/17/6.073","200","E"," ","PIAKO ROAD","201431481","10/03/2014","Mon","0715","GA","VW14","333A 929 ","","R","D","BN","F ","D","N","C","100","0","0","0","","","1819290","5828122",
"Matamata-Piako District","THAMES ST",""," ","I","26/26/0.677","201413301","01/05/2014","Thu","0730","LB","VW1C","302A 350A 375A ","","E","D","O ","F ","T","G","C","050","0","0","1","","","1822701","5828985",
"Matamata-Piako District","26/26/1.171",""," ","I","STUDHOLME ST","201434746","01/04/2014","Tue","1410","FB","CN2C","181A ","","R"," "," F","  ","R","G","R","050","0","0","0","","","1823094","5828979",
"Matamata-Piako District","26/26/1.517","100","E"," ","CANADA ST","201434663","05/04/2014","Sat","1600","GB","CE1T","158A 333A 927 ","","R","D","BF","F ","D","N","C","050","0","0","0","","","1823411","5829112",
"Matamata-Piako District","26/26/5.935","300","N"," ","ALLEN ROAD","201413806","21/03/2014","Fri","0130","CB","CN1","105A 138A 817 ","V","R","D","DN","F "," "," ","N","100","0","0","3","","","1826958","5831262",
"Matamata-Piako District","26/35/5.162","630","E"," ","NGARUA ROAD","201412017","12/04/2014","Sat","1335","DA","MW1","131A 630A ","V","M","W","O ","F "," ","N","C","080","0","0","1","","","1833325","5835975",
"Matamata-Piako District","26/35/5.36","1200","W"," ","SEDDON ROAD","201410468","12/01/2014","Sun","1230","JA","CE1C","308B 930 ","","R","D","B ","F ","D","N","C","100","0","0","3","","","1833486","5836091",
"Matamata-Piako District","26/35/6.874",""," ","I","THOMAS ROAD","201432896","14/03/2014","Fri","1056","GD","4W1CC","331A ","","R","D","B ","F ","T","S","C","100","0","0","0","","","1834732","5836936",
"Matamata-Piako District","26/35/10.133","250","W"," ","MILES ROAD","201433159","04/03/2014","Tue","2300","DA","4W1","129A 131A ","FT","E","W","DN","F "," "," ","C","100","0","0","0","","","1836898","5839289",
"Matamata-Piako District","26/35/10.747","300","W"," ","GRATTAN ROAD","201435575","18/04/2014","Fri","1715","CC","CE1","134A 407A ","V","R","D","O ","F "," "," ","C","100","0","0","0","","","1837429","5839594",
"Matamata-Piako District","26/48/6.14","150","N"," ","STATION ROAD","201432701","23/01/2014","Thu","2120","DA","CN1","103A 131A ","F","E","D","DN","F "," "," ","C","100","0","0","0","","","1837272","5846099",