"TLA NAME","CRASH ROAD","CRASH DIST","CRASH DIRN","INTSN","SIDE ROAD","CRASH ID","CRASH DATE","CRASH DOW","CRASH TIME","MVMT","VEHICLES","CAUSES","OBJECTS STRUCK","ROAD CURVE","ROAD WET","LIGHT","WTHRa","JUNC TYPE","TRAF CTRL","ROAD MARK","SPD LIM","CRASH FATAL CNT","CRASH SEV CNT","CRASH MIN CNT","PERS AGE1","PERS AGE2","EASTING","NORTHING"
"Matamata-Piako District","27/21/0.531","500","S"," ","MAUKORO LANDING ROAD","201410338","28/01/2014","Tue","1935","CB","CS1","129A ","V","R","D","BN","F "," ","N","C","100","0","0","2","","","1820735","5853786",
"Matamata-Piako District","27/27/1.885","250","N"," ","NORTH ROAD","201410574","21/01/2014","Tue","1510","CB","MS1","903 ","","R","D","ON","FS"," ","N","C","100","0","1","0","","","1822833","5847591",
"Matamata-Piako District","27/27/3.979",""," ","I","PAEROA TAHUNA ROAD","201431727","03/01/2014","Fri","0300","DA","CS1","111A 131A ","G","E","D","DN","F ","R","G","C","070","0","0","0","","","1823189","5845541",
"Matamata-Piako District","27/27/11.921",""," ","I","NO 4 ROAD","201413329","07/05/2014","Wed","1215","HA","VN14","321B 375B ","P","R","D","B ","F ","X","S","C","100","0","1","4","","","1825848","5838538",
"Matamata-Piako District","27/27/12.921","1000","S"," ","HORRELL ROAD","201410263","23/02/2014","Sun","0605","CC","CS1","125A 130A ","FV","R","D","DO","F "," ","N","C","100","0","0","1","","","1826427","5837723",
"Matamata-Piako District","27/27/15.148",""," ","I","NO 2 ROAD","201433458","20/02/2014","Thu","1325","GD","BN1CV","181A 333A ","","R","D","BN","F ","T","G","C","100","0","0","0","","","1827711","5835904",
"Matamata-Piako District","27/27/17.312","1000","N"," ","SH 26","201410856","18/01/2014","Sat","0445","CB","CS1","130A 402A 411A ","FP","R","D","TN","F "," "," ","C","100","0","2","0","","","1828652","5833956",
"Matamata-Piako District","27/27/18.312",""," ","I","SH 26","201433151","01/04/2014","Tue","0650","DA","TN1","111A 131A ","J","S","D","DO","F ","R","G","R","100","0","0","0","","","1829097","5833057",
"Matamata-Piako District","27/45/1.472","80","S"," ","CUSSEN ROAD","201410190","06/01/2014","Mon","0520","EC","CS1","912 ","W","E","D","TN","F "," "," ","C","100","0","0","2","","","1829925","5831836",
"Matamata-Piako District","27/45/9.835",""," ","I","KEREONE ROAD","201411169","03/04/2014","Thu","2018","JA","TN1C","321B ","","R","D","DO","F ","X","S","L","100","0","1","0","","","1836134","5827317",
"Matamata-Piako District","27/45/18.782","150","S"," ","JAGGER ROAD","201410305","04/01/2014","Sat","2215","AO","MN1M","129A ","","R","D","DO","F "," ","N","C","100","0","0","2","","","1841012","5820081",
"Matamata-Piako District","27/67/2.419","200","S"," ","LINK ROAD","201432465","26/01/2014","Sun","0934","AD","CS1","130A 901 ","F","R","W","O ","H "," "," ","C","100","0","0","0","","","1842620","5816500",
"Matamata-Piako District","27/67/4.566",""," ","A","POHLEN ROAD","201413243","08/06/2014","Sun","0905","CB","CS1","101A 410A ","ST","R","W","O ","F "," ","N","C","100","0","1","0","","","1843213","5814436",
"Matamata-Piako District","27/67/4.919","2700","S"," ","LINK ROAD","201412111","25/04/2014","Fri","1108","CB","MN1","130A ","","R","D","O ","F "," "," ","C","100","0","0","2","","","1843311","5814097",
"Matamata-Piako District","27/74/0.05","50","S"," ","PERIA ROAD","201431406","04/03/2014","Tue","1524","GD","CN14","333A 927 ","","R","D","BF","F ","D","N","C","050","0","0","0","","","1843903","5811746",
"Matamata-Piako District","27/74/1.722",""," ","I","FIRTH CLOSE","201412548","05/04/2014","Sat","2040","LB","MN1C","112A 303B 375B ","","R","D","DO","F ","T","N","P","070","0","2","0","","","1843839","5810090",
"Matamata-Piako District","27/74/1.96",""," ","I","BURWOOD ROAD","201436176","02/05/2014","Fri","1534","GD","CN1C","181A ","","M","D","B ","F ","T","G","C","070","0","0","0","","","1843812","5809871",
"Matamata-Piako District","27/74/7.429",""," ","A","MANGAWHERO BR","201410191","07/01/2014","Tue","0611","BF","TS1T","111A 129A 818 ","B","M","D","B ","F "," "," ","L","100","0","2","0","","","1843483","5804968",
"Matamata-Piako District","29/42/1.596","4100","E"," ","SH 28","201432702","22/02/2014","Sat","0915","DA","CS1","111A 131A 402A 800 904 ","CF","S","W","O ","M "," "," ","C","100","0","0","0","","","1857560","5803707",
"Matamata-Piako District","29/42/1.696","4000","E"," ","RAPURAPU ROAD","201432681","16/03/2014","Sun","1635","BF","CN1C","135A 330A 806 ","","S","D","B ","F "," ","N","C","100","0","0","0","","","1857552","5803611",
"Matamata-Piako District","29/42/1.711","650","S"," ","SUMMIT LOOKOUT","201432464","26/01/2014","Sun","1318","AD","CS1C","111A 131A 801 ","K","M","W","O ","L "," "," ","L","100","0","0","0","","","1857543","5803600",
"Matamata-Piako District","29/42/2.096","3600","E"," ","RAPURAPU ROAD","201430414","21/01/2014","Tue","1220","BB","4W1C","111A 123A ","","M","W","O ","F "," ","N","L","100","0","0","0","","","1857185","5803560",
"Matamata-Piako District","29/42/2.096","3600","E"," ","SH 28","201430802","13/02/2014","Thu","0808","DA","CS1","131A 402A ","C","M","D","ON","M "," ","N","L","100","0","0","0","","","1857185","5803560",
"Matamata-Piako District","29/42/2.496","3200","E"," ","SH 28","201432314","26/01/2014","Sun","1210","DA","CW1","111A 131A ","CF","M","W","O ","L "," "," ","L","100","0","0","0","","","1856939","5803359",
"Matamata-Piako District","29/42/2.696","3000","S"," ","SH 28","201434665","07/02/2014","Fri","1900","DB","CS1","111A 131A 402A ","V","S","W","ON","L "," ","N","L","100","0","0","0","","","1856787","5803423",
"Matamata-Piako District","29/42/3.696","2000","E"," ","SH 28","201432344","07/02/2014","Fri","1103","DA","CW1","131A 402A ","F","S","D","B ","F "," "," ","L","100","0","0","0","","","1856097","5803467",
"Matamata-Piako District","29/42/4.696","1000","E"," ","SH 28","201437488","08/02/2014","Sat","1130","DA","CW1","135A 402A 801 806 ","P","E","W","O ","L "," "," ","L","100","0","0","0","","","1855169","5803162",
"Matamata-Piako District","29/42/5.696",""," ","I","SH 28","201437475","26/04/2014","Sat","1835","JA","4N1C","301B 375B ","","E","D","DO","F ","T","S","C","100","0","0","0","","","1854360","5803576",
"Matamata-Piako District","29/48/1.362","50","S"," ","SH 24","201437491","25/05/2014","Sun","1605","DA","CN1","131A 358A 403A ","ST","E","D","O ","F "," "," ","C","100","0","0","0","","","1853480","5804551",
"Matamata-Piako District","29/50/3.792",""," ","I","TE POI ROAD","201410260","27/01/2014","Mon","1511","BE","CE1C","125A 137A ","","R","D","B ","F ","X","S","C","070","0","5","1","","","1850025","5804510",
"Matamata-Piako District","29/50/8.179","10","W"," ","RANGITANUKU ROAD","201431146","31/01/2014","Fri","1703","FA","CE1C","181A ","","E","D","B ","F ","T","N","C","100","0","0","0","","","1845976","5803361",
"Matamata-Piako District","29/50/10.027","300","E"," ","SH 27","201411739","30/03/2014","Sun","0153","DA","CW1","131A 363A 601A ","F","M","D","DN","F "," "," ","C","100","0","0","1","","","1844378","5802793",
"Matamata-Piako District","29/50/10.327",""," ","I","SH 27","201433640","14/02/2014","Fri","1150","FA","TE1C","158A 387A 129B 355B 404B ","","R","D","B ","F ","T","G","P","100","0","0","0","","","1844102","5802912",
"Matamata-Piako District","29/61/5.753","650","S"," ","POND ROAD","201430413","20/01/2014","Mon","0740","DB","VS1","131A 504A ","F","M","D","O ","F "," ","N","C","100","0","0","0","","","1838704","5803141",
"Matamata-Piako District","29/61/8.247","520","W"," ","TAOTAOROA ROAD","201432346","12/02/2014","Wed","0755","CC","CW1","130A 357A ","C","R","D","O ","F "," "," ","C","100","0","0","0","","","1837022","5801306",
"Matamata-Piako District","29/61/9.827","2100","S"," ","TOTMAN ROAD","201413327","17/05/2014","Sat","1440","DA","CS1","129A 131A 407A 411A ","FT","M","D","B ","F "," "," ","C","100","0","0","1","","","1836482","5799880",
"Matamata-Piako District","29/61/11.018","2370","N"," ","SH 1N","201410486","16/02/2014","Sun","1520","DB","CW1","131A 414A ","F","E","D","B ","F "," "," ","L","100","0","0","1","","","1835537","5799229",
"Napier City","ALEXANDER AVENUE",""," ","I","OLDHAM AVENUE","201433434","09/03/2014","Sun","0450","DB","CS2","111A 136A 514A ","K","E","D","DO","F ","T","G","C","050","0","0","0","","","1934549","5618541",
"Napier City","AWATOTO ROAD",""," ","I","MEEANEE ROAD","201413078","01/06/2014","Sun","1715","BF","CS24","111A 131A ","","R","W","DO","F ","T","S","C","050","0","0","1","","","1934540","5615566",
"Napier City","AWATOTO ROAD",""," ","I","MEEANEE ROAD","201413804","06/04/2014","Sun","1057","DB","4S2C","111A 131A 407A 801 815 ","","S","W","O ","L ","X","G","C","100","0","1","0","","","1934540","5615566",
"Napier City","BARKER ROAD",""," ","I","SIDEY PLACE","201410772","27/03/2014","Thu","1745","PD","CN1E","722B 727B ","","R","D","B ","F ","T","N","C","050","0","0","1","6","","1936044","5619667",
"Napier City","BATTERY ROAD",""," ","I","MILTON ROAD","201436707","10/05/2014","Sat","1051","GE","CE1C","157A 144B ","","R","D","B ","F ","X","G","C","050","0","0","0","","","1936020","5622570",
"Napier City","BROOKFIELDS ROAD",""," ","I","SANDY ROAD N","201430525","24/01/2014","Fri","1305","LB","CN1C","303B ","","E","D","B ","F ","X","S","C","100","0","0","0","","","1934540","5615566",
"Napier City","BROWNING ST","15","E"," ","CATHEDRAL LANE","201431214","21/01/2014","Tue","1220","MO","CE1C","385A ","M","R","D","BF","F "," ","N","C","050","0","0","0","","","1936838","5621649",
"Napier City","BROWNING ST",""," ","I","HERSCHELL ST","201435873","05/04/2014","Sat","1405","LB","CE1C","303B 404B ","","R","D","BF","F ","X","G","C","050","0","0","0","","","1937012","5621702",
"Napier City","BUCHANAN ST","100","S"," ","VILLERS ST","201432834","11/03/2014","Tue","1600","MO","TS1","371A 927 ","P","R","D","B ","F ","D","N","N","050","0","0","0","","","1932823","5628738",
"Napier City","BURNESS ROAD","20","W"," ","TANNERY ROAD","201431541","19/01/2014","Sun","1312","CC","CW1","129A 134A 359A ","","R","D","B ","F "," "," ","C","050","0","0","0","","","1933178","5616772",
"Napier City","BURNESS ROAD","1000","W"," ","TANNERY ROAD","201435737","09/05/2014","Fri","1603","CB","CW1","103A 130A ","P","R","D","B ","F "," "," ","N","100","0","0","0","","","1932226","5617007",
"Napier City","CARLYLE ST",""," ","I","TENNYSON ST","201434660","08/04/2014","Tue","1113","DA","CS2","133A ","PS","M","W","OF","F ","T","T","C","050","0","0","0","","","1936441","5621336",
"Napier City","CARNEGIE ROAD","50","N"," ","SH 50","201434217","06/03/2014","Thu","1618","MA","CN1C","197A 350B 373B ","","R","D","B ","F "," "," ","N","050","0","0","0","","","1934028","5619957",
"Napier City","CH 50",""," ","I","SH 2","201437438","23/05/2014","Fri","1753","GB","CN1T","172B ","","M","D","DO","F ","R","G","C","050","0","0","0","","","","",
"Napier City","CHAUCER ROAD SOUTH","20","S"," ","GUYS HILL ROAD N","201433442","30/03/2014","Sun","1837","CC","CN1","410A ","F","R","D","BF","F "," ","N","N","050","0","0","0","","","1935618","5621595",
"Napier City","CLYDE JEFFERY DRIVE","30","N"," ","WESTMINSTER AVENUE","201410142","14/01/2014","Tue","1855","FB","CS1C","112A 331A ","","R","D","B ","F ","T","G","R","050","0","0","2","","","1931993","5619589",
"Napier City","CONSTABLE CRESCENT","200","W"," ","SCULLY CRESCENT","201435870","09/04/2014","Wed","1045","DA","CE1","132A ","FX","E","W","OF","F "," ","N","N","050","0","0","0","","","1934777","5619243",
"Napier City","COOTE ROAD",""," ","I","THOMPSON ROAD","201410629","17/02/2014","Mon","0800","KB","BW1S","113B 302B ","","R","D","B ","F ","T","G","C","050","0","0","1","","13","1936731","5622175",
"Napier City","CORONATION ST",""," ","I","TU ATU ST","201410672","23/01/2014","Thu","1533","HA","CS1M","101B 316B 375B ","","E","D","BN","F ","X","G","N","050","0","1","0","","","1935332","5622405",
"Napier City","CORUNNA BAY","50","E"," ","HYDERABAD ROAD S","201431359","14/02/2014","Fri","1300","MO","VW1C","371A 927 ","","R","D","BF","F ","D","N","C","050","0","0","0","","","1934808","5621195",
"Napier City","COVENTRY AVENUE",""," ","I","LEICESTER AVENUE","201430887","20/02/2014","Thu","1600","JA","CS1C","302B 375B ","","E","D","BF","F ","T","G","P","050","0","0","0","","","1932727","5619296",
"Napier City","COVENTRY AVENUE","25","W"," ","WESTMINSTER AVENUE","201433786","06/04/2014","Sun","1030","EA","CW1V","129A ","M","R","W","O ","L "," "," ","N","050","0","0","0","","","1933037","5619055",
"Napier City","DALTON ST","20","E"," ","VAUTIER ST","201436761","26/05/2014","Mon","1610","MA","VE1C","373B ","","M","D","TF","F ","T","N","C","050","0","0","0","","","1936880","5621088",
"Napier City","DARWIN CRESCENT",""," ","I","RICHMOND ST","201430818","16/02/2014","Sun","0220","DC","CN2","103A ","F","E","D","DO","F ","T","N","C","050","0","0","0","","","1935535","5618747",
"Napier City","DICKENS ST","20","E"," ","CLIVE SQUARE EAST","201435668","26/04/2014","Sat","1220","MF","CW1C","371B ","","R","D","B ","F "," "," ","C","050","0","0","0","","","1936663","5621281",
"Napier City","DICKENS ST","30","E"," ","TENNYSON ST","201437431","15/05/2014","Thu","2217","DB","4E1","131A 407A 800 801 ","H","M","W","DO","L "," "," ","C","050","0","0","0","","","1936485","5621231",
"Napier City","DURHAM AVENUE","20","N"," ","NORFOLK ST","201411917","20/03/2014","Thu","1805","FC","CN1C","331A 358A ","","R","D","BF","F "," ","N","X","050","0","0","4","","","1932587","5619574",
"Napier City","FARADAY ST",""," ","I","SMALE TERRACE","201438093","05/06/2014","Thu","1630","MD","SS1C","308B 929 ","","E","D","B ","F ","D","N","N","050","0","0","0","","","1935893","5621357",
"Napier City","FERGUSON ST NORTH","70","S"," ","FANNIN ST","201436762","02/06/2014","Mon","","MO","TN1C","371A 929 ","M","E","D","B ","F ","D","N","C","050","0","0","0","","","1933286","5627624",
"Napier City","GLOUCESTER ST",""," ","I","AVONDALE ROAD","201410670","21/02/2014","Fri","1400","FB","PS1V","181A 330A ","","R","D","B ","F ","R","G","C","050","0","0","1","","","1930936","5616937",
"Napier City","GLOUCESTER ST","50","E"," ","GUPPY ROAD","201413040","26/05/2014","Mon","1300","LB","VE1C","303B 925 ","","R","D","OF","F ","D","N","C","050","0","0","1","","","1931980","5617756",
"Napier City","GLOUCESTER ST","50","W"," ","GUPPY ROAD","201410671","25/02/2014","Tue","1110","EA","CW1CC","129A 427A ","M","R","D","B ","F "," ","N","C","050","0","0","1","","","1931901","5617694",
"Napier City","GLOUCESTER ST","40","S"," ","LEE ROAD S","201430171","15/01/2014","Wed","0717","GB","CS1M","372B 922 ","","E","D","BF","F ","D"," ","P","050","0","0","0","","","1930670","5616356",
"Napier City","GLOUCESTER ST",""," ","I","SPRINGFIELD ROAD","201431367","20/02/2014","Thu","1253","DB","CS1","131A 410A ","G","E","D","BF","F ","T","G","C","050","0","0","0","","","1929600","5615255",
"Napier City","GOLDSMITH ROAD","80","S"," ","BATTERY ROAD","201431362","28/02/2014","Fri","1827","DB","CS1","103A 131A ","J","S","D","BF","F "," ","N","N","050","0","0","0","","","1935385","5621976",
"Napier City","HARDINGE ROAD","15","W"," ","MACAULAY ST","201434210","07/03/2014","Fri","1100","MF","CE1C","371B ","","R","D","B ","F "," "," ","C","050","0","0","0","","","1935602","5622786",
"Napier City","HASTINGS ST","20","S"," ","DICKENS ST","201436710","10/05/2014","Sat","1315","MA","CN1C","373B ","","R","D","B ","F "," ","N","C","050","0","0","0","","","1936992","5621361",
"Napier City","HASTINGS ST","50","S"," ","EMERSON ST","201430761","13/02/2014","Thu","","MO","CN1M","371A ","M","R","D","BF","F "," ","N","C","050","0","0","0","","","1937002","5621455",
"Napier City","HASTINGS ST",""," ","I","TENNYSON ST","201433411","20/03/2014","Thu","1400","FE","CN1C","181A ","","R","D","OF","F ","X","T","C","050","0","0","0","","","1936978","5621570",
"Napier City","HASTINGS ST",""," ","I","WARREN ST","201432359","11/02/2014","Tue","1700","DA","CS1","122A 131A ","KX","M","D","O ","F ","T","G","R","050","0","0","0","","","1936875","5620263",
"Napier City","HILL ROAD","200","N"," ","SEAFIELD ROAD","201431357","15/02/2014","Sat","0800","DB","CS1","131A ","P","S","D","BN","F "," ","N","C","100","0","0","0","","","1931843","5630628",
"Napier City","HILL ROAD","100","S"," ","SEAFIELD ROAD","201435735","08/05/2014","Thu","1303","DA","CN1","131A 412A 818 ","FV","E","D","B ","F "," "," ","N","100","0","0","0","","","1931916","5630369",
"Napier City","JESSEP ROAD","10","S"," ","BROOKFIELDS ROAD","201410635","25/01/2014","Sat","2009","MO","CS1","103A 131A 402A ","","R","D","B ","F ","T","N","C","050","0","0","1","","","1934616","5614267",
"Napier City","KENNEDY ROAD",""," ","I","BILL HERCOCK ST","201434659","11/04/2014","Fri","1209","JA","CS1C","301B 353B 375B ","","E","W","OF","L ","T","S","R","050","0","0","0","","","1933926","5619109",
"Napier City","KENNEDY ROAD","30","W"," ","DOUGLAS MCLEAN AVENUE","201438011","14/06/2014","Sat","1218","FD","CW1CC","181A ","","R","D","O ","F "," "," ","R","050","0","0","0","","","1935632","5620471",
"Napier City","KENNEDY ROAD",""," ","I","DOUGLAS MCLEAN AVENUE","201436168","07/05/2014","Wed","1307","LB","CS1V","303B ","","R","D","B ","F ","X","G","C","050","0","0","0","","","1935656","5620489",
"Napier City","KENNEDY ROAD","10","E"," ","LAMASON ST","201436760","07/05/2014","Wed","1530","MA","4W1C","373B ","","R","D","B ","F ","T","N","C","050","0","0","0","","","1932340","5617978",
"Napier City","KENNEDY ROAD","480","E"," ","LAMASON ST","201410627","14/02/2014","Fri","0929","MC","CE1C","372B ","","R","D","B ","F "," ","N","C","050","0","0","2","","","1932770","5618155",
"Napier City","KENNEDY ROAD",""," ","I","RIVERBEND ROAD","201412593","28/03/2014","Fri","1450","NF","VN2E","307A 376A ","","R","D","B ","F ","X","T","C","050","0","0","1","80","","1935048","5620036",
"Napier City","KENNEDY ROAD","80","E"," ","WILDING AVENUE","201435951","11/03/2014","Tue","1400","MO","CW1C","371A ","M","R","D","BF","F "," ","N","C","050","0","0","0","","","1935569","5620425",
"Napier City","KENNEDY ROAD",""," ","I","WILDING AVENUE","201432663","13/03/2014","Thu","1759","HA","CW1C","302B 375B ","","R","D","B ","F ","X","G","R","050","0","0","0","","","1935505","5620377",
"Napier City","LATHAM ST",""," ","I","DOUGLAS MCLEAN AVENUE","201432008","24/01/2014","Fri","1017","LB","VS1C","303B 375B 402B ","","R","D","B ","F ","X","G","C","050","0","0","0","","","1936037","5620038",
"Napier City","LATHAM ST","50","N"," ","GEDDIS AVENUE","201410769","01/04/2014","Tue","1835","PD","CW1E","722B 727B 929 ","","R","D","TF","F "," ","N","N","050","0","0","1","7","","1935318","5619431",
"Napier City","LATHAM ST","20","N"," ","NUFFIELD AVENUE","201412669","21/04/2014","Mon","1600","NA","CN1E","713B 726B ","","R","D","BF","F "," ","N","C","050","0","1","0","5","","1935611","5619678",
"Napier City","LEE ROAD",""," ","I","MEEANEE ROAD","201430888","21/02/2014","Fri","2238","LB","CS1C","303B ","","E","D","DO","F ","X","T","C","050","0","0","0","","","1930800","5616513",
"Napier City","MAADI ROAD",""," ","I","KENNEDY ROAD","201410146","16/01/2014","Thu","0200","CC","CS1C","130A 402A ","FM","R","D","DO","F ","T","S","C","050","0","0","2","","","1934354","5619476",
"Napier City","MAADI ROAD","80","N"," ","MENIN ROAD","201431363","27/02/2014","Thu","1645","MF","CN1C","371B ","","E","D","BF","F "," ","N","R","050","0","0","0","","","1934236","5619620",
"Napier City","MAADI ROAD N",""," ","I","KENNEDY ROAD","201432661","18/03/2014","Tue","1736","DA","CS1","133A 134A ","P","R","W","O ","F ","T","S","C","050","0","0","0","","","1934354","5619476",
"Napier City","MARINE PARADE","50","N"," ","SALE ST","201435669","27/04/2014","Sun","1123","MO","CS1C","386A 504A ","M","R","D","B ","F "," "," ","C","050","0","0","0","","","1936994","5620664",
"Napier City","MARINE PARADE",""," ","I","SALE ST","201433874","21/04/2014","Mon","1315","GD","CS1C","181A 331A ","","R","D","B ","F ","T","S","R","050","0","0","0","","","1936989","5620615",
"Napier City","MASON AVENUE","15","S"," ","MOORE AVENUE","201435736","04/05/2014","Sun","1806","CB","CS1","103A 108A 433A ","P","R","D","DO","F "," "," ","N","050","0","0","0","","","1935683","5618114",
"Napier City","MEEANEE ROAD","20","W"," ","CRICHTON PLACE","201431645","11/01/2014","Sat","0042","EA","CE1C","103A 129A ","M","R","D","DO","F "," "," ","C","050","0","0","0","","","1931385","5616379",
"Napier City","MEEANEE ROAD",""," ","I","GUPPY ROAD","201433410","23/03/2014","Sun","1450","FE","CE1C","181A ","","R","D","OF","F ","X","T","C","050","0","0","0","","","1931611","5616324",
"Napier City","MEEANEE ROAD",""," ","I","JERVOIS ROAD","201413819","29/05/2014","Thu","1830","LB","CE1C","101A 303B 350B 402B ","","R","D","DO","F ","T","S","C","050","0","0","1","","","1932151","5616191",
"Napier City","MEEANEE ROAD","290","E"," ","TANNERY ROAD","201430173","12/01/2014","Sun","1605","CC","CW1","130A 359A ","V","R","D","BN","F "," ","N","C","070","0","0","0","","","1933286","5615917",
"Napier City","MEENEE ROAD",""," ","I","GUPPY ROAD","201438010","10/06/2014","Tue","1655","LB","CE1C","303B ","","R","W","DO","H ","X","T","C","050","0","0","0","","","","",
"Napier City","MILTON ROAD",""," ","I","HARVEY ROAD","201435272","21/04/2014","Mon","1600","HA","CW1C","301A 902 ","","E","D","B ","F ","X","S","C","050","0","0","0","","","1936213","5621965",
"Napier City","MILTON ROAD","100","N"," ","MILTON TERRACE","201434658","05/04/2014","Sat","0411","DA","CN1","111A 131A ","CX","E","D","DO","F "," ","N","C","050","0","0","0","","","1936005","5622315",
"Napier City","MILTON ROAD","70","N"," ","TENNYSON ST","201435670","03/05/2014","Sat","1915","DA","CS1C","111A 131A 402A ","M","M","D","DO","F "," "," ","C","050","0","0","0","","","1936523","5621505",
"Napier City","MISSION ROAD","100","W"," ","AUCKLAND ROAD","201431750","12/01/2014","Sun","1200","MO","CW1C","371A 386A 929 ","M","R","D","BN","F ","D"," ","N","050","0","0","0","","","1931120","5618663",
"Napier City","MOELLER ST","70","N"," ","ELBOURNE ST","201410767","04/04/2014","Fri","1847","PO","CW1E","363A 370A 902 929 ","","R","D","B ","F ","D","N","N","050","0","0","1","1","","1931556","5616993",
"Napier City","MURPHY ROAD",""," ","I","GEBBIE ROAD","201433912","03/04/2014","Thu","1657","JC","CE1C","302A 375A ","","E","D","B ","F ","T","G","C","050","0","0","0","","","1930869","5616131",
"Napier City","NELSON CRESCENT","40","S"," ","ASHRIDGE ROAD","201435761","07/05/2014","Wed","1526","CC","CN1","130A 194A 352A ","T","R","D","B ","F "," "," ","C","050","0","0","0","","","1936675","5619989",
"Napier City","NUFFIELD AVENUE","30","W"," ","DOUGLAS MCLEAN AVENUE","201430871","27/01/2014","Mon","1600","EA","4W1C","129A ","M","R","D","OF","F "," ","N","C","050","0","0","0","","","1936466","5619377",
"Napier City","NUFFIELD AVENUE","100","N"," ","LOWRY TERRACE","201435823","07/04/2014","Mon","1500","GE","VN14","333A 929 ","","R","W","OF","H ","D","N","C","050","0","0","0","","","1935549","5620056",
"Napier City","PORAITI ROAD","600","N"," ","BOYD ROAD","201432358","06/02/2014","Thu","0746","DA","CN1","131A 804 817 ","P","M","D","O ","F "," "," ","N","100","0","0","0","","","1930191","5621343",
"Napier City","PREBENSEN DRIVE","200","E"," ","AUSTIN ST","201432662","17/03/2014","Mon","1710","FD","CW1V","181A 330A ","","R","D","B ","F "," ","N","C","070","0","0","0","","","1933704","5620948",
"Napier City","PREBENSEN DRIVE",""," ","I","AUSTIN ST","201436170","08/05/2014","Thu","1415","JA","CW1V","302B ","","R","D","O ","F ","T","G","C","050","0","0","0","","","1933504","5620954",
"Napier City","PREBENSEN DRIVE",""," ","I","AUSTIN ST","201433435","21/03/2014","Fri","1355","JA","CW1C","302B 375B ","","M","D","BF","F ","T","G","C","070","0","0","0","","","1933504","5620954",
"Napier City","PREBENSEN DRIVE",""," ","I","SEVERN ST","201434352","07/04/2014","Mon","0750","AD","CW1C","111A 801 ","","E","W","O ","H ","R","G","R","070","0","0","0","","","1934143","5620934",
"Napier City","PREBENSEN DRIVE",""," ","I","SEVERN ST","201431364","02/03/2014","Sun","1130","AO","TE1C","381A 671A ","","R","D","BF","F ","R","G","R","070","0","0","0","","","1934143","5620934",
"Napier City","PREBENSEN DRIVE",""," ","I","SEVERN ST","201413097","30/05/2014","Fri","0944","CA","PE1","403A ","","R","W","OF","L ","R","G","C","070","0","0","1","","","1934143","5620934",
"Napier City","PREBENSEN DRIVE",""," ","I","SEVERN ST","201430526","21/01/2014","Tue","1030","DA","VE1","111A 131A 801 ","K","S","W","O ","L ","X","G","C","070","0","0","0","","","1934143","5620934",
"Napier City","PREBENSEN DRIVE",""," ","I","SEVERN ST","201438013","01/06/2014","Sun","1733","DA","CE1","111A 131A 402A 801 ","P","M","W","DO","L ","R","G","R","050","0","0","0","","","1934143","5620934",
"Napier City","PREBENSEN DRIVE",""," ","I","SEVERN ST","201435867","16/04/2014","Wed","1449","FB","CW1C","331A 517A ","","E","D","BF","F ","R","G","R","050","0","0","0","","","1934143","5620934",
"Napier City","PREBENSEN DRIVE",""," ","I","SEVERN ST","201433923","26/03/2014","Wed","1701","BE","CW1CC","110A 201A 132B 191B ","","E","D","B ","F ","R","G","R","070","0","0","0","","","1934143","5620934",
"Napier City","PREBENSEN DRIVE",""," ","I","TAMATEA DRIVE","201436711","17/04/2014","Thu","1940","JA","CW1C","302B 375B ","","R","W","DO","F ","T","G","R","050","0","0","0","","","1932807","5620971",
"Napier City","PREBENSEN DRIVE",""," ","I","TAMATEA DRIVE","201431361","27/02/2014","Thu","1925","JA","VW1C","302B 375B ","","R","D","BF","F ","M","G","P","070","0","0","0","","","1932807","5620971",
"Napier City","PUKETAPU ROAD","800","N"," ","HARPHAM ST","201410147","13/01/2014","Mon","0750","FA","VS1S","129A 183A ","","M","D","O ","F "," "," ","C","050","0","0","1","","44","1929471","5617457",
"Napier City","RIVERBEND ROAD","50","E"," ","ANZAC AVENUE","201431358","21/02/2014","Fri","0855","MA","CW1C","373B ","","R","D","OF","F "," ","N","C","050","0","0","0","","","1934844","5620215",
"Napier City","RIVERBEND ROAD","100","S"," ","LATHAM ST","201436318","23/03/2014","Sun","0830","DA","CN1","111A 131A ","F","M","W","OF","F "," ","N","C","050","0","0","0","","","1935179","5619300",
"Napier City","RIVERBEND ROAD",""," ","I","LATHAM ST","201431635","17/01/2014","Fri","1027","JA","CS1V","302B 387B ","","R","D","B ","F ","T","G","C","050","0","0","0","","","1935212","5619394",
"Napier City","RIVERBEND ROAD","30","W"," ","WILLOWBANK AVENUE","201435271","19/04/2014","Sat","0007","DA","CS1","111A 131A ","F","S","W","DO","L "," "," ","L","070","0","0","0","","","1934964","5616325",
"Napier City","SH 2","400","S"," ","ELLISON ST","201438008","27/05/2014","Tue","1925","MD","CS1TB","308B 371B 927 ","","R","D","DN","F ","D","N","C","100","0","0","0","","","","",
"Napier City","SH 2",""," ","I","LATHAM ST","201435819","07/05/2014","Wed","1515","FB","CE2C","181A ","","R","D","OF","F ","R","G","C","050","0","0","0","","","1936102","5620093",