"TLA NAME","CRASH ROAD","CRASH DIST","CRASH DIRN","INTSN","SIDE ROAD","CRASH ID","CRASH DATE","CRASH DOW","CRASH TIME","MVMT","VEHICLES","CAUSES","OBJECTS STRUCK","ROAD CURVE","ROAD WET","LIGHT","WTHRa","JUNC TYPE","TRAF CTRL","ROAD MARK","SPD LIM","CRASH FATAL CNT","CRASH SEV CNT","CRASH MIN CNT","PERS AGE1","PERS AGE2","EASTING","NORTHING"
"Napier City","SH 2","15","W"," ","SH 50 TARADALE","201438348","12/06/2014","Thu","0845","DB","CW1","135A 402A 801 806 ","P","E","W","O ","L "," "," ","R","050","0","0","0","","","","",
"Napier City","SH 2B",""," ","I","PREBENSEN DRIVE","201433924","20/03/2014","Thu","1636","GE","4W1T","157A 160A ","","M","D","B ","F ","R","G","C","070","0","0","0","","","1933104","5620961",
"Napier City","SHAKESPEARE ROAD",""," ","I","FITZROY ROAD","201438091","15/06/2014","Sun","1750","FA","CN1V","181A ","","M","D","TF","F ","M","G","C","050","0","0","0","","","1936525","5621986",
"Napier City","SIMLA TERRACE","30","W"," ","KAVANAGH ROAD","201438012","05/06/2014","Thu","1615","CB","4E1C","129A 194A ","","R","D","TF","F "," "," ","N","050","0","0","0","","","1935238","5621351",
"Napier City","STATION ST","30","E"," ","TENNYSON ST","201437432","22/04/2014","Tue","1645","LB","CW1C","303B 375B 922 ","","R","D","O ","F ","D","N","R","050","0","0","0","","","1936407","5621178",
"Napier City","TAIT DRIVE","60","S"," ","CLEMENT PLACE","201413180","08/05/2014","Thu","0700","EA","CN1C","130A 358A 402A ","Q","R","D","O ","F "," "," ","C","050","0","0","1","","","1932997","5618152",
"Napier City","TAIT DRIVE","50","W"," ","CORMACK PLACE","201437435","01/06/2014","Sun","0400","DA","CE1","131A ","F","E","D","DO","F "," "," ","C","050","0","0","0","","","1932848","5618096",
"Napier City","TE AWA AVENUE","10","N"," ","CREAGH ST","201430441","23/01/2014","Thu","1530","MO","4N1C","371A 926 ","","R","D","B ","F ","T","N","C","050","0","0","0","","","1936777","5619284",
"Napier City","TENNYSON ST",""," ","I","DICKENS ST","201410413","30/01/2014","Thu","1145","JA","PS1C","302B 404B ","","E","D","B ","F ","T","G","R","050","0","0","1","","","1936458","5621243",
"Napier City","TENNYSON ST","50","W"," ","MILTON ROAD","201437430","21/05/2014","Wed","1300","AO","CW1C","129A 129B ","","M","D","B ","F "," "," ","C","050","0","0","0","","","1936545","5621440",
"Napier City","TENNYSON ST",""," ","I","MILTON ROAD","201437439","25/05/2014","Sun","0840","BC","CE1C","122A 352A ","","R","D","B ","F ","T","T","C","050","0","0","0","","","1936545","5621440",
"Napier City","THACKERAY ST","150","W"," ","JULL ST","201432836","07/03/2014","Fri","1515","FD","CW1CC","181A 181B ","","R","D","B ","F "," "," ","C","050","0","0","0","","","1935783","5621041",
"Napier City","THACKERAY ST",""," ","I","TENNYSON ST","201435818","04/05/2014","Sun","1400","FE","CE1C","181A ","","R","D","BF","F ","X","T","C","050","0","0","0","","","1936379","5621188",
"Napier City","THE ESPLANADE","1000","N"," ","DOMAIN ROAD","201413098","19/05/2014","Mon","1051","EA","CN1O","129A 351A ","M","R","D","BF","F "," ","N","N","050","0","0","1","","","1933340","5624813",
"Napier City","TRINITY CRESCENT","90","E"," ","MERTON CRESCENT","201410300","05/01/2014","Sun","1430","DA","VE1CC","129A ","MM","M","D","BF","F "," ","N","C","050","0","0","1","","","1933721","5619224",
"Napier City","VENABLES AVENUE","50","E"," ","DINWIDDIE AVENUE","201410669","24/02/2014","Mon","","NA","4W1E","711B ","","R","D","B ","F "," ","N","N","050","0","0","1","","","1934842","5618479",
"Napier City","VENABLES AVENUE",""," ","I","DINWIDDIE AVENUE","201437433","30/05/2014","Fri","1018","DA","CN1","111A 131A 632A 800 ","P","M","W","O ","F ","T","N","N","050","0","0","0","","","1934793","5618469",
"Napier City","WAIOHIKI ROAD",""," ","I","SPRINGFIELD ROAD","201432699","07/04/2014","Mon","1158","DA","CN1","134A 402A 632A ","G","M","D","O ","L ","T","N","C","050","0","0","0","","","1929600","5615255",
"Napier City","WALLIS PLACE","10","W"," ","DINWIDDIE AVENUE","201435582","26/04/2014","Sat","1800","EC","4E1","371A 386A ","P","R","D","TO","F ","T","N","C","050","0","0","0","","","1934776","5618504",
"Napier City","WESTMINSTER AVENUE","50","E"," ","LERWICK ST","201438014","10/06/2014","Tue","0820","MD","CW1C","308B 371B 929 ","","R","W","O ","F ","D","N","C","050","0","0","0","","","1932152","5619660",
"Napier City","WESTMINSTER AVENUE","80","E"," ","RIPON PLACE","201437994","01/05/2014","Thu","2025","BC","CW1C","111A 121A ","","S","D","DO","F "," ","N","C","050","0","0","0","","","1933109","5620254",
"Napier City","WHARERANGI ROAD",""," ","I","WESTMINSTER AVENUE","201412845","09/05/2014","Fri","0830","KA","CW1C","302B 370B ","","M","D","B ","F ","R","G","C","050","0","0","1","","","1931771","5618807",
"Napier City","WYCLIFFE ST",""," ","I","HAROLD HOLT AVENUE","201433875","14/04/2014","Mon","1050","LB","CN1C","303B ","","R","W","O ","L ","T","G","C","050","0","0","0","","","1934681","5619182",
"Napier City","WYCLIFFE ST","50","N"," ","MORRIS SPENCE AVENUE","201435667","01/01/2014","Wed","0440","EA","CN1C","129A ","M","R","D","DO","F "," "," ","C","050","0","0","0","","","1934592","5619290",
"Napier City","YORK AVENUE",""," ","I","AUCKLAND ROAD","201435762","07/05/2014","Wed","1420","JA","CN1C","301B 375B 402B ","","R","D","O ","F ","X","S","R","050","0","0","0","","","1931949","5617934",
"Napier City","YORK AVENUE",""," ","I","AUCKLAND ROAD","201433920","18/02/2014","Tue","1615","HA","CN1C","301B 375B ","","R","D","B ","F ","X","S","R","050","0","0","0","","","1931949","5617934",
"Napier City","YORK AVENUE",""," ","I","CONVENTRY AVENUE","201438006","10/06/2014","Tue","1910","EA","CE1C","129A ","MI","R","W","DO","L ","R","G","R","050","0","0","0","","","","",
"Napier City","2/638/1.203","1200","N"," ","FRANKLIN ROAD","201431856","10/02/2014","Mon","1500","GD","CN1VV","333A 929 ","","E","D","ON","F ","D","N","C","100","0","0","0","","","1933391","5631040",
"Napier City","2/638/5.232","400","S"," ","ONEHUNGA ROAD","201438350","12/06/2014","Thu","0849","FD","TN1C","181A 191B ","","R","D","O ","F "," "," ","C","070","0","0","0","","","1933137","5627192",
"Napier City","2/638/9.107",""," ","I","SH 2 MEEANEE QUAY","201412355","17/04/2014","Thu","1537","JA","CS1C","301B 375B 901 903 ","","E","W","O ","HS","X","S","R","050","0","0","1","","","1933518","5623357",
"Napier City","2/647/1.795",""," ","I","HUMBER ST","201433921","26/03/2014","Wed","1649","HA","CE2C","112B 514B ","","R","D","B ","F ","R","G","C","050","0","0","0","","","1934585","5622058",
"Napier City","2/649/0.487",""," ","I","CORUNNA BAY S","201438349","11/06/2014","Wed","1246","LB","CS1C","303B 387B 801 ","","R","W","O ","L ","T","G","R","050","0","0","0","","","1934778","5621155",
"Napier City","2/649/0.615",""," ","I","PREBENSEN DRIVE","201435167","03/04/2014","Thu","1330","AA","CW1C","372A ","","M","D","B ","F ","R","G","C","050","0","0","0","","","1934842","5621030",
"Napier City","2/649/0.615",""," ","I","PREBENSEN DRIVE","201433409","18/03/2014","Tue","2020","AC","TS1C","381A 671A ","","M","W","BF","F ","R","G","R","050","0","0","0","","","1934842","5621030",
"Napier City","2/650/0.019",""," ","I","TARADALE ROAD","201430106","07/01/2014","Tue","1051","GB","CW1C","172B 507B ","","E","D","B ","F ","R","G","C","050","0","0","0","","","1935023","5621014",
"Napier City","2/650/0.034","15","E"," ","SH 50 TARADALE","201412595","14/04/2014","Mon","0030","CC","CW1","103A 112A 130A 801 ","IS","R","W","DO","L "," "," ","R","050","0","0","1","","","1935038","5621017",
"Napier City","2/650/1.043",""," ","I","KENNEDY ROAD","201437500","05/06/2014","Thu","1715","FE","VN1C","181A ","","E","D","TF","F ","M","T","C","050","0","0","0","","","1935711","5620533",
"Napier City","2/650/1.597",""," ","I","LATHAM ST","201430858","02/02/2014","Sun","1517","HA","CN2C","302A 375A ","","S","D","BF","F ","R","G","R","050","0","0","0","","","1936098","5620090",
"Napier City","2/650/1.609",""," ","I","LATHAM ST","201430817","19/02/2014","Wed","1845","HA","CN1C","302A 375A ","","E","D","BF","F ","R","G","R","050","0","0","0","","","1936097","5620079",
"Napier City","2/650/1.609",""," ","I","LATHAM ST","201430105","07/01/2014","Tue","1017","KA","CN2C","111B 302B 411B ","","R","D","B ","F ","R","G","C","050","0","0","0","","","1936097","5620079",
"Napier City","LATHAM ST",""," ","I","GEORGES DRIVE","201412956","01/05/2014","Thu","0840","HA","CE1S","302A ","","M","D","B ","F ","R","G","R","050","0","1","0","","57","1936086","5620080",
"Napier City","2/650/5.235","420","N"," ","AWATOTO ROAD","201434116","04/01/2014","Sat","0820","GC","CN1C","377A 372B 926 ","","E","D","BN","F ","D"," ","C","100","0","0","0","","","1936803","5616860",
"Napier City","2/650/6.884","1000","N"," ","WAITANGI ROAD","201432833","07/03/2014","Fri","1521","FD","4N1CCC","181A 181B 181C ","","R","D","B ","F "," "," ","C","100","0","0","0","","","1936895","5615216",
"Napier City","2/650/7.245","600","N"," ","WAITANGI ROAD","201437067","07/06/2014","Sat","2315","CB","CS1","129A 358A ","H","R","D","DN","F "," "," ","C","100","0","0","0","","","1936934","5614818",
"Napier City","2/650/7.884",""," ","I","WAITANGI ROAD","201410809","08/02/2014","Sat","1542","CC","CN1E","130A 501A 901 ","X","R","W","O ","H ","T","G","C","100","0","1","0","53","","1937017","5614224",
"Napier City","2/650/7.925","80","S"," ","WAITANGI ROAD","201435674","23/04/2014","Wed","1420","FA","CS1V","331A 191B 817 ","","R","D","B ","F "," "," ","C","100","0","0","0","","","1937028","5614144",
"Napier City","2B/0/0",""," ","I","SH 2","201433441","20/03/2014","Thu","1013","KB","TN1C","301B 375B ","","E","D","BF","F ","M","S","P","080","0","0","0","","","1933518","5623357",
"Napier City","PREBENSEN DRIVE",""," ","I","2B/0/2.453","201431646","10/01/2014","Fri","1850","GB","CW1C","172B ","","R","D","O ","F ","R","G","R","050","0","0","0","","","1933203","5620958",
"Napier City","PREBENSEN DRIVE",""," ","I","2B/0/2.466","201410151","22/01/2014","Wed","0719","FA","VE1S","331A 353A ","","E","D","B ","F ","R","G","R","050","0","0","1","","56","1933104","5620961",
"Napier City","2B/0/2.531",""," ","I","PREBENSEN DRIVE","201433445","22/03/2014","Sat","1840","DB","VN1","111A 131A ","PS","M","W","BF","L ","R","G","R","100","0","0","0","","","1933118","5620932",
"Napier City","2B/0/2.532",""," ","I","PREBENSEN DRIVE","201435943","08/04/2014","Tue","2125","FB","CE1C","181A ","","R","W","DO","H ","R","G","R","050","0","0","0","","","1933145","5620912",
"Napier City","5/249/11.608","900","E"," ","ESKDALE LANE","201437434","31/05/2014","Sat","1339","BO","CE1C","512A 357B 514B ","","E","D","O ","F "," "," ","C","100","0","0","0","","","1933181","5632492",
"Napier City","50/0/2.929",""," ","I","LEVER ST","201435816","07/04/2014","Mon","1930","FB","VW2C","181A ","","R"," "," F","  ","X","G","C","100","0","0","0","","","1935011","5622296",
"Napier City","50/0/2.939","10","S"," ","LEVER ST","201433436","21/03/2014","Fri","0821","FD","CN1CC","331A 358A ","","R","D","OF","F ","X","G","C","050","0","0","0","","","1935006","5622287",
"Napier City","TARADALE ROAD",""," ","I","50/3/0.044","201432007","29/01/2014","Wed","1044","GB","CS1C","172B 372B 386B ","","M","D","BF","F ","R","G","C","050","0","0","0","","","1935012","5620994",
"Napier City","50/3/0.38","40","E"," ","HENRY HILL ST","201410773","14/03/2014","Fri","1220","FA","CN1C","181A 331A 350A ","","R","D","B ","F "," ","N","C","050","0","0","1","","","1934744","5620723",
"Napier City","50/3/0.707","40","N"," ","TOM PARKER AVENUE","201411915","25/03/2014","Tue","1129","EA","CS1CV","129A 358A ","MM","R","D","BF","F "," ","N","C","050","0","0","1","","","1934555","5620521",
"Napier City","50/3/1.543",""," ","I","MAADI ROAD","201435738","08/05/2014","Thu","2220","LB","CS1C","322B 386B 402B 801 ","","R","W","DO","L ","T","T","C","050","0","0","0","","","1934035","5619868",
"Napier City","50/3/1.543",""," ","I","MAADI ROAD","201433444","19/02/2014","Wed","1530","NE","CS1","306A ","","R","D","BF","F ","T","N","C","050","0","0","0","","","1934035","5619868",
"Napier City","50/3/2.402",""," ","I","SH 2B","201412594","06/04/2014","Sun","0900","DA","VS1","111A 131A 402A 800 801 ","I","S","W","O ","L ","R","G","R","050","0","0","1","","","1933340","5619322",
"Napier City","SH 2B",""," ","I","TARADALE ROAD","201430340","03/01/2014","Fri","1020","HA","CS2M","302A 378A ","","E","D","B ","F ","R","G","R","050","0","0","0","","","1933263","5619308",
"Napier City","50/5/0.624",""," ","A","KENNEDY ROAD OBR","201432822","19/02/2014","Wed","2036","CB","CN1","103A 130A ","B","R","D","DO","F "," "," ","C","100","0","0","0","","","1933391","5618681",
"Napier City","50/5/3.312",""," ","I","MEEANEE OFF SBD","201436627","29/04/2014","Tue","1815","FB","VS1C","181A ","","R","D","B ","F ","R","G","C","050","0","0","0","","","1931912","5616630",
"Napier City","50/5/3.691","10","S"," ","MEEANEE OBR","201410152","21/01/2014","Tue","0806","FD","CS1C","112A 181A 331A 901 ","","R","W","O ","H "," "," ","C","100","0","0","1","","","1931819","5616262",
"Nelson City","ABRAHAM HEIGHTS","130","W"," ","MONTREAL ROAD","201431535","23/01/2014","Thu","2230","DA","CE1","111A 132A 402A ","K","M","D","DN","F "," "," ","C","050","0","0","0","","","1622359","5430482",
"Nelson City","ALMA ST",""," ","I","BRIDGE ST","201432476","02/03/2014","Sun","0140","EO","CN1C","352B 407B ","M","E","D","DO","F ","T","N"," ","050","0","0","0","","","1623977","5430941",
"Nelson City","ATAWHAI DRIVE",""," ","I","WEKA ST","201413286","16/06/2014","Mon","0643","HA","CS1C","302B 375B ","","R","W","DO","F ","X","G","C","050","0","0","1","","","1624697","5431612",
"Nelson City","BISLEY WALK",""," ","I","BEACH ROAD","201436451","10/05/2014","Sat","1145","JA","CW1C","302B ","","E","D","BF","F ","T","G","R","050","0","0","0","","","1620882","5430089",
"Nelson City","BRIDGE ST",""," ","I","ALMA ST","201435927","13/04/2014","Sun","1120","KB","CN24","133A 423A ","","R","D","OF","M ","T","G","C","050","0","0","0","","","1623977","5430941",
"Nelson City","BRIDGE ST","200","W"," ","COLLINGWOOD ST","201437231","22/05/2014","Thu","1135","MO","CW1C","371A 385A ","M","R"," "," F","  "," ","N","N","050","0","0","0","","","1623836","5430946",
"Nelson City","BRIDGE ST",""," ","I","HARLEY ST","201412132","26/04/2014","Sat","1245","NF","4N2E","710B 720B ","","R","D","B ","F ","X","G","C","050","0","0","1","51","","1624116","5430936",
"Nelson City","BRIDGE ST","30","W"," ","TASMAN ST W","201411924","19/03/2014","Wed","1600","AA","SW1C","372A ","","R","D","BF","F "," ","N","C","050","0","0","1","","17","1624392","5430926",
"Nelson City","BROOK ST","80","N"," ","BLICK TERRACE","201412695","28/02/2014","Fri","2325","MD","CS1C","103A 112A 308B 929 ","","R","D","DO","F ","D","N","N","050","0","0","1","","","1624474","5429034",
"Nelson City","BROOK ST","80","S"," ","SUGAR LOAF PLACE","201412025","28/03/2014","Fri","1720","DA","4S1","111A 131A ","T","M","D","DF","F "," ","N","C","050","0","1","0","","","1624969","5428077",
"Nelson City","COLLINGWOOD ST",""," ","I","BRIDGE ST","201412528","19/04/2014","Sat","0323","DA","CN1","103A 111A 131A 801 ","P","E","W","DO","L ","X","T","C","050","0","0","1","","","1624036","5430939",
"Nelson City","COLLINGWOOD ST","30","S"," ","HALIFAX ST","201437554","11/06/2014","Wed","0800","QD","CS1T","428A 922 ","","R","D","O ","F ","D","N","C","050","0","0","0","","","1624042","5431104",
"Nelson City","COLLINGWOOD ST","40","N"," ","HARDY ST","201432478","26/02/2014","Wed","1200","JA","CN1V","308B 377B 926 ","","R","D","BF","F ","D"," ","C","050","0","0","0","","","1624030","5430783",
"Nelson City","ECHODALE PLACE","50","S"," ","NAYLAND ROAD","201436790","14/05/2014","Wed","1530","JA","CN1V","308B 929 ","","R","D","B ","F ","D","N","C","050","0","0","0","","","1618095","5425848",
"Nelson City","EMANO ST","100","S"," ","TOI TOI ST","201436312","22/03/2014","Sat","0600","EA","CS1T","129A ","M","R","D","DO","F "," ","N","C","050","0","0","0","","","1622472","5430011",
"Nelson City","GROVE ST",""," ","I","COLLINGWOOD ST","201431772","07/02/2014","Fri","1750","KA","VW1C","302B 353B 404B ","","R","W","OO","L ","R","G","R","050","0","0","0","","","1624050","5431327",
"Nelson City","GROVE ST",""," ","I","COLLINGWOOD ST","201430694","07/02/2014","Fri","1745","HA","CN2V","302A 375A ","","R","D","B ","F ","M","G","R","050","0","0","0","","","1624050","5431327",
"Nelson City","HALIFAX ST","40","E"," ","RUTHERFORD ST","201436304","19/03/2014","Wed","1430","MC","CW1C","372B ","","R","D","BF","F "," ","N","R","050","0","0","0","","","1623575","5431153",
"Nelson City","HALIFAX ST",""," ","I","TASMAN ST","201430897","18/02/2014","Tue","1715","HA","4N2C","302B 375B ","","R","D","BF","F ","X","G","C","050","0","0","0","","","1624431","5431119",
"Nelson City","HALIFAX ST","50","W"," ","TRAFALGAR ST","201411116","21/03/2014","Fri","2030","QB","VE1","522A 924 ","","R","D","DO","F ","D"," ","N","050","0","0","1","","","1623739","5431148",
"Nelson City","HAMPDEN ST","20","W"," ","KAWAI ST","201410599","24/02/2014","Mon","1515","NB","CW1E","712B 713B 727B ","","R","D","OF","F "," ","N","N","050","0","0","1","6","","1623035","5429734",
"Nelson City","HARDY ST",""," ","I","TASMAN ST","201433149","22/03/2014","Sat","1925","HA","CE1C","301A 404A ","","R","D","B ","F ","X","S","R","050","0","0","0","","","1624414","5430728",
"Nelson City","HAVEN ROAD","150","N"," ","HALIFAX ST","201412645","15/04/2014","Tue","1444","AA","CN1C","372A ","","R","W","OF","H "," ","N","C","050","0","0","2","","","1623309","5431302",
"Nelson City","HAVEN ROAD","5","S"," ","QUEEN ELIZABETH 11 DRIVE","201436709","09/05/2014","Fri","1300","FC","CN1C","181A 330A ","","R","D","O ","F ","T","N","R","050","0","0","0","","","1623273","5431512",
"Nelson City","HOPE ST","30","S"," ","HARDY ST","201435649","15/04/2014","Tue","0750","EA","CS1V","386A 402A 801 ","M","R","W","O ","L ","X","G","N","050","0","0","0","","","1623969","5430715",
"Nelson City","MAIN ROAD STOKE","15","S"," ","LOUISSON AVENUE","201431536","29/01/2014","Wed","0235","CB","CN1","410A ","F","R","D","DO","F "," "," ","C","050","0","0","0","","","1620135","5427239",
"Nelson City","MAIN ROAD STOKE","50","S"," ","SAXTON ROAD","201432481","10/02/2014","Mon","1720","FD","CN1C","331A 358A 370A ","","R","D","BF","F "," "," ","P","050","0","0","0","","","1618044","5425107",
"Nelson City","MAITAI VALLEY ROAD",""," ","A","GIBBS BR W","201435647","14/04/2014","Mon","0900","CB","CE1","130A 350A ","B","R","D","O ","F "," "," ","C","050","0","0","0","","","1625979","5430895",
"Nelson City","MURPHY ST",""," ","I","JENNER ROAD","201435755","03/05/2014","Sat","0435","DA","4W2","101A 130A 514A ","E","M","D","DO","F ","T","G","C","050","0","0","0","","","1622054","5428997",
"Nelson City","NAYLAND ROAD",""," ","I","ALDINGA AVENUE W","201410600","15/02/2014","Sat","1240","GD","MW1C","181A 386A ","","R","D","B ","F ","T","N","C","050","0","0","1","","","1618558","5426296",
"Nelson City","NAYLAND ROAD","30","S"," ","ANDREW ST","201436452","13/05/2014","Tue","0904","MA","CN1C","373B ","","R","W","OF","L "," ","N","C","050","0","0","0","","","1619225","5426917",
"Nelson City","NAYLAND ROAD","50","S"," ","EXETER ST","201437974","19/04/2014","Sat","1510","MC","CN1C","330B 372B ","","R","D","B ","F "," ","N","C","050","0","0","0","","","1619552","5427377",
"Nelson City","NAYLAND ROAD",""," ","I","EXETER ST","201432878","21/03/2014","Fri","0840","GD","CS1C","331A ","","R","D","B ","F ","T","G","C","050","0","0","0","","","1619580","5427418",
"Nelson City","NAYLAND ROAD","50","N"," ","KENDALL VIEW","201412642","13/04/2014","Sun","1030","EA","CS14","129A 504A ","M","R","D","ON","F "," ","N","C","050","0","0","1","","","1618254","5426044",
"Nelson City","NAYLAND ROAD","20","S"," ","KENDALL VIEW","201435830","17/03/2014","Mon","1330","EA","CN1C","101A 129A 358A ","M","R","D","OF","F ","T","N","C","050","0","0","0","","","1618200","5426000",
"Nelson City","NILE ST","5","W"," ","ALTON ST","201411118","04/04/2014","Fri","1659","NB","CE1E","504B 712B 713B 902 ","","R","D","B ","F ","X","G","C","050","0","0","1","8","","1624252","5430524",
"Nelson City","NILE ST",""," ","A","CLOUSTON BR E","201435757","13/04/2014","Sun","0335","CA","CE1C","103A 112A 130A 514A 800 ","CKM","R","W","DO","F "," "," ","N","050","0","0","0","","","1625162","5430492",
"Nelson City","PASCOE ST","80","S"," ","ORION ST","201413192","17/04/2014","Thu","0822","JA","CS1S","308B 350B 801 927 ","","R","W","O ","L ","D"," ","C","050","0","0","1","","25","1620180","5428752",
"Nelson City","PASCOE ST","40","S"," ","VIVIAN PLACE","201437561","08/06/2014","Sun","0530","DB","CN1","131A 359A ","CJ","E","W","DN","L "," "," ","C","050","0","0","0","","","1620163","5428458",
"Nelson City","PUTAITAI ST","50","W"," ","MAIN ROAD STOKE","201412147","02/05/2014","Fri","1645","NA","CW1E","711B ","","R","D","B ","F "," "," ","C","050","0","0","1","65","","1619604","5426573",
"Nelson City","QUARANTINE ROAD",""," ","I","CADILLAC WAY","201435648","30/04/2014","Wed","1430","KA","CS1C","302B 370B ","I","E","D","B ","F ","R","G","R","050","0","0","0","","","1619987","5427997",
"Nelson City","QUARANTINE ROAD","5","N"," ","SH 6","201430695","10/02/2014","Mon","1045","AC","CS1C","124A ","","R","D","B ","F ","R","G","C","050","0","0","0","","","1620090","5427939",
"Nelson City","QUARANTINE ROAD",""," ","I","TRENT DRIVE","201436755","22/01/2014","Wed","1524","AF","TW1S","150A 386A ","","R","D","B ","F ","R","G","C","050","0","0","0","","","1619470","5428374",
"Nelson City","RUTHERFORD ST","100","S"," ","EXAMINER ST","201436885","13/03/2014","Thu","1025","FC","CS1V","181A 331A 350A ","","R","D","B ","F "," "," ","X","050","0","0","0","","","1623502","5430240",
"Nelson City","SAXTON ROAD",""," ","I","SAXTON FIELD","201437232","08/03/2014","Sat","1800","DA","CN2","111A 131A ","F","R","D","BF","F ","R","G","R","080","0","0","0","","","1618094","5425135",
"Nelson City","SAXTON ROAD","80","N"," ","SUFFOLK ROAD","201433188","27/03/2014","Thu","0810","EA","VN1C","131A 402A ","M","R","D","B ","F "," "," ","C","050","0","0","0","","","1618410","5424768",
"Nelson City","SCOTIA ST","180","W"," ","ANGLIA ST","201430696","07/02/2014","Fri","1400","MO","CW1C","371A 929 ","M","R","D","B ","F ","D","N","N","050","0","0","0","","","1621238","5427714",
"Nelson City","SCOTIA ST","40","S"," ","BEATSON ROAD E","201432474","01/03/2014","Sat","2304","DA","4W1","111A 131A 514A ","F","M","D","DN","F "," ","N","N","050","0","0","0","","","1621820","5427903",
"Nelson City","SONGER ST","50","E"," ","BLACK ST","201411718","18/03/2014","Tue","1528","MD","CE1S","308B 930 ","","R","D","O ","F ","D","N","C","050","0","0","1","","15","1619300","5426599",
"Nelson City","SONGER ST",""," ","I","MAIN ROAD STOKE","201412146","08/05/2014","Thu","1830","ND","CS2E","307A ","","M","W","DO","F ","X","T","C","050","0","0","1","50","","1619556","5426419",
"Nelson City","ST VINCENT ST",""," ","I","HASTINGS ST","201437556","19/04/2014","Sat","1930","FA","4N14","357A 512A ","","R","D","DO","F ","T","G","C","050","0","0","0","","","1623300","5431054",
"Nelson City","ST VINCENT ST","150","S"," ","TOI TOI ST","201438186","27/05/2014","Tue","1335","CC","CS1C","133A 423A ","FM","R","D","BF","F "," ","N","C","050","0","0","0","","","","",
"Nelson City","SUFFOLK ROAD",""," ","I","HURIA ST","201412540","17/04/2014","Thu","1720","CC","VN1V","130A 358A 801 903 ","M","R","W","TO","LS","T","G","C","050","0","0","2","","","1618690","5424897",
"Nelson City","SUFFOLK ROAD","180","W"," ","NGAWHATU ROAD","201437555","07/06/2014","Sat","1525","CB","CW1","130A 358A ","F","R","D","O ","F "," "," ","C","050","0","0","0","","","1619199","5425322",
"Nelson City","THE RIDGEWAY","50","E"," ","PANORAMA DRIVE","201435926","19/04/2014","Sat","1855","GA","CW1C","101B 832 929 ","","M","D","DO","F ","D","N","C","050","0","0","0","","","1621022","5427059",
"Nelson City","TOI TOI ST",""," ","I","EMANO ST","201435758","10/05/2014","Sat","1330","JC","4S1C","302A 375A 403A ","","R","D","B ","F ","T","G","C","050","0","0","0","","","1622555","5430067",
"Nelson City","TOSSWILL ROAD","100","N"," ","TAMAKI ST","201433190","07/01/2014","Tue","2245","DA","CS1","111A 131A ","C","S","W","DO","F "," "," ","C","050","0","0","0","","","1621001","5429443",
"Nelson City","TRAFALGAR ST","10","S"," ","SELWYN PLACE","201433161","25/03/2014","Tue","1315","MO","CN1C","386A ","M","R","D","B ","F ","T","S","C","050","0","0","0","","","1623771","5430653",
"Nelson City","TRAFALGAR ST",""," ","I","WAINUI ST","201435756","08/05/2014","Thu","0924","LB","CS1CC","303B 355B 404B 927 ","","R","D","B ","F ","T","G","C","050","0","0","0","","","1623802","5431659",
"Nelson City","VAN DIEMEN ST","40","W"," ","TAWA ST","201433729","30/03/2014","Sun","1440","MO","VW1C","371A ","M","R","D","O ","F "," "," ","C","050","0","0","0","","","1623651","5429746",
"Nelson City","VANGUARD ST",""," ","I","ALFRED ST","201412998","18/06/2014","Wed","1925","BE","CN1CC","130A 501A ","M","R","D","DO","F ","X","G","C","050","0","0","1","","","1622701","5429854",
"Nelson City","VANGUARD ST",""," ","I","HARDY ST","201435922","17/04/2014","Thu","1340","HA","CS1T","302A 375A ","","R","W","OF","HS","R","G","R","050","0","0","0","","","1623341","5430769",
"Nelson City","VANGUARD ST","10","S"," ","TOTARA ST","201413603","10/06/2014","Tue","1025","JA","CS1C","308B 377B 801 839 929 ","","R","W","O ","L ","D"," ","C","050","0","0","1","","","1622633","5429756",
"Nelson City","WAIMEA ROAD",""," ","I","BOUNDARY ROAD","201433193","02/04/2014","Wed","0830","GB","SN1C","158A ","","R","D","O ","F ","M","G","C","050","0","0","0","","","1622318","5428457",
"Nelson City","WAIMEA ROAD",""," ","I","FRANKLYN ST","201412643","14/04/2014","Mon","2217","NB","CS1E","713B ","","R","W","DO","L ","X","S","C","050","0","0","2","13","","1622977","5429393",
"Nelson City","WAIMEA ROAD","20","S"," ","HAMPDEN ST","201411039","18/02/2014","Tue","0900","FD","CN1CCC","112A 331A 352A ","","R","D","B ","F "," "," ","P","050","0","0","1","","","1623145","5429632",
"Nelson City","WAIMEA ROAD",""," ","I","MARKET ROAD","201436995","02/05/2014","Fri","1555","JA","CS1C","302B ","","R","D","B ","F ","T","G","R","050","0","0","0","","","1622293","5428423",
"Nelson City","WAIMEA ROAD","25","N"," ","MOTUEKA ST","201435754","07/05/2014","Wed","0810","FD","CS1V","181A 331A 402A ","","R","D","O ","F "," "," ","C","050","0","0","0","","","1622811","5429158",
"Nelson City","WAIMEA ROAD","100","W"," ","THE RIDGEWAY","201434620","23/04/2014","Wed","0950","AC","CW14","381A ","","R","D","BF","F "," ","N","N","070","0","0","0","","","1621353","5427454",
"Nelson City","WAIMEA ROAD","90","N"," ","TUKUKA ST","201412539","26/04/2014","Sat","1100","MC","MN14","372B ","","R","D","B ","F "," "," ","P","050","0","1","0","","","1622669","5428958",