"TLA NAME","CRASH ROAD","CRASH DIST","CRASH DIRN","INTSN","SIDE ROAD","CRASH ID","CRASH DATE","CRASH DOW","CRASH TIME","MVMT","VEHICLES","CAUSES","OBJECTS STRUCK","ROAD CURVE","ROAD WET","LIGHT","WTHRa","JUNC TYPE","TRAF CTRL","ROAD MARK","SPD LIM","CRASH FATAL CNT","CRASH SEV CNT","CRASH MIN CNT","PERS AGE1","PERS AGE2","EASTING","NORTHING"
"Nelson City","WAIMEA ROAD","130","S"," ","TUKUKA ST","201435512","04/04/2014","Fri","1807","EA","4S1V","103A 129A 350A ","M","R","D","B ","F "," "," ","P","050","0","0","0","","","1622543","5428778",
"Nelson City","WASHINGTON ROAD",""," ","I","RUSSELL ST","201432479","05/03/2014","Wed","1700","KB","CW1C","101B 302B ","","R","D","BF","F ","T","G","C","050","0","0","0","","","1622514","5431105",
"Nelson City","WASHINGTON TERRACE","40","E"," ","WOLFE ST","201434120","18/03/2014","Tue","0424","CA","CW1CCC","112A 129A 130A ","M","R","W","DO","M "," "," ","N","050","0","0","0","","","1622465","5431049",
"Nelson City","6/73/4.947","220","W"," ","BRIDGE ROAD","201435650","25/04/2014","Fri","1730","DA","CE1","111A 131A 800 ","CG","E","W","TN","F "," "," ","C","100","0","0","0","","","1645801","5443169",
"Nelson City","6/73/5.615","910","E"," ","KOKORUA ROAD","201400116","27/04/2014","Sun","1240","AD","ME1","111A 131A 150A ","G","M","D","ON","F "," "," ","C","100","1","0","0","","","1645212","5443291",
"Nelson City","6/80/0.371","110","E"," ","KOKORUA ROAD","201410630","08/02/2014","Sat","0435","DA","CE1","111A 135A 810 901 ","C","E","W","DN","H "," ","N","C","100","0","0","1","","","1644441","5443488",
"Nelson City","6/80/10.111","8200","S"," ","ROSS ROAD","201433189","04/04/2014","Fri","1115","DA","TE1","111A 131A 681A ","C","M","D","B ","F "," "," ","C","100","0","0","0","","","1637792","5437182",
"Nelson City","6/80/11.357","250","E"," ","SLATERS ROAD","201410601","22/02/2014","Sat","1530","BC","CW1T","111A 121A ","","E","D","B ","F "," ","N","C","050","0","0","1","","","1637041","5436653",
"Nelson City","6/80/12.511","5800","E"," ","ROSS ROAD","201436258","13/03/2014","Thu","1144","DA","CW1","131A 404A 631A ","G","M","D","B ","F "," "," ","C","100","0","0","0","","","1636570","5436096",
"Nelson City","6/80/18.311",""," ","I","ROSS ROAD","201431947","13/03/2014","Thu","1730","AC","VN1V","372A ","","E","D","BN","F ","T","N","C","100","0","0","0","","","1633271","5436043",
"Nelson City","6/80/18.311",""," ","I","ROSS ROAD","201433519","13/03/2014","Thu","1730","AC","VN1V","372A ","","E","D","BF","F ","T","G","C","100","0","0","0","","","1633271","5436043",
"Nelson City","6/99/5.093",""," ","I","GLEN ROAD","201413177","26/03/2014","Wed","1230","JA","CE1S","197A 386A 404A 302B 378B ","","E","D","B ","F ","T","G","C","100","0","1","0","","51","1630068","5438491",
"Nelson City","6/99/5.173","80","W"," ","GLEN ROAD","201434506","16/03/2014","Sun","1209","DB","CW1","135A 801 901 ","ET","E","W","ON","H "," ","N","C","100","0","0","0","","","1630003","5438537",
"Nelson City","6/99/7.946","350","N"," ","BOULDER BANK DRIVE","201412898","24/05/2014","Sat","1408","DB","CS1","111A 131A 197A 801 ","EF","M","W","O ","L "," "," ","C","100","0","1","0","","","1627786","5437400",
"Nelson City","6/99/12.421",""," ","I","ATAWHAI DRIVE","201430733","15/02/2014","Sat","1100","LB","CS1C","303B 375B ","","R","D","BF","F ","T","G","C","100","0","0","0","","","1626206","5433495",
"Nelson City","6/99/13.421","1000","S"," ","ATAWHAI DRIVE","201433184","29/03/2014","Sat","1950","CB","CN1","101A 130A ","","R","D","DN","F "," "," ","C","100","0","0","0","","","1625357","5432975",
"Nelson City","6/99/15.392","30","E"," ","TRAFALGAR ST","201431099","01/02/2014","Sat","1645","FD","CW1C","110A 181A ","","R","D","B ","F "," ","N","C","050","0","0","0","","","1623845","5431805",
"Nelson City","6/99/15.83","70","E"," ","WILDMAN AVENUE","201434191","12/04/2014","Sat","2010","DC","CE1","103A 332A 801 ","G","E","W","DO","L "," "," ","C","050","0","0","0","","","1623443","5431663",
"Nelson City","6/116/0",""," ","I","ATAWHAI DRIVE","201431534","28/01/2014","Tue","0225","CB","CS1","136A 631A 632A ","KP","R","D","DO","F ","R","G","C","050","0","0","0","","","1623270","5431551",
"Nelson City","HAY ST W",""," ","I","6/116/0.521","201431100","25/02/2014","Tue","1420","FA","CW1C","181A ","","E","D","B ","F ","T","S","N","050","0","0","0","","","1622853","5431745",
"Nelson City","6/116/1.061","160","N"," ","POYNTERS CRESCENT","201400023","06/02/2014","Thu","2259","EA","MN1","103A 129A 130A ","M","E","D","DO","F "," "," ","C","050","1","0","0","","","1622467","5431852",
"Nelson City","6/116/2.021","160","S"," ","RICHARDSON ST","201435549","16/04/2014","Wed","1618","GD","VN1C","181A 331A 930 ","","R","D","TF","F ","D"," ","C","050","0","0","0","","","1621866","5431118",
"Nelson City","6/116/2.273","600","N"," ","DAYS TRACK","201410781","01/04/2014","Tue","0910","AD","TN1P","150A 386A ","","E","D","B ","F "," ","N","C","050","0","0","1","","","1621706","5430924",
"Nelson City","6/116/2.371","450","S"," ","RICHARDSON ST","201411045","16/01/2014","Thu","1600","DB","MS1","130A 501A ","F","E","D","B ","F "," "," ","C","050","0","1","0","","","1621678","5430899",
"Nelson City","6/116/3.696","60","S"," ","MURITAI ST","201411770","28/02/2014","Fri","1450","FD","4N14CC","197A 181B 181C ","","R","D","B ","F "," "," ","C","050","0","0","1","","","1620845","5429843",
"Nelson City","6/116/4.845",""," ","I","PARKERS ROAD","201435921","30/03/2014","Sun","1300","JC","CE2C","302A 375A ","","R","D","BF","F ","T","G","R","050","0","0","0","","","1620611","5428781",
"Nelson City","6/116/5.077","50","N"," ","BLACKWOOD ST","201430822","04/01/2014","Sat","1945","CB","4N1V","129A 359A ","M","R","W","OF","L "," ","N","C","050","0","0","0","","","1620559","5428494",
"Nelson City","6/116/5.537",""," ","I","ANNESBROOK DRIVE","201434179","08/04/2014","Tue","2024","DA","CW1","131A 402A 801 ","FK","M","W","DO","L ","R","G","N","050","0","0","0","","","1620427","5428104",
"Nelson City","WHAKATU DRIVE",""," ","I","ANNESBROOK DRIVE","201432322","05/02/2014","Wed","1520","AA","CN1C","372A ","","E","D","B ","F ","R","G","R","050","0","0","0","","","1620461","5428070",
"Nelson City","6/116/5.84","25","N"," ","QUARANTINE ROAD","201434815","08/04/2014","Tue","0925","DB","CN1","111A 133A ","K","E","W","OF","L "," ","N","R","070","0","0","0","","","1620142","5427954",
"Nelson City","6/116/5.897",""," ","I","QUARANTINE ROAD","201435658","05/05/2014","Mon","1025","HA","4S2C","302A 370A 901 ","","M","W","O ","H ","R","G","C","070","0","0","0","","","1620094","5427937",
"Nelson City","WHAKATU DRIVE",""," ","I","QUARANTINE ROAD","201432477","01/03/2014","Sat","1230","DA","VS2","111A 131A 423A ","T","E","D","BF","F ","R","G","R","070","0","0","0","","","1620106","5427946",
"Nelson City","6/116/6.015",""," ","I","QUARANTINE ROAD","201431946","16/03/2014","Sun","0910","DA","CN1","137A 407A ","KX","E","W","OF","L ","R","G","R","100","0","0","0","","","1620120","5427923",
"Nelson City","6/116/6.015",""," ","I","QUARANTINE ROAD","201432821","12/03/2014","Wed","1215","DA","CN1","131A 801 ","K","M","W","O ","M ","R","G","C","050","0","0","0","","","1620120","5427923",
"Nelson City","6/116/7.339",""," ","A","JENKINS CRK","201413656","09/06/2014","Mon","1554","CB","CN1","506A 512A ","GXZ","R","D","B ","F "," "," ","C","100","0","0","1","","","1618817","5427568",
"Nelson City","6/116/7.536","1200","W"," ","NAYLAND ROAD OBR","201432660","07/03/2014","Fri","1410","DB","CN1","130A 500A ","C","E","D","B ","F "," ","N","C","100","0","0","0","","","1618704","5427407",
"Nelson City","6/116/9.899","50","S"," ","SAXTON ON SBD","201433515","18/03/2014","Tue","1735","FD","CS1C","181A ","","R","D","OF","F "," ","N","R","100","0","0","0","","","1617671","5425469",
"Nelson City","6/116/9.949","100","S"," ","SAXTON ON SBD","201433299","23/03/2014","Sun","0510","DA","CS1","410A ","G","E","D","DO","F "," ","N","C","100","0","0","0","","","1617676","5425419",
"Nelson City","RICHMOND LINK OFF NBD",""," ","I","ROUNDABOUT","201430103","08/01/2014","Wed","1130","KA","CN1M","302B 372B 402B ","","M","D","B ","F ","R","G","C","100","0","0","0","","","1616974","5424440",
"New Plymouth District","AWANUI ST",""," ","I","TE MARA PLACE","201432256","15/02/2014","Sat","2045","DB","CS1","501A ","FKP","E","D","DO","F ","T","G","C","050","0","0","0","","","1694910","5675715",
"New Plymouth District","BATTISCOMBE TERRACE",""," ","I","WEST BEACH","201431543","12/01/2014","Sun","1225","DB","CE1","111A 131A 402A ","F","R","D","B ","F ","T","G","C","050","0","0","0","","","1706196","5683502",
"New Plymouth District","BAYLY ROAD",""," ","A","RAIL XING","201431780","05/02/2014","Wed","1420","FO","CS1C","112A 331A 370A ","","R","D","B ","F "," "," ","C","050","0","0","0","","","1690125","5675803",
"New Plymouth District","BEDFORD ROAD NORTH N","1170","S"," ","DUDLEY ROAD UPPER","201412008","21/03/2014","Fri","1800","CB","CS1","330A 407A ","","R","D","TN","F "," ","N","N","100","0","0","1","","","1702536","5660226",
"New Plymouth District","BLAGDON ROAD","100","S"," ","HAVELOCK PLACE","201411961","26/03/2014","Wed","1700","DB","CN1","104A 111A 131A ","C","S","D","BF","F "," ","N","C","050","0","1","0","","","1690224","5674994",
"New Plymouth District","BONITHON AVENUE","240","S"," ","ST AUBYN ST","201435134","28/02/2014","Fri","2203","MO","CN1C","371A 929 ","M","E","D","DO","F ","D","N","N","050","0","0","0","","","1691282","5675771",
"New Plymouth District","BROMLEY PLACE","50","S"," ","WAIMEA ST","201430670","31/01/2014","Fri","2300","CB","CS1","101A 357A ","KT","R","D","DO","F "," ","N","C","050","0","0","0","","","1691704","5673640",
"New Plymouth District","BROUGHAM ST","10","N"," ","SH 45 POWDERHAM","201400102","06/05/2014","Tue","1647","PF","4S1EC","103A 112A 129A ","","R","W","O ","F ","X","T","C","050","1","0","0","41","","1692866","5676139",
"New Plymouth District","BULTEEL ST","15","E"," ","DAWSON ST","201432722","22/02/2014","Sat","2333","MO","CW1","103A 130A 402A ","H","R","D","DO","F "," "," ","C","050","0","0","0","","","1692588","5675702",
"New Plymouth District","CARRINGTON ROAD","1500","N"," ","UPPER PITONE ROAD","201434905","14/02/2014","Fri","1159","BD","4E1C","818 ","","S","W","ON","L "," ","N","N","100","0","0","0","","","1684516","5660037",
"New Plymouth District","CARRINGTON ST",""," ","I","HUATOKI ST S","201432719","19/02/2014","Wed","1811","LB","CN1C","303B 350B 402B ","","R","D","B ","F ","T","G","C","050","0","0","0","","","1693987","5673087",
"New Plymouth District","COURTENAY ST","100","W"," ","WATSON ST","201435939","11/04/2014","Fri","1550","FD","CE1C","181A ","","R","D","OF","F "," ","N","C","050","0","0","0","","","1694232","5676639",
"New Plymouth District","DEVON ST EAST","20","E"," ","CURRIE ST","201410798","01/04/2014","Tue","0907","EE","SE1C","374B ","M","R","D","B ","F "," ","N","C","050","0","0","1","","33","1692963","5676274",
"New Plymouth District","DEVON ST EAST","80","E"," ","LIARDET ST","201434773","24/04/2014","Thu","1445","FF","CE1C","331A 358A ","","R","D","BF","F "," ","N","C","050","0","0","0","","","1693178","5676353",
"New Plymouth District","DEVON ST EAST","100","N"," ","SH 3","201411771","22/03/2014","Sat","1316","CA","CN14CC","501A ","","R","D","B ","F "," "," ","C","050","0","1","0","","","1695609","5677019",
"New Plymouth District","EGMONT ROAD",""," ","I","BISHOP ROAD","201400030","13/02/2014","Thu","0715","JA","TS1CM","302B 375B 197C 801 ","","R","W","O ","L ","T","G","L","100","1","0","0","","","1697598","5676914",
"New Plymouth District","EGMONT ROAD","2170","S"," ","SH 3","201430216","17/01/2014","Fri","2345","DA","CN1","103A 108A 131A ","FP","E","D","DN","F "," "," ","C","100","0","0","0","","","1698762","5664291",
"New Plymouth District","FRANKLEY ROAD",""," ","I","GOVETT AVENUE","201434944","27/03/2014","Thu","1730","KA","CW14","302A ","","E","D","BF","F ","T","G","P","050","0","0","0","","","1692341","5674068",
"New Plymouth District","FRANKLEY ROAD","450","S"," ","PATTERSON ROAD","201433637","26/03/2014","Wed","1153","DA","CN1","131A 350A 402A ","F","M","D","B ","F "," "," ","C","100","0","0","0","","","1691589","5671625",
"New Plymouth District","HIGH ST WEST","15","E"," ","BROADWAY","201433306","09/04/2014","Wed","1315","MO","CE1","133A 423A ","X","R","D","OF","F ","T","N","N","050","0","0","0","","","1706425","5682744",
"New Plymouth District","HOBSON ST",""," ","I","DEVON ST EAST","201430217","15/01/2014","Wed","0950","AA","CS1T","184A ","","R","D","B ","F ","X","T","C","050","0","0","0","","","1694012","5676666",
"New Plymouth District","HUATOKI ST","30","W"," ","CARRINGTON ST","201413018","20/05/2014","Tue","1020","MC","CW1C","372B ","","E","D","BF","F "," ","N","C","050","0","0","1","","","","",
"New Plymouth District","HUATOKI ST","50","E"," ","HURSTHOUSE ST","201433635","07/03/2014","Fri","1745","EA","CE1C","103A 129A 130A ","M","R","D","B ","F "," "," ","C","050","0","0","0","","","1693349","5673891",
"New Plymouth District","KATERE ROAD","550","W"," ","EGMONT ROAD","201413338","24/05/2014","Sat","0559","DB","CE1","111A 131A ","FP","E","D","DO","F "," "," ","C","070","0","0","1","","","1697034","5677159",
"New Plymouth District","KELLY ROAD","800","S"," ","CROSS ROAD","201431778","13/02/2014","Thu","2000","DA","CN1","111A 131A 402A ","F","M","D","TN","F "," "," ","N","100","0","0","0","","","1707572","5674637",
"New Plymouth District","KOWHAI ST","20","N"," ","KARAMU ST","201437495","26/05/2014","Mon","1246","LB","VN1C","303B 370B 929 ","","R","W","O ","F ","D","N","C","050","0","0","0","","","1694976","5676936",
"New Plymouth District","LIARDET ST",""," ","I","DEVON ST EAST","201436785","24/05/2014","Sat","1522","FE","CS1V","103A 181A ","","R","W","O ","F ","X","T","C","050","0","0","0","","","1693103","5676325",
"New Plymouth District","MANGOREI ROAD","2150","S"," ","SH 3 JUNCTION ROAD","201436190","11/05/2014","Sun","0940","DA","CS1","131A 352A 818 ","F","E","D","B ","F "," "," ","N","100","0","0","0","","","1695219","5670384",
"New Plymouth District","MARAMA CRESCENT","20","N"," ","TOHU PLACE","201434949","17/02/2014","Mon","1115","QD","CN1","428A ","F","E","D","BF","F "," ","N","C","050","0","0","0","","","1688496","5675246",
"New Plymouth District","MCLEAN ST","20","W"," ","GREY ST","201436303","21/03/2014","Fri","1545","MC","CW1C","372B ","","R","D","BF","F "," ","N","C","050","0","0","0","","","1706947","5682232",
"New Plymouth District","MOTUKAWA ROAD","3250","E"," ","TARATA ROAD","201437689","08/05/2014","Thu","0820","DA","BS1","131A 191A 420A 904 ","C","M","W","O ","M "," "," ","N","100","0","0","0","","","1719670","5662853",
"New Plymouth District","MOULD ST","100","S"," ","NORMAN ST","201432231","29/01/2014","Wed","0745","GE","CN1V","160A 929 ","","R","D","O ","F ","D"," ","C","050","0","0","0","","","1705836","5682889",
"New Plymouth District","OXFORD ROAD",""," ","I","SAUNDERS ROAD","201434529","15/04/2014","Tue","1923","DB","4S1","111A 135A 801 ","V","M","W","DN","L ","Y","N","C","100","0","0","0","","","1678049","5659068",
"New Plymouth District","PAYNTERS AVENUE",""," ","I","NGAIO ST","201433450","25/02/2014","Tue","1530","JA","4N1B","302B 382B ","","R","D","BF","F ","T","G","C","050","0","0","0","","","1695196","5676889",
"New Plymouth District","POPLAR GROVE","5","W"," ","ALBA ST","201430215","23/01/2014","Thu","0021","DA","CW1","103A 111A 131A 402A ","T","M","W","DO","L ","T","G","C","050","0","0","0","","","1690355","5673458",
"New Plymouth District","RALEIGH ST","100","N"," ","BORTHWICK ST","201430828","16/01/2014","Thu","0022","CB","CS1","103A ","F","R","D","DN","F "," ","N","C","070","0","0","0","","","1705829","5681878",
"New Plymouth District","ROSENDALE AVENUE","10","S"," ","BUCKLAND PLACE","201436784","25/05/2014","Sun","1020","MA","4","308B 371B 929 ","","E","D","O ","F ","D","N","C","050","0","0","0","","","1688969","5674865",
"New Plymouth District","SAUNDERS ROAD",""," ","I","OXFORD ROAD","201437986","16/04/2014","Wed","1220","DB","CN1","131A 402A 810 ","","M","W","O ","F ","T","N","C","100","0","0","0","","","1678049","5659068",
"New Plymouth District","SH 3","200","W"," ","MANGAREI ROAD","201437610","09/04/2014","Wed","1250","FA","TE1C","181A 184A 357A 512A 801 ","","M","W","O ","L "," "," ","C","050","0","0","0","","","","",
"New Plymouth District","SH 3","200","N"," ","WAIWAKAIHO ROAD","201437062","29/05/2014","Thu","1518","FD","VN1C","181A 191A 191B ","","R","W","O ","H "," "," ","C","100","0","0","0","","","","",
"New Plymouth District","SH 35","100","S"," ","MANGATUNA ROAD","201437065","19/04/2014","Sat","2305","DB","CS1","111A 131A ","SX","M","W","DN","L "," "," ","C","100","0","0","0","","","","",
"New Plymouth District","SH 45","410","S"," ","BARRETT ROAD","201413902","24/04/2014","Thu","1755","BF","CS1V","205A 404A ","","E","W","TN","F "," "," ","C","100","0","0","1","","","","",
"New Plymouth District","SMART ROAD",""," ","I","DORSET ROAD","201431624","11/01/2014","Sat","2020","DC","CW1","335A 902 ","S","R","D","TN","F ","T","G","C","100","0","0","0","","","1696854","5674041",
"New Plymouth District","SMEATON ROAD","100","N"," ","CAMELLIA AVENUE","201436184","05/05/2014","Mon","2200","MO","CN1C","130A 357A 514A 386B ","","R","D","DO","F "," "," ","C","050","0","0","0","","","1699008","5679528",
"New Plymouth District","TUKAPA ST","15","N"," ","JULIAN PLACE","201430829","08/01/2014","Wed","1030","CB","CS1C","501A ","MP","R","D","BF","F ","T","G","C","050","0","0","0","","","1691283","5673914",
"New Plymouth District","TUKAPA ST",""," ","I","OMATA ROAD","201434948","10/01/2014","Fri","1910","DA","VS1","103A 131A ","I","M","D","BF","F ","R","G","R","050","0","0","0","","","1691064","5673772",
"New Plymouth District","VICTORIA ROAD","280","N"," ","SHORTLAND ST","201412755","11/02/2014","Tue","1400","MA","MN1V","373B ","","R","D","BF","F "," ","N","C","050","0","0","1","","","1693180","5675546",
"New Plymouth District","WALLATH ROAD",""," ","I","MAGNOLIA DRIVE","201410116","14/01/2014","Tue","1127","LB","ME1C","303B ","","R","D","B ","F ","T","G","C","050","0","1","0","","","1690810","5673525",
"New Plymouth District","WRANTAGE ST","10","W"," ","WILTON ST","201430830","03/01/2014","Fri","0510","DA","CW1C","131A ","M","E","D","DO","F ","T","N","N","050","0","0","0","","","1691590","5674010",
"New Plymouth District","WYNYARD ST",""," ","I","BELL BLOCK COURT","201430692","15/01/2014","Wed","0005","DB","CE1","101A 131A ","F","R","D","DO","F ","T","N","C","050","0","0","0","","","1699159","5678599",
"New Plymouth District","Z CPK BP 71 POWDERHAM ST","20","E"," ","ROBE ST","201436787","27/05/2014","Tue","1125","MO","4S14","371A 922 ","","R","D","O ","F ","D","N","N","050","0","0","0","","","1692718","5676071",
"New Plymouth District","3/158/2.272","350","N"," ","MOHAKATINO ROAD","201432402","30/01/2014","Thu","1940","CC","CS1","138A 402A 817 ","","R","D","TN","  "," "," ","N","100","0","0","0","","","1740433","5711996",
"New Plymouth District","3/158/10.118","1200","N"," ","PILOT ROAD","201437063","25/05/2014","Sun","1820","DB","CS1","652A ","V","E","W","DN","F "," "," ","L","100","0","0","0","","","1738400","5704485",
"New Plymouth District","3/171/0.211",""," ","I","CLIFTON ROAD","201400097","01/05/2014","Thu","1410","NB","CS1EE","194A 711B 711C ","","R","D","BF","F ","T","S","C","100","2","0","0","79","","1738721","5702017",
"New Plymouth District","3/176/3.617","1900","S"," ","MANGAONGA ROAD","201412624","22/03/2014","Sat","1445","DB","TN1","131A 613A ","","S","D","BN","F "," ","N","C","100","0","1","1","","","1738269","5695516",
"New Plymouth District","3/176/4.817","3100","S"," ","MANGAONGA ROAD","201412383","16/03/2014","Sun","1435","DA","4S1","131A 801 ","F","M","W","O ","L "," "," ","C","100","0","0","1","","","1738464","5694522",
"New Plymouth District","3/176/7.467","5750","S"," ","MANGAONGA ROAD","201411963","16/03/2014","Sun","1610","DB","CS1","111A 131A 181A 197A ","T","E","W","ON","L "," ","N","C","100","0","0","1","","","1738169","5692990",
"New Plymouth District","3/176/8.009","7700","N"," ","MANGAHIA ROAD","201412632","16/03/2014","Sun","1550","DB","CS1","111A 131A ","CS","E","W","OF","L "," ","N","C","100","0","0","2","","","1737747","5692816",
"New Plymouth District","3/189/0.039","2000","N"," ","MANGAHIA ROAD","201431462","17/02/2014","Mon","2345","EC","TN1","912 ","W","R","D","DN","F "," ","N","C","100","0","0","0","","","1734152","5690835",
"New Plymouth District","3/189/0.142","3000","N"," ","URUTI ROAD","201431742","10/01/2014","Fri","2328","EC","CN1","912 ","W","R","D","DN","F "," ","N","C","100","0","0","0","","","1734095","5690751",
"New Plymouth District","3/189/6.942","3800","S"," ","URUTI ROAD","201410575","09/02/2014","Sun","2225","DB","CW1","111A 131A ","C","M","D","DN","F "," ","N","N","100","0","0","2","","","1730147","5686022",
"New Plymouth District","3/203/4.412","200","N"," ","BEACH ROAD","201433721","22/03/2014","Sat","2011","FA","VS1V","129A ","","R","D","DN","F "," "," ","C","100","0","0","0","","","1721894","5683546",
"New Plymouth District","3/203/14.163","900","E"," ","EPIHA ROAD","201434126","10/04/2014","Thu","2245","DB","4W1","101A 111A 131A ","V","E","W","DN","F "," "," ","C","100","0","0","0","","","1713093","5682966",
"New Plymouth District","3/218/3.054",""," ","I","BAYLY ST","201432297","03/01/2014","Fri","1710","CB","4W1","197A ","P","R","W","O ","L ","T","G","C","100","0","0","0","","","1709167","5682942",
"New Plymouth District","NELSON ST",""," ","I","3/218/6.115","201411038","02/03/2014","Sun","1730","DB","CN2","131A 353A ","P","M","D","TF","F ","T","N","R","100","0","0","1","","","1706637","5681330",
"New Plymouth District","3/218/7.482",""," ","I","RALEIGH ST","201431655","19/01/2014","Sun","1550","JA","CE1C","301B ","","R","D","B ","F ","T","S","R","100","0","0","0","","","1705395","5680782",
"New Plymouth District","3/218/8.233",""," ","I","RICHMOND ROAD","201431639","10/01/2014","Fri","1550","JA","CW1C","301B ","","E","D","O ","F ","T","S","R","100","0","0","0","","","1704659","5680646",
"New Plymouth District","3/218/9.42","140","E"," ","SH 3A MOUNTAIN ROAD","201434766","09/04/2014","Wed","","EA","CE1O","129A ","M","R"," "," F","L "," ","N","L","080","0","0","0","","","1703547","5680233",
"New Plymouth District","3/218/9.56",""," ","I","MOUNTAIN ROAD","201430824","11/01/2014","Sat","1435","JA","CW1C","302B 375B ","","R","D","BF","F ","T","G","C","080","0","0","0","","","1703417","5680183",
"New Plymouth District","3/229/1.1","1100","W"," ","MOUNTAIN ROAD","201400020","02/02/2014","Sun","0500","PA","CW1E","103A 108A 129A 341A ","","R","D","DN","F "," "," ","C","100","1","0","0","19","","1702387","5679796",
"New Plymouth District","3/229/1.946",""," ","I","DE HAVILLAND DRIVE","201412583","09/04/2014","Wed","1530","JA","MW1C","400A 302B 370B 402B 801 ","","R","W","O ","L ","T","G","C","080","0","0","1","","","1701593","5679503",
"New Plymouth District","3/229/5.118",""," ","I","HENWOOD ON WBD","201433453","12/02/2014","Wed","1350","AA","CW14","184A 372A ","","R","D","BF","F ","Y","N","R","100","0","0","0","","","1698647","5678335",
"New Plymouth District","3/229/8.012","5","E"," ","SMART ROAD","201412453","09/04/2014","Wed","1512","FE","VW14","331A ","","R","W","O ","F ","X","T","R","050","0","0","3","","","1696144","5677037",
"New Plymouth District","3/229/8.022","5","W"," ","SMART ROAD","201412447","17/04/2014","Thu","0630","FE","CE1C","331A 358A 901 903 ","","R","W","O ","HS","X","T","R","050","0","0","1","","","1696136","5677032",
"New Plymouth District","3/229/8.5",""," ","I","DEVON ST EAST","201412756","28/04/2014","Mon","1720","FD","TW1C","331A 350A ","","E","W","TF","L ","T","T","C","050","0","0","1","","","1695692","5676962",
"New Plymouth District","3/229/9.924",""," ","I","WATSON ST","201434814","21/03/2014","Fri","1900","HA","CN2CC4","301A 375A ","","R","D","BF","F ","X","S","C","050","0","0","0","","","1694377","5676539",
"New Plymouth District","3/240/0.08","20","N"," ","LEACH ST","201435809","15/04/2014","Tue","","KB","CS1C","308B 375B 924 ","","R","D","OF","F ","D","N","C","050","0","0","0","","","1693749","5676372",
"New Plymouth District","3/240/0.3",""," ","I","PENDARVES ST","201430691","07/02/2014","Fri","0840","HA","CS1C","301B 375B ","","R","D","O ","F ","X","S","C","050","0","0","0","","","1693828","5676167",
"New Plymouth District","3/240/0.646","10","S"," ","ROGAN ST","201411802","28/02/2014","Fri","1305","FC","VS1C","181A ","","R","D","BF","F ","T","G","X","050","0","0","1","","","1693948","5675843",
"New Plymouth District","3/240/0.736","100","S"," ","ROGAN ST","201436720","21/05/2014","Wed","1200","FD","VN1VC","181A 330A ","","R","D","B ","F "," ","N","C","050","0","0","0","","","1693980","5675758",
"New Plymouth District","3/240/0.983","50","S"," ","CRACROFT ST","201434438","19/04/2014","Sat","2000","BE","CS1C","351A ","","R","W","DO","F "," "," ","C","050","0","0","0","","","1694066","5675527",
"New Plymouth District","3/240/1.873",""," ","I","CUMBERLAND ST","201413747","06/06/2014","Fri","1348","JA","MS1C","302B 377B ","","R","D","BF","F ","T","G","C","050","0","0","1","","","1694377","5674693",
"New Plymouth District","3/240/6.229",""," ","I","HYDRO ROAD","201413019","18/05/2014","Sun","0400","CC","CN1","410A ","CT","R","D","DN","F ","T","G","C","100","0","0","1","","","1696379","5671014",
"New Plymouth District","3/240/6.729","500","S"," ","HYDRO ROAD","201437494","26/05/2014","Mon","0933","CB","VN1","130A 403A 407A 800 ","C","R","W","O ","F "," "," ","C","100","0","0","0","","","1696391","5670517",
"New Plymouth District","3/240/9.33",""," ","I","KENT ROAD","201431689","13/01/2014","Mon","1240","JA","CS1C","302B ","","R","D","B ","F ","X","G","L","100","0","0","0","","","1696817","5668194",
"New Plymouth District","3/240/13.627",""," ","I","UPLAND ROAD","201437484","25/05/2014","Sun","2230","DA","VN2","131A 133A 433A 800 801 ","V","R","W","DN","L ","X","G","C","100","0","0","0","","","1700264","5665792",
"New Plymouth District","3/240/16.148","90","W"," ","WAIONGANA STM BR","201432230","16/01/2014","Thu","2250","DA","CE1","103A 111A 131A 801 ","G","E","W","DO","L "," "," ","C","050","0","0","0","","","1702749","5665523",
"New Plymouth District","3/240/16.759",""," ","I","PUKATEA ST","201434813","03/04/2014","Thu","1706","GD","TE1C","181A 144B ","","R","D","BF","F ","T","G","C","050","0","0","0","","","1703342","5665385",
"New Plymouth District","3/258/0.233","60","S"," ","KELLY ST EAST","201432955","20/02/2014","Thu","1750","FA","CS1C","181A 927 ","","R","D","B ","F ","D"," ","C","050","0","0","0","","","1704345","5664980",