"TLA NAME","CRASH ROAD","CRASH DIST","CRASH DIRN","INTSN","SIDE ROAD","CRASH ID","CRASH DATE","CRASH DOW","CRASH TIME","MVMT","VEHICLES","CAUSES","OBJECTS STRUCK","ROAD CURVE","ROAD WET","LIGHT","WTHRa","JUNC TYPE","TRAF CTRL","ROAD MARK","SPD LIM","CRASH FATAL CNT","CRASH SEV CNT","CRASH MIN CNT","PERS AGE1","PERS AGE2","EASTING","NORTHING"
"New Plymouth District","3/258/1.142","100","S"," ","DUDLEY ROAD LOWER","201431921","07/02/2014","Fri","1430","QG","CS1","615A 682A ","C","E","D","OF","F "," ","N","L","100","0","0","0","","","1704658","5664136",
"New Plymouth District","3/258/5.379",""," ","I","NORFOLK ROAD LOWER","201436481","10/04/2014","Thu","1725","JA","CN1C","302B 382B ","","R","W","DO","H ","X","G","C","100","0","0","0","","","1706139","5660179",
"New Plymouth District","44/0/0.103",""," ","I","DEVON ST EAST","201410592","07/02/2014","Fri","1950","LB","CN1C","303B 375B ","","R","D","OF","F ","X","T","C","050","0","0","2","","","1693685","5676544",
"New Plymouth District","ELIOT ST",""," ","I","MOLESWORTH ST","201436786","29/05/2014","Thu","1505","HA","CS1C","302A 387A 507A ","","R","W","O ","L ","X","G","C","050","0","0","0","","","1693614","5676734",
"New Plymouth District","44/0/1.654",""," ","I","DAWSON ST","201433451","25/02/2014","Tue","0937","FE","4W1C","331A 350A ","","R","D","BF","F ","X","T","C","050","0","0","0","","","1692333","5676348",
"New Plymouth District","44/0/2.685","30","E"," ","FRENCH ST","201436718","20/05/2014","Tue","1320","MC","VE1C","372B ","","R","D","B ","F "," ","N","C","050","0","0","0","","","1691361","5676007",
"New Plymouth District","44/0/3.752","80","W"," ","SOUTH ROAD","201430690","20/01/2014","Mon","1730","CB","CW1C","410A ","M","R","W","O ","F "," ","N","C","050","0","0","0","","","1690361","5675711",
"New Plymouth District","44/0/4.53",""," ","I","PIONEER ROAD","201434946","19/03/2014","Wed","1350","GF","CN1T","158A 387A 179B ","","R","D","BN","F ","T","S","C","050","0","0","0","","","1689624","5675857",
"New Plymouth District","45/0/0.01","10","W"," ","ELIOT ST","201436719","17/05/2014","Sat","1810","FE","CE1C","103A ","","R","D","DO","F ","X","T","C","050","0","0","0","","","1693712","5676444",
"New Plymouth District","45/0/0.349",""," ","I","GOVER ST","201438120","12/04/2014","Sat","1145","KB","CE1C","301B ","","R","D","BN","F ","X","S","C","030","0","0","0","","","1693395","5676325",
"New Plymouth District","45/0/0.35",""," ","I","GOVER ST","201432568","22/01/2014","Wed","1904","BB","VW1C","124A ","","R","D","O ","F ","T","S","C","050","0","0","0","","","1693429","5676231",
"New Plymouth District","45/0/0.482","140","E"," ","LIARDET ST","201434440","22/04/2014","Tue","1414","FD","VE1CCC","331A 350A ","","R","W","B ","F "," "," ","C","050","0","0","0","","","1693270","5676279",
"New Plymouth District","45/0/0.622",""," ","I","LIARDET ST","201433424","08/03/2014","Sat","1830","FE","PE1C","181A ","","R","D","OF","F ","X","T","C","050","0","0","0","","","1693139","5676229",
"New Plymouth District","45/0/0.622",""," ","I","LIARDET ST","201430086","17/02/2014","Mon","1715","BC","BS2C","122A ","","R","D","BF","F ","X","T","N","050","0","0","0","","","1693139","5676229",
"New Plymouth District","45/0/0.869","40","E"," ","BROUGHAM ST","201412776","14/02/2014","Fri","1200","EA","CW1CC","129A 359A ","MM","R","D","BF","F "," ","N","C","050","0","0","1","","","1692943","5676048",
"New Plymouth District","45/0/1.08",""," ","I","ROBE ST E","201435103","03/03/2014","Mon","1855","KB","4E1C","302B 375B ","","R","D","TF","F ","T","G","C","050","0","0","0","","","1692710","5676068",
"New Plymouth District","45/0/1.106","25","W"," ","ROBE ST","201430689","04/02/2014","Tue","1250","KB","CW1C","308B 930 ","","R","D","B ","F ","D","N","C","050","0","0","0","","","1692721","5675965",
"New Plymouth District","45/0/1.115",""," ","I","ROBE ST","201434532","09/03/2014","Sun","2150","HA","CN2S","534B 602B ","","R","D","DO","F ","X","S","C","050","0","0","0","","","1692678","5676056",
"New Plymouth District","45/0/1.115",""," ","I","ROBE ST W","201433454","04/03/2014","Tue","0750","HA","CE1C","302B 314B 377B ","","R","D","BF","F ","X","G","C","050","0","0","0","","","1692678","5676056",
"New Plymouth District","45/0/1.165","50","W"," ","ROBE ST W","201432721","12/02/2014","Wed","1715","FD","CE144","181A 331A 402A ","","R","D","B ","F "," "," ","C","050","0","0","0","","","1692631","5676038",
"New Plymouth District","45/0/1.278","60","E"," ","DAWSON ST","201434439","19/04/2014","Sat","1050","FD","VE1C","427A ","","R","D","B ","F "," "," ","C","050","0","0","0","","","1692525","5675998",
"New Plymouth District","45/0/1.318","20","E"," ","DAWSON ST","201430085","11/02/2014","Tue","1415","FF","CE1C","181A ","","R","D","OF","F "," ","N","C","050","0","0","0","","","1692488","5675984",
"New Plymouth District","DAWSON ST",""," ","I","POWDERHAM ST","201431779","07/02/2014","Fri","2156","LB","CS1C","197B 303B 350B 801 ","","R","W","DO","L ","X","T","C","050","0","0","0","","","1692469","5675977",
"New Plymouth District","DAWSON ST",""," ","I","VIVIAN ST","201433634","25/02/2014","Tue","1500","FE","CN1CCC","331A 370A ","","R","D","B ","F ","X","T","C","050","0","0","0","","","1692503","5675885",
"New Plymouth District","45/0/1.338",""," ","I","DAWSON ST","201435135","28/03/2014","Fri","1425","LB","CS1C","303B 375B ","","R","D","O ","F ","X","T","C","050","0","0","0","","","1692503","5675885",
"New Plymouth District","45/0/2.384",""," ","I","BELT ROAD","201437061","01/06/2014","Sun","2030","CB","CE1","103A 130A 359A ","P","R","D","DO","F ","X","S","C","050","0","0","0","","","1691548","5675743",
"New Plymouth District","45/0/2.534","50","W"," ","BELT ROAD","201411803","16/03/2014","Sun","1038","EA","CW1T","129A 358A ","M","R","W","OF","L "," ","N","C","050","0","0","1","","","1691502","5675726",
"New Plymouth District","45/0/3.017","1000","S"," ","SOUTH ROAD","201432720","30/01/2014","Thu","1930","DA","4N1","111A 131A 402A ","E","M","D","B ","F "," "," ","C","100","0","0","0","","","1691049","5675557",
"New Plymouth District","45/0/3.239","100","S"," ","DOONE ST","201434437","24/04/2014","Thu","1015","EA","CN1CC","129A 355A ","M","E","D","B ","F "," "," ","C","050","0","0","0","","","1690748","5675442",
"New Plymouth District","45/0/3.434",""," ","I","LAWRY ST","201411804","28/02/2014","Fri","1644","LB","SE1C","303B 382B ","","R","W","OF","L ","T","S","C","050","0","0","1","","17","1690565","5675374",
"New Plymouth District","45/0/3.434",""," ","I","LAWRY ST","201434947","12/03/2014","Wed","1524","LB","SE1C","303B 377B ","","R","D","BF","F ","T","G","C","050","0","0","0","","","1690565","5675374",
"New Plymouth District","45/15/0.3","300","S"," ","WAIRAU ROAD","201411088","27/01/2014","Mon","1645","CB","CN1","134A 407A ","FT","R","D","BN","F "," "," ","C","100","0","0","1","","","1682359","5669154",
"New Plymouth District","45/15/3.971","500","N"," ","WELD ROAD LOWER","201411962","15/03/2014","Sat","1200","DA","CS1","111A 131A ","EX","S","D","ON","L "," ","N","C","100","0","0","1","","","1680314","5666193",
"New Plymouth District","45/15/4.901","430","S"," ","WELD ROAD UPPER","201412657","09/04/2014","Wed","0800","DB","CN1","111A 131A ","","S","D","ON","F "," ","N","C","100","0","0","1","","","1679948","5665345",
"New Plymouth District","45/15/5.487","500","E"," ","TIMARU ROAD","201412622","07/03/2014","Fri","1840","DA","CN1","131A 410A ","S","M","D","BN","F "," ","N","L","100","0","0","1","","","1679518","5665649",
"New Plymouth District","45/15/5.987",""," ","I","TIMARU ROAD","201412631","03/03/2014","Mon","0900","DA","VN1","111A 131A ","F","M","W","ON","F ","T","S","L","100","0","0","1","","","1679100","5665413",
"Opotiki District","SH 2","100","E"," ","DUNLOP ROAD","201438656","29/06/2014","Sun","1722","DA","CW1","131A 402A ","FV","M","W","DN","F "," "," ","C","100","0","0","0","","","","",
"Opotiki District","SH 35",""," ","A","BRIDGE 790 WAIKAWA","201413900","18/06/2014","Wed","0830","DB","TE1","111A 131A ","","S","D","ON","FS"," ","N","C","100","0","0","1","","","","",
"Opotiki District","STEWART ST",""," ","I","RICHARD ST","201411581","10/01/2014","Fri","1406","DA","CE1","103A 111A 131A ","FP","M","D","BN","F ","T","N","C","050","0","0","1","","","1977111","5784553",
"Opotiki District","TAKAPUTAHI ROAD","12080","W"," ","MOTU ROAD","201400083","17/04/2014","Thu","1330","CB","TS1","129A 135A 801 816 818 ","ETZ","R","W","O ","L "," "," ","N","100","2","0","0","","","2002284","5772664",
"Opotiki District","WAINUI ROAD","1000","E"," ","HARRISON ROAD","201412558","25/04/2014","Fri","1715","DA","CN1","102A 111A 131A 402A 517A ","S","M","D","TN","F "," "," ","C","100","0","0","2","","","1960539","5782626",
"Opotiki District","2/294/5.703","280","S"," ","WAIOTAHI DRIFTS BOULEVARD","201400136","15/06/2014","Sun","0535","CB","4S1","410A ","VZ","R","D","DN","F "," "," ","C","100","1","0","0","","","1973027","5786016",
"Opotiki District","2/294/6.335","300","E"," ","DUNLOP ROAD","201411894","29/01/2014","Wed","1725","DB","CW1","135A 339A 804 817 ","V","E","D","BN","F "," ","N","N","100","0","0","1","","","1973504","5785601",
"Opotiki District","2/294/7.235","1200","E"," ","DUNLOP ROAD","201430011","08/01/2014","Wed","0830","CC","CE1","130A ","V","R","D","BN","F "," ","N","C","100","0","0","0","","","1974375","5785431",
"Opotiki District","2/294/8.864","50","W"," ","WOODLANDS ROAD","201432968","14/03/2014","Fri","2020","EC","CE1","912 ","W","S","D","DO","F "," "," ","C","050","0","0","0","","","1974893","5784033",
"Opotiki District","2/294/9.315","80","W"," ","FORSYTH ST","201410357","25/01/2014","Sat","1425","DA","CW1","504A ","GT","E","D","BF","F "," ","N","C","050","0","4","1","","","1975295","5784132",
"Opotiki District","2/304/12.464","1070","S"," ","OMOKO BR","201435832","26/03/2014","Wed","1040","FD","CN1CC","832 ","","S","D","BF","F "," ","N","C","080","0","0","0","","","1975661","5772441",
"Opotiki District","2/318/7.928","500","N"," ","OWHIRITOA BR","201411192","30/03/2014","Sun","1544","DA","MN1","131A 844 ","","M","D","B ","F "," "," ","C","080","0","1","1","","","1974702","5766336",
"Opotiki District","2/318/8.428",""," ","A","OWHIRITOA BR","201410148","17/01/2014","Fri","0900","DB","CN1","131A 402A 407A ","E","E","D","B ","F "," "," ","C","100","0","0","1","","","1975092","5766183",
"Opotiki District","2/318/12.361","1000","N"," ","TAURANGA STM BR","201411064","22/02/2014","Sat","1700","AB","MN14","153A ","","M","D","TN","F "," "," ","C","100","0","0","1","","","1976598","5763853",
"Opotiki District","2/334/0.428","4750","N"," ","WAIATA ROAD","201400064","26/03/2014","Wed","0001","DB","TN1","111A 131A ","C","M","D","DN","F "," "," ","L","100","1","0","1","","","1977717","5760193",
"Opotiki District","2/334/2.878","2300","N"," ","WAIATA ROAD","201434127","04/04/2014","Fri","1700","DA","TS1","111A 131A ","C","M","D","B ","F "," "," "," ","100","0","0","0","","","1977387","5758686",
"Opotiki District","2/334/7.178","2000","S"," ","WAIATA ROAD","201433457","25/02/2014","Tue","1230","DB","VS1","129A 134A ","C","M","D","BN","F "," ","N","C","100","0","0","0","","","1976834","5755522",
"Opotiki District","2/334/11.275","100","N"," ","OMAUKORO BR","201412499","16/04/2014","Wed","1100","DB","CN1","111A 131A 402A 632A 801 904 ","EZ","E","W","O ","M "," "," ","C","100","0","3","0","","","1979543","5755217",
"Opotiki District","35/0/0.15","150","S"," ","SH 2","201432067","28/01/2014","Tue","0945","MF","CS1C","387A 145B 371B ","","R","D","BF","F "," ","N","C","050","0","0","0","","","1976427","5784292",
"Opotiki District","ELLIOTT ST",""," ","I","ST JOHN ST","201435524","10/04/2014","Thu","1545","DA","CS2C","103A 111A 131A 430A ","M","E","D","B ","F ","R","G","R","050","0","0","0","","","1976467","5785041",
"Opotiki District","35/0/1.378","100","E"," ","OTARA RIV BR","201434193","20/04/2014","Sun","0100","DB","CE1","101A 131A 801 ","F","E","W","DO","L "," "," ","C","070","0","0","0","","","1976945","5785055",
"Opotiki District","35/0/7.58","500","E"," ","TIROHANGA ROAD","201413278","06/06/2014","Fri","1140","AO","VW1C","331A 361A ","","E","D","B ","F "," ","N","C","080","0","0","1","","","1982476","5786516",
"Opotiki District","35/11/4.25","200","E"," ","OPAPE ROAD E","201431796","21/01/2014","Tue","1115","FO","VW1C","197A 331A 351B 442B 443B 831 901 ","","E","W","O ","H "," "," ","C","100","0","0","0","","","1989492","5787222",
"Opotiki District","35/65/5.189","3000","N"," ","TE KAHA HOTEL ROAD","201431795","08/02/2014","Sat","1325","DA","CN1","131A 404A 801 ","FJ","M","W","O ","L "," "," ","C","100","0","0","0","","","2014549","5814167",
"Opotiki District","35/79/4.867","670","S"," ","WHANARUA BR","201410000","05/01/2014","Sun","1830","DB","CW1","111A 358A 407A 800 801 ","ST","E","W","O ","L "," "," ","C","100","0","0","1","","","2022570","5818791",
"Otorohanga District","HONIKIWI ROAD","300","W"," ","INNES ROAD","201410853","11/01/2014","Sat","2300","DA","CN1","104A 111A 131A 402A 809 ","C","M","W","DN","F "," "," ","C","100","0","1","1","","","1785253","5775306",
"Otorohanga District","MANGAWHERO ROAD","1500","S"," ","OTEWA ROAD","201435417","15/03/2014","Sat","1634","CC","CS1","112A 125A ","","R","D","ON","F "," ","N","C","100","0","0","0","","","1794688","5768602",
"Otorohanga District","OTEWA ROAD",""," ","I","MANGAWHERO ROAD","201412110","23/04/2014","Wed","1000","GE","TE1O","150A 197A 372B 402B ","V","R","D","B ","F ","T","N","C","100","0","0","1","","","1794483","5769982",
"Otorohanga District","OURUWHERO ROAD","1000","N"," ","MOUNTAIN VIEW ROAD","201435561","16/04/2014","Wed","0911","DA","CS1","134A 407A ","F","E","W","O ","F "," "," ","C","100","0","0","0","","","1793526","5773026",
"Otorohanga District","RAGLAN ROAD","9200","N"," ","KAWHIA ROAD","201433126","09/03/2014","Sun","1500","DB","CS1","131A ","C","M","D","B ","F "," "," ","N","100","0","0","0","","","1766261","5793814",
"Otorohanga District","SEAFUND ROAD","400","E"," ","NEWMAN ROAD","201411255","05/03/2014","Wed","1915","CA","CW1","129A 130A 407A ","","R","D","B ","F "," "," ","C","100","0","0","1","","","1819132","5775070",
"Otorohanga District","SH 3","100","S"," ","THOMSON AVENUE","201436014","11/04/2014","Fri","1305","FD","CS1CC","181A ","","R","W","OF","L "," ","N","C","050","0","0","0","","","","",
"Otorohanga District","TAURAROA VALLEY ROAD","1200","W"," ","HODDLE ROAD","201410473","08/01/2014","Wed","1150","BB","MW14","123A ","","S","D","O ","F "," "," ","N","100","0","1","0","","","1812745","5760625",
"Otorohanga District","WAIPAPA ROAD","470","N"," ","PUKEWHAU ROAD","201432748","16/02/2014","Sun","1500","CA","TN1","129A 134A ","","R","D","O ","F "," "," ","C","100","0","0","0","","","1828564","5770031",
"Otorohanga District","WAIPAPA ROAD","2100","S"," ","WAIREHI ROAD","201413609","04/05/2014","Sun","0746","CB","4S1","103A 131A 412A 904 ","F","R","D","DN","M "," "," ","C","100","0","0","1","","","1833075","5761025",
"Otorohanga District","WAIWERA ST","10","S"," ","HONE ST","201412496","31/01/2014","Fri","1600","KA","CN1M","308B 378B 402B 834 929 ","","E","D","B ","F ","D"," ","C","050","0","0","1","","","1759251","5785011",
"Otorohanga District","WHAREPUHUNGA ROAD","1000","E"," ","SH 3","201413638","08/05/2014","Thu","1738","DA","CE1","135A 801 809 815 ","F","E","W","DN","L "," "," ","C","100","0","0","1","","","1807040","5779672",
"Otorohanga District","3/36/10.884","300","S"," ","AWATANE ROAD","201410474","31/01/2014","Fri","1500","DA","CS1","131A 404A ","F","E","D","B ","F "," "," ","C","100","0","0","2","","","1801177","5773930",
"Otorohanga District","3/36/13.053","40","S"," ","KIO KIO STATION ROAD","201430141","08/01/2014","Wed","1330","DB","CN1","131A 501A ","G","E","D","ON","F "," ","N","C","100","0","0","0","","","1799121","5773948",
"Otorohanga District","3/36/17.673","190","N"," ","THOMSON AVENUE","201413627","27/05/2014","Tue","1314","CB","CS1","130A 412A ","T","R","D","B ","F "," "," ","C","070","0","0","2","","","1795399","5772017",
"Otorohanga District","3/36/19.821","10","N"," ","WAHANUI CRESCENT S","201410854","10/01/2014","Fri","1840","PF","VS1EC","129A 330A 404A ","","R","D","B ","F ","X","S","C","050","0","0","2","24","","1793644","5771141",
"Otorohanga District","3/57/1.812","440","N"," ","SPICER ROAD","201411843","13/01/2014","Mon","0825","BF","VS1C","136A 681A ","","E","D","ON","F "," ","N","C","100","0","0","1","","","1792675","5769428",
"Otorohanga District","3/57/2.752","500","S"," ","SPICER ROAD","201410472","27/01/2014","Mon","0437","CC","VN1","410A ","CV","R","D","DN","F "," "," ","C","100","0","0","1","","","1792446","5768521",
"Otorohanga District","3/57/4.84","930","N"," ","GOLF ROAD","201430139","05/01/2014","Sun","1010","DA","4N1","131A 687A 901 ","F","E","W","ON","H "," ","N","C","090","0","0","0","","","1791754","5766552",
"Otorohanga District","3/57/4.934","800","N"," ","GOLF ROAD","201411842","01/03/2014","Sat","1023","DA","CN1","129A 134A ","F","E","D","BN","F "," ","N","C","100","0","0","1","","","1791717","5766466",
"Otorohanga District","3/57/4.979","1250","S"," ","IRELAND ROAD","201432948","02/02/2014","Sun","0450","DA","CN1","411A ","C","E","D","DN","F "," "," ","C","100","0","0","0","","","1791700","5766424",
"Otorohanga District","30/47/11.803","2300","S"," ","TAUPO BDY","201433759","02/04/2014","Wed","0900","DA","TE1","111A 131A ","F","M","D","O ","F "," "," ","C","100","0","0","0","","","1825722","5737685",
"Otorohanga District","RANGITAHI ST",""," ","I","31/0/0.254","201437790","02/05/2014","Fri","2218","DB","CE2","111A 131A 357A ","P","S","D","DO","F ","T","G","C","050","0","0","0","","","1793308","5771020",
"Otorohanga District","31/0/3.647","1500","S"," ","MANGAMAHOE ROAD","201438313","21/04/2014","Mon","0320","DA","CS1","111A 131A 412A 801 ","C","M","W","DN","L "," "," ","L","100","0","0","0","","","1792833","5773200",
"Otorohanga District","31/0/3.945","1800","N"," ","REDLAND ROAD","201412079","19/04/2014","Sat","0710","DA","CS1","131A 135A 901 ","C","M","W","O ","H "," ","N","C","100","0","0","1","","","1792766","5773487",
"Otorohanga District","31/47/7.26","80","N"," ","LAKE ROAD","201413754","03/06/2014","Tue","0820","DA","CN1","129A 131A ","C","E","D","BN","F "," ","N","C","100","0","0","1","","","1760471","5787696",
"Otorohanga District","39/43/7.186",""," ","I","TE TAHI ROAD","201432909","19/02/2014","Wed","1528","DB","CS1","410A ","FV","E","D","O ","F ","T","S","C","100","0","0","0","","","1791419","5787566",
"Otorohanga District","39/43/12.695","700","E"," ","PARIHORO ROAD","201436004","24/03/2014","Mon","2230","JA","TS1O","308B 375B 929 ","","E","D","DN","F ","D","N","C","100","0","0","0","","","1790566","5784405",
"Palmerston North City","ADMIRAL PLACE","60","N"," ","TREMAINE AVENUE","201434137","17/03/2014","Mon","0848","MD","VS1V","308B 371B 927 ","","E","D","B ","F ","D"," ","N","050","0","0","0","","","1819489","5530155",
"Palmerston North City","ALBERT ST","30","N"," ","BROADWAY AVENUE","201436235","09/05/2014","Fri","1027","FD","CN1CC","181A 181B ","","R","D","B ","F "," "," ","C","050","0","0","0","","","1822786","5530206",
"Palmerston North City","ALBERT ST","100","S"," ","BROADWAY AVENUE","201436504","04/05/2014","Sun","1100","KA","CN1S","308B 370B 925 ","","R","D","B ","F ","D"," ","C","050","0","0","0","","","","",
"Palmerston North City","ALBERT ST","25","N"," ","CHURCH ST","201434005","16/04/2014","Wed","2145","MC","CN1C","372B ","","R","W","DO","F "," ","N","C","050","0","0","0","","","1822918","5529965",
"Palmerston North City","ALBERT ST","60","N"," ","MAIN ST","201432472","14/02/2014","Fri","1735","MF","CS1C","350B 371B ","","R","D","BF","F "," ","N","C","050","0","0","0","","","1822841","5530106",
"Palmerston North City","ALBERT ST",""," ","I","STEWART CRESCENT","201411144","25/02/2014","Tue","0850","KA","SS1C","309B 375B ","","R","D","O "," F","X","N","C","050","0","0","1","","30","1823179","5529490",
"Palmerston North City","AMESBURY ST","30","S"," ","ACHILLES COURT","201434874","17/03/2014","Mon","1320","EA","CN1C","129A ","M","R","D","OF","F "," ","N","N","050","0","0","0","","","1822113","5529936",
"Palmerston North City","ASHHURST ROAD","60","E"," ","HARRISON ROAD","201437562","09/06/2014","Mon","1520","DA","CS1","131A 402A ","V","M","W","O ","L "," "," ","C","100","0","0","0","","","","",
"Palmerston North City","ASHHURST ROAD","1400","W"," ","KELVIN GROVE ROAD","201430197","11/01/2014","Sat","0500","CC","CE1","411A ","","R","D","DN","F "," "," ","C","100","0","0","0","","","1827230","5536921",
"Palmerston North City","ASHLEY ST",""," ","I","FERGUSON ST","201432486","28/02/2014","Fri","1600","MO","4N1C","371A ","","R","D","OF","F ","X","T","C","050","0","0","0","","","1822163","5529195",
"Palmerston North City","BERRYMANS LANE","100","S"," ","BROADWAY AVENUE","201430087","18/02/2014","Tue","1617","EA","TS1C","129A ","M","R","D","BF","F "," ","N","N","050","0","0","0","","","1821993","5529611",
"Palmerston North City","BOTANICAL ROAD",""," ","I","CHURCH ST","201434133","27/01/2014","Mon","1340","HA","4W2C","302A 375A 503A ","","R","D","B ","F ","X","G","C","050","0","0","0","","","1820369","5528529",
"Palmerston North City","BOTANICAL ROAD",""," ","I","CHURCH ST","201432570","27/01/2014","Mon","1350","HA","CS14","302B 375B ","","E","D","B ","F ","X","G","C","050","0","0","0","","","1820369","5528529",
"Palmerston North City","BOTANICAL ROAD",""," ","I","CHURCH ST","201434132","09/04/2014","Wed","1550","GD","CN1C","333A 353A ","","R","D","O ","F ","X","G","C","050","0","0","0","","","1820369","5528529",
"Palmerston North City","BOTANICAL ROAD","50","E"," ","FEATHERSTON ST","201437581","10/06/2014","Tue","1300","GD","CS1CC","331A 927 ","","R","W","O ","L ","D","N","C","050","0","0","0","","","1819936","5529319",
"Palmerston North City","BOTANICAL ROAD","70","N"," ","FEATHERSTON ST","201436505","08/05/2014","Thu","1235","EE","CS1T","374B ","M","R","D","O ","F "," "," ","C","050","0","0","0","","","1819878","5529425",
"Palmerston North City","BOTANICAL ROAD",""," ","I","FEATHERSTON ST","201434057","21/04/2014","Mon","0836","LB","CW1C","332A 375A ","","R","D","B ","F ","T","T","C","050","0","0","0","","","1819912","5529363",
"Palmerston North City","BOTANICAL ROAD",""," ","I","FERGUSON ST","201413025","26/05/2014","Mon","0710","LB","CW1S","302A 375A ","","M","W","OF","F ","R","G","R","050","0","0","1","","33","1820497","5528295",
"Palmerston North City","BOTANICAL ROAD",""," ","I","HIGHBURY AVENUE","201413342","30/03/2014","Sun","1308","JA","CN1C","302B 375B 504B ","","R","D","O ","F ","T","G","C","050","0","0","1","","","1820172","5528889",
"Palmerston North City","BOTANICAL ROAD","30","N"," ","LIVERPOOL ST","201411964","26/03/2014","Wed","1820","GA","VS1C","101A 331A 929 ","","R","D","BF","F ","D","N","C","050","0","0","1","","","1819725","5529707",
"Palmerston North City","BOTANICAL ROAD","50","N"," ","LIVERPOOL ST","201434957","29/03/2014","Sat","1000","MO","CN1C","371A 929 ","","R","D","BF","F ","D","N","C","050","0","0","0","","","1819715","5529724",
"Palmerston North City","BOTANICAL ROAD",""," ","I","PIONEER HIGHWAY","201434770","29/04/2014","Tue","1514","HA","CW2C","324A ","","R","W","OF","H ","X","T","C","050","0","0","0","","","1820306","5528642",
"Palmerston North City","BOTANICAL ROAD",""," ","I","SH 56","201437568","04/04/2014","Fri","2120","LB","4S1C","303B ","","R","D","DO","F ","X","T","C","050","0","0","0","","","","",
"Palmerston North City","BOTANICAL ROAD","15","S"," ","TREMAINE AVENUE","201434201","21/03/2014","Fri","1030","ME","4N1C","371B ","","R","D","B ","F "," "," ","C","050","0","0","0","","","1819522","5530074",
"Palmerston North City","BOURKE ST","100","S"," ","FEATHERSTON ST","201430952","04/01/2014","Sat","1515","GB","CS1C","387A 929 ","","R","D","OF","F ","D","N","C","050","0","0","0","","","1820986","5529837",
"Palmerston North City","BOURKE ST","200","S"," ","FEATHERSTON ST","201437845","09/06/2014","Mon","1725","MB","CS1C","372B ","","R","W","DO","F "," ","N"," ","050","0","0","0","","","1821034","5529749",
"Palmerston North City","BOURKE ST",""," ","I","WALDING ST","201412518","02/04/2014","Wed","1710","KB","CN1S","370A 184B 303B 372B ","","E","D","B ","F ","T","S","C","050","0","0","1","","13","1821133","5529568",
"Palmerston North City","BROADWAY AVENUE","40","E"," ","ALBERT ST","201432953","09/03/2014","Sun","1135","ME","CW1C","355B 370B ","","R","D","B ","F "," "," ","C","050","0","0","0","","","1822849","5530195",
"Palmerston North City","CAMPBELL ROAD","300","N"," ","KAIRANGA BUNNYTHORPE ROAD","201410169","17/01/2014","Fri","2238","BE","CS1CC","103A 130A 501A ","","R","D","DN","F "," "," ","C","100","0","2","1","","","1823379","5537905",
"Palmerston North City","CENTENNIAL DRIVE","150","S"," ","HARDIE ST","201434769","18/04/2014","Fri","1500","DB","CS1","131A 423A ","KPT","E","D","OF","F "," ","N","C","050","0","0","0","","","1822881","5527598",
"Palmerston North City","CHURCH ST","25","E"," ","ASHLEY ST","201434200","22/03/2014","Sat","1230","MF","CW1C","371B 671B ","","R","D","O ","F "," "," ","C","050","0","0","0","","","1822046","5529445",
"Palmerston North City","CHURCH ST","10","W"," ","THE SQUARE","201432408","20/02/2014","Thu","1710","FD","CE1C","331A ","","R","D","B ","F ","R","G","R","050","0","0","0","","","1821699","5529256",
"Palmerston North City","CHURCH ST",""," ","I","THE SQUARE","201435937","15/05/2014","Thu","1500","AO","VW1S","129A 671A ","","R","D","BF","F ","R","G","R","050","0","0","0","","","1821895","5529362",
"Palmerston North City","CLAUSEN ST","60","W"," ","WOOD ST","201436232","19/05/2014","Mon","0810","EA","CW1C","129A 902 ","M","R","D","B ","F "," "," ","C","050","0","0","0","","","1820562","5530080",
"Palmerston North City","CLEVELY LINE",""," ","I","STONEY CREEK ROAD","201431789","17/01/2014","Fri","1730","LB","VN14","303B 375B ","","R","D","O ","F ","T","N","C","100","0","0","0","","","1824134","5536964",
"Palmerston North City","COLLEGE ST","100","N"," ","BATT ST","201412892","13/05/2014","Tue","0740","FC","CN1C","181A 331A 402A ","","R","D","B ","F "," "," ","X","050","0","0","1","","","1821870","5528621",
"Palmerston North City","COLLEGE ST","15","W"," ","COLOMBO ST","201432305","05/02/2014","Wed","1042","EA","4W1B","103A 129A 130A ","M","R","D","B ","F "," "," ","C","050","0","0","0","","","1822695","5529074",
"Palmerston North City","COLLEGE ST","10","W"," ","OXFORT ST","201437519","10/06/2014","Tue","1747","FC","CE1C","181A 191B 901 ","","R","W","DO","H ","T","G","C","050","0","0","0","","","","",
"Palmerston North City","COLLEGE ST","60","E"," ","ROCHESTER ST","201433421","18/03/2014","Tue","1445","MC","CE1C","372B ","","E","D","OF","F "," ","N","C","050","0","0","0","","","1819863","5527559",