"TLA NAME","CRASH ROAD","CRASH DIST","CRASH DIRN","INTSN","SIDE ROAD","CRASH ID","CRASH DATE","CRASH DOW","CRASH TIME","MVMT","VEHICLES","CAUSES","OBJECTS STRUCK","ROAD CURVE","ROAD WET","LIGHT","WTHRa","JUNC TYPE","TRAF CTRL","ROAD MARK","SPD LIM","CRASH FATAL CNT","CRASH SEV CNT","CRASH MIN CNT","PERS AGE1","PERS AGE2","EASTING","NORTHING"
"Palmerston North City","COLLEGE ST","15","E"," ","VICTORIA AVENUE","201431261","23/01/2014","Thu","1150","MA","4N1C","181A 333A ","","R","D","BF","F "," ","N","C","050","0","0","0","","","1822876","5529172",
"Palmerston North City","COLLEGE ST","15","W"," ","VICTORIA AVENUE","201430729","16/02/2014","Sun","0600","BO","CN1C","125A ","M","R","D","OF","F "," ","N","C","050","0","0","0","","","1822849","5529157",
"Palmerston North City","COOK ST",""," ","I","CHURCH ST","201413744","14/06/2014","Sat","1015","HA","CN1S","302A 375A ","","R","D","BF","F ","R","G","C","050","0","0","1","","32","1821073","5528902",
"Palmerston North City","COOK ST",""," ","I","CHURCH ST","201411191","21/03/2014","Fri","1547","HA","VN1S","302A 375A ","","E","D","O ","F ","R","G","R","050","0","0","1","","12","1821073","5528902",
"Palmerston North City","COOK ST",""," ","I","FERGUSON ST","201432014","26/01/2014","Sun","1901","HA","CN1C","302A 375A 901 ","","R","W","OF","H ","R","G","R","050","0","0","0","","","1821196","5528674",
"Palmerston North City","CREWE CRESCENT",""," ","I","ROSS PLACE","201434324","06/03/2014","Thu","0100","DC","CN1","111A 131A ","IX","E","D","DO","F ","R","G","R","050","0","0","0","","","1823974","5528534",
"Palmerston North City","CUBA ST",""," ","I","BRYANT ST","201436494","25/04/2014","Fri","1320","HA","VW1C","302B 375B ","","R","D","BF","F ","X","G","C","050","0","0","0","","","1820695","5529106",
"Palmerston North City","DAIRY FARM ROAD",""," ","I","TENNENT DRIVE","201412467","14/03/2014","Fri","0820","KB","SS14","200A 370A 370B ","","R","D","O ","F ","T","G","R","070","0","0","1","","","1822068","5526703",
"Palmerston North City","DITTMER DRIVE","300","N"," ","PITAMA ROAD","201412495","16/04/2014","Wed","1820","EA","SN1C","330A 208B 901 ","M","E","W","DO","H "," "," ","C","050","0","0","1","","28","1820666","5527261",
"Palmerston North City","ELLESMERE CRESCENT E","15","S"," ","PEMBROKE ST","201430095","31/01/2014","Fri","2300","EA","CN1B","129A ","M","R","D","DO","F ","T","N","N","050","0","0","0","","","1819506","5529064",
"Palmerston North City","FEATHERSTON ST","20","E"," ","AROHA ST","201411890","08/03/2014","Sat","1600","FC","PE1C","181A ","","R","D","BF","F "," ","N","X","050","0","0","1","","","1821061","5529991",
"Palmerston North City","FEATHERSTON ST",""," ","I","BOURKE ST","201436493","04/05/2014","Sun","0930","HA","CN2C","302A ","","R","D","BF","F ","X","G","C","050","0","0","0","","","1820938","5529925",
"Palmerston North City","FEATHERSTON ST","50","W"," ","CARROLL ST","201432409","19/02/2014","Wed","1730","FC","CE1C","181A 331A ","","R","D","B ","F "," "," ","X","050","0","0","0","","","1821626","5530302",
"Palmerston North City","FEATHERSTON ST",""," ","I","HERETAUNGA ST","201412005","29/03/2014","Sat","1530","HA","CS2C","301A 375A ","","R","D","B ","F ","X","S","C","050","0","0","7","","","1822589","5530829",
"Palmerston North City","FEATHERSTON ST","40","W"," ","NGATA ST","201436782","12/05/2014","Mon","1910","CB","CW1","330A 350A ","S","R","W","DO","F "," ","N","X","050","0","0","0","","","1821547","5530258",
"Palmerston North City","FEATHERSTON ST","50","E"," ","SH 3","201431725","07/01/2014","Tue","1740","JA","CW1C","308B 927 ","R","R","D","OO","F ","D"," ","C","050","0","0","0","","","1821392","5530173",
"Palmerston North City","FERGUSON ST","20","S"," ","ALBERT ST","201430742","14/02/2014","Fri","1725","FD","CN1V","181A ","","R","D","OF","F ","R","G","N","050","0","0","0","","","1823043","5529676",
"Palmerston North City","FERGUSON ST","15","E"," ","FITZHERBERT AVENUE","201430731","07/02/2014","Fri","1545","AA","TW1C","381A 671A ","","R","D","OF","F ","X","T","R","050","0","0","0","","","1821951","5529080",
"Palmerston North City","FERGUSON ST",""," ","I","FITZHERBERT AVENUE","201413746","08/06/2014","Sun","2008","LB","VW1C","303B ","","R","W","DO","L ","X","T","P","050","0","0","1","","","1821937","5529072",
"Palmerston North City","FERGUSON ST",""," ","I","LINTON ST","201433636","11/03/2014","Tue","1714","HA","CS2C","301A 353A 375A ","","R","D","B ","F ","X","S","N","050","0","0","0","","","1821747","5528967",
"Palmerston North City","FERGUSON ST",""," ","I","PITT ST","201433631","13/03/2014","Thu","1700","LB","CN1C","321A 370A 402A ","","M","D","B ","F ","T","S","R","050","0","0","0","","","1821567","5528869",
"Palmerston North City","FITZHERBERT AVENUE","30","N"," ","FERGUSON ST","201411584","14/03/2014","Fri","1841","MF","SN1C","372B 927 ","","R","D","TF","  "," "," ","C","050","0","0","1","","19","1821923","5529099",
"Palmerston North City","FITZHERBERT AVENUE",""," ","I","MANAWAROA ST","201413024","19/02/2014","Wed","0810","GB","SN1C","157A 158A ","","E","D","BF","F ","X","T","P","050","0","0","1","","13","1822490","5528063",
"Palmerston North City","FITZHERBERT AVENUE","50","S"," ","PARK ROAD","201435074","28/04/2014","Mon","1815","EC","CN1","911 ","W","E","W","DO","F "," ","N","C","050","0","0","0","","","1822309","5528394",
"Palmerston North City","FITZHERBERT AVENUE",""," ","I","PARK ROAD","201412514","11/04/2014","Fri","0315","ND","CN2E","307A 376A ","","R","W","DO","F ","X","T","R","050","0","0","1","21","","1822285","5528437",
"Palmerston North City","FITZHERBERT AVENUE",""," ","I","TE AWE AWE ST","201436244","15/05/2014","Thu","1902","FB","4W2C","181A 331A ","","E","D","DO","F ","T","G","N","050","0","0","0","","","1822490","5528063",
"Palmerston North City","FITZHERBERT AVENUE","20","S"," ","THE SQUARE","201432521","15/02/2014","Sat","1800","MO","CN1C","371A ","","E","D","B ","F "," ","N","C","050","0","0","0","","","1821815","5529296",
"Palmerston North City","GEORGE ST","100","S"," ","CUBA ST","201435039","20/03/2014","Thu","1425","EA","CS1C","386A ","M","R","D","B ","F "," ","N","C","050","0","0","0","","","1821518","5529440",
"Palmerston North City","GREY ST","40","N"," ","ALBERT ST","201433423","27/03/2014","Thu","1710","FD","VS1C","181A ","","R","D","OF","F "," ","N","C","050","0","0","0","","","1822706","5530433",
"Palmerston North City","GREY ST","10","N"," ","RUSSELL ST","201436230","09/05/2014","Fri","1146","MA","VW1C","373B 671B ","","R","W","O ","H ","T","G","C","050","0","0","0","","","1822448","5530293",
"Palmerston North City","GREY ST","70","S"," ","SYDNEY ST","201413605","08/06/2014","Sun","1705","EA","CS1C","129A 130A 507A ","M","R","D","TO","F "," "," ","P","050","0","0","1","","","1822350","5530240",
"Palmerston North City","GREY ST","50","E"," ","WARD ST","201431513","15/01/2014","Wed","","MC","CW1C","372B ","","R","D","BF","F "," "," ","C","050","0","0","0","","","1822172","5530143",
"Palmerston North City","GREY ST","50","E"," ","WARD ST","201432963","14/02/2014","Fri","0950","FD","VE1C","181A 191B 403B ","","R","D","B ","F "," "," ","C","050","0","0","0","","","1822172","5530143",
"Palmerston North City","HARDIE ST",""," ","I","FITZHERBERT AVENUE","201411585","04/03/2014","Tue","0756","FB","CW1P","331A 353A 387A ","","M","D","OF","F ","T","S","R","050","0","0","1","","","1822710","5527661",
"Palmerston North City","HIGHBURY AVENUE","100","S"," ","HAVELOCK AVENUE","201435072","30/04/2014","Wed","0745","AO","VS1C","150A 381A ","","R","D","O ","F "," ","N","C","050","0","0","0","","","1819347","5529464",
"Palmerston North City","HILLCREST ROAD","40","W"," ","SH 3","201410024","06/02/2014","Thu","2125","DB","CS1","131A 386A 402A ","V","E","D","DN","F "," "," ","C","100","0","0","1","","","1832780","5535367",
"Palmerston North City","JAMES LINE","100","S"," ","KELVIN GROVE ROAD","201430825","16/01/2014","Thu","0010","CB","CS1","130A ","FTX","R","D","DO","F "," ","N","C","050","0","0","0","","","1825779","5533406",
"Palmerston North City","JICKELL ST","150","N"," ","CENTENNIAL DRIVE","201436491","01/05/2014","Thu","1800","GE","4S1C","333A 929 ","","E","D","OF","F ","D","N","C","050","0","0","0","","","1823147","5527744",
"Palmerston North City","JOHN F KENNEDY DRIVE","100","S"," ","CONOLLY PLACE","201436499","01/05/2014","Thu","2140","GB","CS1V","172B 372B 927 ","","E","D","DO","F ","D","N","C","050","0","0","0","","","1820707","5531498",
"Palmerston North City","JOHN F KENNEDY DRIVE","150","E"," ","SH 3","201437518","12/06/2014","Thu","1205","AO","CW1T","197A ","","E","D","O ","F "," "," ","R","050","0","0","0","","","1820682","5531424",
"Palmerston North City","JOSEPH ST","80","W"," ","COOK ST","201430097","23/01/2014","Thu","0930","MO","TW1V","330A 929 ","","R","D","BF","FS","D","N","N","050","0","0","0","","","1821069","5528740",
"Palmerston North City","KAURI ST","5","N"," ","SH 3","201432971","17/03/2014","Mon","1500","FB","TS1C","331A ","","R","D","O ","F ","T","G","R","050","0","0","0","","","1823394","5530345",
"Palmerston North City","KEITH ST","90","N"," ","MIHAERE DRIVE","201432251","20/02/2014","Thu","0900","CB","CS1CMC","354A ","M","R","D","B ","F "," "," ","C","050","0","0","0","","","1824448","5531209",
"Palmerston North City","KEITH ST",""," ","I","MIHAERE DRIVE","201437607","03/06/2014","Tue","1415","BO","CS1V","170A 201A 430A ","","S","D","B ","F ","R","G","R","050","0","0","0","","","","",
"Palmerston North City","KELVIN GROVE ROAD","600","W"," ","JAMES LINE","201411143","26/02/2014","Wed","0855","CB","CW1C","350A ","M","R","D","B ","F "," "," ","C","070","0","0","1","","","1825206","5533204",
"Palmerston North City","KINGSTON ST","50","S"," ","ILFORD PLACE","201437690","01/06/2014","Sun","0819","DA","CS1","130A 402A 412A ","CFX","E","D","B ","F "," "," ","N","050","0","0","0","","","1820377","5527995",
"Palmerston North City","KOROMIKO AVENUE",""," ","I","RANGIORA AVENUE","201411884","17/03/2014","Mon","1804","DA","CS1","133A 405A 423A ","H","M","D","BF","F ","R","G","R","050","0","0","2","","","1823138","5530858",
"Palmerston North City","LINTON ST","190","N"," ","PARK ROAD","201413230","20/05/2014","Tue","0845","PD","CE1E","722B 727B ","","R","D","B ","F "," ","N","C","050","0","0","1","4","","1822004","5528500",
"Palmerston North City","MAIN ST","30","E"," ","ANDREW YOUNG ST","201434950","28/03/2014","Fri","1420","GD","CW1C","181A 926 ","","R","D","BF","F ","D","N","C","050","0","0","0","","","1821484","5529306",
"Palmerston North City","MAIN ST",""," ","I","PITT ST","201431378","28/02/2014","Fri","0710","CC","CE1","350A 501A ","IK","R","D","BF","F ","X","T","R","050","0","0","0","","","1821342","5529209",
"Palmerston North City","MAIN ST",""," ","I","PITT ST","201434056","16/04/2014","Wed","1025","HA","VS2C","322A 334A ","","R","W","O ","F ","X","T","R","050","0","0","0","","","1821342","5529209",
"Palmerston North City","MAIN ST","70","W"," ","PRINCESS ST","201433981","17/04/2014","Thu","1420","MO","CE1C","330A 371A 371B ","","R","W","O ","F "," ","N","R","050","0","0","0","","","1822047","5529608",
"Palmerston North City","MCGREGOR ST",""," ","I","MILSON LINE","201437811","11/03/2014","Tue","0852","GF","MW1V","157A 381A ","","E","D","B ","F ","T","G","C","050","0","0","0","","","1822170","5532122",
"Palmerston North City","MCLEAVEY DRIVE","40","E"," ","DAHLSTROM GROVE","201436231","12/05/2014","Mon","0607","BE","CE1T","130A ","K","R","D","TO","F "," "," ","C","050","0","0","0","","","1824742","5532790",
"Palmerston North City","MCLEAVEY DRIVE",""," ","I","LYDIA PLACE","201432555","29/01/2014","Wed","1149","JA","CE1C","302B 375B ","","E","D","B ","F ","T","G","C","050","0","0","0","","","1824968","5532766",
"Palmerston North City","MILSON LINE",""," ","I","AIRPORT DRIVE","201436243","15/05/2014","Thu","0600","HA","CW2C","302A ","","E","D","DO","M ","R","G","R","050","0","0","0","","","1821664","5532740",
"Palmerston North City","MILSON LINE","100","S"," ","FLYGERS LINE","201413379","07/06/2014","Sat","1535","EA","CS1C","129A ","M","R","D","O ","F "," "," ","C","050","0","0","1","","","1821390","5533057",
"Palmerston North City","MILSON LINE",""," ","I","FLYGERS LINE","201436125","11/04/2014","Fri","1553","JA","4N14","302B ","","R","D","O ","F ","X","G","C","050","0","0","0","","","1821325","5533133",
"Palmerston North City","MILSON LINE","70","S"," ","MADISON AVENUE","201413809","05/01/2014","Sun","0409","CC","CN1","130A 402A 801 ","FT","R","W","DO","L "," "," ","C","050","0","0","1","","","1821483","5532946",
"Palmerston North City","MILSON LINE","20","N"," ","MALDEN ST","201412612","17/03/2014","Mon","0814","FD","CS1C","181A ","","R","D","OF","F "," ","N","C","050","0","0","1","","","1822429","5531810",
"Palmerston North City","MIRO ST","100","E"," ","RICHMOND AVENUE","201435040","26/04/2014","Sat","1330","MO","CW1C","386A 929 ","M","R","D","O ","F ","D","N","N","050","0","0","0","","","1820730","5530454",
"Palmerston North City","MONOWAI PLACE",""," ","I","MONOWAI INT","201436488","30/04/2014","Wed","1554","JA","CN1C","375B ","","R","D","OF","F ","T","N","N","050","0","0","0","","","","",
"Palmerston North City","NASH ST","100","W"," ","NGATA ST","201434058","15/04/2014","Tue","0840","EA","CW1C","129A 358A ","M","R","D","B ","F "," ","N","C","050","0","0","0","","","1821564","5530101",
"Palmerston North City","NGATA ST",""," ","I","NASH ST","201413606","04/06/2014","Wed","1100","JA","CN1C","197A 303B 375B 402B ","","R","D","O ","F ","T","N","C","050","0","0","2","","","1821652","5530149",
"Palmerston North City","PAHIATUA AOKAUTERE ROAD","60","S"," ","KINGSDALE PARK DRIVE","201436776","04/04/2014","Fri","1550","DA","CS1","111A 116A ","","M","D","B ","F "," ","N","N","050","0","0","0","","","1826961","5526738",
"Palmerston North City","PAHIATUA AOKAUTERE ROAD","650","N"," ","NORTH RANGE ROAD","201432245","12/02/2014","Wed","1130","DA","CN1","111A 131A 800 ","ET","E","W","O ","F "," "," ","C","100","0","0","0","","","1830810","5522941",
"Palmerston North City","PAHIATUA AOKAUTERE ROAD",""," ","I","THE BUSH TRACK","201432012","30/01/2014","Thu","1740","GD","CS1C","331A 353A ","","M","D","BN","F ","T","G","C","100","0","0","0","","","1826359","5527110",
"Palmerston North City","PAHIATUA TRACK","25","S"," ","NORTH RANGE ROAD","201436571","25/05/2014","Sun","1230","BF","CS14","135A 804 ","","M","D","O ","F "," "," ","C","100","0","0","0","","","1831335","5522559",
"Palmerston North City","PALM AVENUE",""," ","I","MARNE ST","201437820","27/05/2014","Tue","1525","HA","CE1C","302A 375A ","","R","D","O ","F ","X","G","C","050","0","0","0","","","1822582","5528472",
"Palmerston North City","PARK ROAD",""," ","I","VICTORIA DRIVE","201413800","12/06/2014","Thu","1924","LB","CS1C","303B 370B ","","R","D","DO","F ","T","G","C","050","0","0","2","","","1821582","5528052",
"Palmerston North City","PASCAL ST","50","S"," ","CHELWOOD ST","201436569","23/05/2014","Fri","1800","KB","CN1V","308B 377B 801 839 927 ","","R","W","DO","L ","D"," ","C","050","0","0","0","","","1820729","5529362",
"Palmerston North City","PEMBROKE ST","5","E"," ","JACKSON AVENUE","201436716","18/05/2014","Sun","0323","CB","CW1","103A ","P","R","D","DO","F ","T","N","C","050","0","0","0","","","1819416","5529046",
"Palmerston North City","PETER HALL DRIVE","40","E"," ","HILLCREST DRIVE","201412517","27/04/2014","Sun","1405","AA","SW1C","353A 372A ","","R","D","B ","F "," "," ","C","050","0","1","0","","19","1825009","5532550",
"Palmerston North City","PIONEER HIGHWAY","100","E"," ","BOTANICAL ROAD","201412318","28/03/2014","Fri","1510","MO","VW1S","312B 355B 370B ","","R","D","B ","F "," "," ","R","050","0","0","1","","10","1820395","5528685",
"Palmerston North City","PIONEER HIGHWAY","80","E"," ","SHAMROCK ST","201431515","16/01/2014","Thu","0854","DA","CE1","131A 925 ","E","R","D","OF","F ","D"," ","R","050","0","0","0","","","1820603","5528812",
"Palmerston North City","PITT ST","50","S"," ","CUBA ST","201436713","12/05/2014","Mon","1821","AA","CS1C","372A ","","R","D","DO","F "," ","N","C","050","0","0","0","","","1821257","5529360",
"Palmerston North City","POLSON HILL DRIVE","50","E"," ","SH 57","201436570","25/05/2014","Sun","2100","DA","CW1","135A 802 803 903 ","","M","I","DN","SS"," "," ","C","070","0","0","0","","","1825048","5527101",
"Palmerston North City","PRINCESS ST","100","N"," ","CHURCH ST","201436495","11/03/2014","Tue","1222","MO","CN1C","385A ","M","R","D","BF","F "," ","N","C","050","0","0","0","","","1822128","5529603",
"Palmerston North City","PRINCESS ST","20","N"," ","DAHLIA ST","201436234","06/05/2014","Tue","1240","AC","CS1C","372A 671A ","","R","D","B ","F "," "," ","C","050","0","0","0","","","1822215","5529446",
"Palmerston North City","PRINCESS ST",""," ","I","FERGUSON ST","201435073","02/05/2014","Fri","1630","JA","SS1C","308B 375B 924 ","","R","D","B ","F ","D","N","C","010","0","0","0","","","1822309","5529274",
"Palmerston North City","PRINCESS ST","30","N"," ","FERGUSSON ST","201436517","19/05/2014","Mon","1348","JA","CS1C","308B 370B 402B 924 ","","E","D","B ","F ","D"," ","P","050","0","0","0","","","","",
"Palmerston North City","PURIRI TERRACE","40","E"," ","RUAHINE ST","201412617","26/03/2014","Wed","1248","GC","MW1C","174B 372B 929 ","","R","D","BF","F ","D","N","C","050","0","0","1","","","1822626","5531497",
"Palmerston North City","RAILWAY ROAD","100","S"," ","ROBERTS LINE NORTH","201410299","03/02/2014","Mon","0340","CB","CN1","101A 359A ","F","R","D","DN","F "," ","N","C","100","0","0","1","","","1823627","5534363",
"Palmerston North City","RANGIORA AVENUE","40","W"," ","UPHAM TERRACE","201434772","13/04/2014","Sun","1815","MO","CW1","371A 929 ","J","R","W","DO","L ","D","N","C","050","0","0","0","","","1823583","5530979",
"Palmerston North City","RANGIORA AVENUE",""," ","I","UPHAM TERRACE","201433422","27/03/2014","Thu","0840","HA","CE1S","302A 375A ","","M","D","BF","F ","R","G","R","050","0","0","0","","","1823636","5531008",
"Palmerston North City","RANGITIKEI ST","10","N"," ","CUBA ST","201437815","11/05/2014","Sun","1030","MO","BN1C","372A ","","R","D","B ","F ","T","N","C","050","0","0","0","","","1821633","5529630",
"Palmerston North City","RANGITIKEI ST","5","N"," ","QUEEN ST","201410637","10/02/2014","Mon","1115","FD","CS1CC","181A 353A ","","R","D","O ","F ","M","T","C","050","0","0","1","","","1821583","5529721",
"Palmerston North City","RHODES DRIVE","70","S"," ","ANAKIWA ST","201410591","21/02/2014","Fri","0015","DA","CN1","103A 111A 131A ","H","M","D","DO","F "," ","N","C","050","0","2","0","","","1824463","5532240",
"Palmerston North City","RHODES DRIVE","40","W"," ","ANAKIWA ST","201436242","05/05/2014","Mon","2120","DA","CE1","111A 131A ","T","M","W","DO","F "," "," ","C","050","0","0","0","","","1824486","5532260",
"Palmerston North City","RICHARDSONS LINE","900","E"," ","MILSON LINE","201437569","04/06/2014","Wed","1815","DA","CW1","131A 363A ","F","M","D","DN","F "," "," ","N","100","0","0","0","","","1821847","5533663",
"Palmerston North City","ROCHESTER ST","30","N"," ","COLLEGE ST","201431291","01/03/2014","Sat","2349","MG","CS1C","512B 514B ","","R","D","DO","F "," ","N","N","050","0","0","0","","","1819794","5527560",
"Palmerston North City","RUAHINE ST","50","S"," ","FEATHERSTON ST","201434131","07/04/2014","Mon","1405","FD","4N1CC","331A 358A ","","R","D","O ","F "," "," ","C","050","0","0","0","","","1822887","5530934",
"Palmerston North City","RUAHINE ST","100","S"," ","FEATHERSTON ST","201432954","09/03/2014","Sun","1250","FD","CN14C","331A ","","R","D","B ","F "," "," ","C","050","0","0","0","","","1822911","5530890",
"Palmerston North City","RUAHINE ST","150","S"," ","FEATHERSTON ST","201432247","19/02/2014","Wed","1641","FD","VN1V","331A ","","R","D","B ","F "," "," ","C","050","0","0","0","","","1822935","5530847",
"Palmerston North City","RUAHINE ST","150","S"," ","FEATHERSTON ST","201432248","19/02/2014","Wed","1640","FD","VN1C","331A 352A ","","R","D","B ","F "," "," ","C","050","0","0","0","","","1822935","5530847",
"Palmerston North City","RUAHINE ST",""," ","I","FEATHERSTON ST","201410253","03/02/2014","Mon","1326","LB","TN1C","303B 350B ","","R","D","B ","F ","X","T","R","050","0","0","1","","","1822862","5530978",
"Palmerston North City","RUAHINE ST","30","S"," ","GREY ST","201438194","19/05/2014","Mon","1400","FD","CS1C","331A 350A ","","R","D","BF","F "," ","N","P","050","0","0","0","","","1823072","5530598",
"Palmerston North City","RUAHINE ST","10","N"," ","TERRACE ST","201413341","29/05/2014","Thu","1500","NB","4N1E","713B 717B 718B 801 ","","E","W","O ","L ","T","P","X","050","0","0","1","11","","1822720","5531240",
"Palmerston North City","RUAPEHU DRIVE","60","E"," ","KILKENNY PLACE","201432351","14/02/2014","Fri","0544","DB","CW1","103A 111A 131A ","CX","E","W","DO","L "," "," ","C","050","0","0","0","","","1823232","5526889",
"Palmerston North City","SAVAGE CRESCENT","150","E"," ","HODGENS PLACE","201430198","16/01/2014","Thu","1510","MO","CE1C","371A 370B ","","R","D","OF","F "," "," ","N","050","0","0","0","","","1821240","5528157",
"Palmerston North City","SEDDON ST","100","N"," ","CLAUSEN ST","201432013","31/01/2014","Fri","1445","DA","CN1","131A 402A 423A 929 ","F","M","D","OF","  ","D"," ","C","050","0","0","0","","","1820191","5529869",
"Palmerston North City","SH 3",""," ","I","GREY ST","201437646","29/05/2014","Thu","1640","FB","VS1C","331A 350A ","","E","D","O ","F ","X","G","N","050","0","0","0","","","","",
"Palmerston North City","SH 3",""," ","I","UPPER MAIN ST","201437583","13/06/2014","Fri","1335","DA","CS2","111A 131A ","FK","M","W","O ","L ","T","G","R","050","0","0","0","","","","",
"Palmerston North City","SHIRRIFFS ROAD","100","N"," ","SH 56","201435877","28/03/2014","Fri","0130","MO","CN1C","410A 517A ","FM","R","W","DN","F "," ","N","N","100","0","0","0","","","1817517","5527017",
"Palmerston North City","SLACKS ROAD",""," ","I","MAXWELLS LINE","201410622","13/02/2014","Thu","2030","JA","SS1C","302B 375B ","","R","D","TO","F ","T","G","C","050","0","1","0","","54","1819535","5526703",
"Palmerston North City","STONEY CREEK ROAD","5","S"," ","ASHHURST ROAD","201432726","19/02/2014","Wed","2010","BB","TN1C","123A 385A 818 ","","M","D","DN","F ","T","G","C","050","0","0","0","","","1823838","5537338",
"Palmerston North City","STONEY CREEK ROAD","100","N"," ","KELVIN GROVE ROAD","201430726","05/02/2014","Wed","1830","MD","CN1C","371B 929 ","","R","D","BN","F ","D","N","C","100","0","0","0","","","1826568","5534061",
"Palmerston North City","STONEY CREEK ROAD","50","N"," ","NAPIER ROAD","201412613","07/04/2014","Mon","1502","GD","CS1C","133A 930 ","","R","D","BN","F ","D","N","C","070","0","0","2","","","1827402","5532600",
"Palmerston North City","SUMMERHILL DRIVE","60","N"," ","ON WEST","201430652","29/01/2014","Wed","0902","FD","CN1C","181A 330A ","","E","D","B ","F "," ","N","N","070","0","0","0","","","1822757","5527031",
"Palmerston North City","SUMMERHILL DRIVE","170","N"," ","RUAPEHU DRIVE","201400075","06/04/2014","Sun","0710","FA","TS1S","363A 902 ","","R","D","B ","F "," "," ","C","070","1","0","0","","51","1822920","5526888",
"Palmerston North City","TAONUI ST","5","N"," ","WALDING ST","201436573","20/05/2014","Tue","1630","MO","CS1C","353A 371A ","","R","D","O ","F ","X","G","C","050","0","0","0","","","1821393","5529718",
"Palmerston North City","TE AWE AWE ST",""," ","I","ALBERT ST","201435851","16/01/2014","Thu","1530","HA","CS2S","302A 375A ","","M","D","BF","F ","R","G","R","050","0","0","0","","","1823613","5528685",
"Palmerston North City","TE AWE AWE ST","60","E"," ","ANDERSON ST","201435373","04/03/2014","Tue","1535","AC","CE1S","372A 671A ","","R","D","B ","F "," "," ","C","050","0","0","0","","","1823102","5528400",
"Palmerston North City","TE NGAIO ROAD",""," ","I","KAIRANGA BUNNYTHORPE ROAD","201436714","21/05/2014","Wed","2150","FA","CW1M","137A 197A ","F","R","W","DN","F ","X","G","C","100","0","0","0","","","1822957","5537149",
"Palmerston North City","TENNENT DRIVE","800","N"," ","MAIN DRIVE","201432962","26/02/2014","Wed","0800","AA","CW1C","159A 381A ","","R","D","O ","F "," "," ","C","100","0","0","0","","","1822611","5526995",
"Palmerston North City","TENNENT DRIVE","1000","W"," ","SUMMERHILL OBR","201434765","29/04/2014","Tue","1326","AC","CE1T","407A ","","R","D","BF","F "," ","N","C","070","0","0","0","","","1822002","5526606",
"Palmerston North City","THE SQUARE",""," ","I","BROADWAY AVENUE","201413209","08/05/2014","Thu","1528","NE","CE1E","711B 732B ","I","E","D","B ","F ","T","T","R","050","0","0","1","","","1821765","5529601",
"Palmerston North City","THE SQUARE","20","S"," ","MAIN ST","201436238","17/05/2014","Sat","0100","CA","CS1","410A ","J","R","D","DO","F "," "," ","R","050","0","0","0","","","","",
"Palmerston North City","TREMAINE  AVENUE",""," ","I","RANGITIKEI LINE","201437566","06/06/2014","Fri","1610","FB","CE1C","181A ","","M","D","B ","F ","X","G","C","050","0","0","0","","","","",
"Palmerston North City","TREMAINE AVENUE","30","W"," ","CHATHAM LANE","201436715","14/05/2014","Wed","1210","GB","PE1C","333A 362A 929 ","","R","D","O ","F ","D","N","C","050","0","0","0","","","1819331","5529985",
"Palmerston North City","TREMAINE AVENUE","40","S"," ","HERETAUNGA ST","201436191","19/05/2014","Mon","1100","MD","4N1C","371B 377B ","","R","D","B ","F "," "," ","P","050","0","0","0","","","1822161","5531535",
"Palmerston North City","TREMAINE AVENUE",""," ","I","HIGHBURY AVENUE","201432569","12/01/2014","Sun","1231","JA","CW1C","302B 375B ","","R","D","O ","F ","T","G","C","050","0","0","0","","","1819116","5529868",
"Palmerston North City","TREMAINE AVENUE","25","S"," ","KIMBERLEY GROVE","201412519","02/03/2014","Sun","0948","PC","VS1E","330A 371A 929 ","","R","D","B ","F ","D"," ","C","050","0","0","1","62","","1818559","5529564",
"Palmerston North City","TREMAINE AVENUE",""," ","I","MATTHEWS AVENUE","201436188","09/05/2014","Fri","1726","CB","CN1","103A 130A ","F","R","D","B ","F ","T","G","C","050","0","0","0","","","1820479","5530617",
"Palmerston North City","TREMAINE AVENUE",""," ","I","MILSON LINE","201410975","17/02/2014","Mon","1318","FD","TE1C","181A ","","R","D","BF","F ","X","T","C","050","0","0","1","","","1822470","5531706",
"Palmerston North City","TREMAINE AVENUE","15","E"," ","RAILWAY ROAD","201432246","16/02/2014","Sun","1750","AO","VE1S","129A 129B ","","R","D","B ","F "," "," ","C","050","0","0","0","","","1823454","5532242",
"Palmerston North City","TREMAINE AVENUE","30","W"," ","RAILWAY ROAD","201431528","10/01/2014","Fri","1936","GB","VE1T","333A 387A 175B 922 ","","R","D","OF","F ","D"," ","C","050","0","0","0","","","1823414","5532221",
"Palmerston North City","TREMAINE AVENUE","100","E"," ","RANGITIKEI ST","201430429","21/01/2014","Tue","1200","GD","CE1C","181A 331A 926 ","","R","W","O ","F ","D","N","C","050","0","0","0","","","1821040","5530922",