"TLA NAME","CRASH ROAD","CRASH DIST","CRASH DIRN","INTSN","SIDE ROAD","CRASH ID","CRASH DATE","CRASH DOW","CRASH TIME","MVMT","VEHICLES","CAUSES","OBJECTS STRUCK","ROAD CURVE","ROAD WET","LIGHT","WTHRa","JUNC TYPE","TRAF CTRL","ROAD MARK","SPD LIM","CRASH FATAL CNT","CRASH SEV CNT","CRASH MIN CNT","PERS AGE1","PERS AGE2","EASTING","NORTHING"
"Palmerston North City","TREMAINE AVENUE","30","W"," ","ROY ST","201411062","06/03/2014","Thu","0800","EE","SE1C","374B ","M","R","D","B ","F "," "," ","C","050","0","1","0","","34","1821462","5531153",
"Palmerston North City","TREMAINE AVENUE",""," ","I","RUAHINE ST","201434764","30/04/2014","Wed","1146","LB","CS2C","303B 353B ","","R","D","BF","F ","X","T","C","050","0","0","0","","","1822470","5531706",
"Palmerston North City","TREMAINE AVENUE","10","E"," ","SH 3","201432352","24/01/2014","Fri","1441","LB","CW1C","303B 922 ","","R","D","O ","F ","D","N","C","050","0","0","0","","","1820962","5530878",
"Palmerston North City","TREMAINE AVENUE","100","E"," ","SH 3","201436490","29/04/2014","Tue","1255","MC","CE1C","372B ","","R","D","BF","F "," ","N","C","050","0","0","0","","","1821040","5530922",
"Palmerston North City","TREMAINE AVENUE",""," ","I","SHELLEY ST","201412614","16/04/2014","Wed","0530","LB","SW1T","303B 375B ","","R","W","DO","L ","T","G","C","050","0","0","1","","35","1823767","5532411",
"Palmerston North City","TREMAINE AVENUE",""," ","I","THAMES ST","201433620","14/02/2014","Fri","0750","JA","VS1C","302B 375B ","","R","D","B ","F ","T","G","C","050","0","0","0","","","1823050","5532021",
"Palmerston North City","TREMAINE AVENUE","30","E"," ","TYNDALL ST","201413347","04/06/2014","Wed","0900","EE","SW1C","374B ","M","R","D","B ","F "," "," ","C","050","0","0","1","","14","1822095","5531499",
"Palmerston North City","TREMAINE AVENUE","150","E"," ","VOGEL ST","201434053","20/03/2014","Thu","1450","FD","CW1CC","133A 501A ","","R","D","B ","F "," ","N","C","050","0","0","0","","","1823573","5532306",
"Palmerston North City","TREMAINE AVENUE","5","W"," ","VOGEL ST","201437817","12/05/2014","Mon","1523","LB","CE1C","303B 314B 922 ","","R","W","O ","F ","D","N","C","050","0","0","0","","","1823436","5532233",
"Palmerston North City","TREMAINE AVENUE","50","W"," ","VOGEL ST","201411145","02/03/2014","Sun","1614","JA","CE1C","308B 375B 925 ","","R","D","B ","F ","D"," ","P","050","0","0","1","","","1823397","5532211",
"Palmerston North City","VICTORIA AVENUE",""," ","I","BROADWAY AVENUE","201411807","23/03/2014","Sun","1020","HA","CS1S","302A 375A ","","R","D","BF","F ","R","G","C","050","0","0","1","","30","1822429","5529957",
"Palmerston North City","VICTORIA AVENUE",""," ","I","FERGUSON ST","201413339","23/05/2014","Fri","0838","NA","CN1E","711B 901 ","","R","W","O ","H ","R","G","P","050","0","0","1","69","","1822693","5529477",
"Palmerston North City","VICTORIA AVENUE","5","S"," ","GREY ST","201432410","19/02/2014","Wed","0830","FB","CN1C","331A ","","R","D","B ","F ","T","G","C","050","0","0","0","","","1822295","5530204",
"Palmerston North City","VOGEL ST","60","S"," ","BARNES COURT","201437615","01/06/2014","Sun","1345","EA","CS1CC","129A 130A 507A ","M","R","D","B ","F "," "," ","C","050","0","0","0","","","1824206","5530828",
"Palmerston North City","VOGEL ST","40","N"," ","CLYDE CRESCENT S","201413211","05/06/2014","Thu","1319","MA","CS1C","112A 370A 402A 373B ","","R","D","O ","F "," ","N","C","050","0","3","0","","","1824074","5531072",
"Palmerston North City","VOGEL ST",""," ","I","FEATHERSTON ST","201410443","11/01/2014","Sat","1800","LB","CN1C","303B ","","R","D","B ","F ","T","G","C","050","0","0","1","","","1823836","5531511",
"Palmerston North City","VOGEL ST","20","N"," ","HAYDON ST","201411705","14/03/2014","Fri","1040","EE","SS1VS","374B ","M","R","D","B ","F "," "," ","C","050","0","0","2","","22","1823795","5531585",
"Palmerston North City","VOGEL ST",""," ","I","TWEED ST","201434345","07/04/2014","Mon","0800","AO","CS1S","129A ","","R","D","O ","F ","T","G","C","050","0","0","0","","","1823659","5531835",
"Palmerston North City","WALDEGRAVE ST",""," ","I","FEATHERSTON ST","201431942","07/03/2014","Fri","0852","AO","TN2S","142A 671A ","","R","D","BF","F ","T","G","C","050","0","0","0","","","1820849","5529875",
"Palmerston North City","WALDING ST",""," ","I","TAONUI ST","201436192","19/05/2014","Mon","0942","HA","CN1C","301A 375A 404A ","","R","D","B ","F ","T","S","P","050","0","0","0","","","1821395","5529713",
"Palmerston North City","WALDING ST",""," ","I","TAONUI ST","201436777","22/05/2014","Thu","1015","HA","CE1C","301B 375B ","","R","D","B ","F ","X","S","R","050","0","0","0","","","1821395","5529713",
"Palmerston North City","WALDING ST",""," ","I","TAONUI ST","201433633","27/02/2014","Thu","1900","HA","CS1C","302B 370B 402B ","","R","D","B ","F ","X","G","R","050","0","0","0","","","1821395","5529713",
"Palmerston North City","WAUGHS ROAD","100","S"," ","NEWBURY LINE","201432353","26/01/2014","Sun","1735","DA","CS1","111A 402A 901 ","F","M","W","O ","H "," "," ","L","100","0","0","0","","","1822296","5539117",
"Palmerston North City","WINSTON AVENUE",""," ","I","FRANKLIN AVENUE","201435244","07/04/2014","Mon","1930","DA","CS1","111A 131A 423A ","","M","D","DO","F ","T","G","C","050","0","0","0","","","1823698","5529045",
"Palmerston North City","3/468/1.781","250","N"," ","FLYGERS LINE","201400094","28/04/2014","Mon","0655","BE","CS1TC","130A 504A 801 ","","R","W","O ","L "," "," ","C","100","1","1","1","","","1819898","5532273",
"Palmerston North City","3/468/2.231","200","S"," ","FLYGERS LINE","201430199","06/01/2014","Mon","0745","CB","CS1","412A ","P","R","D","B ","F "," "," ","C","100","0","0","0","","","1820186","5531928",
"Palmerston North City","3/471/1.002",""," ","I","TREMAINE AVENUE","201435263","16/04/2014","Wed","2045","LB","CS1C","303B ","","R","W","DO","L ","X","T","R","050","0","0","0","","","1820953","5530873",
"Palmerston North City","3/471/1.104",""," ","I","MATIPO ST","201436483","16/05/2014","Fri","1146","LB","CN1V","303B ","","R","D","BF","F ","T","G","P","050","0","0","0","","","1821001","5530784",
"Palmerston North City","3/471/1.154","50","S"," ","MATIPO ST","201434134","29/03/2014","Sat","1320","MC","CS1C","372B ","","R","D","O ","F "," "," ","C","050","0","0","0","","","1821025","5530740",
"Palmerston North City","3/471/1.797","30","N"," ","FEATHERSTON ST","201430741","09/02/2014","Sun","1827","KB","CS1C","308B 375B 924 ","","R","D","OF","L ","D","N","C","050","0","0","0","","","1821334","5530175",
"Palmerston North City","FEATHERSTON ST",""," ","I","RANGITIKEI ST","201433509","18/03/2014","Tue","1110","LB","CW2C","303B ","","R","W","OF","L ","X","T","C","050","0","0","0","","","1821348","5530149",
"Palmerston North City","FEATHERSTON ST",""," ","I","3/471/1.827","201432731","26/02/2014","Wed","0620","LB","CN1C","303B 375B ","","R","D","TO","F ","X","T","R","050","0","0","0","","","1821348","5530149",
"Palmerston North City","FEATHERSTON ST",""," ","I","3/471/1.827","201438602","14/06/2014","Sat","1400","FA","CW1S","181A ","","R","D","B ","F ","X","T","C","050","0","0","0","","","1821348","5530149",
"Palmerston North City","3/471/1.827",""," ","I","FEATHERSTON ST","201400014","23/01/2014","Thu","2209","LB","PE1V","534A 303B 375B ","II","R","D","DO","F ","X","T","R","050","1","0","0","","","1821348","5530149",
"Palmerston North City","3/471/1.832","5","S"," ","FEATHERSTON ST","201436503","04/05/2014","Sun","1836","AC","CN1C","372A 387A ","","R","D","DO","F ","X","T","C","050","0","0","0","","","1821351","5530144",
"Palmerston North City","3/471/2.128","100","N"," ","WALDING ST","201434322","21/03/2014","Fri","1621","MC","XS1C","372B ","","R","D","B ","F "," "," ","C","050","0","0","0","","","1821493","5529885",
"Palmerston North City","3/471/2.595",""," ","I","CARROLL ST","201432961","05/03/2014","Wed","1625","KA","VE1C","302B 377B 801 ","","R","W","O ","L ","T","G","R","050","0","0","0","","","1821863","5529974",
"Palmerston North City","3/471/2.595",""," ","I","CARROLL ST","201430346","02/01/2014","Thu","1330","JA","CE1V","302B 375B ","","R","D","O ","F ","T","G","R","050","0","0","0","","","1821863","5529974",
"Palmerston North City","3/471/2.651",""," ","I","SH 3","201434323","21/03/2014","Fri","1436","GF","TE2C","372A ","","M","D","B ","F ","T","T","R","050","0","0","0","","","1821912","5530001",
"Palmerston North City","3/474/0.012",""," ","I","PRINCESS ST","201410021","22/02/2014","Sat","0700","DA","CN2C","101A 131A 402A ","M","E","D","B ","F ","X","T","R","050","0","0","1","","","1822115","5529627",
"Palmerston North City","3/474/0.012",""," ","I","SH 3 PRINCESS ST","201434055","30/03/2014","Sun","1705","HA","CW1C","322B 334B ","","R","D","B ","F ","X","T","R","050","0","0","0","","","1822115","5529627",
"Palmerston North City","3/474/0.212","200","E"," ","PRINCESS ST","201434951","30/03/2014","Sun","0235","EA","VW1C","129A 350A ","M","R","D","DO","F "," ","N","C","050","0","0","0","","","1822291","5529723",
"Palmerston North City","3/474/0.413","20","W"," ","VICTORIA AVENUE","201436778","20/05/2014","Tue","1450","AC","CE1C","372A 377A 839 ","","R","D","O ","F "," ","N","C","050","0","0","0","","","1822472","5529836",
"Palmerston North City","3/474/0.446",""," ","I","VICTORIA AVENUE","201430855","05/01/2014","Sun","0009","DA","CS1","103A 131A 358A ","HS","R","W","DO","L ","X","T","R","050","0","0","0","","","1822496","5529835",
"Palmerston North City","3/474/0.446",""," ","I","VICTORIA AVENUE","201437567","09/06/2014","Mon","1522","FE","CW1T","331A ","","E","W","O ","H ","X","T","R","050","0","0","0","","","1822496","5529835",
"Palmerston North City","3/474/2.212",""," ","I","UPPER MAIN ST","201411577","09/03/2014","Sun","1015","JA","CE1C","302B 377B ","","E","D","BF","F ","T","G","R","050","0","0","1","","","1824058","5530680",
"Palmerston North City","3/474/3.046","200","E"," ","LIMBRICK ST","201435899","30/03/2014","Sun","2045","JA","CE1C","308B 832 926 ","","E","D","DN","F ","D","N","C","100","0","0","0","","","1824787","5530996",
"Palmerston North City","3/474/3.741","350","W"," ","ROBERTS LINE SOUTH","201412512","14/03/2014","Fri","1130","HO","CW1O","308B 375B 927 ","F","R","D","B ","F ","D"," ","C","100","0","1","1","","","1825327","5531390",
"Palmerston North City","3/474/4.091",""," ","I","ROBERTS LINE SOUTH","201436487","09/05/2014","Fri","0825","JA","VE1C","301B 375B ","","R","W","OF","L ","X","S","C","100","0","0","0","","","1825676","5531419",
"Palmerston North City","3/474/4.291","200","E"," ","TE MATAI ROAD S","201435822","17/04/2014","Thu","1403","DA","CE1","135A 137A 901 903 ","V","E","W","ON","HS"," ","N","C","100","0","0","0","","","1825860","5531499",
"Palmerston North City","3/474/5.139",""," ","I","JAMES LINE","201413214","30/05/2014","Fri","1610","JA","ME1C","302B 377B 830 ","","R","D","O ","F ","T","G","C","100","0","0","1","","","1826614","5531884",
"Palmerston North City","3/474/5.557","400","N"," ","JAMES LINE","201437582","09/06/2014","Mon","1530","FD","CN1CC","181A ","","R","W","O ","H "," "," ","C","100","0","0","0","","","1826877","5532184",
"Palmerston North City","3/474/9.246","100","S"," ","GLENBURN ROAD","201412422","05/02/2014","Wed","1400","MC","TN1C","353B 372B 927 ","V","R","D","B ","F ","D"," ","L","100","0","2","1","","","1830064","5533887",
"Palmerston North City","3/474/12.325","15","E"," ","HILLCREST ROAD","201434346","12/04/2014","Sat","1100","FD","CW1C","331A ","","R","D","O ","F "," "," ","C","100","0","0","0","","","1832800","5535331",
"Palmerston North City","3/474/13.449",""," ","I","CAMBRIDGE AVENUE","201410976","20/02/2014","Thu","0200","DA","TE1","129A 410A ","S","E","D","DO","F ","T","G","P","080","0","0","1","","","1833884","5535378",
"Palmerston North City","3/488/2.438","5000","N"," ","GORGE ROAD","201412835","21/03/2014","Fri","1645","BF","CE1C","111A 130A 403A ","","M","D","B ","F "," "," ","L","100","0","0","1","","","1836821","5533773",
"Palmerston North City","3/488/2.5","2500","E"," ","FITZHERBERT EAST ROAD","201413076","24/05/2014","Sat","2230","DA","CE1","101A 131A ","G","M","W","DN","HS"," ","N","L","100","0","0","1","","","1836878","5533754",
"Palmerston North City","56/22/0.799","200","E"," ","TE WANAKA ROAD","201434054","21/03/2014","Fri","2030","EC","CW1","911 ","W","R","D","DN","F "," ","N","C","100","0","0","0","","","1818173","5527485",
"Palmerston North City","57/26/9.95",""," ","I","TANE ROAD","201432304","03/02/2014","Mon","0800","DA","CN1","131A 631A ","F","E","D","B ","F ","T","G","C","100","0","0","0","","","1813590","5518687",
"Palmerston North City","57/36/2.211","150","W"," ","SCOTTS ROAD","201412520","02/03/2014","Sun","0654","DA","CS1","116A 138A 810 817 ","F","E","D","B ","F "," "," ","N","100","0","0","1","","","1815577","5519511",
"Palmerston North City","57/36/2.821","460","E"," ","SCOTTS ROAD","201434060","12/04/2014","Sat","1300","CB","CE1","129A 134A ","F","R","D","O ","F "," ","N","C","100","0","0","0","","","1816131","5519734",
"Palmerston North City","57/36/5.689","400","W"," ","EYRE ROAD","201436148","26/02/2014","Wed","2330","CB","CW1","103A 130A ","F","R","D","DN","F "," "," ","C","100","0","0","0","","","1817726","5521414",
"Palmerston North City","57/36/10.153",""," ","I","OLD WEST ROAD","201431514","20/01/2014","Mon","0044","DC","CW2","102A 335A 410A ","","M","D","DO","F ","T","G","C","100","0","0","0","","","1821140","5523739",
"Palmerston North City","57/36/11.153","1000","S"," ","TENNENT DRIVE","201435850","14/04/2014","Mon","0946","CB","CS1","135A 404A 801 ","F","R","W","ON","L "," ","N","C","100","0","0","0","","","1822065","5524086",
"Palmerston North City","57/50/0.023","10","S"," ","AOKAUTERE DRIVE","201432952","09/03/2014","Sun","","FD","MS1C","181A 191B ","","E","D","B ","F ","T","G","P","070","0","0","0","","","1823724","5525797",
"Palmerston North City","57/50/9.996","100","E"," ","ORRS ROAD","201411707","16/03/2014","Sun","1412","CB","CE1","129A 358A ","FV","R","D","O ","L "," "," ","C","100","0","0","1","","","1831320","5531171",
"Porirua City","AIRLIE ROAD",""," ","I","MOANA ROAD","201433278","27/03/2014","Thu","1130","BB","CW2C","124A ","","R","D","BF","F ","T","N","C","050","0","0","0","","","1756010","5451412",
"Porirua City","ARAWHATA ST",""," ","I","AWATEA ST","201435364","11/04/2014","Fri","1230","BC","CN2C","122A ","","R","W","O ","H ","X","G","C","050","0","0","0","","","1755075","5443741",
"Porirua City","BEDFORD ST","110","N"," ","CUMBERLAND GROVE","201433542","13/03/2014","Thu","1000","DB","CS1","131A 402A 531A ","P","E","D","OF","F "," ","N","N","050","0","0","0","","","1756398","5443787",
"Porirua City","CHAMPION ST","25","E"," ","CORNWALL CRESCENT W","201435415","02/03/2014","Sun","1615","BA","CE1C","129A ","","R","D","O ","F "," ","N","C","050","0","0","0","","","1755842","5444577",
"Porirua City","CHAMPION ST",""," ","I","WINDLEY ST","201434144","12/01/2014","Sun","0830","CC","CW1","103A 130A ","P","R","D","O ","F ","T","N","C","050","0","0","0","","","1755607","5444685",
"Porirua City","CHAMPION ST",""," ","I","WINDLEY ST","201436164","12/01/2014","Sun","0830","CC","CW1","103A 130A ","P","R","D","O ","F ","T","N","C","050","0","0","0","","","1755607","5444685",
"Porirua City","DRIVER CRESCENT",""," ","I","WARSPITE AVENUE E","201436422","29/04/2014","Tue","1145","FB","CN1C","331A ","","R","D","BF","F ","T","S","C","050","0","0","0","","","1757478","5444490",
"Porirua City","GLOAMING HILL",""," ","I","MAPPLEBECK ST","201412103","10/04/2014","Thu","0830","JA","CN1V","302B ","","E","D","O ","L ","T","G","C","050","0","0","4","","","1755240","5447723",
"Porirua City","GLOAMING HILL","40","N"," ","ONEPOTO ROAD","201436402","28/04/2014","Mon","1343","CB","CN14","504A ","FMS","R","D","OF","F "," ","N","R","050","0","0","0","","","1755111","5446998",
"Porirua City","GRAYS ROAD",""," ","A","HOROKIRI BR","201412390","05/04/2014","Sat","1330","DB","MS1","111A 131A ","","S","D","B ","F "," "," ","C","060","0","0","1","","","1760229","5449012",
"Porirua City","GRAYS ROAD","1000","E"," ","POPE ST","201433665","09/04/2014","Wed","1130","FD","CE1C","181A 331A ","","R","W","ON","L "," "," ","C","060","0","0","0","","","1758281","5449630",
"Porirua City","GRAYS ROAD","100","E"," ","TAUPO CRESCENT","201436265","29/04/2014","Tue","1300","BF","CW14","111A 131A 191A 800 ","","S","W","O ","F "," "," ","L","050","0","0","0","","","1757145","5450115",
"Porirua City","GRAYS ROAD","100","N"," ","TAUPO CRESCENT","201412534","03/05/2014","Sat","1210","BF","CN1C4","111A 131A 801 ","","S","W","O ","L "," "," ","L","050","0","0","1","","","1757145","5450115",
"Porirua City","HAMPSHIRE ST","80","W"," ","BERKSHIRE GROVE","201434953","21/03/2014","Fri","1030","JA","TN1C","308B 423B 930 ","","M","D","BF","F ","D","N","N","050","0","0","0","","","1756172","5443798",
"Porirua City","HEREFORD ST","20","N"," ","CHESHIRE ST","201430530","25/01/2014","Sat","2252","DA","CS1C","131A 363A ","","M","D","DO","F "," "," ","C","050","0","0","0","","","1756351","5444593",
"Porirua City","JOSEPH BANKS DRIVE",""," ","I","SAMWELL DRIVE","201431497","31/01/2014","Fri","1205","AO","BN2S","671A ","","E"," "," F","  ","R","G","R","050","0","0","0","","","1760094","5447494",
"Porirua City","KENEPURU DRIVE","5","N"," ","LOWER MAIN DRIVE","201411755","24/03/2014","Mon","1518","HA","CN1S","370A 210B 350B 614B ","","R","D","B ","F ","T","G","X","050","0","0","1","","11","1754564","5444074",
"Porirua City","KENEPURU DRIVE","15","S"," ","LOWER MAIN DRIVE","201432334","10/01/2014","Fri","1704","FC","CN1C","181A 191A ","","E","D","O ","F "," "," ","C","050","0","0","0","","","1754568","5444054",
"Porirua City","KENEPURU DRIVE","100","E"," ","RAIHA ST","201434954","21/03/2014","Fri","0815","GD","CE1V","331A 363A 902 927 ","","R","D","BF","F ","D","N","C","050","0","0","0","","","1753931","5443098",
"Porirua City","KENEPURU DRIVE",""," ","I","TITAHI BAY ROAD","201435916","10/04/2014","Thu","1420","GF","CN1C","381A ","","R"," "," F","  ","R","G","R","050","0","0","0","","","1754521","5444239",
"Porirua City","LYTTELTON AVENUE",""," ","I","PARUMOANA ST","201434140","09/04/2014","Wed","1835","AO","BE1C","129A ","","E","D","TO"," S","R","G","R","050","0","0","0","","","1754546","5444715",
"Porirua City","LYTTELTON AVENUE","10","N"," ","STATION ROAD N","201433132","27/03/2014","Thu","1224","MC","CN1C","372B ","","R","D","B ","F ","T","N","C","050","0","0","0","","","1754642","5444453",
"Porirua City","MUNGAVIN AVENUE","20","E"," ","CHAMPION ST","201412187","04/04/2014","Fri","0824","NA","4E1E","306A ","","R","D","B ","F "," ","P","X","050","0","0","1","","","1755034","5444259",
"Porirua City","MUNGAVIN AVENUE",""," ","I","MCKILLOP ST W","201432532","05/02/2014","Wed","1112","MC","TE1C","372B 402B ","","R","D","B ","F ","T","N","C","050","0","0","0","","","1755155","5444212",
"Porirua City","MUNGAVIN AVENUE",""," ","I","MUNGAVIN ON SBD","201433861","31/03/2014","Mon","1747","FB","CW1M","181A 387A ","","E","D","B ","F ","R","G","R","080","0","0","0","","","1754898","5444250",
"Porirua City","MUNGAVIN AVENUE",""," ","I","SIEVERS GROVE","201410878","13/02/2014","Thu","1831","NB","CN1E","306A 355A 376A ","","R","D","O ","F ","T","N","X","050","0","0","1","28","","1755973","5443809",
"Porirua City","PAEKAKARIKI HILL ROAD","1070","N"," ","FURZE HILL","201434142","10/04/2014","Thu","1529","DA","CN1","103A 131A ","C","M","W","ON","L "," "," ","C","060","0","0","0","","","1762552","5455590",
"Porirua City","PAEKAKARIKI HILL ROAD",""," ","I","GRAYS ROAD","201437639","30/05/2014","Fri","1745","JA","MN1C","301B 375B ","","R","D","DO","F ","T","S","C","050","0","0","0","","","1761068","5448155",
"Porirua City","PAPAKOWHAI ROAD",""," ","I","WHITFORD BROWN AVENUE","201435917","07/04/2014","Mon","1427","FB","CW1C","181A ","","R","D"," F","  ","T","G","N","050","0","0","0","","","1755720","5446053",
"Porirua City","PARUMOANA ST",""," ","I","NORRIE ST","201410799","10/04/2014","Thu","2005","LB","CW1P","302A 375A ","","R","W","DO","L ","R","G","R","050","0","0","1","","","1754443","5445026",
"Porirua City","PARUMOANA ST",""," ","I","WI NEERA DRIVE","201411747","01/04/2014","Tue","1340","FB","VS1CC","181A 331A ","","R","D","B ","F ","R","G","R","050","0","0","1","","","1754387","5445068",
"Porirua City","PIKARERE ST","150","W"," ","MOKI ST","201413398","01/06/2014","Sun","0325","DB","CE1","103A 111A 131A 412A ","HX","E","D","DO","F "," "," ","C","050","0","0","1","","","1753081","5447244",
"Porirua City","PUKERUA BEACH ROAD","40","S"," ","OCEAN PARADE","201432942","23/02/2014","Sun","0142","DB","CE1CCC","101A 111A 131A 407A ","X","S","D","DO","F "," "," ","N","030","0","0","0","","","1759271","5456190",
"Porirua City","ROUTEBURN AVENUE","100","E"," ","WHITFORD BROWN AVENUE","201432545","26/01/2014","Sun","0545","CC","CS1","102A 195A ","T","R","D","O ","F "," ","N","R","050","0","0","0","","","1756779","5445994",
"Porirua City","SEMPLE ST","20","W"," ","PARUMOANA ST","201436074","18/05/2014","Sun","1419","FC","CW1C","181A ","","R","D","OF","F ","X","G","X","050","0","0","0","","","","",
"Porirua City","SH 1N",""," ","I","SH 58","201413853","07/06/2014","Sat","1125","JA","MS1C","302B 382B 402B ","","E","D","B ","F ","R","G","C","050","0","0","1","","","","",
"Porirua City","TAKAPUWAHIA DRIVE","15","N"," ","RANGITUHI CRESCENT S","201431489","31/01/2014","Fri","1700","EC","4S1","911 ","W","R"," "," N","  "," ","N","N","050","0","0","0","","","1753572","5445611",
"Porirua City","TAWA OFF NBD",""," ","I","TAKAPU ROAD","201437693","30/05/2014","Fri","1220","FB","VN1T","111A 181A 331A ","","E","D","O ","F ","T","S","C","050","0","0","0","","","","",
"Porirua City","TITAHI BAY ROAD","70","S"," ","HAGLEY ST","201431125","27/01/2014","Mon","0913","FA","CN1V","181A 191B ","","R","D","B ","F "," ","N","R","050","0","0","0","","","1754295","5444381",
"Porirua City","TITAHI BAY ROAD",""," ","I","HAGLEY ST","201431511","23/01/2014","Thu","0800","AA","VS1T","372A ","","E","D","B ","F ","R","G","C","050","0","0","0","","","1754287","5444449",
"Porirua City","TITAHI BAY ROAD",""," ","I","KENEPURU DRIVE","201435610","25/04/2014","Fri","0945","HA","CW1C","111A 302A ","","M","D","B ","F ","R","G","R","050","0","0","0","","","1754502","5444245",
"Porirua City","TITAHI BAY ROAD",""," ","I","KENEPURU DRIVE","201436357","03/04/2014","Thu","1200","GF","BW1C","179A ","","R","D","BF","F ","R","G","R","050","0","0","0","","","1754526","5444244",
"Porirua City","TITAHI BAY ROAD",""," ","I","TE PENE AVENUE","201436254","15/05/2014","Thu","2010","JA","VN1C","321B ","","R","W","DO","F ","T","S","C","050","0","0","0","","","1754519","5446616",
"Porirua City","TITAHI BAY ROAD",""," ","I","WI NEERA DRIVE","201410342","22/01/2014","Wed","1507","FE","VN1CC","331A 353A ","","R","D","OF","F ","T","T","P","050","0","0","1","","","1754207","5445750",
"Porirua City","TITAHI BAY ROAD","15","S"," ","WI NEERA DRIVE N","201435013","16/04/2014","Wed","1840","FD","4N1CC","181A 350A ","","R","W","DO","F ","T","T","C","050","0","0","0","","","1754205","5445736",
"Porirua City","TITAHI BAY ROAD W",""," ","I","AWARUA ST","201435140","10/04/2014","Thu","1823","GE","CN1C","171B 193B 410B ","","E","W","DO","L ","R","G","R","070","0","0","0","","","1754105","5445239",
"Porirua City","VIEW ROAD","70","S"," ","TIRETI ROAD","201413377","07/06/2014","Sat","2019","DA","CS1","111A 131A 801 ","CFK","M","W","DO","L "," "," ","C","050","0","0","1","","","1753817","5447341",
"Porirua City","WARSPITE AVENUE","50","E"," ","CONCLUSION ST","201410059","11/01/2014","Sat","1248","CC","MW1","112A 130A 514A ","","R","D","B ","F "," "," ","C","070","0","0","1","","","1757605","5445990",
"Porirua City","WARSPITE AVENUE","25","W"," ","DRIVER CRESCENT W","201438106","10/05/2014","Sat","1831","EA","CE1C","103A 129A ","M","E","D","DO","F "," ","N","C","050","0","0","0","","","1756741","5443944",
"Porirua City","WARSPITE AVENUE",""," ","I","NIAGARA ST","201430287","14/01/2014","Tue","2155","JA","CN1C","302B 357B ","","R","D","DO","F ","T","G","C","050","0","0","0","","","1757820","5445251",
"Porirua City","WARSPITE AVENUE",""," ","I","OMAPERE ST","201410441","10/01/2014","Fri","1800","BB","VN1CC","131A 358A ","","E","D","B ","F ","T","N","C","050","0","0","1","","","1757879","5445882",
"Porirua City","WARSPITE AVENUE","15","S"," ","TOPOROA VIEW","201432943","29/01/2014","Wed","2210","MD","CN1C4","112A 129A 929 ","M","R","D","TO","F ","D"," ","C","050","0","0","0","","","1757111","5446047",
"Porirua City","1N/1035/2.102","2000","S"," ","AMES ST","201410661","02/03/2014","Sun","1220","FA","TS1CT","181A ","M","E","D","B ","F "," ","N","C","080","0","0","1","","","1762147","5458869",
"Porirua City","1N/1035/4.762","1500","N"," ","TE PARI PARI ROAD","201430529","23/01/2014","Thu","2207","KA","CN1C","308B 930 ","","E","D","DN","F ","D","N","C","050","0","0","0","","","1760339","5456955",
"Porirua City","1N/1035/11.927","1200","N"," ","JAMES ST","201434762","15/04/2014","Tue","1710","DB","CS1","357A 414A ","G","E","D","OF","F "," ","N","C","100","0","0","0","","","1757499","5451220",
"Porirua City","1N/1035/12.268","100","S"," ","PLIMMERTON WEIGH STN","201436255","15/05/2014","Thu","1640","FA","CN1C","181A 191B ","","R","W","TF","F "," "," ","C","100","0","0","0","","","1757362","5450910",
"Porirua City","1N/1035/12.912",""," ","I","JAMES ST","201431907","18/02/2014","Tue","0750","FB","CS1C","181A ","","R"," "," F","  ","R","G","R","080","0","0","0","","","1757023","5450363",
"Porirua City","1N/1035/13.353",""," ","I","STEYNE AVENUE","201435172","01/04/2014","Tue","0700","GD","TS14","179A 181A ","","R","D","TF","F ","T","N","R","080","0","0","0","","","1756939","5449943",
"Porirua City","1N/1035/13.394","120","N"," ","POPE ST","201431904","05/02/2014","Wed","","AA","CS1C","372A 922 ","","R"," "," F","  ","D","T","C","060","0","0","0","","","1756917","5449908",
"Porirua City","1N/1035/14.1","120","S"," ","ACHERON ROAD","201430573","28/01/2014","Tue","1835","AA","VS1T","184A ","","R","D","B ","F "," "," ","P","050","0","0","0","","","1756944","5449264",
"Porirua City","1N/1035/14.623","20","N"," ","PASCOE AVENUE","201435014","12/03/2014","Wed","1510","AO","VS1V","150A 381A 830 ","","R","D","B ","F "," ","N","P","050","0","0","0","","","1757002","5448744",
"Porirua City","1N/1035/15.357",""," ","A","PAREMATA BR S","201435365","13/03/2014","Thu","0305","DA","CS1","410A ","P","E","D","DO","F ","T","G","R","050","0","0","0","","","1757008","5448016",
"Porirua City","1N/1035/15.357",""," ","A","PAREMATA BR S","201432790","25/02/2014","Tue","1815","AC","TS1C","372A 671A ","","R","D","B ","F ","T","N","C","050","0","0","0","","","1757008","5448016",