"TLA NAME","CRASH ROAD","CRASH DIST","CRASH DIRN","INTSN","SIDE ROAD","CRASH ID","CRASH DATE","CRASH DOW","CRASH TIME","MVMT","VEHICLES","CAUSES","OBJECTS STRUCK","ROAD CURVE","ROAD WET","LIGHT","WTHRa","JUNC TYPE","TRAF CTRL","ROAD MARK","SPD LIM","CRASH FATAL CNT","CRASH SEV CNT","CRASH MIN CNT","PERS AGE1","PERS AGE2","EASTING","NORTHING"
"Porirua City","1N/1035/15.382","25","S"," ","PAREMATA BR S","201433600","13/03/2014","Thu","0305","DA","CS1","131A 402A 412A ","PT","E","D","DO","F "," "," ","R","050","0","0","0","","","1757000","5447993",
"Porirua City","1N/1050/0",""," ","I","PAREMATA NBD N","201434066","19/04/2014","Sat","0911","DA","CN1","110A 351A ","GP","M","W","O ","F ","R","G","R","050","0","0","0","","","1756860","5447849",
"Porirua City","1N/1050/2.122",""," ","I","WHITFORD BROWN AVENUE","201430289","21/01/2014","Tue","1111","BF","CW2C","111A 131A 801 ","","R","W","O ","L ","T","T","C","100","0","0","0","","","1755655","5446166",
"Porirua City","1N/1050/2.122",""," ","I","WHITFORD BROWN AVENUE","201433105","24/03/2014","Mon","0800","FE","4N1C","111A 181A ","","M","D","B ","F ","X","T","C","100","0","0","0","","","1755655","5446166",
"Porirua City","1N/1050/2.122",""," ","I","WHITFORD BROWN AVENUE","201437054","01/06/2014","Sun","1524","FE","CS1C","181A ","","R","D","B ","F ","T","T","C","100","0","0","0","","","1755655","5446166",
"Porirua City","WHITFORD BROWN AVENUE",""," ","I","1N/1050/2.122","201411952","18/03/2014","Tue","0830","DB","MW2","131A 801 ","","M","W","OF","L ","Y","G","N","050","0","0","1","","","1755655","5446166",
"Porirua City","1N/1050/2.152","30","S"," ","WHITFORD BROWN AVENUE","201434866","25/03/2014","Tue","0901","FD","CS14","181A ","","R","D","OF","F "," ","N","R","100","0","0","0","","","1755633","5446146",
"Porirua City","1N/1050/2.279",""," ","I","WHITFORD OFF NBD","201435150","01/03/2014","Sat","1900","FE","CN14","111A 181A 350A 402A ","","M","D","O ","F ","X","T","C","100","0","0","0","","","1755499","5446088",
"Porirua City","1N/1050/2.322","200","S"," ","WHITFORD BROWN AVENUE","201434868","14/03/2014","Fri","1650","AA","CN1V","372A ","","R","D","BF","F "," ","N","R","100","0","0","0","","","1755509","5446029",
"Porirua City","1N/1050/4.775",""," ","I","MUNGAVIN OFF NBD","201435170","04/04/2014","Fri","0915","FB","CN1C","181A 191B ","","R","D","B ","F ","R","G","C","050","0","0","0","","","1754780","5443839",
"Porirua City","1N/1050/4.775",""," ","I","MUNGAVIN OFF NBD","201434146","26/03/2014","Wed","1545","CB","VN1","103A 130A ","KX","R","D","BF","F "," ","N","C","100","0","0","0","","","1754780","5443839",
"Porirua City","1N/1050/5.256","400","S"," ","MUNGAVIN ON SBD","201435141","26/03/2014","Wed","0505","FA","CS1C","112A 410A ","","R","D","DO","F "," ","N","C","100","0","0","0","","","1754778","5443353",
"Porirua City","58/0/3.673","720","N"," ","MOUNT CECIL ROAD","201400028","12/02/2014","Wed","0654","BE","TN1VV","129A 130A 181C ","","R","W","ON","L "," "," ","L","100","1","0","2","","","1765774","5444911",
"Porirua City","58/0/3.743","790","N"," ","MOUNT CECIL ROAD","201430337","05/01/2014","Sun","0843","DA","CS1","110A 131A ","E","E","W","O ","F "," ","N","C","070","0","0","0","","","1765726","5444961",
"Porirua City","58/0/3.938","810","S"," ","HARRIS ROAD","201437981","21/06/2014","Sat","0145","DB","CS1","103A 410A ","F","E","D","DN","F "," ","N","C","100","0","0","0","","","1765575","5445081",
"Porirua City","58/0/6.785","500","E"," ","MULHERN ROAD","201435617","26/03/2014","Wed","2230","DA","CW1","111A 131A ","E","S","D","DN","F "," "," ","L","080","0","0","0","","","1763469","5446175",
"Porirua City","58/0/11.655","150","W"," ","JAMES COOK DRIVE","201431124","09/01/2014","Thu","1933","DB","CW1","111A 131A ","","M","D","O ","F "," ","N","L","080","0","0","0","","","1759553","5447784",
"Porirua City","58/0/13.289","200","W"," ","SPINNAKER DRIVE","201435362","03/05/2014","Sat","0500","BF","CE1C","130A 410A ","","R","W","DO","L "," "," ","L","080","0","0","0","","","1758260","5447791",
"Porirua City","58/0/13.777","160","W"," ","POSTGATE DRIVE","201430344","05/01/2014","Sun","0850","DA","TS1","110A 131A ","G","M","W","O ","H "," ","N","L","050","0","0","0","","","1757898","5447947",
"Porirua City","58/0/14.084",""," ","I","BAYVIEW ROAD","201435363","20/04/2014","Sun","2120","BF","CE14","131A 402A 503A ","","M","D","DO","F ","X","S","L","050","0","0","0","","","1757651","5448074",
"Queenstown-Lakes District","ARROWTOWN-LAKE HAYES ROAD","100","N"," ","WATERFALL PARK ROAD","201437889","04/06/2014","Wed","0315","DA","VN1","135A 802 ","C","M","I","DN","SF"," ","N","C","100","0","0","0","","","1270136","5013498",
"Queenstown-Lakes District","BALLARAT ST","20","S"," ","SH 6A","201432432","27/01/2014","Mon","1345","MO","VS1C","371A ","M","R","D","B ","F "," "," ","C","050","0","0","0","","","1258329","5004426",
"Queenstown-Lakes District","BEETHAM ST","30","S"," ","MELBOURNE ST","201430158","05/01/2014","Sun","0600","QD","VS1","652A ","F","R","D","DO","F "," "," ","N","050","0","0","0","","","1258478","5004416",
"Queenstown-Lakes District","BERKSHIRE ST",""," ","I","CAERNARVON ST","201437625","14/05/2014","Wed","1435","HA","CS2C","321A 404A 834 ","","R","D","B ","F ","X","S","C","050","0","0","0","","","1270972","5015230",
"Queenstown-Lakes District","BRECON ST","50","S"," ","ISLE ST","201438626","28/05/2014","Wed","0745","MO","CN1C","371A ","M","R","D","B ","F "," "," ","N","050","0","0","0","","","1257977","5004456",
"Queenstown-Lakes District","BROWNSTON ST",""," ","I","DUNGARVON ST","201411857","06/03/2014","Thu","1300","HA","CS1C","301B 375B ","","R","D","BF","F ","X","S","C","050","0","0","1","","","1293759","5043367",
"Queenstown-Lakes District","BRUNSWICK ST","15","N"," ","LAKE ESPLANADE","201410881","28/02/2014","Fri","0550","BA","CN1S","120A 330A 197B 801 ","","R","W","DN","L ","T","G","C","050","0","1","0","","34","1257796","5004082",
"Queenstown-Lakes District","CAMP ST","20","S"," ","BALLARAT ST","201437641","10/05/2014","Sat","1321","MO","VN1C","386A ","M","R","D","B ","F "," "," ","C","050","0","0","0","","","1258283","5004347",
"Queenstown-Lakes District","CARDRONA VALLEY ROAD","1570","S"," ","RIVERBANK ROAD","201410060","14/01/2014","Tue","2005","BF","4N1V","131A 330A 197B ","","M","D","B ","F "," "," ","C","100","0","1","0","","","1293312","5037932",
"Queenstown-Lakes District","CARDRONA VALLEY ROAD","1770","S"," ","RIVERBANK ROAD","201436729","28/05/2014","Wed","0845","DA","CS1","110A 135A 802 ","P","M","I","TN","SF"," ","N","C","100","0","0","0","","","1293150","5037818",
"Queenstown-Lakes District","CARDRONA VALLEY ROAD","2630","S"," ","RIVERBANK ROAD","201437448","01/06/2014","Sun","1930","DA","CS1","110A 135A 337A 802 ","V","M","I","DN","FF"," "," ","C","100","0","0","0","","","1292507","5037277",
"Queenstown-Lakes District","CARDRONA VALLEY ROAD","4090","S"," ","RIVERBANK ROAD","201437447","01/06/2014","Sun","1545","DA","CN1","110A 135A 802 ","C","E","I","B ","FF"," "," ","C","100","0","0","0","","","1291361","5036395",
"Queenstown-Lakes District","CARDRONA VALLEY ROAD","2220","S"," ","TIMBER CRK BR","201410113","07/01/2014","Tue","1418","CB","CN1","129A 130A 801 ","","R","W","O ","L "," "," ","C","100","0","1","1","","","1290677","5034606",
"Queenstown-Lakes District","CARDRONA VALLEY ROAD","3800","S"," ","TIMBER CRK BR","201412722","23/04/2014","Wed","1545","DA","CN1","410A ","P","E","D","BN","F "," ","N","C","100","0","0","1","","","1290024","5033176",
"Queenstown-Lakes District","CEMETERY ROAD","800","E"," ","DOMAIN ROAD","201400119","25/05/2014","Sun","0100","CA","4E1","101A 129A 134A ","","R","D","DN","F "," "," ","C","100","1","0","0","","","1303516","5052633",
"Queenstown-Lakes District","CORONET PEAK ROAD","410","N"," ","SKIPPERS ROAD","201413855","13/06/2014","Fri","1645","DA","CS1","111A 131A 404A ","C","M","D","TN","F "," "," ","N","100","0","0","1","","","","",
"Queenstown-Lakes District","CORONET PEAK ROAD","290","S"," ","WATERWORKS CORNER","201410816","07/02/2014","Fri","1745","BF","MS1C","131A 205A 404A ","","E","D","B ","F "," "," ","C","050","0","0","1","","","1262840","5015329",
"Queenstown-Lakes District","CROWN RANGE ROAD","630","N"," ","EASTBURN ROAD","201433908","05/04/2014","Sat","1154","DA","VW1","111A 131A ","G","M","W","O ","F "," ","N","C","100","0","0","0","","","1276692","5010979",
"Queenstown-Lakes District","CROWN RANGE ROAD","1070","N"," ","EASTBURN ROAD","201412674","08/04/2014","Tue","1800","DA","MN1","111A 133A ","G","S","D","TN","F "," ","N","C","100","0","0","1","","","1276425","5011280",
"Queenstown-Lakes District","CROWN RANGE ROAD","1000","E"," ","SH 6","201432874","20/03/2014","Thu","1820","DA","CW1","111A 131A ","C","S","D","B ","F "," "," ","C","100","0","0","0","","","1273630","5011220",
"Queenstown-Lakes District","DUNMORE ST","40","N"," ","DUNGARVON ST","201412122","02/05/2014","Fri","1245","JA","CS1C","308B 377B 839 925 ","","R","D","B ","F ","D","N","C","050","0","0","1","","","1293708","5043488",
"Queenstown-Lakes District","EDINBURGH DRIVE","110","E"," ","BELFAST TERRACE","201436791","30/05/2014","Fri","2350","CC","CE14","103A 407A ","CM","R","D","DO","F "," ","N","N","050","0","0","0","","","1259136","5004459",
"Queenstown-Lakes District","EDINBURGH DRIVE","50","N"," ","YORK ST","201413854","23/06/2014","Mon","1522","DA","CW1","111A 131A 132A 804 ","F","M","D","O ","F "," "," ","C","050","0","0","1","","","","",
"Queenstown-Lakes District","FERNHILL ROAD",""," ","I","RICHARDS PARK LANE","201410187","12/01/2014","Sun","1825","MD","CS1C","370A 386B 443B ","","R","D","O ","F ","T","G","C","050","0","0","1","","","1256044","5003421",
"Queenstown-Lakes District","FERNHILL ROAD","110","N"," ","SAINSBURY ROAD","201434173","09/04/2014","Wed","1000","DA","CN1C","111A 129A 134A 402A ","FX","M","D","O ","F "," "," ","C","050","0","0","0","","","1256713","5003677",
"Queenstown-Lakes District","GLENORCHY-PARADISE ROAD","170","S"," ","AMPHION WAY","201410760","26/03/2014","Wed","1350","DA","CN1","111A 121A 134A ","FP","E","D","B ","F "," ","N","C","100","0","2","0","","","1236068","5029053",
"Queenstown-Lakes District","GLENORCHY-QUEENSTOWN ROAD","150","N"," ","25 MILE CRK","201433626","13/01/2014","Mon","1850","EA","VN1V","130A 404A 810 930 ","M","E","D","B ","F ","D"," ","C","100","0","0","0","","","1239832","5007959",
"Queenstown-Lakes District","GLENORCHY-QUEENSTOWN ROAD","400","N"," ","FERNHILL ROAD","201435097","02/05/2014","Fri","2130","DB","CN1","195A ","T","E","D","DN","F "," ","N","C","100","0","0","0","","","1256113","5002875",
"Queenstown-Lakes District","GLENORCHY-QUEENSTOWN ROAD","20","W"," ","FERNHILL ROAD","201430293","10/01/2014","Fri","0620","DB","CE1","103A 129A 131A ","EX","E","D","DN","F "," "," ","C","100","0","0","0","","","1255814","5002591",
"Queenstown-Lakes District","GLENORCHY-QUEENSTOWN ROAD",""," ","I","FERNHILL ROAD","201430920","24/02/2014","Mon","0200","DB","CE1","131A ","C","E","D","DN","F ","T","S","C","100","0","0","0","","","1255832","5002599",
"Queenstown-Lakes District","GLENORCHY-QUEENSTOWN ROAD","1000","W"," ","LAKE ESPLANADE","201430157","03/01/2014","Fri","1741","QD","BN1","611A ","","E","D","BN","F "," ","N","C","100","0","0","0","","","1256356","5003210",
"Queenstown-Lakes District","GLENORCHY-QUEENSTOWN ROAD",""," ","A","MT CREIGHTON STATION","201410895","25/02/2014","Tue","1931","DB","MN1","111A 131A 330A 402A ","C","M","D","O ","F "," "," ","C","100","0","1","0","","","1240477","5006965",
"Queenstown-Lakes District","GOLDFIELD HEIGHTS","50","W"," ","WOODLAND CLOSE","201436799","30/05/2014","Fri","1729","DA","CW1","134A 197A ","CF","M","D","B ","F "," ","N","C","050","0","0","0","","","1260670","5005435",
"Queenstown-Lakes District","GORGE ROAD",""," ","I","OXENBRIDGE TUNNEL ROAD","201436802","23/05/2014","Fri","0930","FB","CN1C","130A 191A 632A 801 ","","E","W","O ","L ","T","G","C","050","0","0","0","","","1258787","5009190",
"Queenstown-Lakes District","GORGE ROAD","100","S"," ","WATTIES TRACK","201436798","03/06/2014","Tue","0242","DB","CN1","110A 135A 802 905 ","CX","M","I","DN","SF"," ","N","C","080","0","0","0","","","1259118","5008318",
"Queenstown-Lakes District","GRAY ST","15","W"," ","MCBRIDE ST","201410887","27/02/2014","Thu","1028","KA","CE14","308B 375B 927 ","","R","D","B ","F ","D"," ","C","050","0","0","1","","","1263593","5006325",
"Queenstown-Lakes District","HALLENSTEIN ST","15","S"," ","DUNCANS PLACE","201430159","01/01/2014","Wed","1554","EE","VN1C","374B 818 ","M","R","D","ON","F "," ","N","N","050","0","0","0","","","1258300","5004872",
"Queenstown-Lakes District","HALLENSTEIN ST","50","S"," ","MALAGHAN ST","201410139","14/01/2014","Tue","2052","DB","CS1","111A 131A ","FH","M","D","B ","F "," "," ","C","050","0","0","1","","","1258464","5004608",
"Queenstown-Lakes District","HALLENSTEIN ST","15","S"," ","YORK ST","201431909","12/02/2014","Wed","1500","EA","VN1C","129A ","M","R","W","OF","F "," ","N","N","050","0","0","0","","","1258777","5004324",
"Queenstown-Lakes District","HAMILTON ROAD",""," ","A","BOYDTOWN WAY","201413210","18/04/2014","Fri","2300","MO","CN1","103A 357A 927 ","","R","D","DN","F ","D","N","N","050","0","0","1","","","1257891","5005004",
"Queenstown-Lakes District","HELWICK ST","30","S"," ","DUNMORE ST","201410406","20/01/2014","Mon","1515","NG","CN1E","423A 507A ","HS","R","D","B ","F "," "," ","C","050","0","0","1","79","","1293837","5043556",
"Queenstown-Lakes District","HERTFORD ST",""," ","I","WILTSHIRE ST","201433907","26/03/2014","Wed","1200","GD","CN1V","181A 352A ","","E","D","B ","F ","T","G","C","050","0","0","0","","","1271199","5015318",
"Queenstown-Lakes District","HIGHVIEW TERRACE","200","N"," ","HENSMAN ROAD","201432325","12/02/2014","Wed","0023","DA","CS14","111A 131A 402A ","FHJ","M","D","DO","F "," "," ","C","050","0","0","0","","","1260038","5004795",
"Queenstown-Lakes District","HOWARDS DRIVE","70","E"," ","JONES ROAD","201437809","03/06/2014","Tue","0820","DB","CE1","111A 131A ","C","M","D","O ","F "," ","N","C","050","0","0","0","","","1267660","5008140",
"Queenstown-Lakes District","HUNTER ROAD","15","S"," ","MOONEY ROAD","201412332","10/04/2014","Thu","0830","NA","4S1E","713B 727B ","","R","D","O ","F "," "," ","C","080","0","1","0","7","","1265658","5012855",
"Queenstown-Lakes District","ISLE ST","20","W"," ","ROBINS ROAD","201431911","11/02/2014","Tue","1700","EA","CW1V","129A ","M","E","D","BF","F "," ","N","N","050","0","0","0","","","1258026","5004560",
"Queenstown-Lakes District","JETTY ST","120","N"," ","KENT ST","201432873","18/03/2014","Tue","1310","CB","CN1","129A 130A ","V","R","D","B ","F "," "," ","N","050","0","0","0","","","1263956","4971646",
"Queenstown-Lakes District","LAKE AVENUE","80","S"," ","FRANKTON BEACH ACCESS","201432533","15/02/2014","Sat","0630","DA","CS1","103A 111A ","F","E","D","DO","F "," ","N","C","050","0","0","0","","","1263396","5006122",
"Queenstown-Lakes District","LAKE ESPLANADE","200","E"," ","GLENORCHY-QUEENSTOWN ROAD","201436663","17/05/2014","Sat","1320","MA","VW1C","373B 378B 834 ","","R","D","O ","F "," ","N","C","050","0","0","0","","","1257373","5003803",
"Queenstown-Lakes District","LOWER SHOTOVER ROAD","600","N"," ","DOMAIN ROAD","201436895","27/05/2014","Tue","1235","MC","VN1V","372B ","","R","W","B ","F "," "," ","C","080","0","0","0","","","1266288","5010260",
"Queenstown-Lakes District","LOWER SHOTOVER ROAD","800","N"," ","SH 6","201435963","13/04/2014","Sun","0030","DB","CN1","104A 131A 410A ","TX","M","D","DN","F "," ","N","C","100","0","0","0","","","1266168","5008786",
"Queenstown-Lakes District","MALAGHAN ST","5","N"," ","HALLENSTEIN ST","201432613","15/03/2014","Sat","1225","QD","TW1CC","330A 611A ","M","R","D","O ","F ","T","N","N","050","0","0","0","","","1258437","5004649",
"Queenstown-Lakes District","MALAGHAN ST",""," ","I","HENRY ST","201432324","06/02/2014","Thu","1100","DC","CW1","112A 403A 404A ","EFJ","R","D","B ","F ","T","G","N","050","0","0","0","","","1258350","5004555",
"Queenstown-Lakes District","MALAGHANS ROAD","600","E"," ","CORONET PEAK ROAD","201432323","06/02/2014","Thu","2110","DA","CE1","111A 131A ","G","M","D","B ","F "," "," ","L","080","0","0","0","","","1260666","5011029",
"Queenstown-Lakes District","MALAGHANS ROAD","400","E"," ","MANSE ROAD","201413221","04/06/2014","Wed","1650","CC","4E1","134A 135A 802 905 ","CJV","R","I","TN","SF"," ","N","C","100","0","0","1","","","1270559","5014958",
"Queenstown-Lakes District","MAN ST",""," ","I","CAMP ST","201432372","05/03/2014","Wed","1700","KA","CN2C","302B ","","M","D","B ","F ","R","G","R","050","0","0","0","","","1258104","5004508",
"Queenstown-Lakes District","MCBRIDE ST","100","S"," ","GRAY ST","201431910","23/01/2014","Thu","1700","EA","CS1C","129A ","M","R","D","BF","F "," ","N","C","050","0","0","0","","","1263643","5006237",
"Queenstown-Lakes District","MELBOURNE ST","15","E"," ","BEETHAM ST","201438099","18/04/2014","Fri","2030","MO","4W1C","371A ","M","R","D","DO","F "," "," ","C","050","0","0","0","","","1258510","5004428",
"Queenstown-Lakes District","MEMORIAL ST",""," ","I","CAMP ST","201413203","28/05/2014","Wed","1910","NA","CS1EE","711B 724B 711C 724C ","","R","D","DO","F ","R","G","C","050","0","0","2","","","1258104","5004508",
"Queenstown-Lakes District","MOKE LAKE ROAD","3000","W"," ","GLENORCHY-QUEENSTOWN ROAD","201432449","30/01/2014","Thu","1020","MO","CS1C","357A 512A ","","R","D","BN","F "," ","N","N","100","0","0","0","","","1251908","5003510",
"Queenstown-Lakes District","RAMSHAW LANE","50","W"," ","WILTSHIRE ST","201436757","30/04/2014","Wed","1700","EA","CE1B","386A ","M","R","D","B ","F "," ","N","C","050","0","0","0","","","1271233","5015451",
"Queenstown-Lakes District","REES ST","30","N"," ","BEACH ST","201435079","27/04/2014","Sun","1800","MO","CS1C","371A 926 ","M","R","W","DO","F ","D","N","N","050","0","0","0","","","1258077","5004330",
"Queenstown-Lakes District","RIVERBANK ROAD",""," ","I","BALLANTYNE ROAD","201410951","31/01/2014","Fri","1455","HA","CN1O","321B 375B ","","R","D","BF","F ","X","S","C","080","0","0","1","","","1295478","5041849",
"Queenstown-Lakes District","SH 6",""," ","A","ALBERT TOWN BR","201436046","02/04/2014","Wed","1455","AO","4N1S","381A ","","R","D","BN","F "," ","N","C","080","0","0","0","","","","",
"Queenstown-Lakes District","STONE RIDGE PLACE","200","N"," ","GOLDFIELD HEIGHTS","201410403","31/01/2014","Fri","1945","CA","CN1","130A 423A ","EJ","R","D","O ","F "," "," ","N","050","0","0","1","","","1260670","5005495",
"Queenstown-Lakes District","TUCKER BEACH ROAD","120","N"," ","SHOTOVER DELTA ROAD","201435164","28/03/2014","Fri","2115","FA","CN1M","181A ","","M","D","DN","F "," ","N","C","080","0","0","0","","","1265463","5008180",
"Queenstown-Lakes District","WAKATIPU HEIGHTS",""," ","I","EDINBURGH DRIVE","201412676","18/04/2014","Fri","0830","DA","VE2","104A 111A 131A ","C","M","W","DO","FS","T","S","C","050","0","0","1","","","1259520","5004439",
"Queenstown-Lakes District","WANAKA-MOUNT ASPIRING ROA","6000","N"," ","LAKE ROAD","201410884","01/01/2014","Wed","2301","BC","CE1C","104A 355A 404A 104B ","","E","D","DN","F "," "," ","C","100","0","2","2","","","1284414","5045468",
"Queenstown-Lakes District","WANAKA-MOUNT ASPIRING ROA","250","W"," ","RUBY ISLAND ROAD","201411862","17/03/2014","Mon","1426","DA","CN1","129A 352A ","F","E","D","ON","F "," ","N","C","100","0","0","1","","","1290425","5043856",
"Queenstown-Lakes District","WYNYARD CRESCENT","500","N"," ","SCOTT PLACE","201410073","30/01/2014","Thu","2210","DA","CS1C","103A 131A ","FM","S","D","DO","F "," "," ","N","050","0","1","0","","","1256333","5003754",
"Queenstown-Lakes District","6/814/5.79","1740","N"," ","CAMERON CRK BR","201413184","18/03/2014","Tue","1830","BB","CS1C","123A 386A 404A ","","E","D","B ","F "," "," ","C","100","0","1","2","","","1305429","5105040",
"Queenstown-Lakes District","6/828/12.164","100","N"," ","FLAXMILL CRK BR","201411858","09/03/2014","Sun","1700","CB","CS1","410A ","F","R","D","BN","F "," ","N","P","100","0","0","1","","","1296631","5088454",
"Queenstown-Lakes District","6/828/15.396","40","N"," ","WHARF CRK BR","201412293","27/05/2014","Tue","1320","PO","ON1E","370A 386A 404A ","","R","D","B ","F "," ","N","C","050","0","0","1","64","","1296037","5085432",
"Queenstown-Lakes District","6/866/14.62","200","N"," ","CAPELL AVENUE","201435168","12/02/2014","Wed","1140","EC","CN1","912 ","W","R","D","B ","F "," ","N","C","100","0","0","0","","","1302252","5053637",
"Queenstown-Lakes District","6/881/2.687","230","S"," ","TE AWA ROAD","201413337","31/05/2014","Sat","1100","DB","4N1","101A 111A 131A 633A ","CT","M","D","B ","F "," "," ","C","100","0","0","1","","","1301442","5050902",
"Queenstown-Lakes District","6/881/8.066","290","S"," ","DUBLIN BAY ROAD","201434983","20/04/2014","Sun","1330","CB","CN1","410A ","T","R","D","BN","F "," ","N","C","100","0","0","0","","","1298510","5046840",
"Queenstown-Lakes District","6/881/9.426","200","N"," ","WICKLOW TERRACE","201410106","03/01/2014","Fri","0135","PO","VS1E","105B 722B ","","R","W","DN","H "," "," ","C","100","0","1","0","31","","1298104","5045543",
"Queenstown-Lakes District","6/893/0",""," ","I","SH 84","201435127","03/03/2014","Mon","1722","KB","4S1VV","301B 404B ","","R","D","B ","F ","T","S","C","080","0","0","0","","","1296660","5043605",
"Queenstown-Lakes District","6/893/0.35","350","E"," ","SH 84","201412117","02/03/2014","Sun","0230","DA","VE1","101A 131A 402A ","EF","M","D","DN","F "," "," ","C","100","0","0","2","","","1296992","5043531",
"Queenstown-Lakes District","6/893/7.761","1000","S"," ","AIRPORT WAY","201410407","14/01/2014","Tue","0002","EC","CE1","912 ","W","E","D","DN","F "," "," ","L","100","0","0","1","","","1303296","5040247",
"Queenstown-Lakes District","6/956/0.67","650","W"," ","ROARING MEG","201436124","02/05/2014","Fri","2130","DA","4E1","129A 131A ","","M","D","DN","F "," "," ","C","100","0","0","0","","","1289832","5008978",
"Queenstown-Lakes District","6/956/2.02","2000","S"," ","ROARING MEG","201410008","01/01/2014","Wed","1430","DA","CN1","131A 801 ","C","E","W","O ","L "," "," ","C","100","0","0","1","","","1289667","5007665",
"Queenstown-Lakes District","6/956/3.637","800","N"," ","GENTLE ANNIE","201435693","09/05/2014","Fri","0845","AD","CN1","111A 130A 154A 404A 801 ","C","M","W","O ","L "," "," ","C","100","0","0","0","","","1288423","5006727",
"Queenstown-Lakes District","6/956/8.144","2700","E"," ","VICTORIA FLATS ROAD","201438033","02/06/2014","Mon","0935","DB","CW1","131A 404A 802 ","V","M","I","O ","FF"," "," ","L","100","0","0","0","","","1288299","5002804",
"Queenstown-Lakes District","6/956/10.344","500","S"," ","VICTORIA FLATS ROAD","201432311","04/02/2014","Tue","1945","CB","CN1","129A 352A ","","R","D","B ","F "," "," ","C","100","0","0","0","","","1287341","5004235",
"Queenstown-Lakes District","6/956/11.644","800","N"," ","VICTORIA FLATS ROAD","201410404","27/01/2014","Mon","1800","DA","VS1","131A 406A ","B","M","D","B ","F "," "," ","L","100","0","0","1","","","1286152","5004748",
"Queenstown-Lakes District","6/956/16.33","500","E"," ","COAL PIT ROAD","201435952","02/04/2014","Wed","1655","CB","4E1","197A 333A ","F","R","D","BN","F "," ","N","C","100","0","0","0","","","1281864","5006331",
"Queenstown-Lakes District","6/956/20.337",""," ","A","GIBBSTON WINERY","201410843","05/02/2014","Wed","1315","FD","CW1CCV","181A 191B 377B 141C 372C 197D ","","R","D","B ","F "," "," ","L","100","0","0","3","","","1278155","5007636",
"Queenstown-Lakes District","6/978/0.036",""," ","A","KAWARAU RIV BR","201437496","31/05/2014","Sat","1001","CA","4W1","135A 402A 802 803 ","C","R","I","B ","F "," "," ","C","100","0","0","0","","","1276724","5007766",
"Queenstown-Lakes District","6/978/0.536","500","W"," ","KAWARAU RIV BR","201410761","05/03/2014","Wed","1255","BB","4W1C","123A 404A ","","E","D","B ","F "," ","N","C","100","0","4","3","","","1276228","5007755",
"Queenstown-Lakes District","6/978/4.296","630","S"," ","CROWN RANGE ROAD","201413225","01/06/2014","Sun","2108","DA","CS1","110A 135A 402A 802 905 ","FPT","M","I","DN","SF"," ","N","C","100","0","0","1","","","1273625","5010268",
"Queenstown-Lakes District","6/983/6.196",""," ","I","WALNUT LANE","201434172","06/04/2014","Sun","1345","GD","VE14","333A 353A ","","R","D","O ","F ","X","S","C","100","0","0","0","","","1268570","5009070",
"Queenstown-Lakes District","6/983/7.288",""," ","I","HOWARDS DRIVE","201438600","15/04/2014","Tue","0805","FB","4N1C","331A ","","R","W","O ","L ","T","G","C","100","0","0","0","","","1267564","5008646",
"Queenstown-Lakes District","6/983/10.316",""," ","I","GLENDA DRIVE","201430294","15/01/2014","Wed","1234","JA","4S1C","301B ","","R","D","B ","F ","T","S","P","080","0","0","0","","","1264897","5007451",
"Queenstown-Lakes District","6/983/10.316",""," ","I","GLENDA DRIVE","201433905","03/04/2014","Thu","1831","FA","CN1C","181A 132B 407B ","","R","D","TN","F ","T","S","C","080","0","0","0","","","1264897","5007451",
"Queenstown-Lakes District","6/983/10.316",""," ","I","GLENDA DRIVE","201437234","17/05/2014","Sat","1100","JC","CN2C","301A 375A ","","R","D","BF","F ","T","S","C","050","0","0","0","","","1264897","5007451",
"Queenstown-Lakes District","6/983/10.366","50","S"," ","GLENDA DRIVE","201431177","03/03/2014","Mon","1720","FD","VS1C","110A 181A ","","R","W","O ","H "," ","N","C","080","0","0","0","","","1264863","5007414",
"Queenstown-Lakes District","6/983/11.207","200","W"," ","GRANT ROAD","201413653","12/06/2014","Thu","1105","FA","CW14","181A 331A 191B ","","R","D","B ","F "," "," ","C","080","0","0","2","","","1264267","5006823",
"Queenstown-Lakes District","6/983/11.605",""," ","I","JOE OCONNELL DRIVE","201432633","17/03/2014","Mon","1415","FB","CE1C","181A ","","R","D","O ","F ","X","G","C","050","0","0","0","","","1263952","5006581",
"Queenstown-Lakes District","6/996/0.68",""," ","I","AIRPORT ROAD","201438017","25/05/2014","Sun","0940","KA","CS1C","302B ","","E","W","O ","H ","R","G","P","070","0","0","0","","","1263924","5005793",
"Queenstown-Lakes District","6/996/1.504",""," ","A","KAWARAU FALLS BR","201437891","14/05/2014","Wed","0933","CA","TS1","665A ","","R","D","B ","F "," ","N","N","070","0","0","0","","","1263851","5005002",
"Queenstown-Lakes District","6/996/5.109","500","N"," ","WOOLSHED ROAD","201435543","14/04/2014","Mon","2000","EC","CN1","915 ","W","R","D","DN","F "," "," ","C","100","0","0","0","","","1265615","5002721",
"Queenstown-Lakes District","6/1011/0.04","40","S"," ","WYE CRK BR","201412553","30/04/2014","Wed","0445","DA","CN1","104A 111A 131A 404A 412A 818 ","EGT","M","D","DN","F "," "," ","C","100","0","0","2","","","1266661","4992785",