"TLA NAME","CRASH ROAD","CRASH DIST","CRASH DIRN","INTSN","SIDE ROAD","CRASH ID","CRASH DATE","CRASH DOW","CRASH TIME","MVMT","VEHICLES","CAUSES","OBJECTS STRUCK","ROAD CURVE","ROAD WET","LIGHT","WTHRa","JUNC TYPE","TRAF CTRL","ROAD MARK","SPD LIM","CRASH FATAL CNT","CRASH SEV CNT","CRASH MIN CNT","PERS AGE1","PERS AGE2","EASTING","NORTHING"
"Queenstown-Lakes District","6/1011/3.345","4000","S"," ","DRIFT BAY ROAD","201410387","18/01/2014","Sat","1800","DA","MS1","101A 131A 352A ","","E","D","ON","F "," ","N","C","100","0","0","1","","","1266113","4989626",
"Queenstown-Lakes District","6/1011/5.043","1400","S"," ","TWO MILE CRK CV","201432453","12/02/2014","Wed","2000","DA","CN1","131A 800 ","C","E","W","TN","F "," "," ","C","100","0","0","0","","","1265845","4987978",
"Queenstown-Lakes District","6/1011/13.12","11000","N"," ","GLEN NEVIS STATION ROAD","201435100","02/05/2014","Fri","1640","BC","CN1C","111A 121A ","","M","D","O ","F "," ","N","C","100","0","0","0","","","1266519","4980507",
"Queenstown-Lakes District","6/1024/0.85","850","S"," ","STAIRCASE CRK BR","201437640","06/05/2014","Tue","1030","AA","CS1C","372A 404A ","","R","D","B ","F "," "," ","C","100","0","0","0","","","1266879","4979572",
"Queenstown-Lakes District","6A/0/0",""," ","I","SH 6","201411238","02/03/2014","Sun","1200","GE","CE1S","173A ","","E","D","O ","F ","R","G","R","050","0","0","1","","49","1263654","5006432",
"Queenstown-Lakes District","6A/0/0.054","30","E"," ","MCBRIDE ST","201432614","12/03/2014","Wed","1820","QD","CE14","330A 611A ","","R","D","B ","F ","R","G","R","050","0","0","0","","","1263601","5006424",
"Queenstown-Lakes District","6A/0/0.069","15","E"," ","MCBRIDE ST","201430821","08/01/2014","Wed","1500","CA","4W14","129A 359A ","M","R","D","OF","F "," ","N","N","050","0","0","0","","","1263586","5006422",
"Queenstown-Lakes District","6A/0/2.252","100","W"," ","MIDDLETON ROAD","201432865","21/01/2014","Tue","1347","FO","CE1C","181A 191B ","","R","D","B ","F "," "," ","R","070","0","0","0","","","1261567","5005723",
"Queenstown-Lakes District","6A/0/5.525",""," ","I","SUBURB ST","201430919","24/01/2014","Fri","2000","GD","CW1C","333A 363A 902 ","","R","D","BF","F ","X","G","C","050","0","0","0","","","1258939","5004120",
"Queenstown-Lakes District","6A/0/6.23","30","S"," ","BALLARAT ST","201410254","13/02/2014","Thu","1938","MA","SN1C","373B ","","R","W","O ","F "," ","N","C","050","0","0","1","","","1258365","5004421",
"Queenstown-Lakes District","6A/0/6.26",""," ","I","BALLARAT ST","201432634","20/02/2014","Thu","1227","AO","CN1C","150A 381A ","","R","D","B ","F ","R","G","C","050","0","0","0","","","1258342","5004440",
"Queenstown-Lakes District","6A/0/6.26",""," ","I","BALLARAT ST","201430093","19/01/2014","Sun","1540","GO","CN14","173A ","","R","D","BF","F ","R","G","C","050","0","0","0","","","1258342","5004440",
"Queenstown-Lakes District","6A/0/6.401",""," ","I","SH 6A","201435581","23/03/2014","Sun","1545","GF","BN2C","179A 386A 818 ","","M","D","B ","F ","R","G","C","050","0","0","0","","","1258238","5004535",
"Queenstown-Lakes District","SHOTOVER ST",""," ","I","STANLEY ST","201435840","16/04/2014","Wed","1930","MG","CW14","103B 371B ","","M","D","DO","F ","R","G","R","050","0","0","0","","","1258238","5004535",
"Queenstown-Lakes District","6A/0/6.491","20","N"," ","CAMP ST","201431095","23/02/2014","Sun","1229","AO","VS1C","150A 371B ","","M","D","O ","F "," ","N","P","050","0","0","0","","","1258178","5004469",
"Queenstown-Lakes District","SHOTOVER ST",""," ","I","CAMP ST","201438627","12/03/2014","Wed","0755","HA","CN2C","302A ","","R","D","O ","F ","R","G","R","050","0","0","0","","","1258165","5004454",
"Queenstown-Lakes District","6A/0/6.808","80","N"," ","BEACH ST","201435163","25/03/2014","Tue","1146","MA","CE1C","373B ","","R","W","O ","F "," ","N","C","050","0","0","0","","","1257946","5004254",
"Queenstown-Lakes District","6A/0/6.838","50","N"," ","BEACH ST","201434609","12/04/2014","Sat","2100","EA","CN14","129A ","M","R","W","DO","F "," ","N","C","050","0","0","0","","","1257929","5004229",
"Queenstown-Lakes District","84/0/1.012","1130","E"," ","ANDERSON ROAD","201411861","08/03/2014","Sat","1130","FD","CW14","181A ","","R","D","BN","F "," ","N","L","080","0","0","1","","","1295686","5043729",
"Queenstown-Lakes District","8A/0/12.19","4900","N"," ","JOLLY ROAD","201430201","11/01/2014","Sat","1800","CB","CN1","129A 650A ","V","R","D","B ","F "," "," ","C","100","0","0","0","","","1310809","5037822",
"Queenstown-Lakes District","8A/15/3.711","100","S"," ","KANE ROAD","201434982","24/04/2014","Thu","1205","FD","TN1C","181A ","","R","D","BN","F "," ","N","L","100","0","0","0","","","1305592","5040377",
"Queenstown-Lakes District","CHURCH ROAD",""," ","I","8A/15/4.293","201434449","07/04/2014","Mon","1415","KA","4N1V","302B 375B 404B ","","R","D","B ","F ","T","G","C","100","0","0","0","","","1305339","5039889",
"Queenstown-Lakes District","8A/15/4.293",""," ","I","CHURCH ROAD","201412498","12/02/2014","Wed","1035","DC","ME1","130A 404A 804 ","","M","D","O ","F ","T","G","P","100","0","1","0","","","1305339","5039889",
"Rangitikei District","DEVON CRESCENT","100","E"," ","KITTYHAWK ROW S","201437818","30/05/2014","Fri","2240","DA","CW1","101A 111A ","F","M","D","DN","F "," ","N","N","050","0","0","0","","","1802882","5549784",
"Rangitikei District","GOLDFINCH ST","5","W"," ","DOVE PLACE","201431507","13/01/2014","Mon","0745","CB","CW1","195A ","","R","W","OF","F ","T","N","N","050","0","0","0","","","1839809","5605275",
"Rangitikei District","HENDERSONS LINE",""," ","I","FERGUSSON ST","201430656","10/01/2014","Fri","1945","DB","CE1","111A 131A ","P","R","D","TF","F ","T","N","C","050","0","0","0","","","1802480","5560293",
"Rangitikei District","KAKA ROAD","15","E"," ","EAGLE ST","201411706","12/03/2014","Wed","1645","PO","VW1K","810 ","","R","D","B ","F "," "," ","C","050","0","0","1","16","","1839864","5603891",
"Rangitikei District","KOEKE ROAD","4900","W"," ","RONGOITI ROAD","201413903","17/05/2014","Sat","2025","DA","ME1","104A 131A ","","R","D","DN","F ","D","N","C","100","0","1","0","","","","",
"Rangitikei District","MAKIRIKIRI ROAD","470","E"," ","GOLDINGS LINE","201410080","09/01/2014","Thu","1507","GD","CE1C","331A 351A 929 ","","R","D","B ","F ","D"," ","L","100","0","2","3","","","1804067","5558150",
"Rangitikei District","MARUMARU ST","100","E"," ","NGA TAWA ROAD","201430826","20/01/2014","Mon","1907","DA","CE1","103A 929 ","F","R","W","OF","L ","D","N","C","050","0","0","0","","","1803778","5560685",
"Rangitikei District","NEUMANS LINE","430","S"," ","WANGANUI ROAD","201412824","02/05/2014","Fri","0635","QC","CS1","112A 321A 335A 351A ","FN","R","D","TN","F "," ","S","C","100","0","1","0","","","1800624","5562008",
"Rangitikei District","ONGO ROAD",""," ","I","BRUCE ST","201432724","26/02/2014","Wed","1810","DA","CN2","111A 131A ","T","S","D","B ","F ","T","N","C","050","0","0","0","","","1819091","5576386",
"Rangitikei District","PAPAKAI ROAD","600","E"," ","HAUTAPU ST","201411197","02/03/2014","Sun","1510","DA","MW1C","102A 120A 197A ","","S","D","B ","F "," "," ","C","100","0","0","1","","","1840655","5604685",
"Rangitikei District","PUKEPAPA ROAD",""," ","I","RUSSELL ST","201437606","28/05/2014","Wed","1208","JA","VS1C","197A 111B 303B 370B ","","R","D","O ","F ","T","N","C","050","0","0","0","","","1802112","5561328",
"Rangitikei District","PUKEPAPA ROAD","1000","S"," ","WHALES LINE","201410081","11/02/2014","Tue","1250","CB","CS1","130A 622A ","F","R","D","O ","F "," "," ","C","100","0","1","0","","","1800788","5556359",
"Rangitikei District","ROBIN ST",""," ","I","KUKU ST","201410025","10/02/2014","Mon","0740","MO","4S1S","204B 312B 839 ","","R","D","O ","F ","T","G","C","050","0","0","1","","10","1839949","5604053",
"Rangitikei District","SH 3","20","N"," ","WANGANUI ROAD","201400052","10/03/2014","Mon","2310","NA","TN1E","505B 711B 724B ","","R","D","DO","F "," "," ","C","070","1","0","0","27","","","",
"Rangitikei District","SPOONERS HILL ROAD","1000","S"," ","PUNGATAWA ROAD","201433724","29/03/2014","Sat","2230","DA","VN1","103A 131A ","EGT","E","D","DN","F "," "," ","N","100","0","0","0","","","1840933","5606703",
"Rangitikei District","TAIHAPE-NAPIER ROAD","3270","N"," ","MAKOKOMIKO ROAD","201400001","02/01/2014","Thu","1255","BB","VN1M","123A 378A ","","M","D","O ","F "," "," ","C","100","1","0","0","","","1848778","5619636",
"Rangitikei District","TAIHAPE-NAPIER ROAD","350","W"," ","MAKOKOMIKO ROAD","201431517","22/01/2014","Wed","1455","MO","CW1C","420B 517B ","","R","D","BN","F "," "," ","C","100","0","0","0","","","1847463","5617746",
"Rangitikei District","TURAKINA VALLEY ROAD","660","E"," ","SH 3","201411885","27/02/2014","Thu","0950","CB","4W1","137A 195A ","F","R","D","BN","F "," ","N","C","100","0","0","1","","","1789283","5565897",
"Rangitikei District","WANGANUI ROAD","120","E"," ","GOWERS ROAD","201413707","23/05/2014","Fri","1110","BC","CW1V","129A 357A ","","M","W","ON","LS"," ","N","L","100","0","1","0","","","1792705","5564037",
"Rangitikei District","WANGANUI ROAD",""," ","I","PUKEPAPA ROAD","201432723","26/02/2014","Wed","1050","HA","VE1C","321B 350B ","","R","D","B ","F ","X","S","C","050","0","0","0","","","1802297","5562014",
"Rangitikei District","WELLINGTON ROAD","100","N"," ","HAWKESTONE ROAD","201434434","19/04/2014","Sat","0415","CC","CN1","410A ","FT","R","D","DO","F "," "," ","C","070","0","0","0","","","1803028","5559332",
"Rangitikei District","WELLINGTON ROAD","50","N"," ","HEREFORD ST","201431315","31/01/2014","Fri","1047","CA","CS1C","130A ","M","R","D","BF","F "," ","N","C","050","0","0","0","","","1802822","5561810",
"Rangitikei District","WELLINGTON ROAD",""," ","I","MAKIRIKIRI ROAD","201431731","07/01/2014","Tue","1700","HA","CS1C","301B 375B 801 ","","R","W","O ","L ","X","S","R","100","0","0","0","","","1803105","5558449",
"Rangitikei District","WELLINGTON ROAD","220","S"," ","MILL ST","201433639","16/03/2014","Sun","1415","MD","CS1C","130B 308B 371B 929 ","F","R","D","B ","F ","D"," ","C","050","0","0","0","","","1802879","5560508",
"Rangitikei District","WELLINGTON ROAD","150","N"," ","STATION ROAD","201434435","10/04/2014","Thu","1527","FC","CS1C","331A 352A ","","R","D","O ","F "," "," ","X","050","0","0","0","","","1802869","5561069",
"Rangitikei District","WELLINGTON ROAD","1100","S"," ","WHALES LINE","201434574","14/03/2014","Fri","1245","DB","CN1","133A 427A ","C","E","D","BN","F "," ","N","C","100","0","0","0","","","1804477","5555759",
"Rangitikei District","1N/815/8.286","600","S"," ","WAIARUHE ROAD","201435131","07/04/2014","Mon","1800","DA","CS1","135A 801 806 ","FS","E","W","O ","L "," ","N","C","100","0","0","0","","","1830757","5619150",
"Rangitikei District","1N/828/5.833","1000","S"," ","SPOONERS HILL ROAD","201411808","07/03/2014","Fri","1915","CC","CS1","129A 350A ","C","R","D","TN","F "," ","N","L","100","0","0","2","","","1837188","5612870",
"Rangitikei District","1N/842/1.062","20","E"," ","LINNET ST","201410512","12/01/2014","Sun","1355","FD","CE1CC","181A ","","R","D","BF","F "," ","N","C","050","0","0","2","","","1839916","5604472",
"Rangitikei District","1N/842/1.164",""," ","I","SH 1N","201434585","05/03/2014","Wed","1700","GF","TE2C","381A 671A ","","R","W","OF","L ","T","N","C","050","0","0","0","","","1840012","5604436",
"Rangitikei District","1N/842/3.078","260","S"," ","MANGAONE VALLEY ROAD","201411193","16/03/2014","Sun","0010","DA","VN1","103A 131A 410A 532A ","F","E","D","TN","F "," "," ","L","100","0","1","1","","","1840822","5602972",
"Rangitikei District","1N/842/5.569","2000","N"," ","GORGE ROAD","201434072","18/04/2014","Fri","1645","CB","CN1","129A 134A ","","R","D","TN","F "," ","N","C","100","0","0","0","","","1842647","5601353",
"Rangitikei District","1N/842/6.719","850","N"," ","GORGE ROAD","201413064","23/05/2014","Fri","1033","CB","CN1","112A 129A ","C","R","W","ON","L "," ","N","C","100","0","0","1","","","1843253","5600375",
"Rangitikei District","1N/855/3.991","350","S"," ","MANUI ROAD","201434771","11/04/2014","Fri","1020","EC","CN1","136A 823 ","FL","R","W","ON","H "," ","N","L","100","0","0","0","","","1839063","5593547",
"Rangitikei District","1N/865/0.693","150","S"," ","MANGARERE ROAD","201436239","01/04/2014","Tue","1205","FA","TS1V","181A ","","R","D","B ","F "," ","S","L","100","0","0","0","","","1837913","5588690",
"Rangitikei District","1N/865/1.213","670","S"," ","MANGARERE ROAD","201433638","01/04/2014","Tue","2200","DA","CN1","131A 412A ","G","M","D","DN","F "," "," ","C","100","0","0","0","","","1837630","5588255",
"Rangitikei District","1N/865/1.223","680","S"," ","MANGARERE ROAD","201413022","16/03/2014","Sun","1616","DA","CN1","410A ","G","M","D","BN","F "," ","N","C","100","0","0","1","","","1837627","5588246",
"Rangitikei District","1N/865/7.885","1000","E"," ","OTARA ROAD","201434442","07/02/2014","Fri","0035","CB","CW1","410A ","F","R","D","DN","F "," "," ","C","100","0","0","0","","","1833368","5584907",
"Rangitikei District","1N/885/0",""," ","I","SH 54","201410679","04/03/2014","Tue","1825","KB","VN1V","302B 375B ","","E","D","O ","F ","T","G","C","050","0","0","1","","","1824753","5577345",
"Rangitikei District","1N/885/1.1","1100","S"," ","SH 54","201411588","02/03/2014","Sun","2105","BB","CS14","129A ","","M","D","DN","F "," ","N","C","100","0","0","1","","","1823700","5577345",
"Rangitikei District","1N/885/6.197","90","S"," ","BRUCE ST","201431726","27/01/2014","Mon","0850","MO","TS1","385A 922 ","C","R","D","B ","F ","D"," ","C","050","0","0","0","","","1819483","5576044",
"Rangitikei District","1N/914/2.731",""," ","I","KAKARIKI ROAD","201432066","24/01/2014","Fri","1507","KB","CN1C","302B 370B ","","R","D","BF","F ","T","G","R","100","0","0","0","","","1806079","5556632",
"Rangitikei District","1N/914/10.088","30","S"," ","DANIELL ST","201411589","10/02/2014","Mon","1200","DA","CS1","131A 410A ","P","E","D","OF","F "," ","N","C","050","0","0","1","","","1803229","5550245",
"Rangitikei District","1N/925/0.11","110","S"," ","HIGH ST","201434584","10/02/2014","Mon","1445","QG","4N1T","682A ","","R","D","OF","F "," ","N","P","050","0","0","0","","","1803074","5550033",
"Rangitikei District","1N/925/0.199","50","S"," ","DALZIEL ST","201434085","20/04/2014","Sun","2305","MO","CN1","103A 371A 922 ","","R","D","DO","F ","D","N","N","050","0","0","0","","","1803081","5549944",
"Rangitikei District","1N/925/0.239","90","S"," ","DALZIEL ST","201411107","19/03/2014","Wed","1714","FD","CN1C","331A 427A ","","R","D","B ","F "," "," ","L","050","0","0","2","","","1803084","5549904",
"Rangitikei District","1N/925/1.382","200","N"," ","RANGITIKEI RIV BR","201431505","06/01/2014","Mon","2000","CB","CS1","130A ","","R","D","DN","F "," ","N","N","100","0","0","0","","","1803242","5548774",
"Rangitikei District","3/415/0.522","140","S"," ","WHANGAEHU BEACH ROAD","201436717","14/05/2014","Wed","1750","GE","CS1C","160A 381B 929 ","","M","W","DN","F ","D","N","C","100","0","0","0","","","1785132","5568983",
"Rangitikei District","3/415/7.191","100","N"," ","EDENMORE ROAD N","201435849","01/04/2014","Tue","0754","CB","CN1","130A 358A ","F","R","D","OF","M "," ","N","C","100","0","0","0","","","1789109","5564418",
"Rangitikei District","3/415/11.32","1000","W"," ","MAKIRIKIRI ROAD","201433776","31/01/2014","Fri","2130","GE","CW1V","372B 410B 929 ","","R","D","DN","F ","D","N","C","100","0","0","0","","","1791150","5561070",
"Rangitikei District","3/415/11.82","500","W"," ","MAKIRIKIRI ROAD","201413061","27/04/2014","Sun","2030","BE","CE1V","129A 410A ","","R","W","DN","L "," ","N","C","100","0","1","0","","","1791597","5560846",
"Rangitikei District","3/432/5.259","180","E"," ","PUKEPAPA ROAD EXTENSION","201434436","31/03/2014","Mon","0729","CB","CN1","410A ","FP","R","D","B ","F "," "," ","L","100","0","0","0","","","1800709","5555503",
"Rangitikei District","3/432/8.87",""," ","I","MCHARDIE ROAD","201437608","04/05/2014","Sun","1810","GB","CN1C","158A 191A 333A 335B 372B 402B 671B +","S","R","D","DN","F ","T","S","L","100","0","0","0","","","1802520","5552417",
"Rangitikei District","3/432/11.223",""," ","I","SH 1N","201411590","14/03/2014","Fri","1505","HA","4S1CC","302B 375B ","Q","R","D","BF","F ","X","G","R","050","0","0","1","","","1803065","5550143",
"Rotorua District","ANN ST",""," ","I","PERERIKA ST","201437570","20/03/2014","Thu","1015","FB","CN1C","331A ","","R","D","B ","F ","T","S","C","050","0","0","0","","","1883841","5773605",
"Rotorua District","ARAWA ST","15","W"," ","FENTON ST","201437734","01/06/2014","Sun","1210","FD","CE1CC","103A 331A ","","R","D","BF","F ","R","G"," ","050","0","0","0","","","","",
"Rotorua District","ARAWA ST",""," ","I","PUKEROA ST","201411896","17/02/2014","Mon","1730","FA","CW1S","181A ","","R","D","BF","F ","T","G","R","050","0","0","1","","43","1884687","5774233",
"Rotorua District","ARAWA ST","10","E"," ","RANGIURU ST","201436689","23/05/2014","Fri","2029","MO","CN1C","103A 386A ","","R","D","DO","F ","T","G","R","050","0","0","0","","","1884871","5774228",
"Rotorua District","BIAK ST","5","N"," ","GILLTRAP ST","201413616","12/05/2014","Mon","1400","MC","MN1C","372B 404B ","","R","D","O ","F ","T","G","C","050","0","0","1","","","1883581","5774716",
"Rotorua District","BROADLANDS ROAD","270","S"," ","GUTHRIE ROAD","201437422","29/05/2014","Thu","1455","CB","4N1","501A ","FS","R","D","O ","F "," "," ","C","050","0","0","0","","","1891446","5740286",
"Rotorua District","BROOKLAND ROAD",""," ","I","CLAYTON ROAD","201437572","22/05/2014","Thu","1212","FB","CS1M","112A 331A ","","R","D","B ","F ","T","G","C","050","0","0","0","","","1882257","5774923",
"Rotorua District","BRYCE ROAD","30","N"," ","BARBER ROAD","201434544","10/04/2014","Thu","1930","DA","CS1","135A 402A 801 ","E","M","W","ON","H "," ","N","C","100","0","0","0","","","1881966","5762897",
"Rotorua District","CLAYTON ROAD",""," ","I","EDMUND ROAD","201437728","01/06/2014","Sun","1340","KA","CW1V","321A ","","R","D","B ","F ","T","S","P","050","0","0","0","","","1881634","5774785",
"Rotorua District","CLAYTON ROAD","10","W"," ","SH 5","201411178","29/03/2014","Sat","0900","FE","VE1T","103A 331A ","","R","D","B ","F ","X","T","R","050","0","0","1","","","1883233","5775409",
"Rotorua District","CLAYTON ROAD","50","E"," ","STEELES LANE","201436879","28/05/2014","Wed","0800","FD","CN1CB","181A 331A 358A 402A 331B 363B 902 ","","R","D","B ","F "," "," ","C","050","0","0","0","","","1882938","5775341",
"Rotorua District","CLAYTON ROAD","30","E"," ","SUSAN ST","201412327","07/04/2014","Mon","0827","NA","CE1E","712B 713B 727B ","","E","D","O ","F "," "," ","C","050","0","1","0","5","","1880771","5774709",
"Rotorua District","EDMUND ROAD","20","S"," ","CLAYTON ROAD","201433495","27/03/2014","Thu","0800","GA","MS1V","333A 352A 929 ","","R","D","BF","F ","D","N","L","050","0","0","0","","","1881636","5774765",
"Rotorua District","EMERALD ST",""," ","I","SUSAN ST","201437730","01/06/2014","Sun","2110","DB","CS2","111A 131A 524A ","FPT","E","D","DO","F ","T","G","N","050","0","0","0","","","1881039","5774392",
"Rotorua District","ERYERA ST",""," ","I","HINEMARU ST","201437733","08/06/2014","Sun","2300","HA","CW1C","302A 335A 404A 410A 901 ","","R","W","DO","H ","X","G","R","050","0","0","0","","","","",
"Rotorua District","FENTON ST",""," ","I","DEVON ST","201430549","31/01/2014","Fri","1840","JA","MN1C","302B ","","R","D","B ","F ","R","G","R","060","0","0","0","","","1885116","5772150",
"Rotorua District","FENTON ST",""," ","I","HAUPAPA ST","201410977","05/02/2014","Wed","1230","NF","CE2E","341A ","","R","D","BF","F ","X","G","R","050","0","0","1","33","","1885186","5774105",
"Rotorua District","FENTON ST","10","S"," ","HINEMOA ST","201432930","12/02/2014","Wed","1645","FE","CN1C","331A ","","R","D","B ","F ","X","T","R","050","0","0","0","","","1885180","5773874",
"Rotorua District","FENTON ST",""," ","I","HINEMOA ST","201413403","10/06/2014","Tue","1225","HA","CS14","322A 334A ","","R","W","O ","L ","X","T","R","050","0","0","1","","","1885180","5773884",
"Rotorua District","FENTON ST","30","S"," ","SH 30A","201430191","16/01/2014","Thu","1336","FD","CN1C","331A 358A 404A ","","R","D","B ","F "," "," ","R","050","0","0","0","","","1885171","5773628",
"Rotorua District","FENTON ST","15","N"," ","TI ST","201435338","04/05/2014","Sun","0355","EA","CN14","129A ","M","R","D","DO","F ","T","G","R","050","0","0","0","","","1885155","5773206",
"Rotorua District","FENTON ST","15","N"," ","TI ST","201413391","07/06/2014","Sat","2017","FD","4S1CC","112A 331A 387A 338C 801 ","","R","W","DO","L "," "," ","R","050","0","0","1","","","1885155","5773206",
"Rotorua District","FENTON ST",""," ","I","TI ST","201437875","12/05/2014","Mon","1330","KA","CS1C","302B 375B ","","R","D","B ","F ","T","G","R","060","0","0","0","","","1885155","5773191",
"Rotorua District","FENTON ST",""," ","I","TI STREET","201435430","11/04/2014","Fri","1645","FA","TW2C","181A 191B ","","R","D","OF","F ","T","G"," ","050","0","0","0","","","1885155","5773191",
"Rotorua District","FENTON ST","10","S"," ","VICTORIA ST","201436667","15/05/2014","Thu","0700","KB","CN1V","308B 375B 926 ","","R","D","TF","F ","D","N","C","050","0","0","0","","","1885162","5773376",
"Rotorua District","FENTON ST","50","S"," ","VICTORIA ST","201411177","08/04/2014","Tue","1245","KA","SS144","308B 370B 375B 925 ","","R","D","B ","F ","D"," ","R","050","0","0","1","","23","1885160","5773336",
"Rotorua District","FENTON ST",""," ","I","WARD AVENUE","201431651","22/01/2014","Wed","1300","JA","4S1C","302B ","","R","D","B ","F ","T","G","C","060","0","0","0","","","1885110","5771981",
"Rotorua District","FORD ROAD","20","N"," ","MALFROY ROAD WEST","201435055","25/04/2014","Fri","1935","MO","CS1C","371A 386A ","M","R","D","B ","F "," ","N","C","050","0","0","0","","","1882593","5772888",
"Rotorua District","FRANK ST",""," ","I","WESTLOCK ROAD","201436460","13/05/2014","Tue","0345","DA","CN2","111A 131A ","","S","W","DO","L ","T","G","C","050","0","0","0","","","1883638","5776313",
"Rotorua District","GALATOS ROAD","1000","W"," ","POUTAKATAKA ROAD","201434063","08/04/2014","Tue","0700","DB","CE1","111A 138A ","C","M","D","DN","F "," ","N","N","100","0","0","0","","","1874427","5750626",
"Rotorua District","GARRICK PLACE","70","W"," ","SUSAN ST","201432341","04/02/2014","Tue","0035","MO","CE1","101A 371A 929 ","P","E","D","DO","F ","D","N","N","050","0","0","0","","","1880660","5774617",
"Rotorua District","GORDON ROAD","30","S"," ","ISLAND VIEW ROAD","201434409","25/04/2014","Fri","1641","GE","CS1C","387A 144B 929 ","","R","D","O ","F ","D"," ","C","050","0","0","0","","","1881711","5775363",
"Rotorua District","HAMURANA ROAD","580","W"," ","SH 33","201413175","22/05/2014","Thu","0807","EA","CN1T","129A 353A 363A 902 ","Q","R","D","B ","F "," "," ","C","100","0","1","1","","","1891841","5784235",
"Rotorua District","HAMURANA ROAD","2000","W"," ","SH 33","201412090","05/04/2014","Sat","1030","PA","CW1E","110A 129A 702B ","","E","D","B ","F "," ","N","C","100","0","0","1","","","1890734","5784744",
"Rotorua District","HAMURANA ROAD","2900","W"," ","SH 33","201430545","20/01/2014","Mon","1050","DB","CW1","131A 402A ","K","M","W","O ","L "," "," ","C","100","0","0","0","","","1889909","5784894",
"Rotorua District","HAMURANA ROAD","1000","E"," ","UNSWORTH ROAD","201432340","08/02/2014","Sat","1150","DB","CE1","111A 131A 402A ","C","S","W","O ","L "," "," ","C","100","0","0","0","","","1888484","5785152",
"Rotorua District","HAMURANA ROAD","2200","E"," ","UNSWORTH ROAD","201410691","04/01/2014","Sat","1530","BB","MW1M","123A ","","M","D","B ","F "," ","N","C","100","0","2","0","","","1889568","5784868",
"Rotorua District","HILDA ST",""," ","I","MAIDA VALE ST","201411729","04/04/2014","Fri","1900","LB","CN1V","303B 375B 402B ","","R","D","TO","F ","T","N","N","050","0","0","1","","","1885466","5772198",
"Rotorua District","HINEMARU ST","25","S"," ","HINEMOA ST","201432931","13/03/2014","Thu","1609","MB","VN1C","370B ","","R","D","B ","F "," "," ","C","050","0","0","0","","","1885330","5773853",
"Rotorua District","HINEMARU ST","20","N"," ","PUKUATUA ST","201431072","22/02/2014","Sat","2300","MC","CN1C","372B ","","R","D","DO","F "," ","N","C","050","0","0","0","","","1885334","5774010",
"Rotorua District","HOMEDALE ST","20","E"," ","BERYL PLACE","201432339","08/02/2014","Sat","1442","GB","CW1C","145B 929 ","","R","W","O ","L ","D","N","C","050","0","0","0","","","1881426","5774180",
"Rotorua District","HOROEKA ST","10","W"," ","NIKAU ST","201430550","25/01/2014","Sat","0830","MO","CE1C","371A 371B 929 ","","R","D","B ","F ","D","N","N","050","0","0","0","","","1883391","5771742",
"Rotorua District","ILES ROAD","20","S"," ","BUTLER PLACE","201434511","08/02/2014","Sat","0520","DA","CN1","103A 131A ","X","E","W","DN","L "," ","N","C","050","0","0","0","","","1888671","5772292",
"Rotorua District","JACKSON ROAD","400","E"," ","CENTRAL ROAD","201435878","27/03/2014","Thu","1730","MO","CE1","133A 423A 929 ","P","R","D","BF","F ","D","N","N","050","0","0","0","","","1880983","5785700",
"Rotorua District","LAKE ROAD",""," ","I","BENNETTS ROAD","201435339","10/04/2014","Thu","1430","JA","CE1C","302B 901 ","","R","W","O ","H ","T","G","R","050","0","0","0","","","1883781","5775089",
"Rotorua District","LAKE ROAD",""," ","I","DINSDALE ST","201432539","09/02/2014","Sun","0030","CB","CS1","103A 129A ","K","R","D","DN","F ","R","G","R","050","0","0","0","","","1883587","5775198",
"Rotorua District","LAKE ROAD",""," ","I","MEMORIAL DRIVE","201435251","28/04/2014","Mon","1953","HA","CN1C","302A ","","R","W","DO","L ","R","G","C","050","0","0","0","","","","",
"Rotorua District","LAKE ROAD","10","N"," ","RANOLF ST","201430433","24/01/2014","Fri","1710","CC","CE1","427A 500A ","P","R","D","B ","F ","M","T","R","050","0","0","0","","","1884453","5774861",
"Rotorua District","LAKE ROAD",""," ","I","TAREWA ROAD","201437573","30/05/2014","Fri","2018","GE","CE1C","171B ","","R","D","DO","F ","T","T","R","050","0","0","0","","","1884164","5774912",
"Rotorua District","LAKE ROAD",""," ","I","TAREWA ROAD","201436459","15/05/2014","Thu","0900","KB","CE1C","322A 350A ","","R","D","BF","F ","X","T","R","050","0","0","0","","","1884164","5774912",
"Rotorua District","LYTTON ST",""," ","I","CARNOT ST","201434662","16/04/2014","Wed","2122","HA","CN1C","302B 387B ","","R","W","DO","L ","X","G","C","050","0","0","0","","","1884891","5772896",
"Rotorua District","MALFROY ROAD","120","E"," ","JAMES ST","201410814","25/02/2014","Tue","0845","FD","CE1C","181A 331A 351A ","","R","D","B ","F "," "," ","C","050","0","0","1","","","1884120","5773174",