"TLA NAME","CRASH ROAD","CRASH DIST","CRASH DIRN","INTSN","SIDE ROAD","CRASH ID","CRASH DATE","CRASH DOW","CRASH TIME","MVMT","VEHICLES","CAUSES","OBJECTS STRUCK","ROAD CURVE","ROAD WET","LIGHT","WTHRa","JUNC TYPE","TRAF CTRL","ROAD MARK","SPD LIM","CRASH FATAL CNT","CRASH SEV CNT","CRASH MIN CNT","PERS AGE1","PERS AGE2","EASTING","NORTHING"
"Rotorua District","MALFROY ROAD",""," ","I","JAMES ST","201431071","19/02/2014","Wed","1530","FD","CW1C","181A 350A ","","R","D","B ","F ","T","N","C","050","0","0","0","","","1884000","5773179",
"Rotorua District","MALFROY ROAD",""," ","I","RANOLF ST","201430546","27/01/2014","Mon","0857","HA","4E1C","302A ","","E","D","O ","F ","R","G","R","050","0","0","0","","","1884544","5773158",
"Rotorua District","MALFROY ROAD WEST","15","W"," ","KAHU ST","201437729","04/06/2014","Wed","0819","EA","CE1C","129A 363A 902 ","M","R","D","B ","F "," "," ","C","050","0","0","0","","","1883073","5772962",
"Rotorua District","MALFROY ROAD WEST","20","W"," ","OLD TAUPO ROAD","201435337","03/05/2014","Sat","1800","MF","CW14","371B ","","R","D","DO","F "," "," ","P","050","0","0","0","","","1883723","5773184",
"Rotorua District","MANIATUTU ROAD","30","E"," ","OTARAMARAE ROAD","201430543","27/01/2014","Mon","1543","DA","4W1","410A ","C","M","D","O ","F ","T","G","C","100","0","0","0","","","1895701","5788003",
"Rotorua District","MCCAHON DRIVE","200","E"," ","HODGKINS ST","201430547","29/01/2014","Wed","0930","QD","4E1","428A ","FK","M","D","B ","F "," "," ","N","050","0","0","0","","","1881102","5773707",
"Rotorua District","MOUNT VIEW DRIVE","360","E"," ","PEDLAR ST","201430189","09/01/2014","Thu","0500","DA","VW1","111A 131A 801 ","KX","E","W","DF","L "," "," ","N","050","0","0","0","","","1882556","5774050",
"Rotorua District","MOUNTAIN ROAD","980","N"," ","CLAYTON ROAD","201411897","26/03/2014","Wed","1804","DB","MS1","111A 131A ","","M","D","BN","F "," ","N","C","050","0","1","0","","","1880918","5775338",
"Rotorua District","OKAREKA LOOP ROAD","60","E"," ","SUMMIT ROAD S","201412271","21/05/2014","Wed","2145","DA","CS1","110A 402A ","CT","M","D","DN","F "," ","N","C","100","0","0","1","","","1893301","5769464",
"Rotorua District","OLD QUARRY ROAD","10","E"," ","KOKAKO ST","201410602","23/02/2014","Sun","0200","CB","CE1","103A 112A ","FHT","R","W","DN","F ","T","N","C","050","0","0","1","","","1882607","5776209",
"Rotorua District","OLD QUARRY ROAD","80","W"," ","SH 5","201410174","29/01/2014","Wed","1455","NA","CW1E","727B ","","R","D","B ","F "," "," ","C","050","0","0","1","2","","1882806","5776327",
"Rotorua District","OTONGA ROAD","30","S"," ","DEVON ST WEST","201411002","11/01/2014","Sat","1437","NA","CS1E","197A 727B ","","R","D","B ","F "," "," ","C","050","0","0","2","4","","1883924","5772148",
"Rotorua District","OTONGA ROAD","20","S"," ","SH 5","201430894","25/02/2014","Tue","1351","MF","CS1C","371B ","","R","D","BF","F "," ","N","C","050","0","0","0","","","1883929","5772157",
"Rotorua District","OTUROA ROAD","690","W"," ","ANDERSON ROAD","201430147","17/01/2014","Fri","2038","DA","ME1","111A 131A 804 ","V","M","D","DN","F "," ","N","N","100","0","0","0","","","1875437","5785671",
"Rotorua District","OTUROA ROAD","1160","E"," ","BOORD ROAD","201436679","23/05/2014","Fri","0930","GE","VW1O","157A 144B 929 ","","M","D","O ","F ","D","N","C","100","0","0","0","","","1872228","5785596",
"Rotorua District","OTUROA ROAD","100","W"," ","SH 36","201430428","17/01/2014","Fri","1630","MG","TE1C","371A 386A ","","R","D","B ","F "," ","N","C","080","0","0","0","","","1881358","5782921",
"Rotorua District","PARADISE VALLEY ROAD","900","N"," ","ENDEAN ROAD","201410309","03/01/2014","Fri","1445","BB","CN1V","129A 404A ","CC","M","D","BN","F "," ","N","C","100","0","0","1","","","1875636","5775743",
"Rotorua District","PUKEHANGI ROAD","50","S"," ","MATIPO AVENUE","201431324","08/03/2014","Sat","1720","AO","MS1C","357A 512A ","","R","D","BF","F "," ","N","C","050","0","0","0","","","1881861","5772319",
"Rotorua District","PUKUATUA ST","20","W"," ","HINEMARU ST","201437421","20/05/2014","Tue","0930","QD","TW1C","428A ","","R","D","B ","F "," "," ","R","050","0","0","0","","","1885313","5773991",
"Rotorua District","PUKUATUA ST",""," ","I","RANOLF ST","201435433","10/04/2014","Thu","1832","HA","CW1C","302A 375A ","","M","D","TO","F ","R","G","R","050","0","0","0","","","1884604","5774014",
"Rotorua District","PUKUATUA ST","20","E"," ","TUTANEKAI ST","201436461","05/05/2014","Mon","1650","ME","TW1C","371B ","","R","W","OF","L "," ","N","R","050","0","0","0","","","1885003","5774001",
"Rotorua District","RANOLF ST","30","N"," ","ARAWA ST","201431654","24/01/2014","Fri","1602","AO","4S1C","129A ","","R","D","B ","F ","R","G","R","050","0","0","0","","","1884594","5774277",
"Rotorua District","RANOLF ST",""," ","I","ERUERA ST","201430542","09/01/2014","Thu","1534","HA","CS1C","302B ","","R","D","B ","F ","X","G","R","050","0","0","0","","","1884585","5773795",
"Rotorua District","RANOLF ST","10","S"," ","HINEMOA ST","201410978","24/01/2014","Fri","1400","NB","CN1E","711B ","","R","D","BF","F ","X","G","R","050","0","0","1","77","","1884589","5773896",
"Rotorua District","RANOLF ST",""," ","I","HINEMOA ST","201436240","19/05/2014","Mon","2020","KB","CN1C","302B ","","R","D","DO","F ","X","G","R","050","0","0","0","","","1884589","5773906",
"Rotorua District","RANOLF ST","30","N"," ","MALFROY ROAD","201437731","29/05/2014","Thu","1707","FD","CS14C","110A 331A 358A ","","R","D","TO","F "," "," ","C","050","0","0","0","","","","",
"Rotorua District","RANOLF ST",""," ","I","MALFROY ROAD","201434543","17/04/2014","Thu","1920","HA","CN1C","302A 375A ","","R","W","DO","L ","R","G","C","050","0","0","0","","","1884556","5773145",
"Rotorua District","RANOLF ST",""," ","I","MALFROY ROAD","201437420","20/05/2014","Tue","0703","HA","CE2C","302A 375A 904 ","","E","W","O ","M ","R","G","R","050","0","0","0","","","1884544","5773158",
"Rotorua District","RANOLF ST",""," ","I","MALFROY ROAD","201435847","21/04/2014","Mon","0715","FB","CN1C","181A ","","E","W","OF","L ","R","G","R","050","0","0","0","","","1884556","5773140",
"Rotorua District","SH 33","10000","E"," ","MANIATUTU ROAD","201413615","03/06/2014","Tue","1350","BF","CS1V","131A 407A ","G","R","D","B ","F "," "," ","L","100","0","0","1","","","","",
"Rotorua District","SPRINGFIELD ROAD",""," ","I","MCDOWELL ST","201412471","28/04/2014","Mon","1115","JA","TW1C","301B 375B ","","R","W","O ","F ","T","S","C","050","0","0","2","","","1883137","5771520",
"Rotorua District","SPRINGFIELD ROAD","100","W"," ","OTONGA ROAD","201431420","28/02/2014","Fri","1540","CB","CE1","137A 350A ","P","R","D","BF","F "," ","N","C","050","0","0","0","","","1883409","5771464",
"Rotorua District","SUMNER ST","20","W"," ","FENTON ST","201433249","10/03/2014","Mon","0745","EA","4E1B","129A ","M","R","D","BF","F "," ","N","N","050","0","0","0","","","1885102","5772312",
"Rotorua District","TARAWERA ROAD","700","W"," ","MEAD ROAD","201435019","27/01/2014","Mon","0030","DA","CN1","131A 410A ","T","E","W","DN","L "," ","N","C","100","0","0","0","","","1892963","5765766",
"Rotorua District","TUTANEKAI ST","20","S"," ","LAKE ROAD","201432130","22/03/2014","Sat","1745","MO","VS1C","371A ","M","R","D","B ","F "," ","N","C","050","0","0","0","","","1885002","5774599",
"Rotorua District","VAUGHAN ROAD","20","S"," ","HONA ROAD","201435016","22/04/2014","Tue","0825","GD","CN1C","181A 333A ","M","R","D","B ","F ","T","N","C","050","0","0","0","","","1886935","5772764",
"Rotorua District","WAIMANGU ROAD","9700","E"," ","SH 5","201433290","03/01/2014","Fri","1038","DA","CE1","131A 404A ","","M","D","B ","F "," "," ","C","100","0","0","0","","","","",
"Rotorua District","YORK ST","100","E"," ","SH 5","201410979","21/02/2014","Fri","1510","NA","VE1E","711B ","","R","D","BF","F "," ","N","C","050","0","0","1","9","","1883869","5773066",
"Rotorua District","Z CPK ROTORUA MALL","80","E"," ","RANOLF ST","201411929","12/04/2014","Sat","1600","NB","CN1E","712B 713B ","","R","D","OF","F "," ","N","N","020","0","0","1","","","1884640","5773598",
"Rotorua District","30/120/4.154","500","S"," ","NICHOLSON ROAD","201410175","13/01/2014","Mon","1320","FA","CS1O","331A 350A ","","R","D","B ","F "," "," ","C","100","0","0","1","","","1874487","5756371",
"Rotorua District","30/120/4.66","4000","N"," ","YAK ROAD (FORESTRY)","201431075","22/02/2014","Sat","0728","DA","CS1","104A 131A ","X","E","W","O ","L "," ","N","C","100","0","0","0","","","1874920","5756627",
"Rotorua District","30/131/2.268","50","N"," ","APIRANA ROAD N","201436457","10/05/2014","Sat","0020","EC","CE1","912 ","W","E","D","DN","M "," ","N","C","100","0","0","0","","","1878154","5763121",
"Rotorua District","30/144/0",""," ","I","SH 5","201432131","22/03/2014","Sat","","HA","4N1C","301B 404B ","","E","D","B ","F ","T","S","C","070","0","0","0","","","1884379","5770782",
"Rotorua District","30/144/1.136",""," ","I","SH 30","201433731","18/03/2014","Tue","1300","HA","CS2C","302A ","","M","D","B ","F ","R","G","R","050","0","0","0","","","1885094","5771554",
"Rotorua District","FENTON ST",""," ","I","30/144/1.159","201411928","04/04/2014","Fri","1550","GB","SW2T","158A ","","R","D","BF","F ","R","G","R","050","0","0","1","","39","1885109","5771569",
"Rotorua District","FENTON ST",""," ","I","30/144/1.206","201437424","30/05/2014","Fri","0841","KA","CS1C","302B 375B 801 ","","M","W","O ","L ","R","G","C","050","0","0","0","","","1885109","5771569",
"Rotorua District","30/144/1.531","80","W"," ","NELSON ST","201430544","29/01/2014","Wed","1513","QD","VW1","428A 929 ","F","R","D","B ","F ","D","N","C","050","0","0","0","","","1885481","5771554",
"Rotorua District","30/147/0.1","100","E"," ","SALA ST","201432960","14/03/2014","Fri","1625","FD","CW1C","331A 350A ","","R","D","B ","F "," "," ","R","050","0","0","0","","","1886301","5772455",
"Rotorua District","30/147/0.499",""," ","I","HAMIORA PLACE","201433760","19/03/2014","Wed","1610","FA","4W1VC","181A 191B 302C ","","R","D","B ","F ","T","G","R","070","0","0","0","","","1886687","5772512",
"Rotorua District","30/147/0.835","150","W"," ","TARAWERA ROAD","201431381","20/02/2014","Thu","1000","AC","TW1C","372A 671A ","","R","D","BF","F "," ","N","R","060","0","0","0","","","1886996","5772644",
"Rotorua District","30/147/0.975",""," ","I","TARAWERA ROAD","201432934","07/03/2014","Fri","0935","GC","CE1C","171B 507B ","","E","D","O ","F ","R","G","C","060","0","0","0","","","1887126","5772717",
"Rotorua District","30/147/0.987",""," ","I","TARAWERA ROAD","201436678","25/05/2014","Sun","0900","AC","CE1C","330A 372A ","","M","D","O ","F ","R","G","P","060","0","0","0","","","1887127","5772723",
"Rotorua District","30/147/1.776",""," ","I","ILES ROAD","201436666","22/05/2014","Thu","0830","JA","4S1C","302B 375B ","","R","D","B ","F ","T","G","C","060","0","0","0","","","1887758","5773150",
"Rotorua District","30/147/2.59","150","N"," ","TENNYSON DRIVE","201434194","26/04/2014","Sat","1822","MO","CN1","423A ","H","R","D","TO","F "," "," ","N","050","0","0","0","","","1888373","5773700",
"Rotorua District","30/147/2.63","180","N"," ","TENNYSON DRIVE","201410692","14/02/2014","Fri","1615","FD","CS14C","181A ","","R","D","B ","F "," ","N","C","050","0","0","2","","","1888395","5773720",
"Rotorua District","30/147/3.129","50","W"," ","BRENT ROAD","201437423","22/05/2014","Thu","0900","FD","CE1C","181A 331A ","","R","D","B ","F "," "," ","C","060","0","0","0","","","1888773","5774060",
"Rotorua District","30/147/3.14","50","S"," ","BRENT ROAD","201432933","13/03/2014","Thu","2035","FD","CS1CC","331A 358A ","","R","D","DO","F "," "," ","C","060","0","0","0","","","1888773","5774060",
"Rotorua District","30/147/3.37",""," ","I","OWHATA ROAD","201431076","17/02/2014","Mon","2000","LB","CE1C","302A 358A ","","E","D","B ","F ","R","G","R","060","0","0","0","","","1888937","5774205",
"Rotorua District","30/147/10.134",""," ","I","RANGITEAORERE ROAD","201435432","09/04/2014","Wed","1830","GD","CS1V","181A ","","R","D","TO","F ","T","N","C","100","0","0","0","","","1891789","5779948",
"Rotorua District","30/147/10.134",""," ","I","RANGITEAORERE ROAD","201435431","09/04/2014","Wed","1830","GD","CS1V","181A ","","R","D","TO","F ","T","G","L","100","0","0","0","","","1891789","5779948",
"Rotorua District","30/158/4.423","330","W"," ","TUMOANA ROAD","201432193","16/02/2014","Sun","0717","DA","CW1","103A 111A ","CT","E","D","O ","F "," ","N","L","100","0","0","0","","","1895490","5782085",
"Rotorua District","30/187/0.4","400","E"," ","MATAHI ROAD","201412730","07/02/2014","Fri","1645","DA","CE1","111A 131A ","C","S","W","ON","L "," ","N","C","100","0","0","1","","","1916294","5780870",
"Rotorua District","30A/0/0.114","100","E"," ","SH 5","201433821","07/04/2014","Mon","1545","AA","CW1V","386A ","","R","D","B ","F "," "," ","L","060","0","0","0","","","1883664","5774047",
"Rotorua District","30A/0/0.352","20","W"," ","TAREWA ROAD","201437735","01/06/2014","Sun","1500","AA","CW1C","372A ","","R","D","O ","F "," "," ","R","050","0","0","0","","","1883902","5774036",
"Rotorua District","30A/0/0.372",""," ","I","TAREWA ROAD","201430434","23/01/2014","Thu","1920","BB","CW1C","124A 350A ","","E","D","B ","F ","T","S","C","050","0","0","0","","","1883922","5774035",
"Rotorua District","30A/0/0.51",""," ","I","PUKUATUA ST","201435129","07/04/2014","Mon","0940","JA","4E1C","302B 404B ","","E","D","B ","F ","T","G","R","060","0","0","0","","","1884052","5774023",
"Rotorua District","30A/0/0.613",""," ","I","HINEMOA ST","201437227","24/05/2014","Sat","1205","FB","CW2C","181A ","","E","W","OF","L ","M","G","R","050","0","0","0","","","1884065","5773924",
"Rotorua District","30A/0/1.21","30","W"," ","RANOLF ST","201411570","15/03/2014","Sat","1310","FD","4W1C","181A ","","R","W","OF","L "," ","N","C","050","0","0","2","","","1884551","5773680",
"Rotorua District","RANOLF ST",""," ","I","30A/0/1.24","201411305","12/04/2014","Sat","1400","NB","CW2E","718B ","","R","D","BF","F ","X","T","C","050","0","0","1","9","","1884581","5773679",
"Rotorua District","30A/0/1.24",""," ","I","RANOLF ST","201436603","22/05/2014","Thu","1710","FE","CW1C","181A 334A ","","R","D","TF","F ","T","T","C","050","0","0","0","","","1884581","5773679",
"Rotorua District","30A/0/1.24",""," ","I","RANOLF ST","201432133","26/03/2014","Wed","1409","LB","CW1V4","182B 303B 375B ","","R","D","B ","F ","X","T","R","050","0","0","0","","","1884581","5773679",
"Rotorua District","RANOLF ST",""," ","I","30A/0/1.252","201433825","08/02/2014","Sat","1419","LB","CS1C","303B ","","R","D","O ","M ","X","T","R","050","0","0","0","","","1884581","5773691",
"Rotorua District","30A/0/1.267","15","E"," ","RANOLF ST","201435018","23/04/2014","Wed","1700","FD","4E1CC","331A 350A ","","R","D","B ","F ","X","G","R","050","0","0","0","","","1884596","5773690",
"Rotorua District","30A/0/1.408",""," ","I","AMOHIA ST","201410098","06/02/2014","Thu","2140","LB","CE1C","197A 103B 303B ","","R","D","DO","F ","X","T","R","050","0","0","1","","","1884737","5773685",
"Rotorua District","30A/0/1.832",""," ","I","FENTON ST","201431379","03/03/2014","Mon","1307","LB","CW1C","303B 375B 841 ","","R","D","OF","F ","X","G","C","050","0","0","0","","","1885172","5773658",
"Rotorua District","MARGUERITA ST W",""," ","I","30A/0/3.191","201435434","04/04/2014","Fri","1740","DA","CS1","103A 131A ","FT","E"," ","BF","F ","T","S","R","050","0","0","0","","","1885858","5772670",
"Rotorua District","30A/0/3.191",""," ","I","MARGUERITA ST","201433824","02/03/2014","Sun","1006","LB","CW1C","303B ","","R","D","B ","F ","T","G","R","070","0","0","0","","","1885858","5772670",
"Rotorua District","30A/0/3.606",""," ","I","SH 30 SALA","201436880","26/05/2014","Mon","1623","FE","CE1C","112A 331A 514A ","P","R","W","B ","F ","T","T","R","070","0","0","0","","","1886206","5772485",
"Rotorua District","33/0/0",""," ","I","SH 30","201413631","01/06/2014","Sun","1450","LB","MS1MC","692B 303C 375C 387C ","","R","D","B ","F ","T","G","R","100","0","1","1","","","1891739","5780152",
"Rotorua District","33/0/0.2","200","N"," ","SH 30","201432194","19/02/2014","Wed","0520","DA","4N1","134A 410A ","C","M","D","DN","F "," ","N","C","100","0","0","0","","","1891710","5780349",
"Rotorua District","33/0/3.481","150","S"," ","TAKINGA ST","201431421","12/03/2014","Wed","0200","DA","CN1","103A 131A ","","M","D","DN","F "," ","N","C","100","0","0","0","","","1892108","5783436",
"Rotorua District","33/0/4.313",""," ","I","RANGITAITAIA ROAD","201435017","21/04/2014","Mon","1310","JA","CS1C","301B 375B ","","R","D","O ","F ","T","S","C","080","0","0","0","","","1892374","5784204",
"Rotorua District","36/28/8.101","420","N"," ","JACKSON ROAD","201430019","05/01/2014","Sun","1630","DB","CN1","131A ","","M","W","ON","H "," ","N","C","100","0","0","0","","","1881865","5788310",
"Rotorua District","36/28/11.079","1020","N"," ","HAMURANA ROAD","201433882","04/04/2014","Fri","2025","FO","CS1C","181A 191B ","","R","W","DN","F "," "," ","C","100","0","0","0","","","1882427","5785748",
"Rotorua District","36/28/13.631",""," ","I","GLOUCESTER ROAD","201432190","15/02/2014","Sat","1425","KB","VS14","302B 375B ","","R","D","B ","F ","T","G","C","100","0","0","0","","","1881993","5783798",
"Rotorua District","36/28/13.97",""," ","I","CENTRAL ROAD","201430018","05/01/2014","Sun","1400","DA","CN1","131A ","P","S","W","ON","L ","T","S","C","100","0","0","0","","","1881703","5783623",
"Rotorua District","36/28/14.02","50","S"," ","CENTRAL ROAD","201436458","10/05/2014","Sat","1915","EC","CS1","912 ","W","M","D","DO","F "," ","N","C","100","0","0","0","","","1881693","5783574",
"Rotorua District","36/28/14.46","380","N"," ","OTUROA ROAD","201410004","09/01/2014","Thu","1617","DA","VN1","111A 129A 131A 801 ","K","M","W","O ","L "," "," ","C","100","0","0","1","","","1881469","5783256",
"Rotorua District","36/28/16.076","400","N"," ","WAITETI ROAD","201437732","01/06/2014","Sun","0118","DA","CN1","103A 129A ","V","E","D","DN","F "," "," ","C","100","0","0","0","","","1881089","5781735",
"Rotorua District","36/28/17.337",""," ","I","HOOD ST","201432132","24/03/2014","Mon","1800","JA","CN1C","302B 375B ","","R","D","O ","F ","T","G","C","050","0","0","0","","","1881646","5780650",
"Rotorua District","36/28/18.131","100","N"," ","STEMBRIDGE ROAD","201411775","02/04/2014","Wed","0756","MC","CN14","372B ","","R","D","B ","F "," "," ","P","050","0","0","1","","","1881732","5779906",
"Rotorua District","38/0/0.25","250","E"," ","SH 5","201434667","31/03/2014","Mon","1923","QD","TW1","611A ","C","R","D","BF","F "," ","N","C","100","0","0","0","","","1895575","5754285",
"Rotorua District","5/29/2.222",""," ","I","OTUROA ROAD","201412058","17/04/2014","Thu","2205","CB","CE1","110A 132A 361A ","C","R","W","DO","F ","T","S","C","100","0","0","1","","","1869966","5784149",
"Rotorua District","5/29/7.355","2700","W"," ","DALBETH ROAD","201435846","26/03/2014","Wed","0952","DB","TE1","135A 407A 812 ","","E","D","BN","F "," ","N","C","090","0","0","0","","","1874277","5781590",
"Rotorua District","5/29/14.97","15","W"," ","PARADISE VALLEY ROAD","201436462","14/05/2014","Wed","0825","GD","CW14","181A 927 ","","R","W","BF","F ","D","N","P","100","0","0","0","","","1880862","5779547",
"Rotorua District","5/45/0.403",""," ","I","HENDERSON ROAD","201430541","18/01/2014","Sat","2335","DB","CN1","131A 363A ","C","M","D","DO","F ","T","S","L","080","0","0","0","","","1882044","5779052",
"Rotorua District","5/45/1.512","950","N"," ","BARNARD ROAD","201435336","01/05/2014","Thu","1723","FD","4N1C","181A ","","E","D","B ","F "," "," ","L","080","0","0","0","","","1882494","5778038",
"Rotorua District","5/45/1.862","600","N"," ","BARNARD ROAD","201434542","19/04/2014","Sat","2137","CB","CS1","129A ","S","R","W","DO","L "," ","N","R","060","0","0","0","","","1882491","5777696",
"Rotorua District","5/47/0.03","30","S"," ","BARNARD ROAD","201432411","03/03/2014","Mon","","FD","CN1CCC","331A ","","R","D","B ","F "," "," ","R","060","0","0","0","","","1882596","5777090",
"Rotorua District","5/47/0.371","5","N"," ","KAWAHA POINT ROAD","201434197","05/03/2014","Wed","1355","FE","CS1C","108A 331A ","","R","D","B ","F ","T","T","R","060","0","0","0","","","1882717","5776771",
"Rotorua District","5/47/0.754","50","N"," ","OLD QUARRY ROAD","201431380","28/02/2014","Fri","2125","FE","VN14","181A ","","R","D","BF","F "," ","T","C","060","0","0","0","","","1882857","5776414",
"Rotorua District","5/47/0.804",""," ","I","OLD QUARRY ROAD","201434541","17/04/2014","Thu","0830","NB","CS1E","713B ","","R","D","BF","F ","T","G","R","060","0","0","0","","","1882875","5776367",
"Rotorua District","5/47/1.904","40","S"," ","LAKE ROAD","201433823","08/04/2014","Tue","1820","GA","CS1C","181A 331A 926 ","","R","D","O ","F ","D","N","R","060","0","0","0","","","1883275","5775345",
"Rotorua District","5/47/2.935",""," ","I","DEPOT ST","201412696","07/04/2014","Mon","1120","LB","SS1C","303B 375B ","","R","D","BF","F ","T","G","R","050","0","0","1","","25","1883503","5774344",
"Rotorua District","5/50/0",""," ","I","SH 30A","201431070","14/02/2014","Fri","2207","FE","VW1C","181A 427A ","","R","D","DO","F ","T","T","R","050","0","0","0","","","1883551","5774056",
"Rotorua District","5/50/0.884",""," ","I","MALFROY ROAD WEST","201411927","04/04/2014","Fri","0815","CB","CE2","410A 504A ","P","R","D","DO","F ","X","T","C","050","0","0","1","","","1883742","5773188",
"Rotorua District","5/50/3.411","50","N"," ","SH 30 HEMO","201412353","16/04/2014","Wed","1544","MC","CN1C","102A 102B 372B 404B 903 ","","R","D","O ","FS"," "," ","C","100","0","0","3","","","1884351","5770824",
"Rotorua District","5/50/3.441","20","S"," ","SH 30","201430548","01/02/2014","Sat","1739","DA","CS1","506A ","X","E","D","B ","F "," "," ","N","050","0","0","0","","","1884368","5770799",
"Rotorua District","5/56/5.205","5000","S"," ","WAIPA MILL ROAD","201435335","04/05/2014","Sun","1500","DA","4S1","103A 131A ","","E","D","B ","F "," "," ","C","100","0","0","0","","","1886196","5765345",
"Rotorua District","5/67/0.5","500","S"," ","HIGHLANDS LOOP ROAD","201410240","20/01/2014","Mon","2315","CC","VN1","130A 410A ","C","R","W","DN","L "," ","N","C","100","0","0","1","","","1890111","5761538",
"Rotorua District","5/67/3.005","6000","S"," ","WAIPA SOUTH MILL ENT","201430276","06/01/2014","Mon","1420","CB","CN1","129A 130A 410A ","CX","R","D","B ","F "," "," ","C","100","0","0","0","","","1891106","5759441",
"Rotorua District","5/77/3.494","50","S"," ","WAIKITE VALLEY ROAD","201434668","14/04/2014","Mon","2025","BA","VS1C","125A 404A ","","R","D","DO","F "," ","N","P","100","0","0","0","","","1893994","5751122",
"Rotorua District","5/77/3.544","100","S"," ","WAIKITE VALLEY ROAD","201430841","02/01/2014","Thu","1205","LB","CN1V","303B 375B 927 ","","E","D","BF","F ","D","N","P","100","0","0","0","","","1893986","5751072",
"Rotorua District","5/77/7.501","2500","S"," ","WAIOTAPU LOOP ROAD S","201410686","25/02/2014","Tue","0430","DA","4S1","111A 407A ","C","E","D","DN","F "," ","N","N","050","0","0","2","","","1892553","5747622",
"Rotorua District","5/77/9.215",""," ","I","SETTLERS ROAD","201438102","29/04/2014","Tue","2119","JA","CS1C","302B 375B ","","E","D","DO","F ","T","G","C","100","0","0","0","","","1891918","5746071",
"Rotorua District","5/77/10.215","1000","S"," ","SETTLERS ROAD","201410526","23/01/2014","Thu","1721","CB","VN1","136A 631A ","F","R","D","BN","F "," ","N","C","100","0","0","2","","","1891454","5745192",
"Rotorua District","5/77/21.442","310","N"," ","TUTUKAU ROAD","201400058","23/03/2014","Sun","0740","BF","CN1C","131A 402A 412A ","","E","D","BN","F "," "," ","C","100","1","1","0","","","1887323","5735543",
"Ruapehu District","BELL ROAD","120","S"," ","WARD ST","201436119","17/04/2014","Thu","1135","KA","TW1C","308B 901 929 ","","R","W","O ","H ","D","N","C","050","0","0","0","","","1795817","5693886",
"Ruapehu District","MANUAUTE ST","50","S"," ","SH 4","201412849","17/04/2014","Thu","1418","MO","CE1","133A 801 ","HKX","R","W","O ","L "," "," ","N","050","0","1","0","","","1796284","5693717",
"Ruapehu District","MARSACK ROAD","610","W"," ","RACECOURSE ROAD","201432727","26/02/2014","Wed","1500","DA","VE1","101A 131A 138A 402A ","","M","D","B ","F "," "," ","N","100","0","0","0","","","1798972","5693009",
"Ruapehu District","ONGARUE-WAIMIHA ROAD","1210","N"," ","ONGARUE VILLAGE ROAD","201400080","10/04/2014","Thu","1005","CC","ON1","129A 134A ","EX","R","D","O ","F "," "," ","C","100","1","0","0","","","1798858","5712976",
"Ruapehu District","PORO-O-TARAO ROAD","2000","S"," ","TAPUWAE ROAD","201411253","24/02/2014","Mon","1100","DA","TN1","129A 131A ","","M","D","B ","F "," "," ","C","100","0","0","1","","","1802250","5728886",
"Ruapehu District","RAETIHI OHAKUNE ROAD","1000","E"," ","NGAPAKIHI ROAD","201431518","23/01/2014","Thu","2100","DB","CE1","103A 111A 131A ","F","E","D","TN","F "," ","N","C","100","0","0","0","","","1799317","5632802",
"Ruapehu District","SEDDON ST","20","W"," ","SH 4","201432648","15/03/2014","Sat","1000","CC","CE1C","103A 112A 132A ","M","R","D","B ","F ","X","S","C","050","0","0","0","","","1796388","5633289",
"Ruapehu District","TAUPO ROAD",""," ","I","POROU ST","201431732","09/01/2014","Thu","1250","HA","4E1C","302B ","","R","D","O ","F ","X","G","C","050","0","0","0","","","1799070","5693499",
"Ruapehu District","WAITEWHENA ROAD","1330","E"," ","HAPURUA ROAD","201411656","15/01/2014","Wed","1615","BB","TN1C","129A 101B ","","S","D","ON","F "," ","N","N","100","0","0","1","","","1773557","5704531",
"Ruapehu District","1N/794/19.491",""," ","I","RUAPEHU ROAD","201437605","26/05/2014","Mon","0925","LB","CS14","370A 602A 632A 303B 375B 378B ","","R","W","O ","F ","T","S","P","100","0","0","0","","","1829834","5627933",
"Ruapehu District","1N/815/0.886","490","S"," ","HASSETT DRIVE","201410513","17/01/2014","Fri","0950","DA","CS1","131A 358A ","F","E","D","ON","F "," ","N","C","100","0","0","2","","","1829686","5625991",
"Ruapehu District","1N/815/0.945","1750","N"," ","WAIOURU RAIL OBR","201431519","10/01/2014","Fri","2015","DA","CS1","129A 134A 358A ","S","E","D","ON","F "," ","N","L","100","0","0","0","","","1829689","5625932",
"Ruapehu District","1N/815/6.286","1400","N"," ","WAIARUHE ROAD","201431781","13/02/2014","Thu","1310","AD","CN1T","137A 156A 404A 831 ","","E","D","B ","F "," "," ","C","100","0","0","0","","","1830653","5620982",
"Ruapehu District","1N/815/9.626","1940","S"," ","WAIARUHE ROAD","201433777","06/02/2014","Thu","1035","DA","CS1","129A 131A 410A ","F","E","D","B ","F "," "," ","C","100","0","0","0","","","1831555","5618270",