"TLA NAME","CRASH ROAD","CRASH DIST","CRASH DIRN","INTSN","SIDE ROAD","CRASH ID","CRASH DATE","CRASH DOW","CRASH TIME","MVMT","VEHICLES","CAUSES","OBJECTS STRUCK","ROAD CURVE","ROAD WET","LIGHT","WTHRa","JUNC TYPE","TRAF CTRL","ROAD MARK","SPD LIM","CRASH FATAL CNT","CRASH SEV CNT","CRASH MIN CNT","PERS AGE1","PERS AGE2","EASTING","NORTHING"
"South Waikato District","5/8/0",""," ","I","SH 28 E","201413213","31/05/2014","Sat","1750","JA","ME1C","302B 375B ","","R","D","DO","F ","T","G","R","100","0","1","1","","","1849827","5791339",
"South Waikato District","5/8/0.05","50","E"," ","SH 28 HARWOODS","201431399","21/01/2014","Tue","","FD","CE1C","181A ","","R","D","BF","FS"," ","N","L","100","0","0","0","","","1849877","5791338",
"South Waikato District","5/8/10.066","9200","N"," ","GALAXY ROAD","201433494","19/03/2014","Wed","2320","DB","CN1","103A ","KT","M","D","DN","F "," ","N","C","100","0","0","0","","","1858968","5788247",
"South Waikato District","5/8/14.712","10000","E"," ","TAPAPA ROAD","201431446","07/03/2014","Fri","0703","DB","CW1","135A 804 817 ","E","E","D","BN","F "," ","N","N","100","0","0","0","","","1862977","5786412",
"South Waikato District","5/8/18.695","3500","W"," ","MARAEROA ROAD","201431445","06/03/2014","Thu","2005","CB","CW1","135A 804 817 ","","R","D","TN","F "," ","N","N","100","0","0","0","","","1866818","5785822",
"South Wairarapa District","FOX ST",""," ","I","BIRDWOOD ST","201434891","26/03/2014","Wed","1410","HA","CS1C","302B 375B ","","R","D","BF","F ","X","G","C","050","0","0","0","","","1795418","5445609",
"South Wairarapa District","FOX ST",""," ","I","JOHNSTON ST","201431219","21/02/2014","Fri","1402","QC","CS1O","352A ","N","R","D","BF","F ","T","T","C","050","0","0","0","","","1795224","5445760",
"South Wairarapa District","HAURANGI ROAD","3000","S"," ","BLUE ROCK ROAD","201410734","26/03/2014","Wed","1037","DB","MN1","138A 402A 404A ","T","M","D","O ","F "," ","N","N","100","0","1","0","","","1801281","5420321",
"South Wairarapa District","HINAKURA ROAD","3230","E"," ","TE MUNA ROAD","201410331","28/01/2014","Tue","1635","DB","TW1","137A 195A ","C","E","D","ON","F "," ","N","C","100","0","0","1","","","1811076","5430438",
"South Wairarapa District","JELLICOE ST",""," ","I","MALCOLM ST","201435682","10/05/2014","Sat","2145","DC","CW2","112A 133A 801 ","F","R","W","DO","L ","T","G","C","050","0","0","0","","","1805733","5433726",
"South Wairarapa District","JELLICOE ST","20","E"," ","NAPLES ST","201437153","23/05/2014","Fri","1000","EA","VE1C","129A ","M","R","D","OF","F "," ","N","C","050","0","0","0","","","1806073","5433985",
"South Wairarapa District","JOHNSTON ST",""," ","I","BELL ST","201435656","22/04/2014","Tue","0740","HA","CN2B","321A 370A 801 ","","R","W","O ","L ","X","S","C","050","0","0","0","","","1795385","5445921",
"South Wairarapa District","KAHUTARA ROAD","80","S"," ","MARAMARAMAU ROAD","201413402","18/06/2014","Wed","1404","DA","CN1","131A ","FT","M","W","O ","L "," "," ","C","100","0","0","1","","","1798061","5436314",
"South Wairarapa District","KAHUTARA ROAD","90","S"," ","MARAMARAMAU ROAD","201438179","09/05/2014","Fri","1130","DA","TN1","136A 665A ","F","M","D","BN","F "," ","N","C","100","0","0","0","","","1798061","5436304",
"South Wairarapa District","LAKE FERRY ROAD","950","S"," ","KAHUTARA ROAD","201413011","14/05/2014","Wed","0700","DB","CN1","131A 350A ","V","M","W","ON","L "," ","N","L","100","0","0","1","","","1789652","5424117",
"South Wairarapa District","LAKE FERRY ROAD","4000","S"," ","KAHUTARA ROAD","201433185","07/04/2014","Mon","0400","DB","VS1","410A ","V","E","W","DN","L "," "," ","C","100","0","0","0","","","1787225","5422316",
"South Wairarapa District","LAKE FERRY ROAD","3900","W"," ","WHANGAIMOANA ROAD","201413174","18/01/2014","Sat","2050","DB","MS1","103A 129A 134A ","","E","D","DN","F "," "," ","N","100","0","0","1","","","1779207","5415224",
"South Wairarapa District","WATT ST",""," ","I","HARRISON ST WEST","201413051","29/05/2014","Thu","0730","HA","VS1C","302B 382B ","","R","W","OF","L ","X","G","C","050","0","0","2","","","1795178","5446372",
"South Wairarapa District","2/905/0.601","1500","N"," ","NORTH ST","201412532","17/04/2014","Thu","1435","QG","VN1CC","130A 688A 191B 196B 181C 331C 801 ","P","R","W","O ","L "," "," ","C","100","0","0","3","","","1808446","5450911",
"South Wairarapa District","2/905/2.913",""," ","I","MCMASTER ST","201430744","16/02/2014","Sun","1045","GD","CN1C","181A 333A ","","R"," "," F","F ","T","G","C","080","0","0","0","","","1806730","5449458",
"South Wairarapa District","2/905/3.272","50","N"," ","WOOD ST","201411703","27/02/2014","Thu","1903","PF","CN1EV","129A 352A 410A ","M","R","D","B ","F "," "," ","C","050","0","1","0","52","","1806491","5449189",
"South Wairarapa District","2/905/3.342","20","S"," ","WOOD ST","201413107","30/04/2014","Wed","1150","EA","CN1V","129A 331A 402A 412A ","M","R","D","B ","F "," "," ","C","050","0","0","1","","","1806444","5449137",
"South Wairarapa District","2/905/11.562","3000","E"," ","BOUNDARY ROAD","201434878","08/03/2014","Sat","","CB","CE1","103A ","FV","R","D","BN","F "," ","N","L","100","0","0","0","","","1799270","5445391",
"South Wairarapa District","2/905/15.235","10","E"," ","HICKSON ST","201412991","31/05/2014","Sat","1645","EA","CW1C","101A 129A ","M","R","D","TF","F ","X","S","L","050","0","0","1","","","1795629","5445501",
"South Wairarapa District","2/921/3.174",""," ","A","TWIN BR","201434190","10/04/2014","Thu","1631","DA","CS1","135A 806 901 ","C","M","W","O ","H "," "," ","C","100","0","0","0","","","1792491","5446887",
"South Wairarapa District","2/921/5.174","2000","S"," ","TWIN BR","201413206","13/04/2014","Sun","1630","BB","CS1C","110A 123A ","","S","W","O ","L "," ","N","L","100","0","0","1","","","1791092","5446487",
"South Wairarapa District","2/921/7.474","4300","W"," ","RIMUTAKA NO4 BR","201433791","11/04/2014","Fri","0625","DA","CW1","131A 800 ","C","M","W","O ","F "," "," ","L","100","0","0","0","","","1789599","5446735",
"South Wairarapa District","2/921/8.988","1900","W"," ","RIMUTAKA NO7 BR","201432081","12/02/2014","Wed","1952","DA","MW1","111A 133A 800 801 ","","E","W","O ","L "," "," ","L","100","0","0","0","","","1788559","5446434",
"South Wairarapa District","2/921/9.466","1000","E"," ","RIMUTAKA SUMMIT","201434325","06/04/2014","Sun","2037","DA","CE1","131A 191A 801 ","C","M","W","DN","L "," "," ","L","100","0","0","0","","","1788213","5446278",
"South Wairarapa District","53/0/1.463",""," ","I","BOUNDARY ROAD","201411642","21/03/2014","Fri","1340","GB","4E14","158A 387A ","","R","D","BF","F ","X","G","C","100","0","0","1","","","1796114","5444764",
"South Wairarapa District","53/0/13.807","500","E"," ","GEORGES ROAD","201410813","09/02/2014","Sun","1255","CC","MS1","135A 801 810 ","","R","W","O ","L "," "," ","C","100","0","1","0","","","1804001","5437240",
"South Wairarapa District","53/0/14.875",""," ","A","RUAMAHANGA BR","201430373","21/01/2014","Tue","1030","FA","TN1T","181A 330A ","","M","W","O ","H "," ","N","C","080","0","0","0","","","1804598","5436405",
"Southland District","ALMA ST","20","S"," ","SCUTARI ST","201435955","20/04/2014","Sun","0407","CC","CS1","433A ","F","R","W","DO","L "," ","N","C","050","0","0","0","","","1280217","4860897",
"Southland District","BENMORE-KAUANA ROAD","340","N"," ","KAUANA ROAD","201432415","01/02/2014","Sat","0100","CC","4S1","138A ","F","R","D","DN","F "," "," ","N","100","0","0","0","","","1240157","4895518",
"Southland District","BLACKMOUNT-REDCLIFF ROAD","300","S"," ","BLACKMOUNT HILL","201435126","01/04/2014","Tue","1348","DB","CN1","111A 134A 402A ","V","S","D","O ","F "," ","N","C","100","0","0","0","","","1187115","4921045",
"Southland District","CARDIGAN ROAD",""," ","I","WYNDHAM ROAD","201430283","18/01/2014","Sat","1815","HA","CS1V","302A ","","R","D","O ","F ","X","G","C","050","0","0","0","","","1280851","4861441",
"Southland District","CENTRE HILL ROAD","200","E"," ","MAVORA LAKES ROAD","201437033","01/05/2014","Thu","1500","BB","TS14","123A ","","S","D","B ","F "," "," ","N","100","0","0","0","","","1215635","4954318",
"Southland District","CLIFDEN-BLACKMOUNT ROAD","1300","N"," ","MONTEVUE ROAD","201412538","28/04/2014","Mon","2100","DB","CS1","131A 402A 801 ","CV","M","W","DN","L "," "," ","C","100","0","0","2","","","1190172","4908210",
"Southland District","CLIFDEN-BLACKMOUNT ROAD","430","N"," ","SH 99","201430382","23/01/2014","Thu","1140","DA","CS1","129A 131A ","F","M","W","O ","L "," ","N","C","100","0","0","0","","","1191765","4890037",
"Southland District","DANBY ROAD","1500","N"," ","LAGOON CREEK ROAD","201432181","24/01/2014","Fri","1200","MO","VS1","330A 420A ","C","R","D","O ","F "," ","N","N","100","0","0","0","","","1202083","4950965",
"Southland District","EDENDALE-SEAWARD DOWNS RO","360","N"," ","TRIG ROAD","201411650","17/03/2014","Mon","1150","CB","CS1","129A 504A ","F","R","D","BN","F "," ","N","C","100","0","0","1","","","1274012","4856204",
"Southland District","ELGIN TERRACE","200","E"," ","WOHLERS ROAD","201410447","28/01/2014","Tue","2144","DA","PE1","103A 403A ","X","M","D","O ","F "," "," ","N","050","0","0","1","","","1230010","4794509",
"Southland District","GROVE BURN ROAD","3000","N"," ","TERRACE ROAD","201410011","31/01/2014","Fri","1239","BB","VS1V","123A 129A 404A ","","E","D","B ","F "," "," ","N","100","0","2","1","","","1186331","4880409",
"Southland District","HALDANE-CURIO BAY ROAD","600","N"," ","WATSON ROAD","201431768","18/01/2014","Sat","1920","DA","CE1","131A 134A 404A ","V","S","D","O ","F "," ","N","N","100","0","0","0","","","1297142","4827027",
"Southland District","HOLZ ROAD","5700","S"," ","TOKANUI-GORGE HIGHWAY","201411724","10/01/2014","Fri","0500","DB","CN1","103A 111A 131A ","","M","W","O ","L "," "," ","N","100","0","0","1","","","1273607","4836051",
"Southland District","HOME ST","220","S"," ","HILLSIDE-MANAPOURI ROAD","201431184","02/03/2014","Sun","2200","DA","VN1","103A 131A ","P","E","W","DO","F "," ","N","C","050","0","0","0","","","1179535","4940024",
"Southland District","HORSESHOE BAY ROAD","200","S"," ","BACK ROAD","201413250","28/05/2014","Wed","2000","DB","4N1","330A 350A ","","E","D","DN","F "," ","N","C","050","0","0","1","","","1228605","4797132",
"Southland District","ISLAND-EDENDALE ROAD","800","S"," ","KAMAHI ROAD EAST","201433511","09/03/2014","Sun","1200","DA","CS1","135A 804 841 ","","M","D","ON","F "," ","N","C","100","0","0","0","","","1278303","4860011",
"Southland District","JOHN ST","30","E"," ","DURHAM ST","201435986","10/05/2014","Sat","2228","DA","CE14","133A 423A 930 ","M","E","D","DO","F ","D","N","N","050","0","0","0","","","1238787","4879081",
"Southland District","LOCHIEL-BRANXHOLME ROAD","560","N"," ","VINER ROAD","201436141","14/05/2014","Wed","0625","EC","CN1","912 ","W","R","D","DN","F "," "," ","C","100","0","0","0","","","1238097","4865429",
"Southland District","MAIN ROAD",""," ","I","SMITH PLACE","201432057","11/02/2014","Tue","1215","GB","CW14","387A 170B 372B ","","R","D","O ","F ","T","S","C","050","0","0","0","","","1228493","4794578",
"Southland District","MATAURA ISLAND ROAD",""," ","I","SEAWARD DOWNS-GORGE ROAD","201412720","29/04/2014","Tue","1205","JA","CW14","300A 350A ","","S","D","BN","F ","T","G","C","100","0","0","3","","","1273417","4854346",
"Southland District","MATAURA ISLAND ROAD",""," ","I","SEAWARD DOWNS-GORGE ROAD","201432420","25/01/2014","Sat","1500","JA","CS1C","302A 335A ","","M","D","O ","F ","T","G","C","100","0","0","0","","","1273417","4854346",
"Southland District","MATAURA ISLAND-FORTROSE R","200","S"," ","TITIWAEWAE ROAD","201435694","07/05/2014","Wed","0910","QG","TN1","111A 682A 800 812 ","","E","W","O ","F "," "," ","C","100","0","0","0","","","1277120","4842744",
"Southland District","MOUNT YORK ROAD","2100","E"," ","SH 95","201436025","10/04/2014","Thu","1535","DB","CN1","111A 135A 404A 813 ","X","M","D","ON","F "," ","N","N","080","0","0","0","","","","",
"Southland District","NAPIER ST",""," ","I","HAVELOCK ST","201430893","25/02/2014","Tue","1328","HA","4S1C","302B 375B ","","R","D","OF","F ","X","G","C","050","0","0","0","","","1216533","4854740",
"Southland District","NOKOMAI ROAD","3200","E"," ","SH 6","201400022","04/02/2014","Tue","1300","DB","VW1","129A ","B","M","D","BN","F "," ","N","N","100","1","2","3","","","1253643","4945305",
"Southland District","NORTH ROAD","1200","W"," ","OTAUTAU DRUMMOND ROAD","201430161","09/01/2014","Thu","0140","DB","TW1","130A 386A 816 ","F","E","W","DN","L "," ","N","N","100","0","0","0","","","1216251","4876827",
"Southland District","OHAI-CLIFDEN HIGHWAY","1700","W"," ","DEVERY ROAD","201430162","08/01/2014","Wed","1500","DA","CN1","111A 131A 402A 801 810 ","S","S","W","ON","F "," ","N","L","100","0","0","0","","","1197747","4887160",
"Southland District","OPORO FLAT ROAD","200","N"," ","LINCOLN ROAD","201410019","19/02/2014","Wed","0830","DB","CN1T","137A 197A 205B ","F","M","W","O ","F "," "," ","C","100","0","0","1","","","1235708","4865055",
"Southland District","OTAUTAU-TUATAPERE ROAD","500","E"," ","GILL ROAD","201411639","16/03/2014","Sun","1340","DB","CE1","131A ","F","M","D","BF","F "," ","N","L","100","0","0","1","","","1203645","4883730",
"Southland District","OTAUTAU-TUATAPERE ROAD","980","S"," ","GILL ROAD","201410735","15/03/2014","Sat","2245","DB","CW1","134A 135A 804 ","","M","D","DN","F "," ","N","L","100","0","1","0","","","1204114","4883743",
"Southland District","OTAUTAU-TUATAPERE ROAD","1460","W"," ","LOWER SCOTTS GAP ROAD","201434902","31/03/2014","Mon","1830","DB","CW1","131A ","","M","W","DN","L "," ","N","C","100","0","0","0","","","1206890","4883528",
"Southland District","POURAKINO VALLEY ROAD","1430","N"," ","CENTRE ROAD","201436130","01/01/2014","Wed","0100","DB","CS1","131A 813 ","","M","D","DN","F "," "," ","N","100","0","0","0","","","1211145","4860502",
"Southland District","RAMPARTS ROAD","9500","S"," ","SH 94","201410177","28/01/2014","Tue","1030","DA","CS1","111A 131A 817 ","F","M","D","O ","F "," "," ","N","100","0","0","1","","","1189754","4947519",
"Southland District","REDAN ST","300","S"," ","FERRY ST","201437449","25/05/2014","Sun","2100","CB","CN1","110A 135A 803 ","F","R","I","DN","S "," "," ","N","100","0","0","0","","","1279104","4861506",
"Southland District","RIVERSDALE-WAIKAIA ROAD","800","N"," ","HAZELDINE ROAD","201435956","18/04/2014","Fri","2000","DA","CN1","103A 131A ","T","E","D","DN","F "," ","N","C","100","0","0","0","","","1273844","4924690",
"Southland District","RIVERSDALE-WAIKAIA ROAD","350","N"," ","PYRAMID-WAIPARU ROAD","201400091","25/04/2014","Fri","2346","CB","4S1","101A 130A ","B","R","D","DN","F "," "," ","C","100","3","0","0","","","1272636","4921952",
"Southland District","SEAWARD DOWNS ROAD","400","S"," ","MATAURA ISLAND ROAD","201413904","19/05/2014","Mon","1650","DB","CN1","110A 131A ","","M","W","ON","L "," ","N","C","100","0","1","0","","","","",
"Southland District","STIRLING ROAD","110","W"," ","OTAPIRI GORGE ROAD","201434900","20/03/2014","Thu","1010","DB","4W1","129A ","E","S","D","BN","F "," ","N","N","100","0","0","0","","","1247947","4890324",
"Southland District","TAKARO ROAD","4520","N"," ","KAKAPO ROAD","201410545","15/02/2014","Sat","1000","BB","4S14","129A ","","M","D","ON","F "," ","N","N","100","0","1","1","","","1201142","4964833",
"Southland District","TOKANUI-GORGE HIGHWAY","430","E"," ","GREGORY ROAD","201410774","29/03/2014","Sat","2040","DB","CW1","110A 404A ","FT","E","W","DN","F "," ","N","C","100","0","0","1","","","1281111","4835032",
"Southland District","TOKANUI-GORGE ROAD HIGHWA","50","N"," ","CULLODEN ST","201438067","07/06/2014","Sat","1400","DA","4S1","131A 800 ","P","E","W","B ","F "," "," ","C","100","0","0","0","","","","",
"Southland District","TOWN CENTRE","30","E"," ","MIRO ST","201432854","09/03/2014","Sun","1710","EA","CW1C","129A ","M","R","D","B ","F "," "," ","N","050","0","0","0","","","1186460","4957242",
"Southland District","TRAMWAY ROAD WEST","20","E"," ","DACRE-MORTON MAINS ROAD","201436045","10/04/2014","Thu","1950","CB","CW1","130A ","F","R","D","DN","F "," ","N","N","100","0","0","0","","","","",
"Southland District","UNDERWOOD-LINDS BRIDGE RO","300","W"," ","CALYPSO ROAD","201412608","05/02/2014","Wed","1450","CC","CE1","135A 804 ","","R","D","BN","F "," ","N","N","050","0","0","1","","","1241038","4858740",
"Southland District","WAIAU ST","200","S"," ","VIEW ST W","201431179","09/03/2014","Sun","1745","BE","CE1C","112A 125A 500A ","S","R","D","B ","F "," ","N","N","050","0","0","0","","","1179293","4939717",
"Southland District","WINTON SUBSTATION ROAD","300","S"," ","SH 96","201434915","20/02/2014","Thu","1800","DA","CN1","129A ","F","E","D","BF","F "," ","N","N","080","0","0","0","","","1237391","4881048",
"Southland District","WOODLANDS-MORTON MAINS RO","380","E"," ","RAILWAY ROAD","201410107","15/01/2014","Wed","1715","CC","CW1","129A 358A 402A ","FP","R","D","B ","F "," "," ","C","100","0","0","1","","","1260204","4856650",
"Southland District","WREYS BUSH-MOSSBURN ROAD","3900","S"," ","AFFLECK ROAD","201412273","05/04/2014","Sat","1745","DA","4N1","111A 195A ","FP","E","D","O ","F "," ","N","C","100","0","0","1","","","1223033","4916187",
"Southland District","WYNDHAM-MOKORETA ROAD","1800","N"," ","CRAIG ROAD","201436582","18/05/2014","Sun","2300","DA","CS1","129A 134A ","E","E","D","DN","F "," "," ","C","100","0","0","0","","","1293819","4855999",
"Southland District","1S/872/10.823","270","S"," ","COAL PIT ROAD","201437032","24/05/2014","Sat","1820","CB","CS1","130A 802 905 ","","R","I","DN","S "," "," ","C","100","0","0","0","","","1276002","4865025",
"Southland District","1S/900/0.23","230","W"," ","SH 98","201434880","21/03/2014","Fri","2250","DB","CW1","103A 111A 131A 402A ","FP","M","D","DN","F "," ","N","C","100","0","0","0","","","1261256","4861193",
"Southland District","1S/900/6.313","100","S"," ","WOODLANDS CEMETERY ROAD","201412535","04/05/2014","Sun","0615","NA","CS1E","510B 722B ","","R","D","DN","F "," "," ","C","100","0","0","1","20","","1257401","4856577",
"Southland District","1S/900/11.99","200","S"," ","MONA BUSH ROAD","201430156","02/01/2014","Thu","1500","CB","CW1","130A 501A ","T","R","D","ON","F "," ","N","C","100","0","0","0","","","1252505","4853885",
"Southland District","1S/900/12.635","20","S"," ","DAWSON ROAD","201435370","03/05/2014","Sat","2315","EC","XE1","912 ","W","R","D","DN","F "," "," ","C","100","0","0","0","","","1251895","4853677",
"Southland District","6/1061/4.743",""," ","I","EYRE CREEK ROAD","201432289","10/01/2014","Fri","0915","GD","CW1C","331A ","CF","E","D","O ","F ","T","S","L","100","0","0","0","","","1252973","4950917",
"Southland District","6/1079/7.527","300","S"," ","EYRE CREEK ROAD","201435541","29/04/2014","Tue","1600","DB","CW1","131A 352A 423A ","FV","M","D","B ","F "," "," ","C","100","0","0","0","","","1244334","4933810",
"Southland District","6/1079/8.94","250","S"," ","NOKOMAI ROAD","201430538","24/01/2014","Fri","1556","FA","CS1C","150A ","","E","D","B ","F "," "," ","C","100","0","0","0","","","1243879","4932475",
"Southland District","6/1079/14.493",""," ","I","SH 94 N","201436644","03/05/2014","Sat","1610","DB","VN1","111A ","","E","D","O ","F ","T","G","C","100","0","0","0","","","1244675","4927296",
"Southland District","6/1095/1.684","580","S"," ","LANARK ST","201411863","31/03/2014","Mon","1610","DA","CS1","129A 134A ","FT","E","D","BN","F "," ","N","C","100","0","0","1","","","1245876","4923419",
"Southland District","6/1111/1.984","100","N"," ","BELL ROAD","201435537","24/04/2014","Thu","1940","EC","CS1","912 ","W","R","D","DN","F "," "," ","C","100","0","0","0","","","1241192","4909406",
"Southland District","6/1111/6.173","300","S"," ","MAGEE ROAD","201434883","21/03/2014","Fri","0420","CC","CS1","410A ","FP","R","D","DN","F "," ","N","C","100","0","0","0","","","1240411","4905891",
"Southland District","6/1127/6.631",""," ","I","CENTRE BUSH-OTAPIRI ROAD","201438181","02/05/2014","Fri","2345","DC","CW2","103A 335A ","FV","R","D","DN","F ","T","G","C","100","0","0","0","","","1238813","4890139",
"Southland District","6/1127/7.647","150","N"," ","HUNDRED LINE ROAD EAST","201412537","30/04/2014","Wed","2300","DA","CS1","130A 412A ","FV","E","D","DN","FF"," "," ","C","080","0","0","1","","","1238618","4889150",
"Southland District","6/1127/10.669",""," ","I","LIMEHILLS-BROWNS ROAD","201434118","02/04/2014","Wed","2330","DC","CW2","103A 130A 321A ","F","R","D","DN","F ","T","S","C","100","0","0","0","","","1239257","4886320",
"Southland District","6/1143/0.569","300","N"," ","WELSH ROAD","201438172","27/05/2014","Tue","2120","EC","CN1","820 ","D","R","D","DN","F "," ","N","C","100","0","0","0","","","1238854","4880886",
"Southland District","6/1145/0.596","50","N"," ","BUTE ST","201411943","27/03/2014","Thu","1500","NB","4S1E","102A 306A 355A ","","R","D","BF","F "," ","N","X","050","0","0","1","65","","1239085","4879231",
"Southland District","6/1145/0.935",""," ","I","MOORE ROAD","201413617","09/06/2014","Mon","1730","GD","CN1C","197A 331A 350A ","","R","D","DO","F ","T","G","C","050","0","0","1","","","1239227","4878924",
"Southland District","6/1145/10.345",""," ","I","MCKENZIE ROAD","201437808","01/06/2014","Sun","1629","JA","CS1C","301B 375B ","","R","D","O ","F ","T","S","C","100","0","0","0","","","1240758","4870001",
"Southland District","6/1157/7.545","400","S"," ","BRANXHOLME-MAKAREWA ROAD","201410007","07/01/2014","Tue","1345","CB","CS1","129A 130A 901 ","","R","W","O ","H "," "," ","C","100","0","0","1","","","1241820","4860035",
"Southland District","94/43/10.105","500","W"," ","BROWN ROAD","201412721","24/04/2014","Thu","1000","CC","ME1","135A 804 817 ","","R","D","BN","F "," ","N","N","100","0","0","1","","","1249507","4919429",
"Southland District","94/63/16.176",""," ","I","SH 97","201437047","03/06/2014","Tue","0720","JA","CE1C","301B ","","R","D","DO","F ","T","S","C","050","0","0","0","","","1229334","4931531",
"Southland District","94/63/16.58",""," ","I","SURREY ST","201435958","18/04/2014","Fri","1100","KB","4E14","302B 375B ","","R","D","BF","F ","X","G","C","050","0","0","0","","","1228972","4931709",
"Southland District","94/80/1.936","3600","W"," ","MOSSBURN TIP","201437051","26/05/2014","Mon","0841","CA","CW1","110A 130A 802 ","P","R","I","O ","SF"," "," ","C","100","0","0","0","","","1227187","4932506",
"Southland District","94/80/14.104","400","W"," ","CENTRE HILL ROAD","201411969","20/03/2014","Thu","1915","DB","CW1","111A 131A ","E","E","D","TN","F "," ","N","C","100","0","0","1","","","1219131","4940856",
"Southland District","94/99/4.219","4800","E"," ","MAVORA LAKES ROAD","201412579","26/04/2014","Sat","1730","FA","BE1C","181A 191B 404B ","","R","D","O ","F "," "," ","C","100","0","0","2","","","1211116","4942962",
"Southland District","94/99/6.319","2700","E"," ","MAVORA LAKES ROAD","201434987","26/04/2014","Sat","1450","DA","VE1","129A 137A ","V","E","D","BN","F "," ","N","C","100","0","0","0","","","1209445","4944036",
"Southland District","94/99/8.811","6000","E"," ","BLACKMOUNT-REDCLIFF ROAD","201432192","29/01/2014","Wed","1630","DA","CE1","129A 135A ","CS","E","D","O ","FS"," ","N","C","100","0","0","0","","","1207116","4944847",
"Southland District","94/115/7.106","1850","E"," ","HILLSIDE-MANAPOURI ROAD","201410711","16/03/2014","Sun","1949","CB","VW1","110A 402A ","FT","R","W","TN","L "," ","N","C","100","0","0","4","","","1194330","4945712",
"Southland District","94/138/4.166","100","N"," ","PATIENCE BAY DRIVE","201438098","10/06/2014","Tue","2100","EC","CN1","912 ","W","R","D","DN","F "," "," ","C","100","0","0","0","","","1189130","4958941",
"Southland District","94/138/6.058","250","N"," ","SINCLAIR ROAD","201434882","22/03/2014","Sat","1610","DA","CN1","131A 330A ","C","M","D","BF","F "," ","N","L","100","0","0","0","","","1189832","4960448",
"Southland District","94/138/7.308","1500","N"," ","SINCLAIR ROAD","201430844","02/01/2014","Thu","1030","CB","CN1","137A 181A ","T","R","W","ON","H "," ","N","C","100","0","0","0","","","1189758","4961613",
"Southland District","94/150/0.434","6500","N"," ","SINCLAIR ROAD","201432500","29/01/2014","Wed","1000","DA","CN1","129A 404A ","T","M","D","O ","F "," ","N","C","100","0","0","0","","","1190408","4966125",
"Southland District","94/150/3.334","9400","N"," ","SINCLAIR ROAD","201410824","23/02/2014","Sun","1650","EA","CS1V","129A 130A 404A ","Q","R","D","O ","F "," "," ","C","100","0","1","3","","","1190845","4968972",
"Southland District","94/163/9.829",""," ","A","RETFORD STM BR","201430300","04/01/2014","Sat","0830","DA","CS1","134A ","F","E","D","O ","F "," ","N","C","100","0","0","0","","","1197325","4983484",
"Southland District","94/177/5.42","5400","N"," ","DUNTON CRK BR","201430331","05/01/2014","Sun","1500","DB","CN1","110A 404A ","CF","S","W","O ","F "," ","N","C","100","0","0","0","","","1201987","4989391",
"Southland District","94/192/4.739","400","N"," ","MIRROR LAKES","201436160","23/04/2014","Wed","1730","CA","CS1","130A ","","R","W","O ","L "," "," ","C","100","0","0","0","","","1207042","5001697",
"Southland District","94/197/14.039","290","S"," ","LOWER HOLLYFORD ROAD","201431217","23/02/2014","Sun","1320","DA","CS1","111A 131A ","TX","M","W","ON","L "," ","N","C","100","0","0","0","","","1209054","5015149",
"Southland District","94/212/0.219","200","N"," ","PLATO CRK BR","201412574","12/04/2014","Sat","1040","DB","VN1","111A 129A 131A ","ET","M","W","O ","F "," "," ","C","100","0","1","1","","","1209464","5015412",
"Southland District","94/212/14.506","300","E"," ","KAKA CRK BR","201435375","01/05/2014","Thu","1900","DC","CW1","332A 404A ","","M","D","DN","F "," "," ","C","100","0","0","0","","","1212840","5026484",
"Southland District","94/212/16.336","800","W"," ","LOWER HOLLYFORD ROAD","201431183","12/02/2014","Wed","1245","BB","4W14","110A 123A 818 ","G","E","D","O ","F "," ","N","C","100","0","0","0","","","1211456","5025589",
"Southland District","94/212/16.53","260","E"," ","POPS VIEW","201434119","15/02/2014","Sat","1400","BF","CW1C","121A 404A 818 831 ","","M","W","ON","L "," ","N","N","100","0","0","0","","","1211268","5025623",
"Southland District","94/229/2.654","50","W"," ","NO83 CRK BR","201413143","18/05/2014","Sun","1430","DB","CE1","132A 404A ","V","E","W","O ","F "," "," ","C","100","0","0","1","","","1208423","5025805",
"Southland District","94/241/0.566","14000","W"," ","LOWER HOLLYFORD ROAD","201437850","10/04/2014","Thu","1700","DA","BW1","131A 350A ","","S","D","O ","F "," ","N","C","100","0","0","0","","","1202021","5031160",