"TLA NAME","CRASH ROAD","CRASH DIST","CRASH DIRN","INTSN","SIDE ROAD","CRASH ID","CRASH DATE","CRASH DOW","CRASH TIME","MVMT","VEHICLES","CAUSES","OBJECTS STRUCK","ROAD CURVE","ROAD WET","LIGHT","WTHRa","JUNC TYPE","TRAF CTRL","ROAD MARK","SPD LIM","CRASH FATAL CNT","CRASH SEV CNT","CRASH MIN CNT","PERS AGE1","PERS AGE2","EASTING","NORTHING"
"Southland District","94/241/0.735","800","W"," ","HOMER TUNNEL NORTH","201434192","06/02/2014","Thu","0930","BB","BW1C","123A ","","M","D","B ","F "," "," ","C","100","0","0","0","","","1201932","5031026",
"Southland District","94/241/2.148","60","N"," ","CLEDDAU RIV NO 2 BR","201410811","10/02/2014","Mon","1330","FA","CE1S","129A 386A 404A 817 ","","E","D","B ","F "," "," ","C","100","0","0","1","","58","1201384","5031645",
"Southland District","94/241/10.095","70","N"," ","GULLIVER RIV BR","201432400","30/01/2014","Thu","0915","DA","CN1","129A 134A 801 ","T","E","W","O ","L "," "," ","C","100","0","0","0","","","1201574","5037673",
"Southland District","94/241/16.664","620","W"," ","DEEP WATER BASIN ROAD","201432401","04/02/2014","Tue","1130","BC","CS1C","121A 354A 404A ","","M","D","O ","F "," "," ","L","100","0","0","0","","","1197694","5040930",
"Southland District","96/0/14.437","2180","W"," ","LAWRENCE ROAD","201411970","17/03/2014","Mon","1820","DB","CE1","410A ","","E","W","TN","L "," ","N","C","100","0","0","2","","","1266910","4876162",
"Southland District","96/30/4.71","500","E"," ","CHISHOLM ROAD","201431924","14/02/2014","Fri","0015","DA","CW1","111A 131A ","V","E","W","DN","L "," ","N","C","100","0","0","0","","","1250249","4876023",
"Southland District","96/50/1.197",""," ","I","WINTON SUBSTATION ROAD","201432416","25/01/2014","Sat","1656","LB","CW14","303B 375B 404B ","","R","D","B ","F ","X","S","C","100","0","0","0","","","1237431","4881332",
"Southland District","96/50/12.432","1750","N"," ","MAYFIELD ROAD","201410938","07/02/2014","Fri","0626","DA","VN1","102A 131A ","","E","D","TN","F "," ","N","C","100","0","0","1","","","1229028","4885559",
"Southland District","96/66/12.922","150","N"," ","LYNCH ROAD","201437685","03/06/2014","Tue","1730","DB","CN1","130A 363A 902 ","V","E","D","B ","F "," "," ","C","100","0","0","0","","","1219404","4895091",
"Southland District","96/66/14.616","360","E"," ","APARIMA ROAD","201411950","19/03/2014","Wed","1850","DB","CN1","102A 111A 131A 817 ","FX","E","D","TN","F "," ","N","N","100","0","0","2","","","1217906","4895868",
"Southland District","96/84/1.547","120","N"," ","BRAZIER ROAD","201412123","24/03/2014","Mon","2047","DA","CN1","134A 402A ","T","E","D","DN","F "," "," ","C","100","0","1","0","","","1213229","4897961",
"Southland District","97/0/10.446","1790","N"," ","ELLIS ROAD","201410578","29/01/2014","Wed","0110","DA","CS1","411A ","C","E","D","DN","F "," ","N","C","100","0","0","1","","","1237008","4935689",
"Southland District","99/0/5.062","10","W"," ","DUNLOP ST","201433906","20/03/2014","Thu","0913","MA","TW1C","129B 373B ","","R","D","B ","F ","X","G","C","070","0","0","0","","","1237503","4858526",
"Southland District","99/0/5.728","400","E"," ","PRICE ROAD","201430998","16/02/2014","Sun","0500","DA","CW1","103A 131A ","","E","D","DN","F "," ","N","C","100","0","0","0","","","1236987","4858878",
"Southland District","99/0/6.528","400","W"," ","PRICE ROAD","201412546","17/04/2014","Thu","0920","LB","CE1CVC","303B 375B 402B 927 ","BMQ","R","D","B ","F ","D"," ","C","100","0","1","2","","","1236195","4858873",
"Southland District","99/0/7.722",""," ","I","OPORO FLAT ROAD","201412836","19/04/2014","Sat","1126","AD","CW1","130A 407A 632A 801 ","V","E","W","O ","L ","T","G","C","100","0","0","1","","","1235103","4859061",
"Southland District","99/0/14.862",""," ","I","WAIMATUKU FLAT ROAD","201430242","17/01/2014","Fri","1515","GE","TW1C","181A 331A ","","R","D","O ","F ","T","S","C","100","0","0","0","","","1228737","4861463",
"Southland District","99/15/15.447","60","S"," ","JETTY ST","201411968","13/03/2014","Thu","1654","BE","CS14V","103A 129A ","","R","D","BN","F "," ","N","C","050","0","1","1","","","1216279","4854586",
"Southland District","99/46/0.464","200","S"," ","ROUND HILL-WAKAPATU ROAD","201412370","12/04/2014","Sat","2225","EC","CS1","912 ","W","R","D","DN","F "," "," ","C","100","0","0","2","","","1201889","4855752",
"Stratford District","FENTON ST",""," ","I","JULIET ST","201410466","03/03/2014","Mon","0840","HA","CW1V","302B ","","R","W","O ","L ","X","G","C","050","0","0","1","","","1710881","5644608",
"Stratford District","FENTON ST","100","W"," ","SWANSEA ROAD","201431739","04/02/2014","Tue","2020","EA","CW1C4C","129A 331A 350A ","M","R","D","TF","F "," ","N","C","050","0","0","0","","","1711561","5644814",
"Stratford District","MANAIA ROAD","3000","N"," ","OPUNAKE ROAD","201436843","15/04/2014","Tue","1110","BF","CS1C","130A 404A 420A 800 818 ","","E","W","O ","F "," "," ","N","100","0","0","0","","","1698201","5642626",
"Stratford District","MIRANDA ST","100","S"," ","SEYTON ST","201430558","29/01/2014","Wed","1351","AO","CN1C","158A ","","R","D","B ","F "," "," ","C","050","0","0","0","","","1710494","5645108",
"Stratford District","MONMOUTH ROAD","1000","E"," ","PEMBROKE ROAD","201432577","19/03/2014","Wed","1535","GA","CW1T","112A 181A 926 ","","R","D","O ","F ","D","N","C","100","0","0","0","","","1706811","5647111",
"Stratford District","OPUNAKE ROAD",""," ","I","CARDIFF ROAD","201430304","11/01/2014","Sat","1651","JA","4E1C","301B 375B ","","E","D","B ","F ","T","S","C","100","0","0","0","","","1706090","5642470",
"Stratford District","OPUNAKE ROAD","1000","W"," ","HASTIE ROAD","201411966","07/03/2014","Fri","1430","DA","MW1","111A 129A 131A ","C","M","D","BN","F "," ","N","C","100","0","1","0","","","1708276","5643293",
"Stratford District","OPUNAKE ROAD","1420","S"," ","MANAIA ROAD","201412846","28/04/2014","Mon","0530","EC","CE1","110A 135A 823 901 ","GLP","E","W","DN","H "," "," ","C","100","0","0","1","","","1697568","5638955",
"Stratford District","OPUNAKE ROAD","400","W"," ","PALMER ROAD","201413389","14/05/2014","Wed","0950","DB","CW1VC","131A 351A 402A 130C 331C 370C 904 ","CF","M","W","O ","M "," "," ","C","100","0","0","2","","","1700589","5640790",
"Stratford District","OPUNAKE ROAD","1000","W"," ","PALMER ROAD","201412029","07/04/2014","Mon","1850","MO","4E14","110A 371A 110B 929 ","CC","M","W","DN","F ","D","N","C","100","0","0","1","","","1700123","5640539",
"Stratford District","PAGE ST","15","E"," ","MIRANDA ST","201430571","01/02/2014","Sat","0800","EA","CW1V","129A ","M","R","D","DO","F "," "," ","C","050","0","0","0","","","1710711","5644426",
"Stratford District","PORTIA ST","50","S"," ","CELIA ST","201410464","23/02/2014","Sun","1650","MD","SN1C","204A 308B 835 929 ","","R","D","B ","F ","D","N","C","050","0","0","1","","10","1710681","5644044",
"Stratford District","SEYTON ST",""," ","I","MIRANDA ST","201434241","13/03/2014","Thu","1526","HA","4E1C","302B 363B 817 853 902 ","","R","D","O ","F ","X","G","C","050","0","0","0","","","1710466","5645204",
"Stratford District","WARWICK ROAD",""," ","I","SWANSEA ROAD","201436886","10/05/2014","Sat","0400","DA","CS2","335A 351A ","FV","S","D","DN","F ","T","G","C","050","0","0","0","","","1711989","5643718",
"Stratford District","YORK ROAD","2440","E"," ","DERBY ROAD","201434763","03/05/2014","Sat","1500","JA","VW1C","308B 832 929 ","","M","D","BN","F ","D","N","C","100","0","0","0","","","1706285","5651867",
"Stratford District","3/269/1.05","400","N"," ","CROYDON ROAD","201431521","26/01/2014","Sun","0610","CA","CS1","130A 358A 407A ","C","R","D","OF","F "," "," ","C","100","0","0","0","","","1708027","5653899",
"Stratford District","3/269/8.134","100","S"," ","MONMOUTH ROAD","201410543","19/02/2014","Wed","0105","CC","CS1","102A 410A 692A ","F","R","D","DN","F "," ","N","C","100","0","0","1","","","1710009","5647158",
"Stratford District","3/269/8.788","100","N"," ","FLINT ROAD","201432576","10/03/2014","Mon","2126","EC","VS1","912 ","W","R","D","DO","F "," ","N","C","100","0","0","0","","","1710194","5646531",
"Stratford District","REGAN ST",""," ","I","3/269/10.446","201433102","28/03/2014","Fri","0946","KC","CE1T","387A ","","R","D","O ","F ","X","G","R","050","0","0","0","","","1710667","5644941",
"Stratford District","3/279/0.331","50","N"," ","FENTON ST","201432547","22/01/2014","Wed","1715","FA","VN1C","112A 350A ","","R","W","O ","F "," ","N","C","050","0","0","0","","","1710762","5644625",
"Stratford District","3/279/1.139","5","N"," ","ROMEO ST","201432043","12/02/2014","Wed","0920","GB","CS1C","158A 181A 333A 927 ","","R","D","O ","F ","T","S","C","050","0","0","0","","","1710990","5643849",
"Stratford District","3/279/4.842","100","S"," ","SOLE ROAD","201434945","20/03/2014","Thu","1600","AO","CN1T","184A 381A ","","R","D","BF","F "," ","N","L","100","0","0","0","","","1711858","5640336",
"Stratford District","43/0/0.111",""," ","I","JULIET ST","201430302","15/01/2014","Wed","1129","HA","CE1C","301A 375A ","","R","D","B ","F ","X","S","C","050","0","0","0","","","1710774","5644971",
"Stratford District","43/0/0.466",""," ","I","CORDELIA ST","201438116","13/05/2014","Tue","0905","HA","CW1C","301B 375B ","","R","D","OF","F ","X","S","C","050","0","0","0","","","1711115","5645072",
"Stratford District","43/0/6.645","1950","W"," ","STANDISH ROAD","201438197","24/05/2014","Sat","1322","DB","CE1","129A 134A 901 ","F","S","W","ON","H "," ","N","C","100","0","0","0","","","1716972","5644573",
"Stratford District","43/0/8.595",""," ","I","STANDISH ROAD","201410465","24/02/2014","Mon","1503","BF","CW1T","131A 352A ","","S","D","B ","F ","T","G","C","100","0","1","0","","","1718733","5645088",
"Stratford District","43/0/9.648","40","W"," ","BRUCE ROAD","201431050","26/02/2014","Wed","1525","FD","CW1V","181A 358A 191B ","","R","D","B ","F "," ","N","C","050","0","0","0","","","1719726","5644959",
"Stratford District","43/80/5.211","2000","E"," ","MOKI ROAD","201431738","27/01/2014","Mon","1245","CB","CN1","138A ","C","R","D","BN","F "," ","N","N","100","0","0","0","","","1757897","5681715",
"Tararua District","ELLISON ROAD","70","N"," ","RAKAUTATAHI ROAD","201434441","21/02/2014","Fri","0515","DA","CS1","332A 904 ","T","M","D","DN","M "," "," ","N","100","0","0","0","","","1871708","5564889",
"Tararua District","GUY ST",""," ","I","COLE ST","201433632","15/03/2014","Sat","2245","HA","CS1C","112B 321B 402B 801 ","","R","W","DO","L ","X","S","C","050","0","0","0","","","1864228","5545512",
"Tararua District","MANGAHAO ROAD",""," ","I","PENNY LANE","201412494","09/04/2014","Wed","0830","MO","SN1V","204A 205A 378B 801 927 ","","R","W","O ","L ","D","N","C","050","0","0","1","","9","1840812","5518095",
"Tararua District","NIKAU ROAD","1000","N"," ","TUTAEKARA ROAD","201432298","05/01/2014","Sun","0930","DB","CN1","131A ","C","S","W","ON","L "," ","N","C","100","0","0","0","","","1829811","5513161",
"Tararua District","ORMONDVILLE TE URI ROAD","5500","S"," ","MATAMAU ORMONDVILLE ROAD","201436869","28/03/2014","Fri","1400","QG","TS1","134A 818 ","F","R","D","B ","F "," "," ","C","100","0","0","0","","","1880805","5551161",
"Tararua District","PAHIATUA MANGAHAO ROAD","300","E"," ","PUKEMIKU ROAD","201412452","23/04/2014","Wed","1405","DA","ME1","129A 131A 402A ","V","M","D","O ","F "," "," ","L","100","0","0","1","","","1839650","5518836",
"Tararua District","PAHIATUA MANGAHAO ROAD","700","W"," ","RIDGE ROAD NORTH","201433977","08/04/2014","Tue","1910","DA","CW1","110A 131A ","CV","M","W","DN","F "," ","N","C","100","0","0","0","","","1838309","5519886",
"Tararua District","PAHIATUA TRACK","500","N"," ","MAKOMAKO ROAD","201433757","08/03/2014","Sat","2200","DA","CS1","111A 131A 191A ","EF","S","D","DN","F "," "," ","N","100","0","0","0","","","1832443","5522024",
"Tararua District","PRINCESS ST",""," ","I","SEDCOLE ST","201412451","25/03/2014","Tue","1455","HA","CS2C","302A 350A ","","R","D","B ","F ","X","G","C","050","0","0","2","","","1840999","5517962",
"Tararua District","QUEEN ST",""," ","I","SALISBURY ST","201433727","03/04/2014","Thu","1010","JA","SW14","302B ","","R","D","B ","F ","R","G","R","050","0","0","0","","","1863647","5544650",
"Tararua District","ROUTE 52","100","W"," ","HUIA ROAD","201410796","12/03/2014","Wed","0734","DA","CW1","130A 410A ","FT","M","D","O ","F "," ","N","N","100","0","0","1","","","1863749","5500339",
"Tararua District","SADDLE ROAD","2430","N"," ","OXFORD ROAD","201412391","26/03/2014","Wed","1344","DA","CN1","111A 131A 402A ","C","M","D","B ","F "," "," ","C","100","0","0","1","","","1840445","5534245",
"Tararua District","SCARBOROUGH ROAD","800","N"," ","BRIDGE ROAD","201436114","08/05/2014","Thu","1550","DA","CN1","131A 804 ","","S","W","O ","L "," "," ","C","100","0","0","0","","","1836075","5513784",
"Tararua District","SEPTIMUS ST","400","W"," ","HIGH ST","201434433","28/03/2014","Fri","2310","MA","CW1C","357A 357B 373B ","","R","D","DN","F "," "," ","C","050","0","0","0","","","1827543","5496284",
"Tararua District","SH 1N","1600","S"," ","TURAKINA ACCESS","201413049","02/05/2014","Fri","1500","GC","CN14","174B 372B 375B 926 ","","R","D","BN","F ","D","N","C","100","0","0","1","","","","",
"Tararua District","THYRA ST","50","N"," ","CHRISTIAN ST","201437819","30/05/2014","Fri","1655","EA","CN1C","129A ","M","R","D","DO","F "," ","N","N","050","0","0","0","","","1864458","5544844",
"Tararua District","THYRA ST",""," ","I","COLE ST","201411056","12/01/2014","Sun","0010","DA","CE2","101A 111A 131A ","P","R","D","DO","F ","T","G","N","050","0","1","1","","","1864566","5545414",
"Tararua District","TROUP ROAD WEST","300","S"," ","BROOMFIELD ROAD","201410390","17/01/2014","Fri","1940","CC","CN1","104A 410A ","","R","W","TN","F "," ","N","N","100","0","0","1","","","1841618","5529405",
"Tararua District","WEBER ROAD","80","S"," ","COWPER ROAD","201431663","26/01/2014","Sun","1800","DB","4N1","131A 801 ","F","M","W","O ","L "," "," ","C","100","0","0","0","","","1863990","5542674",
"Tararua District","WEBER ROAD","30","W"," ","COWPER ROAD","201434321","10/04/2014","Thu","1030","DA","CE1","131A 801 ","G","M","W","O ","L "," "," ","C","100","0","0","0","","","1863953","5542777",
"Tararua District","2/751/0.18","180","S"," ","OTAWHAO ROAD","201437060","12/04/2014","Sat","0400","CC","CN1","130A ","E","R","W","DN","L "," "," ","C","100","0","0","0","","","1877248","5562161",
"Tararua District","2/751/0.671",""," ","I","WHENUAHOU ROAD","201412507","26/03/2014","Wed","0920","GC","TN1C","387A 174B ","F","R","D","O ","F ","X","G","C","100","0","0","1","","","1877003","5561736",
"Tararua District","2/758/6.665","20","S"," ","PIRIMAU ROAD","201412951","24/04/2014","Thu","1229","JA","TS1C","308B 377B 402B 927 ","","R","D","O ","F ","D","N","C","100","0","0","1","","","1869141","5551906",
"Tararua District","2/772/0.274","400","N"," ","RUAHINE ST","201432725","16/02/2014","Sun","1709","GD","4N1C","197A 331A 929 ","","M","D","B ","F ","D"," ","C","100","0","0","0","","","1865230","5546754",
"Tararua District","2/772/0.374","300","N"," ","RUAHINE ST","201411579","26/02/2014","Wed","1248","DB","CS1","129A ","ET","M","D","BN","F "," ","N","L","100","0","0","1","","","1865174","5546672",
"Tararua District","2/772/0.991",""," ","I","HOSPITAL ST","201436117","03/05/2014","Sat","1014","GD","CS1C","331A ","","R","D","O ","F ","T","G","C","050","0","0","0","","","1864910","5546130",
"Tararua District","2/772/2.456",""," ","I","CHRISTIAN ST","201438191","15/05/2014","Thu","0734","HA","VW2C","302A 375A ","","R","W","OF","L ","X","G","C","050","0","0","0","","","1864509","5544738",
"Tararua District","2/772/2.506","50","S"," ","CHRISTIAN ST","201412827","25/04/2014","Fri","1345","NB","CS1E","194A 713B 727B ","","E","D","O ","F "," "," ","C","050","0","0","1","7","","1864472","5544704",
"Tararua District","2/772/3.136",""," ","I","ALLARDICE ST","201433978","08/04/2014","Tue","1145","KA","CN1C","301B 375B ","","R","W","O ","F ","X","S","C","050","0","0","0","","","1863881","5544488",
"Tararua District","2/772/3.186","50","W"," ","ALLARDICE ST","201410389","06/01/2014","Mon","1411","NA","4E1E","711B 712B 727B ","","R","D","BF","F "," ","N","L","050","0","1","0","3","","1863834","5544472",
"Tararua District","2/772/4.875","40","N"," ","MAKIRIKIRI ROAD","201400043","01/03/2014","Sat","1440","DA","CS1","101A 111A 131A ","FP","E","W","BN","F "," ","N","C","070","1","0","2","","","1862643","5543435",
"Tararua District","2/772/6.498","900","S"," ","LAWS ROAD","201413187","10/03/2014","Mon","0925","DB","TE1","131A 504A ","FV","M","D","B ","F "," "," ","C","100","0","0","1","","","1861466","5542319",
"Tararua District","2/772/8.175","200","W"," ","TAMAKI RIVER ROAD","201412830","09/05/2014","Fri","2211","EC","CN1","130A 198A ","CD","R","D","DN","F "," "," ","C","100","0","0","1","","","1859972","5541877",
"Tararua District","2/772/9.775","1800","S"," ","TAMAKI RIVER ROAD","201430612","05/01/2014","Sun","1040","CB","4S1","125A 135A 901 903 ","","R","W","O ","HS"," ","N","C","100","0","0","0","","","1858673","5541013",
"Tararua District","2/788/9.25","550","N"," ","HOPELANDS ROAD","201411805","07/03/2014","Fri","1545","CB","VS1","129A 410A ","FS","R","D","BN","F "," ","N","C","100","0","1","0","","","1847527","5532372",
"Tararua District","2/788/13.998","80","E"," ","ROSS ST","201411806","09/03/2014","Sun","1300","CB","CW1E","102A 136A 613A ","H","R","D","BF","F "," ","N","C","050","0","1","0","","","1843813","5530768",
"Tararua District","2/802/3.422",""," ","I","PRIEST ROAD","201411063","27/02/2014","Thu","0830","GE","CN1C","160A 333A ","","R","D","O ","F ","T","G","C","100","0","0","1","","","1844021","5527718",
"Tararua District","2/808/1.991","750","N"," ","TAYLORS ROAD","201438190","19/05/2014","Mon","1100","CB","CS1","129A 411A ","P","R","D","BN","F "," ","N","C","100","0","0","0","","","1844419","5523886",
"Tararua District","2/825/15.752","300","N"," ","FAFEITA ROAD","201412828","28/04/2014","Mon","1410","BE","CS1T","130A 412A 901 ","FP","R","W","O ","H "," "," ","C","100","0","0","2","","","1829547","5498997",
"Tararua District","2/842/11.124","1000","N"," ","MT BRUCE ENT","201411174","29/03/2014","Sat","1640","DB","VS1","410A 615A ","V","E","D","O ","F "," "," ","C","100","0","0","2","","","1823390","5489971",
"Tararua District","2/842/13.124","1000","S"," ","MT BRUCE ENT","201433416","22/03/2014","Sat","2030","EC","CN1","912 ","W","R","D","DN","F "," ","N","C","100","0","0","0","","","1822387","5488329",
"Tararua District","2/842/14.881","2000","N"," ","BRUCE ROAD","201413010","14/05/2014","Wed","1220","CC","CS1","501A ","C","R","W","ON","L "," ","N","C","100","0","0","1","","","1821109","5487179",
"Tararua District","3/491/0.806","3900","N"," ","GORGE ROAD","201412048","14/04/2014","Mon","0810","DB","CW1","110A 131A ","CG","M","W","O ","F "," ","N","L","100","0","0","1","","","1837615","5533151",
"Tararua District","3/491/1.268","4000","E"," ","FITZHERBERT EAST ROAD","201412004","06/04/2014","Sun","1700","DB","CE1","110A 131A ","C","M","W","O ","L "," ","N","L","080","0","0","1","","","1838070","5533186",
"Tararua District","3/491/1.706","3000","W"," ","GORGE ROAD","201412136","17/04/2014","Thu","0600","BF","VW1V","132A 197A ","","S","W","DN","H "," "," ","L","100","0","0","1","","","1838477","5533337",
"Tararua District","3/491/4.306","400","N"," ","GORGE ROAD","201411727","21/02/2014","Fri","0853","DB","TN1","111A 131A ","EG","E","W","B ","F "," "," ","L","100","0","1","0","","","1839381","5531422",
"Tasman District","ABEL TASMAN DRIVE",""," ","A","MOTUPIPI BR","201411037","19/02/2014","Wed","0814","DB","VS1","423A 501A ","BF","E","D","B ","F "," "," ","C","060","0","0","1","","","1586555","5477957",
"Tasman District","CHING ROAD","130","W"," ","CENTRAL ROAD","201400040","26/02/2014","Wed","1620","CB","OE1","129A ","V","R","D","BF","F "," ","N","L","100","1","0","0","","","1598129","5443236",
"Tasman District","COBB DAM ROAD","5000","S"," ","COBB RIVER BR","201434606","18/04/2014","Fri","0815","DB","CE1","135A 402A 901 ","ET","S","W","ON","HS"," ","N","N","100","0","0","0","","","1576379","5450686",
"Tasman District","COLLINGWOOD-BAINHAM MAIN","230","W"," ","NELSON TERRACE","201410207","17/01/2014","Fri","0820","DA","CE1","139A 402A ","C","E","D","B ","F "," ","N","C","100","0","0","1","","","1571664","5496466",
"Tasman District","COLLINGWOOD-PUPONGA MAIN","440","S"," ","WHAKAMARAMA ROAD","201435101","04/05/2014","Sun","1425","EC","VS1","912 ","W","R","D","O ","F "," ","N","C","100","0","0","0","","","1570557","5498215",
"Tasman District","DAWSON ROAD","650","E"," ","SEATON VALLEY ROAD","201437989","17/02/2014","Mon","1450","DA","CN1","134A 692A ","T","M","D","B ","F "," ","N","C","050","0","0","0","","","1605748","5433818",
"Tasman District","GEORGE HARVEY ROAD","250","N"," ","CARLYON ROAD","201430128","22/01/2014","Wed","1719","DB","VW1","111A 131A 357A ","FH","S","D","BN","F "," ","N","N","100","0","0","0","","","1603084","5432517",
"Tasman District","GEORGE ST","50","W"," ","WILLIAM ST","201435940","06/04/2014","Sun","0730","MO","CE1C","371A ","M","R","D","DO","F "," ","N","C","050","0","0","0","","","1616356","5423037",
"Tasman District","GREENWOOD ST",""," ","I","VOSPER ST","201437976","25/05/2014","Sun","1700","JA","4E14","145A 302B 387B ","","R","D","TF","F ","T","G","C","050","0","0","0","","","1601173","5449020",
"Tasman District","HIAWATHA LANE","10","E"," ","SH 60","201432242","15/02/2014","Sat","1445","MB","CW1C","357A 512A 357B ","","R","D","B ","F ","T","G","C","050","0","0","0","","","1583737","5477412",
"Tasman District","HILL ST",""," ","I","QUEEN ST","201430832","14/02/2014","Fri","1745","HA","CW2C","301B 375B ","","R","D","BF","F ","X","S","C","050","0","0","0","","","1616281","5422565",
"Tasman District","KELLING ROAD",""," ","I","MOUTERE HIGHWAY","201412529","11/04/2014","Fri","0509","DC","CN2","112A 514A 517A 801 ","FX","R","W","DO","L ","T","G","C","100","0","0","1","","","1600602","5432571",
"Tasman District","KING EDWARD ST",""," ","I","QUEEN VICTORIA ST","201435920","22/03/2014","Sat","2345","DA","CN2","103A 111A 133A 357A ","FS","R","D","DO","F ","X","T","C","080","0","0","0","","","1599568","5447490",
"Tasman District","LANSDOWNE ROAD","20","S"," ","LOWER QUEEN ST","201410388","22/01/2014","Wed","1740","CB","CS1","101A 129A 359A ","P","R","D","BN","F "," ","N","C","100","0","0","1","","","1612507","5427088",
"Tasman District","LOWER QUEEN ST",""," ","I","SWAMP ROAD","201430614","02/02/2014","Sun","1200","CB","CN1","110A ","V","R","W","O ","H ","T","S","C","100","0","0","0","","","1613418","5426017",
"Tasman District","MAIN ROAD","490","N"," ","CENTRAL ROAD","201411120","27/03/2014","Thu","0725","JA","4N14","308B 377B 922 ","","R","D","TF","F ","D"," ","C","070","0","0","1","","","1599473","5445201",
"Tasman District","MAIN ROAD","100","W"," ","ELMS ST","201413411","24/06/2014","Tue","1740","FD","CW1CC","181A 181B ","","R","W","DN","L "," "," ","C","080","0","0","1","","","","",
"Tasman District","MAPUA DRIVE","50","W"," ","HIGGS ROAD","201411701","05/03/2014","Wed","1645","CA","CE1","129A 130A ","C","R","D","B ","F "," "," ","C","080","0","0","1","","","1606840","5433371",
"Tasman District","MATAKITAKI ROAD","7000","S"," ","FAIRFAX ST","201433192","06/02/2014","Thu","2120","DB","4N1","131A 813 903 ","","M","D","DN","FS"," "," ","N","100","0","0","0","","","1543831","5364335",
"Tasman District","MOTUEKA VALLEY HIGHWAY","2100","S"," ","ALEXANDER BLUFF ROAD","201434117","10/03/2014","Mon","1115","MG","TN1V","197A 352B 371B 404B ","","E","D","BN","F "," ","N","N","100","0","0","0","","","1592682","5442039",
"Tasman District","MOTUEKA VALLEY HIGHWAY","3000","N"," ","DOVEDALE ROAD","201411702","08/03/2014","Sat","0430","DA","4N1","131A 358A ","ET","E","D","DN","F "," "," ","C","100","0","0","1","","","1585548","5435158",
"Tasman District","MOTUEKA VALLEY HIGHWAY","10000","S"," ","GREENHILL ROAD","201431917","12/01/2014","Sun","0830","DA","CN1","129A 134A ","P","E","D","BN","F "," ","N","C","100","0","0","0","","","1594960","5444682",
"Tasman District","MOTUEKA VALLEY HIGHWAY","2290","N"," ","WAIWHERO ROAD","201433251","06/01/2014","Mon","1115","BF","CN1C","129A 410A ","X","E","D","BN","F "," ","N","C","100","0","0","0","","","1591240","5440367",
"Tasman District","MOTUPIPI ST","200","N"," ","SH 60","201410896","01/03/2014","Sat","1557","MC","CS1S","197A 350B 372B ","","R","D","B ","F "," "," ","C","050","0","0","2","","13","1583796","5476797",
"Tasman District","MOUTERE HIGHWAY","310","N"," ","DAVEY ROAD","201412644","04/04/2014","Fri","1130","DB","CN1","111A 131A ","V","M","W","ON","L "," ","N","C","100","0","0","1","","","1600963","5436109",
"Tasman District","MOUTERE HIGHWAY","50","N"," ","HARLEY ROAD","201431945","11/02/2014","Tue","0615","EC","CN1","915 ","W","M","D","DN","F "," ","N","C","100","0","0","0","","","1600763","5437681",
"Tasman District","OLD COACH ROAD",""," ","I","MOUTERE HIGHWAY","201430743","15/02/2014","Sat","0200","DA","CS1","131A 512A ","FS","E","D","DN","F ","Y","G","C","100","0","0","0","","","1603249","5429728",
"Tasman District","OXFORD ST","200","S"," ","CAMBRIDGE ST","201437230","29/04/2014","Tue","1345","MO","CN1C","371A 927 ","M","R","D","BF","F "," ","N","C","050","0","0","0","","","1615402","5423399",
"Tasman District","POOLE ST",""," ","I","WILKIE ST","201434368","08/04/2014","Tue","1115","KA","CE1C","303B ","","R","W","O ","L ","T","N","C","050","0","0","0","","","1600513","5449255",
"Tasman District","QUEEN ST",""," ","I","HILL ST","201435923","13/04/2014","Sun","1445","HA","CN2C","301B 353B 375B ","","R","W","OF","L ","X","S","C","050","0","0","0","","","1616281","5422565",
"Tasman District","QUEEN VICTORIA ST",""," ","I","COLLEGE ST","201432480","28/02/2014","Fri","1558","HA","CE2C","301A 350A 404A ","","R","D","BF","F ","X","S","R","050","0","0","0","","","1599568","5447490",
"Tasman District","ROBINSON ROAD","840","E"," ","MAIN ROAD","201411649","08/02/2014","Sat","2352","DA","OE1","101A 131A ","","M","D","DN","F "," ","N","C","100","0","2","0","","","1599964","5444837",
"Tasman District","SALISBURY ROAD","20","N"," ","ARBOR-LEA AVENUE","201432475","27/02/2014","Thu","1415","QG","CN1C","665A ","","R","D","BF","F ","X","T","C","050","0","0","0","","","1616516","5423845",
"Tasman District","SH 60","400","E"," ","RIVER ROAD","201438187","28/04/2014","Mon","1338","QG","4W1T","129A 665A ","","R","D","BN","F "," ","N","L","100","0","0","0","","","","",
"Tasman District","STAFFORD DRIVE","600","N"," ","PINE HILL ROAD","201410178","25/01/2014","Sat","0035","DA","CN1","111A 131A 402A ","V","M","D","DN","F "," "," ","C","060","0","0","2","","","1607009","5436318",
"Tasman District","TADMOR VALLEY ROAD","830","W"," ","MOTUEKA VALLEY HIGHWAY","201412606","05/04/2014","Sat","0247","DA","4N1","131A ","F","S","D","DF","F "," ","N","C","100","0","1","1","","","1584407","5418227",