"TLA NAME","CRASH ROAD","CRASH DIST","CRASH DIRN","INTSN","SIDE ROAD","CRASH ID","CRASH DATE","CRASH DOW","CRASH TIME","MVMT","VEHICLES","CAUSES","OBJECTS STRUCK","ROAD CURVE","ROAD WET","LIGHT","WTHRa","JUNC TYPE","TRAF CTRL","ROAD MARK","SPD LIM","CRASH FATAL CNT","CRASH SEV CNT","CRASH MIN CNT","PERS AGE1","PERS AGE2","EASTING","NORTHING"
"Tasman District","TALBOT ST",""," ","I","ELIZABETH ST","201433191","07/03/2014","Fri","1645","GD","CN1C","331A 352A ","","R","D","B ","F ","T","G","C","050","0","0","0","","","1615675","5423627",
"Tasman District","TAPAWERA-BATON ROAD","1500","N"," ","TADMOR VALLEY ROAD","201430898","21/02/2014","Fri","1355","BC","VS14","121A 818 ","","E","D","BN","F "," ","N","N","100","0","0","0","","","1583898","5419583",
"Tasman District","TEMPLEMORE DRIVE",""," ","I","SALISBURY ROAD","201431013","20/02/2014","Thu","0830","JO","SW14","204A 113B ","","R","D","B ","F ","T","G","C","050","0","0","0","","","1616643","5423948",
"Tasman District","WAIWHERO ROAD","200","W"," ","THORPE-ORINOCO ROAD","201433162","14/03/2014","Fri","0930","BF","VE1T","129A 131A ","","M","D","B ","F "," "," ","C","100","0","0","0","","","1591611","5438335",
"Tasman District","WHARARIKI ROAD","1000","W"," ","PROPERTY ACCESS","201434412","24/04/2014","Thu","1710","CA","4W1","138A 404A ","C","R","D","O ","F "," "," ","N","100","0","0","0","","","1576788","5514609",
"Tasman District","Z CPK KMART","30","N"," ","WENSLEY ROAD","201410780","03/04/2014","Thu","1545","NA","CE1E","500A 711B 926 ","","R","D","B ","F ","D","N","C","050","0","0","1","","","1615579","5423358",
"Tasman District","6/116/12.869","80","E"," ","MCGLASHEN AVENUE","201436259","21/05/2014","Wed","1700","FD","CW144","181A 181B ","","R","D","TO","F "," "," ","C","100","0","0","0","","","1615380","5423992",
"Tasman District","QUEEN ST",""," ","I","6/116/12.97","201412360","09/04/2014","Wed","1828","HA","CE2C","322A 501A ","","R","D","O ","F ","X","T","R","050","0","0","1","","","1615207","5423856",
"Tasman District","6/116/12.97",""," ","I","LOWER QUEEN ST","201430732","16/02/2014","Sun","1050","KA","CE1M","322A ","","R","D","BF","F ","X","T","C","050","0","0","0","","","1615207","5423856",
"Tasman District","6/116/13.089",""," ","I","LOWER QUEEN ST","201433304","08/04/2014","Tue","0645","FB","CS24","181A ","","R","W","DO","L ","X","G","R","050","0","0","0","","","1615207","5423856",
"Tasman District","6/116/13.089",""," ","I","QUEEN ST","201411055","02/02/2014","Sun","1710","HA","CS1S","322B ","","R","D","B ","F ","X","T","R","050","0","0","1","","13","1615207","5423856",
"Tasman District","6/116/13.459","100","W"," ","WAVERLEY ST","201432439","10/02/2014","Mon","2340","EA","CE1C","129A 195A ","M","R","D","DO","F "," "," ","P","050","0","0","0","","","1614830","5423543",
"Tasman District","6/131/3.092",""," ","I","ANISEED VALLEY ROAD","201412992","17/06/2014","Tue","0831","JA","CS1T","301B 377B ","","R","W","O ","F ","X","S","C","100","0","0","2","","","1611693","5420932",
"Tasman District","6/131/3.122","30","W"," ","EDENS ROAD","201437558","16/06/2014","Mon","0655","CB","CN1","195A ","F","R","W","DN","L "," "," ","C","100","0","0","0","","","1611669","5420913",
"Tasman District","6/131/4.615",""," ","I","CLOVER ROAD","201438302","08/05/2014","Thu","1100","FA","VS1C","181A 331A 687A 800 ","","R","W","O ","F ","X","S","C","100","0","0","0","","","1610516","5419965",
"Tasman District","6/131/12.352","150","E"," ","ARROW ST","201435924","16/04/2014","Wed","1200","DA","TW1","111A 129A 136A 815 ","F","M","W","OF","F "," ","N","C","050","0","0","0","","","1604207","5416317",
"Tasman District","WHITBY ROAD",""," ","I","PIGEON VALLEY ROAD","201430376","23/01/2014","Thu","0740","HA","CS2T","302A ","","R","D","B ","F ","X","G","C","050","0","0","0","","","1603534","5416225",
"Tasman District","6/131/13.567",""," ","I","EIGHTY EIGHT VALLEY ROAD","201410706","03/03/2014","Mon","0515","CB","TW1","111A 131A ","F","R","D","DN","F ","T","N","C","100","0","1","0","","","1603152","5415901",
"Tasman District","6/131/14.227","660","W"," ","EIGHTY EIGHT VALLEY ROAD","201413108","18/05/2014","Sun","2052","CC","4N1","130A 501A ","F","R","D","DN","F "," "," ","C","100","0","1","0","","","1602503","5415878",
"Tasman District","6/131/15.346","400","W"," ","BAIGENT VALLEY ROAD","201437451","03/06/2014","Tue","0815","FA","CE14","363A 802 902 ","T","R","I","B ","FF"," "," ","C","100","0","0","0","","","1601477","5415444",
"Tasman District","6/150/9.739",""," ","A","SPOONERS TOP","201412211","20/04/2014","Sun","1303","JA","CN1C","301B 375B ","","E","D","BN","F ","X","S","L","100","0","0","1","","","1592268","5407917",
"Tasman District","6/150/14.166","4300","S"," ","MOTUEKA VALLEY HIGHWAY","201410634","11/02/2014","Tue","1530","DB","CN1","121A 410A ","FT","E","D","B ","F "," ","N","C","100","0","1","0","","","1588710","5408265",
"Tasman District","6/170/12.336","500","S"," ","KORERE-TOPHOUSE ROAD","201436260","02/05/2014","Fri","1515","DB","CS1","410A ","C","E","D","B ","F "," "," ","C","100","0","0","0","","","1582871","5400879",
"Tasman District","6/184/10.551","400","E"," ","HOPE SADDLE","201411904","29/03/2014","Sat","1650","DA","MN1","135A 811 812 ","G","S","D","ON","F "," ","N","C","100","0","0","1","","","1577015","5391416",
"Tasman District","6/196/0.513","500","W"," ","HOPE SADDLE","201412652","24/03/2014","Mon","1545","DA","CE1","131A 504A ","E","M","D","BN","F "," ","N","N","100","0","1","0","","","1576187","5391419",
"Tasman District","6/209/0.03","6000","S"," ","LAMB VALLEY ROAD","201434007","23/03/2014","Sun","1630","CB","CN1","130A 410A ","","R","D","B ","F "," ","N","C","100","0","0","0","","","1568096","5384092",
"Tasman District","6/209/10.107","3400","E"," ","RAIT ROAD","201411022","13/01/2014","Mon","1545","DB","CE1","131A 407A ","V","E","D","O ","F "," "," ","C","100","0","0","3","","","1559511","5383221",
"Tasman District","6/225/6.982","2000","S"," ","CLAYBANK BR","201433628","29/01/2014","Wed","1030","DA","4S1","131A 350A ","","M","D","B ","F "," "," ","C","100","0","0","0","","","1550586","5380146",
"Tasman District","60/0/4.19","5","S"," ","LANSDOWNE ROAD","201431520","28/01/2014","Tue","0815","FD","VN1C","181A 191B ","","R","D","BF","F ","T","S","C","100","0","0","0","","","1611349","5426126",
"Tasman District","LANSDOWNE ROAD",""," ","I","60/0/4.195","201431790","09/02/2014","Sun","1530","LB","4S14","197A 301B 375B ","","R","D","B ","F ","T","S","P","100","0","0","0","","","1611346","5426130",
"Tasman District","60/0/4.195",""," ","I","LANSDOWNE ROAD","201437960","24/05/2014","Sat","1935","BC","CS1C","111A 122A 353A ","","R","D","B ","F ","T","G","C","100","0","0","0","","","1611346","5426130",
"Tasman District","60/0/5.921",""," ","I","COTTERELL ROAD","201436257","17/03/2014","Mon","1100","FA","CE1C","181A 387A 404A 404B ","","R","D","B ","F ","X","S","C","100","0","0","0","","","1610120","5427319",
"Tasman District","60/0/8.572","250","S"," ","PUKEKO LANE","201431119","01/03/2014","Sat","2215","DA","CN1","103A 111A ","G","M","D","DO","F "," ","N","C","100","0","0","0","","","1607815","5428568",
"Tasman District","60/15/3.179","200","N"," ","TASMAN VIEW ROAD","201436996","28/05/2014","Wed","0030","DA","CN1","101A 111A 131A 804 817 ","C","E","D","DN","F "," "," ","N","100","0","0","0","","","1604104","5435682",
"Tasman District","60/15/3.979","1000","N"," ","TASMAN VIEW ROAD","201430611","18/01/2014","Sat","2230","DA","VN1","103A ","G","E","D","DN","F "," ","N","C","100","0","0","0","","","1603963","5436458",
"Tasman District","60/15/8.067","50","N"," ","HARLEY ROAD","201412148","15/05/2014","Thu","2136","DB","CN1","131A 404A ","","E","D","DN","F "," "," ","C","100","0","0","2","","","1603781","5440446",
"Tasman District","60/15/9.21","50","S"," ","WOOD LOOP","201430823","20/01/2014","Mon","1520","QG","CS1","665A ","","R","D","ON","F "," ","N","C","100","0","0","0","","","1603584","5441448",
"Tasman District","60/33/0.254","50","N"," ","MONAHAN ST","201435651","21/04/2014","Mon","1200","GA","CS1C","331A 358A 402A 929 ","","R","D","B ","F ","D"," ","C","050","0","0","0","","","1600887","5447694",
"Tasman District","60/33/0.422","120","S"," ","WRATT ST","201430899","19/02/2014","Wed","1635","FD","CS1CC","181A ","","R","D","BF","F "," ","N","C","050","0","0","0","","","1600893","5447862",
"Tasman District","60/33/0.718",""," ","I","LOWE ST","201433163","06/03/2014","Thu","1710","JA","CS1C","302B ","","R","D","B ","F ","T","G","C","050","0","0","0","","","1600905","5448158",
"Tasman District","60/33/0.974",""," ","I","WHAKAREWA ST","201434367","05/04/2014","Sat","1725","KA","CN1C","302B ","","R","D","B ","F ","X","G","C","050","0","0","0","","","1600912","5448413",
"Tasman District","60/33/0.974",""," ","I","WOODLAND AVENUE","201434796","06/04/2014","Sun","0235","DB","CS1","103A 131A ","F","S","D","DO","F ","T","G","C","050","0","0","0","","","1600912","5448413",
"Tasman District","60/33/1.272","20","N"," ","TUDOR ST","201431098","05/02/2014","Wed","1500","FD","CS1X4","181A 331A 350A ","","R","D","B ","F "," ","N","C","050","0","0","0","","","1600924","5448711",
"Tasman District","60/42/1.667","850","E"," ","RIWAKA VALLEY ROAD","201412506","12/04/2014","Sat","1945","EC","CS1","195A 801 911 ","W","R","W","TN","L "," "," ","C","100","0","1","0","","","1597525","5454667",
"Tasman District","60/42/2.567","50","N"," ","RIWAKA VALLEY ROAD","201437975","10/06/2014","Tue","1120","BB","CN1C","123A ","","M","W","O ","F "," ","N","C","100","0","0","0","","","1596927","5455225",
"Tasman District","60/42/9.618","3500","E"," ","CANAAN ROAD","201412556","05/03/2014","Wed","1550","DA","MN1C","129A 197A 404A ","G","M","D","B ","F "," "," ","C","100","0","1","0","","","1593828","5458446",
"Tasman District","60/56/1.552","500","S"," ","BATES ROAD","201430827","19/01/2014","Sun","1500","GE","CE1C","160A 333A 929 ","","M","D","BN","F ","D","N","C","100","0","0","0","","","1589936","5458818",
"Tasman District","60/56/8.213","2600","N"," ","EUREKA BEND","201410571","16/02/2014","Sun","1505","DA","CN1","131A 410A 692A ","","M","D","BN","F "," ","N","C","100","0","0","2","","","1587272","5458374",
"Tasman District","60/56/12.277","1600","E"," ","AARON CREEK ROAD","201410901","16/02/2014","Sun","1357","DB","CW1","197A ","F","S","D","BN","F "," ","N","C","100","0","0","1","","","1586448","5457644",
"Tasman District","60/70/3.565","1700","S"," ","EAST TAKAKA ROAD","201436246","11/05/2014","Sun","0930","DA","VS1","129A 131A 404A ","F","E","D","B ","F "," "," ","C","100","0","0","0","","","1585333","5460934",
"Tasman District","60/70/15.818","1000","S"," ","HAMAMA ROAD","201410239","22/01/2014","Wed","0520","CB","4S1","112A 500A ","CF","R","D","DN","F "," ","N","C","100","0","0","1","","","1583880","5471695",
"Tasman District","60/89/3.006","100","S"," ","MOTUPIPI ST","201413204","28/05/2014","Wed","1430","GB","PS14","175B 370B 927 ","","R","D","B ","F ","D","N","C","050","0","0","1","","","1583690","5476575",
"Tasman District","60/89/3.356","250","N"," ","MOTUPIPI ST","201412449","13/04/2014","Sun","1355","NA","CS1E","712B 713B 726B ","","R","D","O ","F "," "," ","C","050","0","0","1","3","","1583669","5476913",
"Tasman District","60/89/3.38","150","S"," ","REILLY ST","201413075","21/03/2014","Fri","1210","EA","CN1CE","129A 385A 721C ","Q","R","D","BF","F "," ","N","C","050","0","0","1","72","","1583671","5476937",
"Tasman District","60/103/1.35","900","W"," ","WARD HOLMES ROAD","201410382","01/02/2014","Sat","1255","BA","CE14","129A 404A ","","R","D","BN","F "," ","N","C","100","0","0","4","","","1577003","5484825",
"Tasman District","60/103/4.938","300","N"," ","ONEKAKA IRON WORKS ROAD","201433194","04/04/2014","Fri","2000","EA","CN1C","129A ","M","E","D","DO","F "," "," ","C","100","0","0","0","","","1575065","5487761",
"Tasman District","63/92/8.079",""," ","A","SPEARGRASS CRK BR","201412411","16/02/2014","Sun","1344","DB","MN1","131A ","","S","D","B ","F "," "," ","C","100","0","1","1","","","1581017","5375208",
"Tasman District","65/17/9.374","30","N"," ","RUFFE CREEK BR","201437707","11/05/2014","Sun","1530","FD","VN1C","112A 181A 331A ","","R","D","ON","F "," "," ","C","100","0","0","0","","","1534080","5352625",
"Tasman District","65/36/3.853","3000","N"," ","CREIGHTON ROAD","201410217","01/01/2014","Wed","1430","DB","CS1","104A 330A 410A ","C","M","W","O ","L "," ","N","C","100","0","1","4","","","1537026","5341187",
"Taupo District","ACACIA BAY ROAD",""," ","I","ALBERTA ST","201410677","02/03/2014","Sun","1400","LB","CS14","303B 353B ","","R","D","B ","F ","T","G","P","050","0","0","3","","","1863795","5712206",
"Taupo District","ARROWSMITH AVENUE",""," ","I","SHEPHERD ROAD","201431106","18/02/2014","Tue","0852","HA","CS1V","302B 375B ","","R","D","O ","F ","X","G","C","050","0","0","0","","","1869302","5710895",
"Taupo District","ARTHUR CRESCENT","300","S"," ","INVERGARRY ROAD S","201436392","03/04/2014","Thu","1318","MO","VN1","371A 929 ","P","R","D","BF","F ","D","N","C","050","0","0","0","","","1870219","5711945",
"Taupo District","BROADLANDS ROAD","40","E"," ","MIRO ST","201431538","20/01/2014","Mon","1325","BF","CW1V","131A 800 801 ","","E","W","OO","L "," "," ","C","070","0","0","0","","","1870388","5713732",
"Taupo District","BROADLANDS ROAD","100","E"," ","MIRO ST","201433773","04/04/2014","Fri","0817","MD","TE1T","129A 902 929 ","","R","D","B ","F ","D","N","L","070","0","0","0","","","1870447","5713743",
"Taupo District","BROADLANDS ROAD",""," ","I","MIRO ST","201431388","03/03/2014","Mon","1530","LB","4W1V","303B 353B ","","E","D","OF","F ","T","G","C","050","0","0","0","","","1870353","5713712",
"Taupo District","BROADLANDS ROAD","2930","S"," ","OHAAKI ROAD","201412742","01/05/2014","Thu","1543","DA","CS1","129A 137A ","T","E","D","BN","F "," ","N","C","100","0","0","1","","","1889095","5725855",
"Taupo District","BROADLANDS ROAD","1200","N"," ","TIVERTON DOWNS ROAD","201413709","24/05/2014","Sat","0200","DA","CS1","137A ","CT","E","W","DN","L "," ","N","C","100","0","1","1","","","1887775","5724116",
"Taupo District","CENTENNIAL DRIVE",""," ","I","CENTENNIAL OFF SBD","201411242","11/03/2014","Tue","1724","KB","TE1T","302B ","","R","D","B ","F ","T","G","C","100","0","0","1","","","1870212","5715469",
"Taupo District","DELANY DRIVE","15","W"," ","CENTENNIAL DRIVE","201410779","05/04/2014","Sat","1331","NB","CE1E","713B ","","R","D","B ","F ","T","G","C","050","0","0","1","15","","1869844","5715286",
"Taupo District","DUNCAN ST",""," ","I","SCANNELL ST","201412941","19/04/2014","Sat","2208","DB","PW2V","101A 131A ","M","M","W","DO","L ","T","G","N","050","0","0","1","","","1868351","5713589",
"Taupo District","EASTERN TAUPO ARTIERIAL","200","N"," ","BROADLANDS ROAD","201434243","13/03/2014","Thu","2050","QG","CN1","130A 687A ","","R","D","DO","F "," "," ","L","100","0","0","0","","","1871032","5714032",
"Taupo District","EASTERN TAUPO ARTIERIAL",""," ","I","SH 5","201431662","27/01/2014","Mon","0135","FB","CS1C","181A ","","R","W","DO","L ","R","G","C","100","0","0","0","","","1870619","5711437",
"Taupo District","EASTERN TAUPO ARTIERIAL",""," ","I","SH 5","201434181","09/04/2014","Wed","0340","GF","CS1C","131A 131B 801 ","ISI","E","W","DO","L ","R","G","R","100","0","0","0","","","1870619","5711432",
"Taupo District","ELIZABETH ST","50","W"," ","JOHN ST","201412220","09/05/2014","Fri","0745","EA","CE14","104A 363A 902 ","M","R","W","BF","F "," ","N"," ","050","0","0","1","","","1869503","5713712",
"Taupo District","FLETCHER ST","20","N"," ","ROBERTS ST","201434979","25/04/2014","Fri","1145","QD","CS1","428A ","P","R","D","OF","F ","T","N","N","050","0","0","0","","","1867709","5712981",
"Taupo District","FOREST ROAD","1300","N"," ","ORUANUI ROAD","201413651","14/06/2014","Sat","0850","DA","CN1","135A 802 ","V","S","I","B ","FF"," "," ","C","100","0","0","1","","","1863248","5727413",
"Taupo District","GASCOIGNE ST",""," ","I","TAMAMUTU ST","201410648","28/02/2014","Fri","0955","MB","SS1V","534A 372B ","","R","D","B ","F ","T","N","C","050","0","1","0","","38","1867152","5713597",
"Taupo District","HATEPE AVENUE","50","W"," ","TAUPO VIEW ROAD","201434978","17/04/2014","Thu","0556","CB","CE1","112A ","T","R","W","DO","L "," ","N","C","050","0","0","0","","","1868726","5713194",
"Taupo District","HEUHEU ST","100","W"," ","KAIMANAWA ST","201410371","24/01/2014","Fri","1318","MO","CW1CC","353A 423A ","MM","R","D","BF","F "," ","N","C","050","0","0","1","","","1867545","5713244",
"Taupo District","HEUHEU ST",""," ","I","KAIMANAWA ST","201412045","17/04/2014","Thu","1520","HA","CS2C","301A 375A ","","R","W","O ","F ","X","S","P","050","0","0","1","","","1867641","5713215",
"Taupo District","HEUHEU ST",""," ","I","KAIMANAWA ST","201434977","28/04/2014","Mon","1025","KB","CW1C","301B 375B ","","R","D","BF","F ","X","S","C","050","0","0","0","","","1867641","5713215",
"Taupo District","HEUHEU ST","30","W"," ","RUAPEHU ST","201410678","05/03/2014","Wed","1527","FA","CE1V","331A 351A ","","R","D","O ","F "," ","N","C","050","0","0","1","","","1867159","5713363",
"Taupo District","HEUHEU ST",""," ","I","RUAPEHU ST","201410778","19/03/2014","Wed","1445","LB","CW1P","302A 375A ","","M","D","B ","F ","R","G","R","050","0","0","1","","","1867206","5713348",
"Taupo District","HEUHEU ST",""," ","I","TITIRAUPENGA ST","201431623","20/01/2014","Mon","1415","JA","CW1CB","301B ","","R","D","B ","F ","X","S","C","050","0","0","0","","","1867417","5713282",
"Taupo District","HEUHEU ST",""," ","I","TITIRAUPENGA ST","201430954","28/02/2014","Fri","1545","HA","CW1C","301B 358B ","","R","D","BF","F ","X","S","C","050","0","0","0","","","1867417","5713282",
"Taupo District","HEUHEU ST",""," ","I","TITIRAUPENGA ST","201410128","09/01/2014","Thu","1118","HA","CE1C","301B 375B ","","R","D","O ","F ","X","S","C","050","0","1","0","","","1867417","5713282",
"Taupo District","KAIMANAWA ST",""," ","I","HEUHEU ST","201438001","14/06/2014","Sat","1545","HA","4E2X","301B ","","R","D","B ","F ","X","S","R","050","0","0","0","","","1867641","5713215",
"Taupo District","KAIMANAWA ST",""," ","I","TAMAMUTU ST","201431975","12/02/2014","Wed","1840","HA","CN14","301A 375A ","","R","D","BF","F ","T","S","C","050","0","0","0","","","1867707","5713427",
"Taupo District","LINKS AVENUE",""," ","I","ASCOT ROAD S","201437557","10/06/2014","Tue","1330","EA","CS1C","130A 351A ","M","R","D","O ","F ","T","G","C","050","0","0","0","","","","",
"Taupo District","MAPARA ROAD","50","E"," ","HIGHLAND DRIVE","201430268","05/01/2014","Sun","2100","CB","CW1V","197A 129B ","K","R","D","TN","F "," "," ","C","100","0","0","0","","","1861187","5712118",
"Taupo District","MIRO ST",""," ","I","CROWN ROAD","201411997","14/02/2014","Fri","1500","DA","MW2","135A 806 ","","M","D","OF","F ","T","G","C","050","0","0","1","","","1869857","5712845",
"Taupo District","NAPIER-TAUPO ROAD","4000","E"," ","CROWN ROAD","201437587","03/06/2014","Tue","1850","BF","CE1C","129A 130A ","","E","D","DN","F "," "," ","C","100","0","0","0","","","","",
"Taupo District","ORUANUI ROAD","660","N"," ","RIDGETOP WAY","201432430","03/02/2014","Mon","1008","DA","VS1","104A 129A 134A 358A 407A ","T","E","D","B ","F "," "," ","C","100","0","0","0","","","1864615","5726930",
"Taupo District","ORUANUI ROAD","130","W"," ","SH 1N","201434167","09/04/2014","Wed","0820","DA","CN1","131A 800 801 ","FX","M","W","O ","L "," "," ","C","100","0","0","0","","","1865180","5728041",
"Taupo District","PATAKA ROAD","20","W"," ","RAHUI ROAD","201411719","14/03/2014","Fri","1520","PC","4E1E","308A 371A 929 ","","R","D","B ","F ","D","N","C","100","0","1","1","","","1868409","5712298",
"Taupo District","POIHIPI ROAD","2000","N"," ","SH 1N","201410898","21/02/2014","Fri","2149","BC","CS14","121A 129A 130A 197B ","","M","D","DN","F "," "," ","C","100","0","0","2","","","1866412","5716692",
"Taupo District","POIHIPI ROAD","2900","E"," ","SH 32","201410129","11/01/2014","Sat","1530","BA","4S1T","130A 358A 404A ","T","R","D","B ","F "," "," ","L","100","0","1","1","","","1847152","5732598",
"Taupo District","POIHIPI ROAD","4600","S"," ","TIROHANGA ROAD","201433516","19/03/2014","Wed","1212","DA","CN1","131A 410A ","EX","M","D","BN","F "," ","N","C","100","0","0","0","","","1855513","5727670",
"Taupo District","POIHIPI ROAD","1700","S"," ","TUKAIRANGI ROAD","201412042","11/04/2014","Fri","1215","DA","CN1","131A 135A 806 ","PT","M","W","O ","F "," ","N","C","100","0","0","1","","","1866495","5717016",
"Taupo District","POIHIPI ROAD","1200","N"," ","WATENE LANE","201412732","20/01/2014","Mon","1650","BF","CN14","131A ","","E","W","ON","L "," ","N","C","100","0","0","2","","","1866388","5716432",
"Taupo District","PUATAATA ROAD","40","W"," ","ROTA ST W","201410577","19/02/2014","Wed","1435","CC","CE1","410A ","T","R","D","OF","F "," ","N","L","050","0","1","0","","","1842614","5680939",
"Taupo District","RIFLE RANGE ROAD","20","W"," ","PIHANGA ST","201433929","01/04/2014","Tue","0845","MO","CN1C","330A 386A ","","R","D","O ","F "," ","N","C","050","0","0","0","","","1868526","5713336",
"Taupo District","RIFLE RANGE ROAD","25","S"," ","ROBERTS ST","201434034","02/04/2014","Wed","1825","DA","TN1","350A 386A 927 ","P","M","D","B ","F ","D","N","C","050","0","0","0","","","1867789","5712906",
"Taupo District","RIFLE RANGE ROAD",""," ","I","TAMAMUTU ST","201410775","03/04/2014","Thu","1105","HA","CN1S","302A 375A ","","R","D","B ","F ","R","G","C","050","0","0","1","","24","1868326","5713219",
"Taupo District","ROBERTS ST",""," ","I","TITIRAUPENGA ST","201434047","17/04/2014","Thu","1350","HA","CS2C","301B 321B 402B ","","R","W","O ","F ","X","S","C","050","0","0","0","","","1867353","5713071",
"Taupo District","ROBERTS ST W",""," ","I","SERVICE LANE","201431108","12/02/2014","Wed","1150","BA","TS1V","386A ","","R","D","O ","F ","T","N","C","050","0","0","0","","","1867082","5713157",
"Taupo District","RUAPEHU ST","60","S"," ","PAORA HAPI ST","201412037","16/04/2014","Wed","1740","JO","VS1M","110A 308A 132B 926 ","","R","D","O ","F ","D","N","C","050","0","0","1","","","1867293","5713658",
"Taupo District","RUAPEHU ST","15","S"," ","TAMAMUTU ST","201410031","19/02/2014","Wed","1505","MF","VN14V","377B 445C 839 ","","R","D","B ","F ","R","G","C","050","0","0","1","","","1867255","5713539",
"Taupo District","SCANNELL ST",""," ","I","KAIMANAWA ST","201431135","22/02/2014","Sat","0955","HA","CS2C","302B 375B ","","R","D","O ","F ","X","G","C","050","0","0","0","","","1867808","5713752",
"Taupo District","SH 41","1500","W"," ","TOKAANU STM BR","201437596","10/06/2014","Tue","1023","DA","CW1","131A 404A ","","M","W","O ","H "," "," ","C","100","0","0","0","","","","",
"Taupo District","SPA ROAD","15","W"," ","PIHANGA ST","201430267","11/01/2014","Sat","1300","MF","CW14","371B ","","R","D","B ","F "," "," ","C","050","0","0","0","","","1868318","5714095",
"Taupo District","SPA ROAD","20","E"," ","SH 1N","201436672","20/05/2014","Tue","0850","MA","CE1C","373B ","","R","D","B ","F "," ","N","L","050","0","0","0","","","1867102","5713781",
"Taupo District","TAHAREPA ROAD","500","W"," ","CROWN ROAD","201436674","09/05/2014","Fri","1738","DA","CS1","111A ","F","M","W","DO","F "," ","N","C","050","0","0","0","","","1869370","5713440",
"Taupo District","TAHAREPA ROAD",""," ","I","ELIZABETH ST","201437599","06/06/2014","Fri","1700","GD","CN1C","331A ","","R","D","TO","F ","T","N","L","050","0","0","0","","","1869503","5713148",
"Taupo District","TAHAREPA ROAD",""," ","I","GILLIES AVENUE","201437594","17/06/2014","Tue","1425","JA","4N14","301B 377B ","","R","D","O ","F ","T","S","L","050","0","0","0","","","1869465","5713229",
"Taupo District","TAHAREPA ROAD",""," ","I","RIFLE RANGE ROAD","201412007","16/04/2014","Wed","2022","HA","CS1M","302A 375A ","","E","W","DO","F ","R","G","C","050","0","0","1","","","1869245","5713712",
"Taupo District","TAMAMUTU ST","10","E"," ","TANIWHA ST","201433926","01/04/2014","Tue","1530","MF","CE14","357B 371B ","","R","D","O ","F ","T","N","C","050","0","0","0","","","1867384","5713525",
"Taupo District","TAUHARA ROAD",""," ","I","AC BATHS AVENUE","201438000","11/06/2014","Wed","1005","HA","TW2C","302A ","","R","W","O ","L ","X","G","C","050","0","0","0","","","","",
"Taupo District","TAUHARA ROAD","50","E"," ","SPA ROAD","201410683","21/02/2014","Fri","1933","MD","SE1C","371B 929 ","","R","D","B ","F ","D","N","N","050","0","0","1","","16","1868707","5714250",
"Taupo District","TAUPO VIEW ROAD","200","N"," ","GILLIES AVENUE","201413110","09/04/2014","Wed","1348","EA","SN14","129A 501A ","M","R","D","O ","F "," "," ","C","050","0","1","0","","13","1868802","5713146",
"Taupo District","TAUTAHANGA ROAD","20","W"," ","OHUANGA ROAD","201430279","08/01/2014","Wed","1645","JA","4E1C","308B 925 ","","R","D","B ","F ","D","N","C","050","0","0","0","","","1843564","5680997",
"Taupo District","TITIRAUPENGA ST",""," ","I","HEUHEU ST","201432730","05/03/2014","Wed","0850","HA","VS14","301A 375A 197B ","","R","D","O ","F ","X","S","C","050","0","0","0","","","1867417","5713282",
"Taupo District","TITIRAUPENGA ST",""," ","I","ROBERTS STREET","201412222","02/02/2014","Sun","1325","HA","CE2C","113A 301A ","","R","D","BF","F ","X","S","N","050","0","0","1","","","1867353","5713071",
"Taupo District","TITOKI AVENUE","100","E"," ","ARROWSMITH AVENUE","201438163","19/05/2014","Mon","1903","DA","CE1","111A 131A 514A 929 ","FP","S","D","DO","F ","D","N","C","050","0","0","0","","","1869229","5710500",
"Taupo District","TUKAIRANGI ROAD","1730","W"," ","POIHIPI ROAD","201432428","05/02/2014","Wed","2220","DB","VW1","111A 131A ","","M","D","DN","F "," "," ","C","100","0","0","0","","","1864375","5719072",
"Taupo District","TUWHARETOA ST","100","W"," ","RUAPEHU ST","201434245","11/03/2014","Tue","1620","MO","CW14","101A 371A ","M","R","D","B ","F "," "," ","C","050","0","0","0","","","1867069","5713276",
"Taupo District","WAIPAPA ROAD","15","E"," ","SCOTT ROAD","201430256","21/01/2014","Tue","1200","DA","CE1","111A 131A 901 ","","S","W","O ","H "," "," ","C","100","0","0","0","","","1839490","5751082",
"Taupo District","WAITAHANUI AVENUE","20","W"," ","TAUPO VIEW ROAD","201433932","05/04/2014","Sat","2130","EA","CW14","129A 500A ","M","R","D","DO","F "," ","N","N","050","0","0","0","","","1868704","5713310",
"Taupo District","WHANGAMATA ROAD","2810","N"," ","KINLOCH ROAD","201412221","05/05/2014","Mon","1450","BC","TN14","121A 197B 402B ","C","E","W","ON","  "," ","N","C","100","0","0","1","","","1857740","5720161",
"Taupo District","WHANGAMATA ROAD","400","W"," ","POIHIPI ROAD","201436845","08/02/2014","Sat","2200","CC","4W1","130A ","F","R","D","DN","F "," "," ","C","100","0","0","0","","","1861587","5721769",