"TLA NAME","CRASH ROAD","CRASH DIST","CRASH DIRN","INTSN","SIDE ROAD","CRASH ID","CRASH DATE","CRASH DOW","CRASH TIME","MVMT","VEHICLES","CAUSES","OBJECTS STRUCK","ROAD CURVE","ROAD WET","LIGHT","WTHRa","JUNC TYPE","TRAF CTRL","ROAD MARK","SPD LIM","CRASH FATAL CNT","CRASH SEV CNT","CRASH MIN CNT","PERS AGE1","PERS AGE2","EASTING","NORTHING"
"Taupo District","1N/664/0.718","800","S"," ","SH 30","201410936","02/03/2014","Sun","0450","DA","VS1","103A 131A ","V","E","D","DN","F "," ","N","C","100","0","0","1","","","1863769","5746055",
"Taupo District","1N/664/15.496","200","S"," ","TRAM ROAD","201432443","10/02/2014","Mon","0030","CB","CS1","138A 817 ","EX","R","D","DN","F "," ","N","N","100","0","0","0","","","1865953","5733742",
"Taupo District","1N/664/15.496","200","S"," ","TRAM ROAD","201434244","13/02/2014","Thu","2050","CC","VN1","112A 138A 337A 404A 407A 600A 812 817+","F","R","D","DN","F "," "," ","N","100","0","0","0","","","1865953","5733742",
"Taupo District","1N/680/2.564","2000","N"," ","ORUANUI ROAD","201430955","23/02/2014","Sun","1100","GD","CS1C","331A 353A 929 ","","R","D","BN","F ","D","N","C","100","0","0","0","","","1865645","5729917",
"Taupo District","1N/680/3.264","1300","N"," ","ORUANUI ROAD","201430251","04/01/2014","Sat","0930","QD","4S1T","665A ","","E","D","B ","F "," "," ","C","100","0","0","0","","","1865225","5729358",
"Taupo District","1N/680/7.527","1100","N"," ","PALMER MILL ROAD","201413654","14/06/2014","Sat","2120","DA","VS1","131A 363A ","G","E","D","DN","F "," "," ","C","100","0","0","1","","","1866587","5725566",
"Taupo District","1N/680/9.007","380","S"," ","PALMER MILL ROAD","201436673","13/05/2014","Tue","0512","DA","CN1O","330A 341A ","M","M","D","DO","F "," ","N","C","100","0","0","0","","","1866397","5724357",
"Taupo District","SH 5",""," ","I","1N/695/0.025","201431636","20/01/2014","Mon","","DA","CW1","131A 801 ","","R","W","O ","L ","R","G","R","100","0","0","0","","","1869872","5720431",
"Taupo District","1N/695/2.944",""," ","I","HUKA FALLS ROAD","201431105","21/02/2014","Fri","1200","GD","CN1C","181A 352A ","","R","D","B ","F ","T","G","X","100","0","0","0","","","1868610","5718313",
"Taupo District","1N/695/3.944","1000","S"," ","HUKA FALLS ROAD N","201431069","03/03/2014","Mon","0855","CB","CN1","128A 504A ","","R","D","B ","F "," ","N","C","100","0","0","0","","","1868465","5717363",
"Taupo District","1N/695/6.495",""," ","I","HUKA FALLS ROAD S","201436393","09/05/2014","Fri","0925","LB","VS1C4","303B 382B ","Q","R","D","BF","F ","T","G","R","080","0","0","0","","","1867127","5715263",
"Taupo District","1N/695/6.765",""," ","I","POIHIPI ROAD","201410182","14/01/2014","Tue","1418","LB","4S14","303B 387B ","","R","D","B ","F ","T","G","R","080","0","0","1","","","1867032","5715010",
"Taupo District","1N/695/7.986",""," ","I","SPA ROAD","201431918","09/02/2014","Sun","1649","FB","CN1C","181A ","","R","D","BF","F ","R","G","R","050","0","0","0","","","1867083","5713776",
"Taupo District","1N/695/8.297",""," ","I","HOROMATANGI ST","201435041","23/04/2014","Wed","1259","FA","VS1C","181A ","","R","D","B ","F ","T","N","C","050","0","0","0","","","1867009","5713526",
"Taupo District","1N/695/8.358",""," ","I","HEUHEU ST","201432729","21/02/2014","Fri","1532","LB","VN1C","303B 375B ","","R","D","B ","F ","X","T","R","050","0","0","0","","","1866976","5713420",
"Taupo District","1N/695/8.855",""," ","I","RUAPEHU ST","201436391","27/04/2014","Sun","0310","DB","CE1","101A 111A 131A ","S","R","D","DO","F ","T","G","C","050","0","0","0","","","1867111","5713076",
"Taupo District","1N/695/8.955","100","S"," ","RUAPEHU ST","201432442","16/02/2014","Sun","2232","CC","CS1","130A 504A ","I","R","D","DO","F "," "," ","R","050","0","0","0","","","1867192","5713019",
"Taupo District","TITIRAUPENGA ST",""," ","I","LAKE TERRACE","201433917","18/03/2014","Tue","1615","FB","CS14","112A 181A ","","R","D","B ","F ","T","G","C","050","0","0","0","","","1867309","5712936",
"Taupo District","TITIRAUPENGA ST",""," ","I","1N/695/9.098","201412267","20/05/2014","Tue","1830","LB","SE1C","204A 330A 600A ","","R","D","DO","F ","T","G","C","020","0","0","1","","26","1867309","5712936",
"Taupo District","1N/695/10.511","200","S"," ","TAHAREPA ROAD","201431637","14/01/2014","Tue","2144","EA","CN1C","129A ","M","R","D","DO","F "," "," ","C","050","0","0","0","","","1868336","5711911",
"Taupo District","1N/695/10.83","200","N"," ","NAPIER ROAD","201410215","07/01/2014","Tue","0945","MC","CN1C","330B 372B ","","R","D","B ","F "," ","N","C","100","0","0","1","","","1868483","5711628",
"Taupo District","1N/706/0.948","30","N"," ","HAWAI ST","201432431","28/01/2014","Tue","1705","BE","CN14","410A ","","R","D","B ","F "," "," ","P","050","0","0","0","","","1868288","5710587",
"Taupo District","1N/706/1.207",""," ","I","MATUKU ST","201412718","27/04/2014","Sun","1325","JA","CS1C","302B 375B ","","R","D","BF","F ","T","G","P","050","0","0","1","","","1868119","5710393",
"Taupo District","1N/706/1.616",""," ","I","RICHMOND AVENUE","201433927","28/03/2014","Fri","1630","JA","CS1C","302B 377B 830 ","","R","D","B ","F ","T","G","C","070","0","0","0","","","1867968","5710025",
"Taupo District","1N/706/7.935","2100","N"," ","HURAE ROAD","201430270","05/01/2014","Sun","1314","FD","4S1CC","181A ","","R","W","O ","L "," "," ","C","100","0","0","0","","","1867263","5704057",
"Taupo District","1N/726/2.241","100","N"," ","TE HEUHEU ROAD","201434980","18/04/2014","Fri","1035","FD","CS1C","181A ","","R","D","OF","F "," ","N","C","100","0","0","0","","","1860880","5693457",
"Taupo District","1N/726/3.171","830","S"," ","TE HEUHEU ROAD","201410517","28/01/2014","Tue","1458","DA","CW1","501A ","CZ","E","D","BN","F "," ","N","C","100","0","0","1","","","1860267","5692783",
"Taupo District","1N/726/3.741","1400","S"," ","TE HEUHEU ROAD","201434166","08/04/2014","Tue","0515","DB","TE1","410A ","","E","D","DN","F "," "," ","C","100","0","0","0","","","1859715","5692668",
"Taupo District","1N/726/7.721","100","E"," ","WAITAPU ROAD","201431370","08/02/2014","Sat","0020","DA","TE1","131A ","","M","W","DN","F "," ","N","C","100","0","0","0","","","1856375","5691609",
"Taupo District","1N/726/7.891","70","W"," ","WAITAPU ROAD","201410012","31/01/2014","Fri","0730","BF","VN1C","103A 131A ","","M","D","B ","F "," "," ","L","100","0","2","0","","","1856210","5691605",
"Taupo District","1N/726/11.191","410","E"," ","RAWHIRA ROAD","201431976","25/01/2014","Sat","1645","FD","CS1V","181A ","","R","D","BN","F "," ","N","C","100","0","0","0","","","1853991","5689618",
"Taupo District","1N/726/15.887","1000","S"," ","REREAHU AVENUE","201430260","04/01/2014","Sat","1300","FD","CN1CCV","181A 181B 181D 929 ","","R","D","B ","F ","D","N","C","100","0","0","0","","","1850223","5687510",
"Taupo District","1N/744/3.415","200","S"," ","FRETHEY DRIVE","201438311","01/06/2014","Sun","2118","QG","4N1","131A 661A 687A 818 ","","S","D","DN","F "," "," ","L","100","0","0","0","","","1846466","5684537",
"Taupo District","1N/744/8.696",""," ","I","PIHANGA ROAD","201430280","12/01/2014","Sun","1150","KB","CN2CC","301A ","","R","D","B ","F ","X","S","R","080","0","0","0","","","1843449","5680511",
"Taupo District","1N/744/8.696",""," ","I","PIHANGA ROAD","201431978","10/02/2014","Mon","1130","JA","CE14","301B 375B ","","R","D","BF","F ","X","S","R","080","0","0","0","","","1843449","5680511",
"Taupo District","1N/753/6.646","2000","S"," ","OHUANGA ROAD","201413271","10/06/2014","Tue","1845","DB","CN1","110A 135A 901 ","","M","W","DN","H "," ","N","N","100","0","0","2","","","1844084","5673526",
"Taupo District","1N/763/10.02","2170","N"," ","TREE TRUNK GORGE ROAD","201430261","03/01/2014","Fri","1725","DB","CS1","111A 131A ","EX","S","W","O ","L "," "," ","C","100","0","0","0","","","1839135","5662462",
"Taupo District","1N/763/10.39","1800","N"," ","TREE TRUNK GORGE ROAD","201435949","16/04/2014","Wed","1540","DA","CS1","131A 402A 632A ","ET","S","W","ON","H "," ","N","C","100","0","0","0","","","1839198","5662347",
"Taupo District","1N/763/11.19","1000","N"," ","TREE TRUNK GORGE ROAD","201430262","03/01/2014","Fri","1300","DB","MN1","131A 191A ","","S","D","B ","F "," "," ","C","100","0","0","0","","","1839263","5661987",
"Taupo District","1N/763/12.99","800","S"," ","TREE TRUNK GORGE ROAD","201437982","16/06/2014","Mon","1620","DA","VS1","131A 410A ","C","S","W","DN","H "," ","N","L","100","0","0","0","","","1838943","5660270",
"Taupo District","1N/763/14.32","2130","S"," ","TREE TRUNK GORGE ROAD","201435608","20/04/2014","Sun","1750","DA","CS1","135A 800 801 ","","M","W","DN","L "," "," ","C","100","0","0","0","","","1838661","5659592",
"Taupo District","1N/777/0.1","100","S"," ","OTURERE BR","201410380","29/01/2014","Wed","0320","CB","CW1","410A ","C","R","D","DN","F "," ","N","C","100","0","0","1","","","1838310","5659304",
"Taupo District","1N/777/0.75","750","S"," ","OTURERE BR","201412375","16/04/2014","Wed","1635","DA","CS1","131A 402A 800 901 ","T","M","W","O ","H "," "," ","C","100","0","0","1","","","1838910","5659212",
"Taupo District","1N/777/2.908","800","N"," ","WAIHOHONU SUB STN","201413344","02/06/2014","Mon","0940","DB","MS1","135A 802 ","G","S","I","B ","FF"," "," ","C","100","0","1","0","","","1837913","5657651",
"Taupo District","1N/777/8.434","1500","S"," ","RANGIPO INTAKE ROAD","201412418","10/02/2014","Mon","1340","BF","CN1C","111A 131A 135A 817 901 ","C","M","W","O ","H "," "," ","L","100","0","2","0","","","1835486","5653385",
"Taupo District","1N/777/12.091","580","S"," ","WAIPAKIHI ROAD","201438195","18/04/2014","Fri","1330","DA","CN1","411A ","CS","E","W","ON","L "," ","N","C","100","0","0","0","","","1835821","5650154",
"Taupo District","1N/777/15.572","350","N"," ","TUKINO ACCESS","201432300","20/01/2014","Mon","0830","CB","CN1","410A ","K","R","D","O ","F "," "," ","C","100","0","0","0","","","1836385","5647072",
"Taupo District","30/61/3.04","1500","N"," ","RANGINUI ROAD","201433125","17/03/2014","Mon","1800","DA","CN1","131A 198A ","C","S","D","B ","F "," "," ","C","100","0","0","0","","","1829342","5740648",
"Taupo District","32/29/0",""," ","I","SH 30","201430798","27/01/2014","Mon","1210","KB","CS1C","301B 375B ","","R","D","BF","F ","T","S","C","100","0","0","0","","","1844173","5743966",
"Taupo District","32/57/10.35","950","N"," ","WAIHAHA BR","201411241","28/02/2014","Fri","1930","DA","MS1","131A 804 ","","M","D","O ","F "," "," ","C","100","0","1","0","","","1833862","5713874",
"Taupo District","32/82/10.784","3500","N"," ","SH 41","201434890","03/03/2014","Mon","1330","CB","4N1","129A 410A ","E","R","D","BF","F "," ","N","C","100","0","0","0","","","1832948","5696169",
"Taupo District","41/23/3.813","10000","W"," ","SH 32","201433418","25/03/2014","Tue","1825","DA","VN1","135A 801 ","","M","W","DN","L "," ","N","C","100","0","0","0","","","1823177","5692819",
"Taupo District","41/23/9.263","4550","W"," ","SH 32","201438171","07/05/2014","Wed","0851","DA","TE1","111A 131A ","ET","M","W","ON","L "," ","N","C","100","0","0","0","","","1828290","5692693",
"Taupo District","41/37/0.259",""," ","A","LOWER KURATAU RIV BR","201400069","30/03/2014","Sun","1250","DB","CE1","111A 131A ","GT","E","D","BN","F "," "," ","L","100","1","0","1","","","1832591","5693046",
"Taupo District","41/37/8.97","300","N"," ","PAREROHI GROVE","201430278","05/01/2014","Sun","1050","DA","CN1","111A 131A 801 ","C","S","W","O ","L "," "," ","C","100","0","0","0","","","1837696","5688390",
"Taupo District","41/37/11.625","2980","S"," ","PUKAWA ROAD","201412555","17/03/2014","Mon","1600","DA","CN1","111A 131A 804 817 ","C","S","D","O ","F "," "," ","L","100","0","0","1","","","1837215","5685880",
"Taupo District","46/0/1","1000","W"," ","SH 1N","201431977","03/02/2014","Mon","0829","CB","CW1","130A ","G","R","D","BF","F "," ","N","C","100","0","0","0","","","1842197","5670450",
"Taupo District","47/29/4","4000","N"," ","OTUKOU ROAD","201411846","27/03/2014","Thu","1730","BB","VE14","129A 404A ","","R","D","BN","F "," ","N","C","100","0","2","1","","","1831913","5678360",
"Taupo District","5/111/8.102","1150","E"," ","PALMER MILL ROAD","201432429","08/02/2014","Sat","1221","DB","4E1","131A 800 801 ","C","E","W","O ","L "," "," ","C","100","0","0","0","","","1873806","5723507",
"Taupo District","5/135/1.78","1780","E"," ","SH 1N","201410537","14/01/2014","Tue","1600","GE","4E1C","387A 926 ","","R","D","BN","F ","D","N","C","100","0","0","1","","","1870185","5711336",
"Taupo District","5/135/3.453","1650","W"," ","MOUNTAIN ROAD","201410180","26/01/2014","Sun","1234","CB","CW1","130A 412A ","F","R","W","O ","L "," "," ","C","100","0","0","1","","","1871691","5710903",
"Taupo District","5/135/5.603","500","E"," ","MOUNTAIN ROAD","201410127","05/01/2014","Sun","1155","CB","CW1","130A 501A ","T","R","W","O ","L "," "," ","C","100","0","0","2","","","1873745","5710331",
"Taupo District","5/150/0.846","210","N"," ","MOTUKINO ROAD","201412386","28/03/2014","Fri","1650","CC","TN1","130A ","X","R","D","B ","F "," "," ","C","100","0","1","1","","","1880075","5703428",
"Taupo District","5/150/12.574","2000","E"," ","TAHARUA ROAD","201410271","16/02/2014","Sun","1045","CC","CS1","112A 330A ","C","R","D","O ","F "," ","N","N","080","0","0","1","","","1886818","5694036",
"Taupo District","5/150/13.874","3300","E"," ","TAHARUA ROAD","201410676","09/03/2014","Sun","1524","CB","CW1","197A 407A 817 ","","R","D","O ","F "," ","N","N","100","0","0","1","","","1888013","5693559",
"Taupo District","5/169/16.258","6200","N"," ","POHOKURA ROAD","201430269","05/01/2014","Sun","1545","DA","CS1","131A 191A 801 ","K","E","W","O ","H "," "," ","C","100","0","0","0","","","1905270","5681728",
"Taupo District","5/188/2.033","1600","N"," ","POHOKURA ROAD","201410414","25/01/2014","Sat","1330","DA","MN1","800 ","","M","D","B ","F "," "," ","C","100","0","0","1","","","1906706","5677837",
"Tauranga City","ASTOR PLACE","100","S"," ","THORNLEA DRIVE","201435516","08/05/2014","Thu","1526","QD","VW1","428A ","EFH","M","D","B ","F "," "," ","N","050","0","0","0","","","1881364","5819029",
"Tauranga City","BARBERRY ST","100","N"," ","BIRCH AVENUE","201434427","24/04/2014","Thu","1530","MO","TS1C","371A 927 ","M","R","D","B ","F ","D"," ","N","050","0","0","0","","","1877486","5822921",
"Tauranga City","BELK ROAD","200","S"," ","SH 29","201413613","09/06/2014","Mon","1430","DB","CS1","103A 111A 133A 801 ","V","E","W","O ","L "," "," ","C","100","0","0","1","","","1870927","5816583",
"Tauranga City","BELLEVUE ROAD",""," ","I","OTUMOETAI ROAD","201436498","09/05/2014","Fri","0650","DA","CN1","131A 410A ","F","M","D","TO","F ","M","T","C","050","0","0","0","","","","",
"Tauranga City","BELLEVUE ROAD",""," ","I","SEYMOUR PLACE","201434533","16/04/2014","Wed","1700","GD","VN1C","333A ","","R","D","OF","F ","T","G","C","050","0","0","0","","","1875997","5824368",
"Tauranga City","BELLEVUE ROAD",""," ","I","SEYMOUR PLACE","201432096","25/01/2014","Sat","1855","DA","VN1","131A 402A 427A ","P","M","D","BF","F ","T","G","C","050","0","0","0","","","1875997","5824368",
"Tauranga City","BELLEVUE ROAD",""," ","I","SUTHERLAND ROAD","201412224","05/05/2014","Mon","2030","DB","MN1","110A 135A 350A 801 ","","E","W","DO","L ","T","G","C","050","0","1","0","","","1876712","5823673",
"Tauranga City","BELLVUE ROAD","40","S"," ","SUTHERLAND ROAD","201413416","14/06/2014","Sat","1150","GA","SN1C","112A 331A 929 ","","R","D","B ","F ","D","N","C","050","0","1","0","","39","","",
"Tauranga City","BROOKFIELD TERRACE",""," ","I","OTUMOETAI ROAD","201410318","25/01/2014","Sat","1500","CA","PE1","103A ","","R","D","BF","F ","T","G","P","050","0","1","0","","","1876516","5824630",
"Tauranga City","CAMBRIDGE ROAD",""," ","I","CAMBRIDGE OFF WBD","201437661","03/06/2014","Tue","1739","KB","CN1C","301B 377B ","","R","D","DO","F ","T","S","C","050","0","0","0","","","1876091","5822876",
"Tauranga City","CAMBRIDGE ROAD","1500","N"," ","SH 29","201411644","19/03/2014","Wed","0635","BC","TN144","129A 410A ","","E","D","OF","F "," ","N","C","060","0","1","0","","","1873712","5819897",
"Tauranga City","CAMBRIDGE ROAD","80","S"," ","SUNNY DOWNS DRIVE","201430983","21/02/2014","Fri","1529","FD","PS1C","181A ","","R","D","BF","F "," ","N","L","060","0","0","0","","","1874348","5820905",
"Tauranga City","CAMERON ROAD","100","N"," ","CHURCH ST","201434534","17/04/2014","Thu","1542","FD","CS1C","103A 181A ","","E","W","OF","MS"," ","N","C","050","0","0","0","","","1876687","5821047",
"Tauranga City","CAMERON ROAD","20","N"," ","EIGHTEENTH AVENUE","201430247","15/01/2014","Wed","1440","FD","CN1C","181A ","","R","D","B ","F "," "," ","C","050","0","0","0","","","1877658","5821929",
"Tauranga City","CAMERON ROAD",""," ","I","EIGHTEENTH AVENUE","201436445","14/05/2014","Wed","1155","FE","CS1C","181A 387A ","","R","D","OF","F ","X","T","C","050","0","0","0","","","1877643","5821915",
"Tauranga City","CAMERON ROAD",""," ","I","EIGHTEENTH AVENUE","201412760","09/05/2014","Fri","1330","LB","CN1C","303B ","","R","D","BN","F ","T","T","C","050","0","0","3","","","1877643","5821915",
"Tauranga City","CAMERON ROAD","20","S"," ","ELEVENTH AVENUE","201436658","15/05/2014","Thu","1100","FA","CN1C","181A 331A ","","R","D","B ","F ","T","T","C","050","0","0","0","","","1878530","5822936",
"Tauranga City","CAMERON ROAD",""," ","I","ELEVENTH AVENUE","201410126","07/01/2014","Tue","1405","GB","SS1T","372B ","","S","D","B ","F ","X","T","R","050","0","0","1","","55","1878540","5822953",
"Tauranga City","CAMERON ROAD",""," ","I","ELEVENTH AVENUE","201430793","03/02/2014","Mon","1700","FE","CS1CC","181A ","","R","D","BF","F ","X","T","R","050","0","0","0","","","1878540","5822953",
"Tauranga City","CAMERON ROAD",""," ","I","ELEVENTH AVENUE","201431157","22/02/2014","Sat","1056","FE","CN14","181A 334A 350A ","","R","D","B ","F ","X","T","R","050","0","0","0","","","1878540","5822953",
"Tauranga City","CAMERON ROAD",""," ","I","ELIZABETH ST","201410489","11/02/2014","Tue","1030","FE","4N1C","109A 130A 506A ","","R","D","B ","F ","X","T","R","050","0","0","1","","","1879122","5824207",
"Tauranga City","CAMERON ROAD",""," ","I","ELIZABETH ST","201410812","02/02/2014","Sun","1154","HA","CN1CC","309A 330A 845 ","","R","D","O ","F ","X","T","R","050","0","1","0","","","1879122","5824207",
"Tauranga City","CAMERON ROAD","5","E"," ","KAURI ST","201435456","22/03/2014","Sat","1210","FE","CE1C","331A 358A ","","R","D","B ","F ","T","T","C","050","0","0","0","","","1876807","5821159",
"Tauranga City","CAMERON ROAD",""," ","I","KAURI ST","201436272","18/05/2014","Sun","1047","NB","CE1","376A ","","R","D","B ","F ","X","T","R","050","0","0","0","","","1876804","5821156",
"Tauranga City","CAMERON ROAD","10","S"," ","NINETEENTH AVENUE","201411657","10/02/2014","Mon","1445","FD","CS1C","181A ","","R","D","BF","F ","T","N","C","050","0","0","1","","","1877549","5821831",
"Tauranga City","CAMERON ROAD",""," ","I","NINETEENTH AVENUE","201434228","14/03/2014","Fri","1658","GB","SS14","372B 381B ","","R","D","O ","F ","T","G","C","050","0","0","0","","","1877556","5821837",
"Tauranga City","CAMERON ROAD","20","S"," ","SECOND AVENUE","201434513","18/02/2014","Tue","1545","MO","CS1C","385A ","M","R","D","BF","F "," ","N","R","050","0","0","0","","","1879099","5823973",
"Tauranga City","CAMERON ROAD","80","N"," ","SEVENTEENTH AVENUE","201433252","15/03/2014","Sat","0810","FD","VN1CC","181A ","","R","W","OF","L "," ","N","P","050","0","0","0","","","1877866","5822131",
"Tauranga City","CAMERON ROAD",""," ","I","SEVENTEENTH AVENUE","201433501","20/03/2014","Thu","0805","HA","CW1O","313A ","","R","D","BF","F ","X","T","N","050","0","0","0","","","1877812","5822072",
"Tauranga City","CAMERON ROAD",""," ","I","SIXTEENTH AVENUE","201412842","13/04/2014","Sun","1310","MC","CN1C","112A 331A 372B ","","R","D","O ","F ","X","G","P","050","0","0","1","","","1877932","5822224",
"Tauranga City","CAMERON ROAD","50","W"," ","THIRTEENTH AVENUE","201430323","13/01/2014","Mon","1130","FD","CE1VC","331A 350A ","","R","D","B ","F "," ","N","R","050","0","0","0","","","1878266","5822628",
"Tauranga City","CAMERON ROAD",""," ","I","THIRTEENTH AVENUE","201431041","17/02/2014","Mon","1335","FE","CS1M","181A 330A ","","R","D","O ","F ","X","T","C","050","0","0","0","","","1878299","5822666",
"Tauranga City","CAMERON ROAD",""," ","I","THIRTEENTH AVENUE","201437565","11/06/2014","Wed","1900","HA","CN1CV","322A ","","R","W","DO","H ","X","T","C","050","0","0","0","","","1878299","5822666",
"Tauranga City","CAMERON ROAD","50","E"," ","TWENTIETH AVENUE","201432684","03/04/2014","Thu","1310","FD","CE1CC","181A 330A ","","R","W","O ","F "," ","N","C","050","0","0","0","","","1877498","5821784",
"Tauranga City","CAMERON ROAD","15","N"," ","TWENTYFIRST AVENUE","201433658","27/03/2014","Thu","1715","FD","TS1CC","181A 331A 352A ","","R","D","B ","F "," "," ","C","050","0","0","0","","","1877305","5821607",
"Tauranga City","CAMERON ROAD",""," ","I","TWENTYSECOND AVENUE","201436510","21/05/2014","Wed","2235","HA","CW2C","322B 334B ","","R","D","DO","F ","X","T","C","050","0","0","0","","","1877050","5821378",
"Tauranga City","CAMERON ROAD",""," ","I","TWENTYTHIRD AVENUE","201430409","31/01/2014","Fri","0831","FA","CE1C","501A ","","R","D","B ","F ","X","T","C","050","0","0","0","","","1877030","5821360",
"Tauranga City","CHADWICK ROAD","40","E"," ","CAMERON ROAD","201413318","26/05/2014","Mon","1235","MF","MW1C","158A 333A ","","R","D","B ","F "," "," ","P","050","0","0","1","","","1876147","5819911",
"Tauranga City","CHADWICK ROAD",""," ","I","MANSELS ROAD","201430557","02/02/2014","Sun","1320","KA","CW1C","302B 387B ","","R","D","B ","F ","X","G","C","050","0","0","0","","","1876466","5819675",
"Tauranga City","CHAPEL ST",""," ","I","BROWN ST","201434240","15/03/2014","Sat","","DA","CS1","131A 631A 801 ","P","E","W","O ","L ","T","G","R","050","0","0","0","","","1879314","5825170",
"Tauranga City","CHAPEL ST","30","S"," ","MARSH ST","201431615","19/01/2014","Sun","1141","FD","CN1C","331A ","","R","D","B ","F "," "," ","C","050","0","0","0","","","1879262","5825371",
"Tauranga City","CHAPEL ST",""," ","I","VALE ST","201437452","02/06/2014","Mon","1229","JA","CN2C","302A 375A 402B ","","R","D","B ","F ","T","G","C","050","0","0","0","","","","",
"Tauranga City","CHURCHILL ROAD","300","N"," ","WAIHI ROAD","201435340","29/04/2014","Tue","1450","FA","CN1C","191B ","","E","W","B ","F "," "," ","C","050","0","0","0","","","1877621","5823459",
"Tauranga City","CLARKE ST","15","E"," ","TWENTYFIRST AVENUE","201434535","11/04/2014","Fri","0744","CB","CE1","130A 405A ","P","R","W","OF","H "," ","N","R","050","0","0","0","","","1877124","5821808",
"Tauranga City","COLUMBA PLACE",""," ","I","OTUMOETAI ROAD","201436819","23/05/2014","Fri","2105","DA","CS2","111A 131A 402A 901 ","FJ","R","W","DO","H ","T","S","C","050","0","0","0","","","1876973","5826723",
"Tauranga City","CONCORD AVENUE",""," ","I","PATERSON ST","201433502","15/03/2014","Sat","2342","DB","CE1","101A 111A 131A ","P","E","W","DO","L ","T","G","C","050","0","0","0","","","1884434","5826072",
"Tauranga City","COOPERS ROAD","60","S"," ","LEONARD PLACE","201432710","24/01/2014","Fri","1640","EA","CN1C","129A ","M","R","D","TF","F "," "," ","C","050","0","0","0","","","1876171","5821042",
"Tauranga City","COURTNEY ROAD","50","N"," ","LANDVIEW ROAD","201411774","27/03/2014","Thu","0908","GB","SN1C","372B 927 ","","S","D","B ","F ","D","N","C","050","0","1","0","","26","1877342","5820796",
"Tauranga City","COURTNEY ROAD","190","S"," ","TWENTYSECOND AVENUE","201412143","07/05/2014","Wed","1105","BF","CN1V","131A 410A ","","E","D","O ","F "," "," ","C","050","0","0","1","","","1877146","5821141",
"Tauranga City","COURTNEY ROAD","20","W"," ","TWENTYSECOND AVENUE","201435856","14/04/2014","Mon","1150","KB","CW1C","308B 375B 925 ","","M","D","OF","F ","D","N","C","050","0","0","0","","","1877118","5821266",
"Tauranga City","DEVONPORT ROAD","100","N"," ","ELIZABETH ST","201437662","24/05/2014","Sat","1236","MO","CS1C","386A ","M","R","D","O ","F "," "," ","N","050","0","0","0","","","1879473","5824235",
"Tauranga City","DEVONPORT ROAD","20","S"," ","ELIZABETH ST","201435517","30/04/2014","Wed","1400","MA","CN1C","373B ","","R","D","O ","F "," "," ","C","050","0","0","0","","","1879451","5824117",
"Tauranga City","DEVONPORT ROAD","100","N"," ","FOURTH AVENUE","201432958","05/03/2014","Wed","1350","MA","VS1C","373B ","","R","D","B ","F "," "," ","C","050","0","0","0","","","1879349","5823779",
"Tauranga City","DEVONPORT ROAD",""," ","I","THIRTEENTH AVENUE","201436985","21/05/2014","Wed","0954","HA","VE2C","302B ","","R","D","B ","F ","R","G","R","050","0","0","0","","","1878517","5822481",
"Tauranga City","DICKSON ROAD",""," ","I","DALTON DRIVE","201431166","05/03/2014","Wed","2055","GD","CE1C","181A 330A ","I","R","D","DO","F ","T","N","R","050","0","0","0","","","1891575","5821596",
"Tauranga City","DIVE CRESCENT","40","E"," ","THE STRAND","201413665","17/06/2014","Tue","1715","JA","SS1C","308B 375B 801 926 ","","M","W","TF","L ","D"," ","P","050","0","0","1","","38","1879602","5824851",
"Tauranga City","EDGECUMBE ROAD",""," ","I","ELEVENTH AVENUE","201432788","17/03/2014","Mon","0830","JA","CE1C","301B 375B ","","R","D","B ","F ","T","S","P","050","0","0","0","","","1878335","5823074",
"Tauranga City","ELEVENTH AVENUE",""," ","I","CAMERON ROAD","201433500","06/03/2014","Thu","1950","FE","CW1V","181A ","","R","D","BF","F ","X","T","C","050","0","0","0","","","1878540","5822953",
"Tauranga City","ELEVENTH AVENUE","15","E"," ","DEVONPORT ROAD","201433659","01/04/2014","Tue","1545","FD","4N1C","331A 352A ","","R","D","B ","F "," "," ","R","050","0","0","0","","","1878811","5822795",
"Tauranga City","ELEVENTH AVENUE",""," ","I","FRASER ST","201430292","23/01/2014","Thu","1548","FA","ME1C","181A ","","M","D","B ","F ","T","G","L","050","0","0","0","","","1879050","5822654",
"Tauranga City","ELEVENTH AVENUE","25","E"," ","NORRIS ST","201433657","04/04/2014","Fri","1642","FD","CS1C","181A 331A 402A ","","R","D","B ","F "," "," ","C","050","0","0","0","","","1878678","5822874",
"Tauranga City","ELEVENTH AVENUE","10","W"," ","ST JOHN ST","201430984","21/02/2014","Fri","1843","FD","CW1C4","331A 352A ","","R","D","BF","F ","X","T","R","050","0","0","0","","","1878435","5823016",
"Tauranga City","ELEVENTH AVENUE",""," ","I","ST JOHN ST","201411090","28/02/2014","Fri","1613","LB","PS1C","208A 370A 303B 314B 370B ","","R","D","B ","F ","T","S","C","050","0","0","1","","","1878443","5823011",
"Tauranga City","ELEVENTH AVENUE",""," ","I","ST JOHN ST","201438057","16/06/2014","Mon","0900","LB","SE1V","303B ","","R","D","O ","F ","X","S","C","050","0","0","0","","","1878443","5823011",