"TLA NAME","CRASH ROAD","CRASH DIST","CRASH DIRN","INTSN","SIDE ROAD","CRASH ID","CRASH DATE","CRASH DOW","CRASH TIME","MVMT","VEHICLES","CAUSES","OBJECTS STRUCK","ROAD CURVE","ROAD WET","LIGHT","WTHRa","JUNC TYPE","TRAF CTRL","ROAD MARK","SPD LIM","CRASH FATAL CNT","CRASH SEV CNT","CRASH MIN CNT","PERS AGE1","PERS AGE2","EASTING","NORTHING"
"Tauranga City","ELIZABETH ST","5","E"," ","GLASGOW ST","201435520","02/05/2014","Fri","1547","FD","CW1C","331A ","","R","W","B ","F ","X","G","C","050","0","0","0","","","1878930","5824246",
"Tauranga City","ESMERALDA ST","150","E"," ","RANGATAUA ST","201433779","04/04/2014","Fri","1515","CC","VE1","103A 112A 130A ","IS","R","D","B ","F "," "," ","R","050","0","0","0","","","1881768","5819921",
"Tauranga City","EVANS ROAD",""," ","I","GRAVATT ROAD","201433498","30/03/2014","Sun","0130","DB","CW2","103A 131A 351A ","PS","M","D","DO","F ","R","G","R","050","0","0","0","","","1887383","5822990",
"Tauranga City","EVERSHAM ROAD","500","S"," ","LAMBETH TERRACE","201412914","25/05/2014","Sun","1504","DA","MS1","111A 191A ","","E","D","O ","F "," "," ","C","050","0","0","1","","","1884735","5824484",
"Tauranga City","EVERSHAM ROAD",""," ","I","LAMBETH TERRACE","201430020","05/01/2014","Sun","1700","JA","CS1C","302B 387B ","","R","W","OF","L ","T","G","C","050","0","0","0","","","1884452","5824833",
"Tauranga City","FIRST AVENUE",""," ","I","CAMERON ROAD","201431765","02/02/2014","Sun","1530","EO","4W1C","377A 350B 374B ","M","S","D","B ","F ","X","G","C","050","0","0","0","","","1879120","5824099",
"Tauranga City","FOURTEENTH AVENUE","50","E"," ","FRASER ST","201411773","02/04/2014","Wed","1530","CA","PE1","130A 402A 810 ","","R","D","B ","F "," "," ","N","050","0","0","1","","","1878648","5822123",
"Tauranga City","FOURTEENTH AVENUE","100","W"," ","FRASER ST","201435495","22/05/2014","Thu","1720","EA","CW1C","129A 370A ","M","R","D","TF","F "," ","N","N","050","0","0","0","","","1878532","5822219",
"Tauranga City","FOURTH AVENUE",""," ","I","CAMERON ROAD","201436983","15/05/2014","Thu","0736","DB","CS2C","111A 131A 402A ","M","S","W","B ","F ","T","G","C","050","0","0","0","","","1879034","5823770",
"Tauranga City","FRASER ST",""," ","I","ELEVENTH AVENUE","201432554","07/02/2014","Fri","1712","BC","CN1C","111A 122A ","","S","W","O ","L ","T","G","L","050","0","0","0","","","1879050","5822654",
"Tauranga City","FRASER ST","50","N"," ","FOURTEENTH AVENUE","201410687","24/03/2014","Mon","1530","LB","SN1C","303B 375B 930 ","","R","D","B ","F ","D","N","C","050","0","0","1","","14","1878642","5822193",
"Tauranga City","FRASER ST","50","N"," ","KESTEVEN AVENUE","201434219","06/03/2014","Thu","1821","HO","CS1S","370A 210B 350B 387B ","","R","D","B ","F "," "," ","X","050","0","0","0","","","1877264","5820547",
"Tauranga City","FRASER ST","10","N"," ","SIXTEENTH AVENUE","201434789","06/05/2014","Tue","1723","FD","CN1C","331A 351A ","","R","D","BF","F ","X","G","P","050","0","0","0","","","1878361","5821874",
"Tauranga City","FRASER ST","15","N"," ","SIXTEENTH AVENUE","201430266","08/01/2014","Wed","0910","FA","CS1V","181A 331A ","","R","D","B ","F "," "," ","C","050","0","0","0","","","1878364","5821878",
"Tauranga City","FRASER ST","80","S"," ","SIXTEENTH AVENUE","201410498","26/02/2014","Wed","1730","FD","CN1CC","331A 352A ","","R","D","O ","FS"," "," ","C","050","0","0","1","","","1878301","5821807",
"Tauranga City","FRASER ST","30","S"," ","WAIMAPU ST","201434222","09/03/2014","Sun","1616","AA","SN1V","350A 372A 197B ","","R","D","B ","F "," "," ","C","050","0","0","0","","","1876778","5819617",
"Tauranga City","GIRVEN ROAD",""," ","I","GLOUCESTER ROAD","201410096","06/02/2014","Thu","2100","EB","CN14","370A 651B 830 ","Q","R","D","DO","F ","T","T","R","050","0","0","1","","","1884446","5825295",
"Tauranga City","GIRVEN ROAD",""," ","I","GLOUCESTER ROAD","201436671","16/05/2014","Fri","2020","LB","CE1V","103A 303B 375B 925 ","","R","D","DO","F ","D","N","R","050","0","0","0","","","1884446","5825295",
"Tauranga City","GIRVEN ROAD","50","E"," ","GRENADA ST","201432666","31/03/2014","Mon","1631","EA","CE1C","129A 354A ","M","R","D","B ","F "," ","N","C","050","0","0","0","","","1884733","5825441",
"Tauranga City","GIRVEN ROAD",""," ","I","GRENADA ST","201436508","20/05/2014","Tue","1649","FA","CN1C","181A 331A ","","R","D","B ","F ","T","G","P","050","0","0","0","","","1884688","5825419",
"Tauranga City","GIRVEN ROAD","50","N"," ","SH 2","201437560","12/05/2014","Mon","1016","KA","TW14","308A 357B 927 ","","R","D","B ","F ","D","N","R","050","0","0","0","","","1884273","5825219",
"Tauranga City","GIRVEN ROAD",""," ","I","SH 2","201436765","29/05/2014","Thu","0941","EC","CW1","826 ","D","R","D","O ","F ","R","G","C","070","0","0","0","","","1884223","5825212",
"Tauranga City","GOLF ROAD",""," ","I","MAUNGANUI ROAD","201412302","07/04/2014","Mon","0745","FB","CW1P","181A 331A ","","M","D","B ","F ","R","G","C","050","0","0","1","","","1882997","5826555",
"Tauranga City","GOLF ROAD",""," ","I","MAUNGANUI ROAD","201431920","14/02/2014","Fri","1830","GB","VW1C","404A ","","R","D","OF","F ","R","G","C","050","0","0","0","","","1882994","5826551",
"Tauranga City","GRAVATT ROAD",""," ","I","PALM BEACH BOULEVARD","201434093","19/04/2014","Sat","1335","HA","4E1C","112B 357B ","S","R","W","O ","F ","R","G","C","050","0","0","0","","","1888427","5822522",
"Tauranga City","GRENADA ST","20","N"," ","SEASPRAY DRIVE","201410535","01/02/2014","Sat","0123","CC","CE1","103A ","FH","R","D","DO","F "," ","N","C","050","0","0","1","","","1885116","5825096",
"Tauranga City","HAIRINI ON NBD","50","N"," ","TAMAHIKA ST","201436446","08/05/2014","Thu","0905","DB","TN1","191A 197A ","C","M","W","OF","L "," ","N","N","070","0","0","0","","","1879138","5820104",
"Tauranga City","HAMILTON ST",""," ","I","DURHAM ST","201413672","10/06/2014","Tue","1713","HA","CN2C","302B 370B 901 903 ","S","R","W","DO","HS","X","G","C","050","0","0","1","","","1879302","5824701",
"Tauranga City","HAMILTON ST","50","W"," ","WILLOW ST","201435102","30/04/2014","Wed","1243","MO","CE1C","330A 371A 926 ","M","R","D","B ","F ","D","N","N","050","0","0","0","","","1879394","5824704",
"Tauranga City","HEWLETTS ROAD",""," ","I","GOLF ROAD","201437660","18/05/2014","Sun","1745","LB","CE1C","302A 375A ","","M","D","DO","F ","R","G","R","070","0","0","0","","","1882964","5826537",
"Tauranga City","HEWLETTS ROAD",""," ","I","SH 2","201435945","12/04/2014","Sat","1730","AC","CW2C","372A ","","E","D","OF","F ","R","G","R","070","0","0","0","","","","",
"Tauranga City","HULL ROAD",""," ","I","MAUNGANUI ROAD","201432470","04/02/2014","Tue","1500","GF","CE1C","129A ","","E","D","O ","F ","T","T","R","050","0","0","0","","","1882104","5827824",
"Tauranga City","HULL ROAD","400","E"," ","TOTARA ST","201434224","08/03/2014","Sat","1517","CB","CE1C","112A 130A 402A ","KM","R","D","B ","F "," "," ","C","050","0","0","0","","","1881577","5827665",
"Tauranga City","HUMBER CRESCENT S","80","W"," ","FAULKNER ST","201434790","07/05/2014","Wed","1453","CB","CW1C","428A ","M","R","D","OF","F "," ","N","N","050","0","0","0","","","1876798","5821784",
"Tauranga City","JAMES COOK DRIVE",""," ","I","VICTORY ST","201436657","24/05/2014","Sat","1425","LB","CW1C","301A 321A ","","R","D","O ","F ","T","S","C","050","0","0","0","","","1880814","5819706",
"Tauranga City","JONATHON ST","90","N"," ","WAIHI ROAD","201412171","11/05/2014","Sun","2133","DA","MN14","131A 191A 402A ","M","E","D","DO","F "," "," ","C","050","0","0","1","","","1875891","5823337",
"Tauranga City","KINGSLEY PLACE","70","S"," ","EVERSHAM ROAD","201412999","17/06/2014","Tue","2246","DA","CN1","111A 133A 357A ","F","E","W","DO","L "," "," ","N","050","0","0","1","","","1884889","5824419",
"Tauranga City","LEVERS ROAD","15","W"," ","BAY ST","201431383","11/02/2014","Tue","1000","MG","CW1C","371B ","","E","D","BF","F "," ","N","C","050","0","0","0","","","1875242","5826074",
"Tauranga City","LEVERS ROAD","60","W"," ","CEDAR GROVE","201430272","11/01/2014","Sat","1000","MC","CE1CC","372B ","MH","R","D","B ","F "," "," ","C","050","0","0","0","","","1876388","5826724",
"Tauranga City","LEVERS ROAD","120","E"," ","TILBY DRIVE","201436982","25/05/2014","Sun","0654","DB","CW1","111A 131A ","CFJ","M","W","O ","F "," "," ","C","050","0","0","0","","","1876027","5826649",
"Tauranga City","MACDONALD ST","480","S"," ","HEWLETTS ROAD","201435518","28/04/2014","Mon","0820","KB","VN1V","308B 927 ","","R","D","B ","F ","D"," ","C","050","0","0","0","","","1883165","5826082",
"Tauranga City","MALEME ST","280","W"," ","TANGMERE PLACE","201435686","07/05/2014","Wed","","EA","BE1V","129A 386A 927 ","M","R","D","O ","F ","D"," ","C","050","0","0","0","","","1876462","5818804",
"Tauranga City","MARANUI ST","300","E"," ","GIRVEN ROAD","201413308","03/06/2014","Tue","1521","NA","CS1E","712B 713B ","","R","D","B ","F "," "," ","C","050","0","0","1","9","","1885329","5825437",
"Tauranga City","MARANUI ST",""," ","I","GIRVEN ROAD","201437553","13/05/2014","Tue","0630","KA","SW2V","302B ","","R","D","DO","F ","T","G","C","050","0","0","0","","","1885091","5825621",
"Tauranga City","MARANUI ST","50","S"," ","SEASPRAY DRIVE","201437453","31/05/2014","Sat","1305","GB","CS1C","158A 333A 387A 929 ","","R","W","B ","F ","D","N","C","050","0","0","0","","","1885381","5825397",
"Tauranga City","MARANUI ST","100","W"," ","SUNBRAE GROVE","201435777","15/05/2014","Thu","1800","FD","CS1CV","112A 331A ","","R","D","DO","F "," "," ","C","050","0","0","0","","","1885855","5825034",
"Tauranga City","MARANUI ST","50","S"," ","YALE ST","201434807","01/04/2014","Tue","1759","FD","CS1C","181A ","","R","D","BF","F "," ","N","P","050","0","0","0","","","1885682","5825164",
"Tauranga City","MARINE PARADE","50","S"," ","TAY ST","201434952","25/03/2014","Tue","1630","NB","CN1E","711B ","","R","D","DO","F "," ","N","C","050","0","0","0","","","1882272","5828470",
"Tauranga City","MARSH ST","50","W"," ","PITT ST","201432467","02/02/2014","Sun","1618","CB","CW1","130A 524A ","","R","D","B ","F "," "," ","C","050","0","0","0","","","1879385","5825442",
"Tauranga City","MAUNGANUI ROAD","30","S"," ","BANKS AVENUE","201410494","01/03/2014","Sat","1015","NB","CS1E","711B 712B 732B ","","R","D","B ","F "," "," ","P","050","0","1","0","81","","1880968","5829352",
"Tauranga City","MAUNGANUI ROAD",""," ","I","HEATH ST","201432060","08/02/2014","Sat","1525","JA","CS1C","302B ","","R","D","O ","F ","T","G","R","050","0","0","0","","","1882306","5827613",
"Tauranga City","MAUNGANUI ROAD",""," ","I","HULL ROAD","201430322","01/01/2014","Wed","0200","FE","CS1C","101A 181A ","","R","D","DO","F ","T","T","C","050","0","0","0","","","1882104","5827824",
"Tauranga City","MAUNGANUI ROAD",""," ","I","HULL ROAD","201411889","23/03/2014","Sun","1415","FE","VE1C","181A ","","R","D","BF","F ","T","T","C","050","0","0","1","","","1882104","5827824",
"Tauranga City","MAUNGANUI ROAD","5","S"," ","NIKAU CRESCENT","201435021","21/04/2014","Mon","1815","MO","CN1C","371A ","M","R","D","DO","F ","T","N","R","050","0","0","0","","","1881011","5829226",
"Tauranga City","MAUNGANUI ROAD",""," ","I","NIKAU CRESCENT","201410527","24/01/2014","Fri","2110","MC","SN1C","372B ","","R","D","TO","F ","T","G","C","050","0","0","1","","23","1881007","5829230",
"Tauranga City","MAUNGANUI ROAD","230","S"," ","PURIRI ST","201430540","26/01/2014","Sun","1620","FC","CN1C","181A 351A ","","R","D","B ","F "," "," ","X","050","0","0","0","","","1881505","5828582",
"Tauranga City","MAUNGANUI ROAD","110","S"," ","TAY ST","201413002","15/05/2014","Thu","1809","BE","PN1C","101A 137A ","","R","D","DO","F "," ","N","P","050","0","0","1","","","1881769","5828116",
"Tauranga City","MAUNGATAPU ROAD","20","N"," ","ANCHORAGE GROVE","201413317","31/05/2014","Sat","1841","ME","MN1C","382B ","","R","D","DO","F "," "," ","C","050","0","1","0","","","1879932","5820586",
"Tauranga City","MAXWELLS ROAD",""," ","I","CHAPEL ST","201435946","07/04/2014","Mon","0920","JA","PN2C","301B 375B ","","R","D","OF","F ","T","S","R","050","0","0","0","","","1878712","5826024",
"Tauranga City","MEADOWLAND ST","170","E"," ","HALL ROAD","201431042","14/02/2014","Fri","1855","MO","CE1","101A 353A 371A 929 ","P","E","D","B ","F ","D","N","C","050","0","0","0","","","1876398","5826483",
"Tauranga City","MILLERS ROAD","200","W"," ","WARWICK PLACE","201435341","11/05/2014","Sun","2303","CB","4E1","410A ","P","R","D","DO","F "," "," ","C","050","0","0","0","","","1875946","5823869",
"Tauranga City","MIRRIELEES ON EBD",""," ","I","MIRRIELEES ROAD","201437464","25/05/2014","Sun","0032","DA","CE1","111A 133A 801 ","G","E","W","DO","L ","T","T","N","080","0","0","0","","","1879567","5825671",
"Tauranga City","MIRRIELEES ROAD",""," ","I","MIRRIELEES ON EBD","201432626","22/03/2014","Sat","1620","KA","SS1C","302B 375B ","","E","D","O ","F ","X","G","C","050","0","0","0","","","1879567","5825671",
"Tauranga City","MONMOUTH ST","25","W"," ","CLIFF ROAD","201430246","06/01/2014","Mon","0600","MO","VE1C","371A ","M","R","D","O ","F "," "," ","N","050","0","0","0","","","1879496","5824968",
"Tauranga City","NEWTON ST","60","S"," ","AERODROME ROAD","201435519","30/04/2014","Wed","1158","LB","CS1CC","303B 375B 927 ","M","R","D","B ","F ","D"," ","C","050","0","0","0","","","1882680","5826806",
"Tauranga City","NEWTON ST","900","S"," ","HULL ROAD","201411240","14/03/2014","Fri","1639","LB","4S1C","303B 927 ","","R","D","B ","F ","D","N","C","050","0","0","1","","","1882566","5826989",
"Tauranga City","NGATAI ROAD","130","W"," ","BURETA ROAD","201412865","16/05/2014","Fri","1405","DB","CW1","131A ","EF","E","D","B ","F "," "," ","C","050","0","1","0","","","1878037","5826439",
"Tauranga City","NGATAI ROAD","120","W"," ","MAXWELLS ROAD","201432787","17/03/2014","Mon","1445","MO","CE1C","371A 929 ","M","R","D","B ","F ","D"," ","N","050","0","0","0","","","1878746","5826142",
"Tauranga City","OBAN ROAD","150","E"," ","CAMERON ROAD","201413401","12/06/2014","Thu","1223","CB","CE1","130A 133A 402A ","FH","R","W","O ","H "," "," ","N","050","0","0","1","","","1875984","5819577",
"Tauranga City","OCEAN BEACH ROAD","450","N"," ","CONCORD AVENUE","201438309","31/05/2014","Sat","0313","BF","CN1CC","101A 131A ","","M","D","DO","F "," "," ","C","050","0","0","0","","","","",
"Tauranga City","OCEANBEACH ROAD",""," ","I","GIRVEN ROAD","201430275","02/01/2014","Thu","1030","MC","CS1V","372B ","","R","D","B ","F ","T","G","C","050","0","0","0","","","1885127","5825669",
"Tauranga City","OCEANBEACH ROAD","30","S"," ","MOA ST","201412257","14/05/2014","Wed","0854","MB","PN1C","330B 372B ","","R","W","O ","L "," ","N","C","050","0","1","0","","","1883067","5827591",
"Tauranga City","OCEANVIEW ROAD",""," ","I","SUTHERLAND AVENUE","201411546","17/03/2014","Mon","2358","CB","CS1","103A 129A ","T","R","D","DO","F ","X","S","C","050","0","0","1","","","1881602","5828902",
"Tauranga City","OCEANVIEW ROAD","40","N"," ","TERRACE AVENUE","201410862","11/01/2014","Sat","1633","EA","VS1V","129A 130A 350A ","FM","R","D","B ","F "," "," ","C","050","0","0","1","","","1881761","5828706",
"Tauranga City","OTUMOETAI ROAD",""," ","I","DARRAGHS ROAD N","201411935","08/04/2014","Tue","0830","JA","MS1C","302B 375B ","","R","D","BF","F ","T","G","R","050","0","0","1","","","1876526","5824680",
"Tauranga City","PAPAMOA BEACH ROAD",""," ","I","BERMUDA DRIVE","201411754","31/03/2014","Mon","0855","FA","CN1V","331A 350A 402A 817 ","F","R","D","B ","F ","T","G","C","060","0","0","2","","","1888312","5823408",
"Tauranga City","PAPAMOA BEACH ROAD",""," ","I","CALYPSO DRIVE","201433928","03/04/2014","Thu","0755","EA","BE1C","361A 386A ","M","R","D","B ","F ","T","N","C","050","0","0","0","","","1894132","5820555",
"Tauranga City","PAPAMOA BEACH ROAD","20","E"," ","MARANUI ST","201430049","02/01/2014","Thu","1000","FD","CW1CC","331A ","","R","D","BF","F "," ","N","C","050","0","0","0","","","1886648","5824501",
"Tauranga City","PAPAMOA BEACH ROAD","20","S"," ","MOTITI ROAD N","201431794","31/01/2014","Fri","2239","MO","CS1C","103A 371A 929 ","M","R","D","DO","F ","D"," ","C","050","0","0","0","","","1893826","5820686",
"Tauranga City","PAPAMOA BEACH ROAD","15","W"," ","TARA ROAD","201430274","04/01/2014","Sat","1440","FD","CE1C","331A 359A ","","R","D","B ","F ","R","G","R","050","0","0","0","","","1889595","5822709",
"Tauranga City","PARTON ROAD",""," ","I","DICKSON ROAD","201413667","13/06/2014","Fri","1710","JA","ME1C","302B 375B ","","R","D","B ","F ","T","G","C","050","0","0","1","","","1892293","5821201",
"Tauranga City","POIKE ROAD","20","W"," ","WAIMAPU PA ROAD","201410623","12/02/2014","Wed","0800","CA","PW1","135A 330A 804 ","","R","D","B ","F ","M","G","C","050","0","0","1","","","1877747","5818663",
"Tauranga City","POIKE ROAD",""," ","I","WINDERMERE DRIVE","201432957","18/03/2014","Tue","0855","GD","VW1C","333A ","","R","D","B ","F ","T","G","C","050","0","0","0","","","1877609","5818691",
"Tauranga City","PORTSIDE DRIVE",""," ","I","TRITON AVENUE","201433728","31/03/2014","Mon","0833","DA","TE2CCC","131A 358A 902 ","M","R","D","B ","F ","T","G","C","050","0","0","0","","","1881760","5827426",
"Tauranga City","PRINCE AVENUE","15","W"," ","STEEPLE LANE","201410311","03/01/2014","Fri","0745","CB","CE1","129A ","H","R","D","BF","F "," ","N","C","050","0","1","0","","","1880845","5829575",
"Tauranga City","PUKEHINU ROAD","200","N"," ","SH 2","201437559","23/02/2014","Sun","0920","EC","BS1","821 ","X","M","D","B ","F "," "," ","C","100","0","0","0","","","","",
"Tauranga City","PUKEMAPU ROAD","340","S"," ","OROPI ROAD","201434805","08/04/2014","Tue","1726","BF","CN1C","132A ","","M","W","ON","L "," ","N","C","100","0","0","0","","","1877046","5817270",
"Tauranga City","RANGINUI ROAD",""," ","I","WELCOME BAY ROAD","201430273","09/01/2014","Thu","1614","DB","CE2","103A 111A 131A 632A ","E","M","D","B ","F ","T","S","C","060","0","0","0","","","1882320","5819619",
"Tauranga City","RATA ST",""," ","I","TOTARA ST","201430422","29/01/2014","Wed","0900","EA","4E14","129A 504A ","M","R","D","B ","F ","T","N","C","050","0","0","0","","","1881074","5829060",
"Tauranga City","ROWESDALE DRIVE","15","W"," ","ROBINIA PLACE","201430253","10/01/2014","Fri","0001","DA","CE1","111A 131A ","KT","E","D","DO","F "," "," ","C","050","0","0","0","","","1878797","5817301",
"Tauranga City","SEASPRAY DRIVE",""," ","I","GRENADA ST","201435993","23/03/2014","Sun","1824","DA","CW2","101A 133A 357A ","F","R","D","BF","F ","T","G","R","050","0","0","0","","","1885132","5825084",
"Tauranga City","SERVICE LANE",""," ","I","CENTA MAX SERVICE LANE E","201410846","01/01/2014","Wed","1145","DB","PN2","103A 131A ","K","E","D","B ","F ","R","G","R","050","0","0","1","","","1889415","5822298",
"Tauranga City","SH 2",""," ","I","BETHLEHEM ROAD","201438166","06/04/2014","Sun","0920","GC","CE1C","171B ","","R","D","BF","F ","R","G","R","050","0","0","0","","","","",
"Tauranga City","SH 2","100","S"," ","MATAPIHI ROAD","201413830","13/06/2014","Fri","1820","FD","CN1VCC","110A 331A ","","R","D","DO","F "," "," ","P","070","0","0","2","","","","",
"Tauranga City","SIXTH AVENUE",""," ","I","CAMERON ROAD","201412759","12/05/2014","Mon","2000","BF","CS2V","131A ","IQ","R","D","DO","F ","X","G","R","050","0","0","1","","","1878887","5823526",
"Tauranga City","STELLA PLACE","20","N"," ","PERCY ROAD","201432553","18/02/2014","Tue","1845","CB","CN1C","112A 129A ","","R","D","TN","F "," ","N","N","050","0","0","0","","","1889103","5822873",
"Tauranga City","STERLING GATE DRIVE","120","N"," ","CAMBRIDGE ROAD","201436987","13/04/2014","Sun","2009","EA","CS1C","129A ","M","R","D","DO","F "," "," ","N","050","0","0","0","","","1875513","5822504",
"Tauranga City","TAIPARI ST",""," ","I","TAIPARI OFF WBD","201434426","25/04/2014","Fri","1920","JA","VE1C","302B 375B ","","R","D","DO","F ","T","G","R","050","0","0","0","","","1880434","5820898",
"Tauranga City","TARA ROAD",""," ","I","ROYAL ASCOT DRIVE","201410383","03/01/2014","Fri","0800","KA","SE1C","375B ","","R","D","BF","F ","T","N","C","050","0","0","2","","45","1889868","5820789",
"Tauranga City","TEMP DOMAIN ROUNDABOUT",""," ","I","DOMAIN ROAD","201400031","15/02/2014","Sat","1304","DB","MS1","131A 817 ","G","E","D","BF","F ","Y","N","N","080","1","0","0","","","1889479","5820782",
"Tauranga City","THE STRAND","50","N"," ","DEVONPORT ROAD","201434229","13/03/2014","Thu","1405","FC","XN1C","181A 331A ","","E","D","B ","F "," "," ","C","050","0","0","0","","","1879552","5824541",
"Tauranga City","THIRTEENTH AVENUE","40","E"," ","CAMERON ROAD","201412633","14/04/2014","Mon","1905","NB","CW1E","713B ","","R","W","DO","L "," ","N","N","050","0","0","1","12","","1878330","5822640",
"Tauranga City","TOTARA ST","50","S"," ","ASTROLABE ST","201411641","18/03/2014","Tue","0830","FD","CN1T","181A ","","R","D","BF","F "," ","N","P","050","0","0","1","","","1881148","5827242",
"Tauranga City","TOTARA ST","50","S"," ","RATA ST","201430271","11/01/2014","Sat","1640","FD","CN1C","112A 331A ","T","R","D","B ","F "," "," ","C","060","0","0","0","","","1881080","5829010",
"Tauranga City","TUKORAKO DRIVE","30","S"," ","REREWAI PLACE","201413604","14/06/2014","Sat","0920","DA","MN1","111A 131A ","K","E","D","B ","F "," "," ","N","050","0","0","1","","","1881965","5827440",
"Tauranga City","UPLAND ST","60","S"," ","BELLEVUE ROAD","201432059","02/02/2014","Sun","2256","DA","CN1","111A 131A 423A ","X","M","D","DO","F "," "," ","N","050","0","0","0","","","1875893","5824385",
"Tauranga City","WAIHI ON NBD","120","N"," ","WAIHI ROAD","201410317","29/01/2014","Wed","1632","DB","CN1","111A 131A ","P","M","D","BF","F "," ","N","N","050","0","0","2","","","1877955","5823084",
"Tauranga City","WAIHI ROAD",""," ","I","BIRCH AVENUE","201434298","18/03/2014","Tue","1300","MO","VW1C","372A ","","E","D","B ","F ","X","T","C","050","0","0","0","","","1877742","5823075",
"Tauranga City","WAIHI ROAD","70","E"," ","ROBINS ROAD","201410310","01/01/2014","Wed","0645","CB","CE1","103A 129A ","C","R","D","BF","F "," ","N","P","050","0","0","1","","","1877507","5823190",
"Tauranga City","WAIHI ROAD",""," ","I","ROBINS ROAD","201413801","21/06/2014","Sat","0205","DB","CW1","101A 111A 131A ","H","M","D","DO","F ","T","S","C","050","0","0","1","","","1877441","5823213",
"Tauranga City","WAIHI ROAD",""," ","I","ROBINS ROAD","201430324","11/01/2014","Sat","1717","GD","VE1C","181A ","","R","D","B ","F ","T","N","C","050","0","0","0","","","1877441","5823213",
"Tauranga City","WAIHI ROAD","140","E"," ","TEKOAH PLACE","201412814","13/05/2014","Tue","1315","GA","PE1C","181A 331A 402A 929 ","","R","D","B ","F ","D"," ","P","050","0","0","1","","","1876977","5823372",
"Tauranga City","WAIHI ROAD","40","W"," ","VERONA WAY","201432469","09/02/2014","Sun","0210","EA","CW1C","129A ","M","E","D","DO","F "," "," ","C","050","0","0","0","","","1876670","5823404",
"Tauranga City","WELCOME BAY ROAD","50","E"," ","FORRESTER DRIVE","201411212","06/03/2014","Thu","0748","EA","CE1B","104A 112A 363A 902 ","M","R","D","B ","F "," "," ","P","050","0","0","1","","","1881424","5819874",
"Tauranga City","WELCOME BAY ROAD",""," ","I","KAIRUA ROAD","201411756","29/03/2014","Sat","0815","JA","SE14","321B 375B ","","E","D","B ","F ","T","S","C","060","0","0","1","","42","1886370","5820300",
"Tauranga City","WELCOME BAY ROAD","130","E"," ","KAITEMAKO ROAD","201410713","19/03/2014","Wed","2340","DB","CS1","103A 111A 431A ","P","E","D","DO","F "," ","N","R","050","0","0","1","","","1880168","5819857",
"Tauranga City","WELCOME BAY ROAD",""," ","I","OHAUITI ROAD","201434806","06/04/2014","Sun","1927","DA","VN2","131A ","IP","R","D","DO","F ","T","T","R","050","0","0","0","","","1879290","5819743",
"Tauranga City","WELCOME BAY ROAD","300","E"," ","RANGINUI ROAD","201436984","20/05/2014","Tue","0943","GB","CW1T","158A 817 929 ","","R","D","B ","F ","D","N","N","080","0","0","0","","","1882612","5819632",
"Tauranga City","WELCOME BAY ROAD",""," ","I","REID ROAD","201434065","20/04/2014","Sun","1750","DA","MW1","111A 514A ","","M","W","DN","F ","T","N","C","100","0","0","0","","","1888257","5820143",
"Tauranga City","WILLOW ST","25","S"," ","WHARF ST","201433496","27/03/2014","Thu","1017","MO","VN1T","330A ","M","R","D","BF","F "," ","N","N","050","0","0","0","","","1879449","5824559",
"Tauranga City","WILLOW ST",""," ","I","WHARF ST","201413316","29/05/2014","Thu","1925","HA","CW2M","301A 375A ","","R","D","DO","F ","X","S","C","050","0","0","1","","","1879448","5824584",
"Tauranga City","WINDSOR ROAD",""," ","I","PRINCESS ROAD","201412915","28/05/2014","Wed","1802","JA","PN1C","302B 387B ","","R","D","DO","F ","T","G","C","050","0","0","1","","","1875911","5825200",
"Tauranga City","Z CPK BAY FAIR","30","N"," ","GIRVEN ROAD","201412071","22/04/2014","Tue","1550","FO","SN1C","174A ","","R","D","B ","F "," ","N","N","050","0","0","1","","17","1884314","5825295",
"Tauranga City","2/146/1.279",""," ","I","TE PAEROA ROAD","201436986","29/05/2014","Thu","1030","AA","TW1C","111A 386A ","","E","D","O ","F ","R","G","R","050","0","0","0","","","1873906","5823406",
"Tauranga City","2/146/1.666","50","W"," ","BETHLEHEM ROAD","201412763","10/05/2014","Sat","1449","AC","CE1M","372A ","","R","D","BF","F "," ","N","C","050","0","0","1","","","1874294","5823412",
"Tauranga City","2/146/1.716",""," ","I","BETHLEHEM ROAD","201430410","30/01/2014","Thu","1130","MG","VE1C","371B 420B ","","R","D","B ","F ","R","G","C","050","0","0","0","","","1874344","5823414",
"Tauranga City","2/146/1.716",""," ","I","BETHLEHEM ROAD","201432317","15/02/2014","Sat","1152","LB","CE1C","302A ","","M","D","B ","F ","R","G","R","050","0","0","0","","","1874344","5823414",
"Tauranga City","2/146/1.716",""," ","I","BETHLEHEM ROAD","201431452","07/03/2014","Fri","1745","HA","CE1C","302A 353A ","","E","D","BF","F ","R","G","R","050","0","0","0","","","1874344","5823414",
"Tauranga City","2/146/1.729",""," ","I","BETHLEHEM ROAD","201434514","08/02/2014","Sat","1149","DA","CS1","135A 801 ","S","E","W","OF","F ","R","G","R","050","0","0","0","","","1874346","5823420",
"Tauranga City","2/151/1.222","400","S"," ","ELEVENTH AVENUE OBR","201433536","06/03/2014","Thu","0845","AA","TN1C","372A 671A ","","E","D","BF","F "," ","N","C","080","0","0","0","","","1877862","5822741",
"Tauranga City","2/151/2.731",""," ","I","ELIZABETH ST","201432664","03/03/2014","Mon","1235","HA","TS1C","302A ","","R","D","B ","F ","R","G","C","050","0","0","0","","","1878855","5824242",
"Tauranga City","2/151/5.106","400","E"," ","MIRRIELEES UNDERPASS","201435301","05/04/2014","Sat","1927","EC","VE1","827 ","X","E","D","TO","F "," "," ","C","100","0","0","0","","","1879910","5825505",