"TLA NAME","CRASH ROAD","CRASH DIST","CRASH DIRN","INTSN","SIDE ROAD","CRASH ID","CRASH DATE","CRASH DOW","CRASH TIME","MVMT","VEHICLES","CAUSES","OBJECTS STRUCK","ROAD CURVE","ROAD WET","LIGHT","WTHRa","JUNC TYPE","TRAF CTRL","ROAD MARK","SPD LIM","CRASH FATAL CNT","CRASH SEV CNT","CRASH MIN CNT","PERS AGE1","PERS AGE2","EASTING","NORTHING"
"Tauranga City","2/151/5.992",""," ","A","TAURANGA BRIDGE MARINA","201434415","26/02/2014","Wed","0815","AA","TN1C","184A ","","R","D","B ","F "," "," ","C","050","0","0","0","","","1880484","5825976",
"Tauranga City","2/151/6.618","200","W"," ","TASMAN QUAY","201434225","13/03/2014","Thu","0820","AO","TE1C","184A 671A 184B 370B ","","R","D","B ","F "," "," ","C","070","0","0","0","","","1880689","5826519",
"Tauranga City","2/151/6.718","100","W"," ","TASMAN QUAY","201435521","23/04/2014","Wed","1305","AA","CW1T","184A 184B ","GI","R","D","B ","F "," "," ","R","070","0","0","0","","","1880788","5826521",
"Tauranga City","2/157/0",""," ","I","TASMAN QUAY","201438321","12/06/2014","Thu","1000","FB","VE1C","181A 331A 801 ","","R","W","O ","L ","T","N","C","050","0","0","0","","","1880888","5826518",
"Tauranga City","2/157/0",""," ","I","TASMAN QUAY","201430291","06/01/2014","Mon","1415","AC","CW1T","159A ","","R","D","B ","F ","X","T","R","070","0","0","0","","","1880888","5826518",
"Tauranga City","2/157/0",""," ","I","TASMAN QUAY","201430407","28/01/2014","Tue","1435","FE","CW1V","181A ","","R","D","B ","F ","X","T","R","070","0","0","0","","","1880888","5826518",
"Tauranga City","2/157/0.797","70","W"," ","HOCKING ST","201413675","10/06/2014","Tue","0716","GB","ME1V","192A 901 927 ","S","R","W","O ","H ","D"," ","C","070","0","0","1","","","1881684","5826483",
"Tauranga City","2/157/0.8","800","E"," ","TASMAN QUAY","201436918","23/05/2014","Fri","0905","FA","CE1C","181A 331A 191B ","","R","D","B ","F "," "," ","C","070","0","0","0","","","1881687","5826482",
"Tauranga City","2/157/1.094","30","W"," ","JEAN BATTEN DRIVE","201411057","05/02/2014","Wed","1600","FD","CE1C","331A 359A 402A ","","R","D","B ","F "," "," ","C","070","0","0","1","","","1881982","5826471",
"Tauranga City","2/157/1.124",""," ","I","JEAN BATTEN DRIVE","201433107","29/03/2014","Sat","1230","AC","CE1VV","159A ","","R","D","B ","F ","X","T","R","070","0","0","0","","","1882012","5826470",
"Tauranga City","2/157/1.124",""," ","I","MARU ST","201412604","11/04/2014","Fri","1749","AA","SE1C","372A ","","R","W","OF","L ","X","T","C","070","0","0","1","","24","1882012","5826470",
"Tauranga City","2/157/1.174","50","E"," ","MARU ST","201431455","27/02/2014","Thu","1514","FD","CW1C4","331A 350A ","","R","D","BF","F "," ","N","C","070","0","0","0","","","1882062","5826468",
"Tauranga City","2/157/1.304","180","E"," ","MARU ST","201436509","21/05/2014","Wed","1620","AO","CW1T","129A 330A 129B 330B ","","R","D","O ","F "," "," ","R","070","0","0","0","","","1882191","5826463",
"Tauranga City","2/157/1.56","100","W"," ","AERODROME ROAD","201436656","22/05/2014","Thu","1704","FD","CE1CCC","402A 423A ","","R","D","O ","F "," ","N","C","070","0","0","0","","","1882447","5826453",
"Tauranga City","2/157/1.56","100","W"," ","AERODROME ROAD","201431746","03/02/2014","Mon","1346","AC","CE1B","350A 372A 927 ","M","R","D","B ","F ","D","N","R","070","0","0","0","","","1882447","5826453",
"Tauranga City","2/157/1.63","30","W"," ","AERODROME ROAD","201410124","08/01/2014","Wed","1650","AA","CE1CCC","177A 331A 402A ","","R","D","B ","F "," "," ","R","070","0","0","1","","","1882517","5826450",
"Tauranga City","HEWLETTS ROAD",""," ","I","AERODROME ROAD","201411600","30/03/2014","Sun","1710","HA","MW14","322B ","","R","D","BF","F ","M","T","R","070","0","0","1","","","1882547","5826449",
"Tauranga City","2/157/2.432",""," ","I","MAUNGANUI ROAD","201433497","24/03/2014","Mon","0940","GF","CS1C","381A ","","E","D","BF","F ","R","G","R","050","0","0","0","","","1883193","5826206",
"Tauranga City","2/157/2.76","15","S"," ","SPUR AVENUE","201434223","07/03/2014","Fri","1735","FD","VS1C","181A 331A ","","R","D","B ","F "," "," ","C","070","0","0","0","","","1883423","5825972",
"Tauranga City","2/157/2.825","80","S"," ","SPUR AVENUE","201434090","24/02/2014","Mon","0715","MG","4N1C","357A 357B 371B ","","R","D","B ","F "," ","N","C","050","0","0","0","","","1883473","5825930",
"Tauranga City","2/157/3.295","100","N"," ","CONCORD AVENUE","201435685","09/05/2014","Fri","1552","CB","VS1","132A 137A 800 ","K","R","W","B ","F "," "," ","P","070","0","0","0","","","1883825","5825620",
"Tauranga City","2/157/3.808","20","N"," ","GIRVEN ROAD","201430281","15/01/2014","Wed","1727","FD","4S1C","181A 331A ","","R","D","B ","F "," "," ","R","070","0","0","0","","","1884182","5825254",
"Tauranga City","2/157/3.828",""," ","I","GIRVEN ROAD","201434130","12/04/2014","Sat","1012","GB","CS14","340A ","","S","D","B ","F ","R","G","C","070","0","0","0","","","1884189","5825235",
"Tauranga City","2/157/3.869",""," ","I","MATAPIHI ROAD","201413299","22/05/2014","Thu","0610","HA","4E2VV","302A 375A ","","M","D","DO","F ","R","G","R","070","0","0","1","","","1884168","5825203",
"Tauranga City","2/157/3.869",""," ","I","MATAPIHI ROAD","201434812","07/04/2014","Mon","1025","HA","CE24","302A 375A ","","M","D","BF","F ","R","G","R","070","0","0","0","","","1884168","5825203",
"Tauranga City","2/157/3.874",""," ","I","GIRVEN ROAD","201430014","05/01/2014","Sun","1341","DA","CE2","110A 357A 402A ","G","R","W","OF","L ","R","G","R","070","0","0","0","","","1884220","5825195",
"Tauranga City","2/157/3.91",""," ","I","GIRVEN ROAD","201436618","07/05/2014","Wed","1515","HA","CS1C","302A 378A ","","R","D","B ","F ","R","G","C","050","0","0","0","","","1884207","5825182",
"Tauranga City","2/157/3.91",""," ","I","GIRVEN ROAD","201431923","17/02/2014","Mon","1540","HA","VS1V","302A 375A ","","R","D","BF","F ","R","G","C","070","0","0","0","","","1884207","5825182",
"Tauranga City","2/157/3.91",""," ","I","GIRVEN ROAD","201434811","08/04/2014","Tue","1907","HA","4S1C","302A 375A ","","M","D","DO","F ","R","G","R","070","0","0","0","","","1884207","5825182",
"Tauranga City","2/157/4.343","50","S"," ","EXETER ST","201431155","22/02/2014","Sat","1220","FD","CN1V","181A 197A 191B ","","R","D","B ","F "," ","N","C","070","0","0","0","","","1884339","5824781",
"Tauranga City","2/157/4.493","200","S"," ","EXETER ST","201434064","24/04/2014","Thu","0825","AD","CN1C","112A 158A ","","R","D","O ","F "," ","N","C","070","0","0","0","","","1884391","5824641",
"Tauranga City","2/164/0.042",""," ","I","SH 29","201435514","25/04/2014","Fri","1700","JA","CN1C","302B ","","E","D","B ","F ","R","G","R","070","0","0","0","","","1884529","5824488",
"Tauranga City","2/164/0.042",""," ","I","SH 29","201437813","04/06/2014","Wed","0600","AA","CE14","372A ","","R","D","DO","F ","R","G","C","050","0","0","0","","","1884515","5824502",
"Tauranga City","2/164/0.072","30","E"," ","SH 29","201435988","13/04/2014","Sun","1753","MC","CE1C","353B 372B 817 ","","R","W","BF","F "," ","N","C","100","0","0","0","","","1884556","5824474",
"Tauranga City","29/6/0",""," ","I","SH 2","201430248","08/01/2014","Wed","1513","FB","CE1C","181A 387A ","","E","D","B ","F ","R","G","P","070","0","0","0","","","1884504","5824467",
"Tauranga City","29/6/0",""," ","I","SH 2 MAUNGANUI ROAD","201431102","01/02/2014","Sat","1130","FA","VN1C","181A 422B ","","E","D","B ","F ","R","G","R","070","0","0","0","","","1884507","5824471",
"Tauranga City","29/6/0.195",""," ","I","TRUMAN ROAD","201436981","24/05/2014","Sat","0954","DA","VW2","111A 131A 801 ","","M","W","O ","L ","R","G","R","070","0","0","0","","","1884410","5824347",
"Tauranga City","29/13/0",""," ","I","SH 2A","201430017","02/01/2014","Thu","1125","FE","4N1CC","330A 350A 371A 407A ","","R","D","BF","F ","R","T","C","070","0","0","0","","","1879385","5819984",
"Tauranga City","WELCOME BAY ROAD",""," ","I","29/13/0.235","201436497","17/05/2014","Sat","2346","DB","CS2","103A 111A 131A ","F","M","D","DO","F ","R","G","R","050","0","0","0","","","1879252","5819785",
"Tauranga City","29/13/1.939","300","N"," ","POIKE ROAD","201411936","03/04/2014","Thu","0650","FA","TS1S","341A ","","E","D","DN","F "," ","N","N","100","0","0","1","","27","1877833","5818980",
"Tauranga City","29/13/2.275",""," ","I","POIKE ROAD","201412866","18/05/2014","Sun","0157","DA","MS1","101A 111A 131A ","IS","M","D","DO","F ","R","G","R","100","0","1","0","","","1877735","5818686",
"Tauranga City","29/13/2.275",""," ","I","POIKE ROAD","201431600","20/01/2014","Mon","1232","DA","CN1","111A 131A 357A ","S","E","W","O ","L ","R","G","C","100","0","0","0","","","1877735","5818686",
"Tauranga City","29/13/2.275",""," ","I","POIKE ROAD","201435470","19/05/2014","Mon","0010","DA","CN1","110A 129A 134A ","CK","E","D","DO","F ","R","G","C","100","0","0","0","","","1877735","5818686",
"Tauranga City","29/13/3.339",""," ","I","OROPI ROAD","201431156","20/02/2014","Thu","0840","AA","CE1C","101A 372A ","","E","D","B ","F ","R","G","C","100","0","0","0","","","1876800","5818483",
"Tauranga City","29/13/5.014",""," ","I","CAMERON ROAD","201412172","09/05/2014","Fri","1630","LB","VW1S","302A 671A 902 ","","M","D","B ","F ","R","G","R","100","0","0","1","","28","1875255","5818992",
"Tauranga City","29/13/5.014",""," ","I","CAMERON ROAD","201432959","12/03/2014","Wed","1316","GC","CW1C","171B 355B ","","S","D","B ","F ","R","G","R","070","0","0","0","","","1875255","5818992",
"Tauranga City","CAMERON ROAD",""," ","I","29/13/5.054","201413094","06/06/2014","Fri","1603","HA","MS1C","302A 387A ","","M","D","BF","F ","R","G","R","050","0","0","1","","","1875255","5819016",
"Tauranga City","29/13/5.054",""," ","I","CAMERON ROAD","201411750","20/03/2014","Thu","2100","HA","CS2M","302A ","","E","D","DO","F ","R","G","R","070","0","0","1","","","1875255","5819016",
"Tauranga City","29/13/5.054",""," ","I","PYES PA ROAD","201431451","06/03/2014","Thu","1240","HA","CN2C","302A 375A ","","E","D","BF","F ","R","G","R","070","0","0","0","","","1875231","5818984",
"Tauranga City","29/18/0.04","40","S"," ","CAMERON ROAD","201433656","04/04/2014","Fri","1420","AC","VW1T","177A 184A 353A 381A 184B 381B ","","R","D","B ","F "," "," ","C","070","0","0","0","","","1875178","5818993",
"Tauranga City","29/18/1.404",""," ","I","SH 36","201431449","08/03/2014","Sat","1003","FB","CW1C","181A 387A ","","S","D","BF","F ","R","G","R","100","0","0","0","","","1873928","5819037",
"Tauranga City","29/18/1.404",""," ","I","TAKITIMU DRIVE","201431040","14/02/2014","Fri","0020","CB","CW1","110A 133A ","F","R","W","DO","F ","R","G","C","100","0","0","0","","","1873925","5819006",
"Tauranga City","29/18/1.404",""," ","I","TAKITIMU DRIVE","201413083","14/05/2014","Wed","1624","FD","BE1C","331A 353A ","","M","W","OF","H ","R","G","R","100","0","0","1","","","1873942","5819043",
"Tauranga City","TAKITIMU DRIVE",""," ","I","29/18/1.464","201410980","04/03/2014","Tue","1500","GC","CS1T","171B ","","M","D","BF","FF","R","G","R","100","0","0","1","","","1873875","5819059",
"Tauranga City","2A/0/1.016","70","W"," ","CAMERON ROAD","201434428","29/04/2014","Tue","2020","CB","CW1","103A 112A 130A 514A ","H","R","D","DO","F "," "," ","N","050","0","0","0","","","1877990","5822414",
"Tauranga City","CAMERON ROAD",""," ","I","2A/0/1.448","201436655","12/05/2014","Mon","0923","LB","CN1C","303B 375B ","","R","D","B ","F ","X","T","R","050","0","0","0","","","1878047","5822374",
"Tauranga City","CAMERON ROAD",""," ","I","2A/0/1.448","201438310","10/06/2014","Tue","1845","HA","CE2CC","322B 334B 402B 901 ","","R","W","DO","H ","X","T","R","050","0","0","0","","","1878047","5822374",
"Tauranga City","2A/0/1.448",""," ","I","CAMERON ROAD","201413816","29/03/2014","Sat","1705","CA","MS1","130A 353A ","IP","R","D","B ","F ","X","T","R","050","0","2","0","","","1878047","5822374",
"Tauranga City","2A/0/1.448",""," ","I","CAMERON ROAD","201438320","12/06/2014","Thu","0940","FE","CE1C","181A 331A 801 ","","R","W","O ","L ","X","T","C","050","0","0","0","","","1878047","5822374",
"Tauranga City","2A/0/1.653",""," ","I","FRASER ST","201434297","21/03/2014","Fri","1450","GA","CN1V","181A 331A 402A ","","R","D","B ","F ","X","T","R","050","0","0","0","","","1878483","5822010",
"Tauranga City","2A/0/1.831","100","E"," ","DEVONPORT ROAD","201413666","16/06/2014","Mon","1708","CB","CE1","501A ","KS","R","W","TO","F "," "," ","P","050","0","0","1","","","1878342","5822129",
"Tauranga City","FRASER ST",""," ","I","2A/0/2.015","201412566","05/05/2014","Mon","1755","JA","CS1M","173A 322A 801 ","","R","W","DO","L ","X","T","R","050","0","0","1","","","1878483","5822010",
"Tauranga City","2A/0/2.015",""," ","I","FRASER ST","201431158","27/02/2014","Thu","1003","FE","4S1C","181A 334A 191B ","","R","D","B ","F ","X","T","C","050","0","0","0","","","1878483","5822010",
"Tauranga City","2A/0/2.025","10","S"," ","FRASER ST","201410876","11/02/2014","Tue","1613","FD","CS1CC","331A 353A ","","R","D","B ","F ","X","T","R","050","0","0","2","","","1878490","5822004",
"Tauranga City","2A/0/2.687","200","S"," ","TURRET ROAD","201435857","15/04/2014","Tue","0815","AC","TN1C","372A 671A ","","E","W","OF","M "," ","N","C","070","0","0","0","","","1879038","5821295",
"Tauranga City","2A/0/4.46",""," ","I","MAUNGATAPU ROAD","201431456","03/03/2014","Mon","0619","GB","TS1V","172B ","","M","D","OF","F ","R","G","R","050","0","0","0","","","1879412","5820064",
"Tauranga City","SH 29",""," ","I","36/0/0","201436997","22/05/2014","Thu","1600","HA","CN2C","302A ","","R","D","B ","F ","R","G","R","060","0","0","0","","","1873886","5818977",
"Tauranga City","36/0/0",""," ","I","SH 29","201430303","23/01/2014","Thu","0715","HA","TS1C","302A 377A 830 ","","E","D","O ","F ","R","G","R","100","0","0","0","","","1873907","5818983",
"Tauranga City","36/0/4.484",""," ","I","PYES PA ROAD","201433108","29/03/2014","Sat","0842","DA","VN1","111A 131A 517A ","EIK","M","W","B ","F ","R","G","R","100","0","0","0","","","1874478","5815209",
"Thames-Coromandel District","COLVILLE ROAD","1000","N"," ","OAMARU BAY","201412028","22/02/2014","Sat","1353","DA","4N1","103A 111A ","C","S","W","O ","F "," ","N","C","100","0","0","1","","","1821148","5931705",
"Thames-Coromandel District","ENSOR ST","50","E"," ","MOANATAIARI ST","201412027","30/03/2014","Sun","1729","MO","CE1","371A 423A 507A 929 ","HKS","R","D","B ","F ","D","N","N","050","0","0","1","","","1824926","5887860",
"Thames-Coromandel District","GRANGE ROAD","390","N"," ","PATRICIA PLACE","201435033","05/04/2014","Sat","0010","MO","CN1V","512A 930 ","M","E","D","DN","F ","D","N","N","050","0","0","0","","","1849749","5919494",
"Thames-Coromandel District","HIKUAI SETTLEMENT ROAD","1000","W"," ","AUGUSTA DRIVE","201430181","09/01/2014","Thu","1315","DA","CW1","111A 131A 901 ","T","M","W","BN","H "," ","N","C","100","0","0","0","","","1851521","5895187",
"Thames-Coromandel District","KAPANGA ROAD","150","N"," ","WHARF ROAD","201436486","26/04/2014","Sat","1408","MO","CN14","385A ","M","R","D","BF","F "," ","N","C","050","0","0","0","","","1822989","5928953",
"Thames-Coromandel District","KAUAERANGA VALLEY ROAD","4000","E"," ","THE BOOMS AVENUE","201410482","22/02/2014","Sat","1420","DB","CS1","111A 131A 407A 801 ","C","E","W","O ","L "," "," ","C","080","0","0","1","","","1830639","5885478",
"Thames-Coromandel District","KOPU ROAD","20","N"," ","QUEEN ST","201435414","03/05/2014","Sat","1830","DB","CS1","111A 517A ","PT","E","D","TF","F "," ","N","C","050","0","0","0","","","1827775","5881479",
"Thames-Coromandel District","KOPU ROAD",""," ","I","QUEEN ST","201432321","05/02/2014","Wed","0645","EC","CS1","111A 131A 832 ","VX","M","D","DN","F ","T","G","N","050","0","0","0","","","1827764","5881462",
"Thames-Coromandel District","MARTYN ROAD",""," ","I","AICKIN ROAD","201436434","29/04/2014","Tue","1210","CB","CE14","129A 501A ","MS","R","D","BN","F ","X","G","C","050","0","0","0","","","1854511","5878781",
"Thames-Coromandel District","MARTYN ROAD",""," ","I","AICKIN ROAD","201430318","08/01/2014","Wed","1300","HA","CS1C","302B 375B ","","R","D","B ","F ","X","G","C","050","0","0","0","","","1854511","5878781",
"Thames-Coromandel District","MILL CREEK ROAD","4850","S"," ","SH 25","201413328","05/04/2014","Sat","1950","DB","4S1","136A 621A ","C","M","D","DN","F "," "," ","N","100","0","1","1","","","1834349","5912481",
"Thames-Coromandel District","OCEAN ROAD","90","S"," ","BARBARA AVENUE","201412014","30/03/2014","Sun","1035","NA","CS1E","713B 726B ","","R","D","B ","F "," ","N","C","050","0","0","1","4","","1854885","5878045",
"Thames-Coromandel District","OPOUTERE ROAD","100","E"," ","SH 25","201410714","07/03/2014","Fri","1758","DB","ME1","131A 402A ","","E","D","B ","F "," ","N","C","100","0","1","0","","","1853096","5887195",
"Thames-Coromandel District","PAHAU ST",""," ","I","POLLEN ST","201410337","25/01/2014","Sat","1236","PO","CW1E","352A 421A 730B ","","R","D","BF","F ","X","G","C","050","0","0","1","11","","1825697","5886996",
"Thames-Coromandel District","PARAWAI ROAD","30","S"," ","BRUNTON CRESCENT","201400008","11/01/2014","Sat","0430","DA","CN1","103A 111A 131A ","F","M","D","DO","F "," "," ","C","050","1","0","2","","","1826839","5885683",
"Thames-Coromandel District","POLLEN ST",""," ","I","MARY ST","201411671","04/03/2014","Tue","0830","LB","CW2C","301B 387B ","","R","D","BF","F ","X","S","C","050","0","0","1","","","1825770","5886792",
"Thames-Coromandel District","RICHMOND ST",""," ","I","AUGUSTUS ST SOUTH","201433157","15/03/2014","Sat","1711","MO","CW1","104A 130A ","X","R","W","O ","L ","T","N","C","050","0","0","0","","","1826515","5886585",
"Thames-Coromandel District","RINGS ROAD","30","S"," ","ALFRED ST","201411765","09/02/2014","Sun","0305","DB","CN1V","103A 111A 131A ","FMP","E","D","DO","F "," "," ","C","050","0","3","0","","","1823707","5929703",
"Thames-Coromandel District","SH 25","400","S"," ","BANKS ST","201438655","25/06/2014","Wed","0758","FA","VS1C","181A ","","R","D","O ","L "," "," ","C","050","0","0","0","","","","",
"Thames-Coromandel District","SH 25","1880","E"," ","KIRIKIRI STM BR NO2","201413740","08/05/2014","Thu","2243","DB","CW1","131A ","C","E","W","DN","L "," ","N","C","100","0","0","1","","","","",
"Thames-Coromandel District","SH 25A","600","E"," ","SH 26","201436036","14/04/2014","Mon","0700","DA","CE1","111A 135A 632A ","C","S","W","ON","L "," ","N","C","080","0","0","0","","","","",
"Thames-Coromandel District","TAPU COROGLEN ROAD","2470","E"," ","SH 25","201410487","25/02/2014","Tue","1620","DA","4E1","131A ","EZ","E","D","O ","F "," "," ","N","100","0","1","0","","","1824859","5904210",
"Thames-Coromandel District","THE 309 ROAD","3460","S"," ","MAHAKIRAU ROAD","201412011","20/03/2014","Thu","1400","BC","CE1T","121A 139A 120B ","","M","D","B ","F "," ","N","N","100","0","0","2","","","1829266","5917848",
"Thames-Coromandel District","WENTWORTH VALLEY ROAD","160","W"," ","SH 25","201430379","05/01/2014","Sun","1413","DA","4S1","110A 131A ","PT","E","W","O ","F "," ","N","C","100","0","0","0","","","1853309","5876495",
"Thames-Coromandel District","WHARF ROAD","15","E"," ","CHARLES ST","201431901","23/02/2014","Sun","1540","MO","CW1C","102A ","","R","D","BF","F "," ","N","C","050","0","0","0","","","1822847","5928805",
"Thames-Coromandel District","WHARF ROAD","30","W"," ","TIKI ROAD","201430116","24/01/2014","Fri","1820","MO","VE1C","371A 927 ","","R","D","BF","F ","D","N","C","050","0","0","0","","","1822884","5928816",
"Thames-Coromandel District","WHITE ST","500","E"," ","COOK DRIVE","201437388","26/04/2014","Sat","0400","CB","CW1","358A ","P","R","D","DO","F "," ","N","C","050","0","0","0","","","","",
"Thames-Coromandel District","25/22/1.193",""," ","I","SH 26","201432320","04/02/2014","Tue","1233","AC","CS1C","372A ","","M","D","B ","F ","R","G","R","050","0","0","0","","","1828339","5881137",
"Thames-Coromandel District","25/24/0.856","300","N"," ","KOPU ROAD","201436144","14/02/2014","Fri","0815","JA","CN1C","308B 402B 927 ","","R","D","O ","F ","D","N","C","070","0","0","0","","","1828019","5881921",
"Thames-Coromandel District","25/24/1.606","1050","N"," ","KOPU ROAD","201413383","17/05/2014","Sat","0121","DA","CS1","103A 129A 131A ","CSV","E","D","DO","F "," "," ","P","080","0","0","2","","","1827745","5882618",
"Thames-Coromandel District","25/24/2.417","10","N"," ","TOTARA VALLEY ROAD","201410262","16/02/2014","Sun","2215","CC","4S1","101A 134A 350A ","FPT","R","D","DO","F ","X","G","C","080","0","0","1","","","1827225","5883213",
"Thames-Coromandel District","25/24/2.424",""," ","I","WAIPAPA PLACE","201411735","23/03/2014","Sun","1347","LB","CN14","303B 375B ","","R","D","B ","F ","T","S","C","080","0","0","2","","","1827222","5883220",
"Thames-Coromandel District","25/24/5.218","50","S"," ","MACKAY ST","201412840","07/05/2014","Wed","1800","BA","CN1C","101A 170B 386B 507B ","","R","D","DO","F "," "," ","C","050","0","0","1","","","1826246","5885797",
"Thames-Coromandel District","25/24/7.092",""," ","I","ALBERT ST","201410130","08/01/2014","Wed","1615","CB","CN1","130A 412A ","P","R","D","B ","F ","X","G","C","050","0","0","3","","","1825433","5887372",
"Thames-Coromandel District","25/24/7.381","40","S"," ","BURKE ST","201437678","05/06/2014","Thu","1500","MD","CS1V","371B 377B 839 929 ","","R","D","O ","F ","D","N","C","050","0","0","0","","","1825336","5887644",
"Thames-Coromandel District","25/24/8.77","500","S"," ","ASH ST","201435953","08/04/2014","Tue","1650","AC","CN14","159A ","","S","D","BN","F "," ","N","C","070","0","0","0","","","1824658","5888797",
"Thames-Coromandel District","25/24/12.117","2000","N"," ","RENNIE ST","201413734","08/06/2014","Sun","1742","BF","CS14","104A 131A 104B ","","M","W","DN","L "," ","N","C","100","0","2","1","","","1823521","5891732",
"Thames-Coromandel District","25/24/12.533","300","N"," ","WINDY POINT","201413388","27/05/2014","Tue","0820","AD","CS1C","111A 130A 156A 632A 800 831 ","E","M","D","B ","FF"," "," ","C","100","0","0","1","","","1823641","5892061",
"Thames-Coromandel District","25/24/14.322","500","S"," ","LOCKHART PLACE","201432704","22/02/2014","Sat","1740","DA","CS1","111A 131A 801 ","C","E","W","O ","L "," "," ","C","100","0","0","0","","","1823934","5893732",
"Thames-Coromandel District","25/24/15.576","400","S"," ","ADAMS ROAD","201410488","24/02/2014","Mon","0845","NB","CN1E","713B 727B ","","M","D","B ","F "," "," ","N","050","0","0","1","6","","1824226","5894856",
"Thames-Coromandel District","25/42/1.794","200","S"," ","VALDER PLACE","201430834","08/02/2014","Sat","1330","DA","CN1","131A 402A ","TX","M","W","ON","L "," ","N","C","080","0","0","0","","","1823984","5898853",
"Thames-Coromandel District","25/42/3.349","700","N"," ","POHUE CREEK ROAD","201436142","22/02/2014","Sat","1100","BF","CN14V","131A 191A 407A 801 ","","M","W","O ","L "," "," ","C","100","0","0","0","","","1823568","5900297",
"Thames-Coromandel District","25/42/13.53","100","N"," ","WAIKAWAU VALLEY ROAD","201437289","02/06/2014","Mon","1545","AC","4N1C","159A 381A ","","R","D","BF","F "," ","N","C","100","0","0","0","","","1819922","5909025",
"Thames-Coromandel District","25/58/13.474","800","S"," ","GOLDFIELDS ROAD","201413410","02/06/2014","Mon","1015","DA","MW1","801 ","","E","W","O ","L "," "," ","C","100","0","0","1","","","1820229","5918653",
"Thames-Coromandel District","25/99/0.445","1310","E"," ","CASTLE ROCK RD","201430114","23/01/2014","Thu","0900","DB","4E1","111A 131A ","C","M","W","B ","L "," ","N","C","100","0","0","0","","","1833569","5928053",
"Thames-Coromandel District","25/99/7.55","700","E"," ","MATARANGI ROAD","201413670","20/04/2014","Sun","0900","CA","CE1","129A 134A 407A ","C","R","W","O ","F "," "," ","C","100","0","0","3","","","1839124","5929643",
"Thames-Coromandel District","25/127/3.42",""," ","I","SOUTH HIGHWAY","201410572","29/01/2014","Wed","0830","JA","VW1C","302B 375B ","","R","D","BF","F ","X","G","C","080","0","0","1","","","1838506","5920278",
"Thames-Coromandel District","25/127/4.313","400","S"," ","GOLF ROAD","201431150","07/02/2014","Fri","2348","CB","CN1","110A 402A ","F","R","W","DN","H "," ","N","C","100","0","0","0","","","1837819","5919787",
"Thames-Coromandel District","25/143/0.696","4000","N"," ","TAPU COROGLEN ROAD E","201410230","20/01/2014","Mon","1240","BC","CN1C","121A 403A 404A ","","E","W","O ","L "," ","N","C","100","0","0","3","","","1838497","5913063",
"Thames-Coromandel District","25/143/7.338","600","E"," ","KAPOWAI ROAD","201433719","09/03/2014","Sun","0510","DA","4E1","104A 131A ","CV","M","D","DN","F "," "," ","C","100","0","0","0","","","1842009","5911070",
"Thames-Coromandel District","25/143/11.145","1800","W"," ","HOT WATER BEACH ROAD","201400125","30/05/2014","Fri","1835","BB","VE14","123A 404A 801 ","VV","M","W","DN","L "," "," ","C","100","1","1","2","","","1845453","5912079",
"Thames-Coromandel District","25/156/3.882","5000","N"," ","PAUL ROAD","201410475","06/02/2014","Thu","1100","BF","CN1V","131A 191A 800 ","","S","W","O ","F "," "," ","C","100","0","0","1","","","1849318","5908555",
"Thames-Coromandel District","25/156/9.062","2000","S"," ","KAPOWAI ROAD","201410732","10/03/2014","Mon","0810","DB","CS1","110A 423A ","C","M","W","O ","L "," ","N","C","100","0","0","1","","","1851196","5905169",
"Thames-Coromandel District","25/156/9.928","2000","E"," ","HIKUAI SETTLEMENT ROAD","201434597","20/02/2014","Thu","1210","BA","VW1C","375A ","","R","W","ON","L "," ","G","N","100","0","0","0","","","1851590","5904563",
"Thames-Coromandel District","25/156/15.305","160","S"," ","DAPHNE ROAD","201432216","12/01/2014","Sun","1440","EA","4S14","410A ","M","E","D","B ","F "," "," ","C","050","0","0","0","","","1853507","5901209",
"Thames-Coromandel District","25/172/13.096",""," ","I","SH 25 TAIRUA","201432734","04/03/2014","Tue","2015","DB","TN2","131A 610A ","","E","D","DO","F ","T","G","C","100","0","0","0","","","1847382","5891738",
"Thames-Coromandel District","25/188/6.639","4000","N"," ","OPOUTERE ROAD","201435725","20/04/2014","Sun","1535","DA","CN1","130A 404A 801 ","G","S","W","O ","L "," "," ","P","100","0","0","0","","","1850819","5889325",
"Thames-Coromandel District","25/188/9.939","700","N"," ","OPOUTERE ROAD","201412149","09/05/2014","Fri","1304","BF","CS1V","111A 131A 402A ","G","S","W","O ","F "," "," ","C","100","0","2","3","","","1852840","5887781",
"Thames-Coromandel District","25/206/1.77","890","N"," ","HERBERT DRIVE","201410485","22/02/2014","Sat","2015","DA","4N1","130A 195A 801 ","T","E","W","DN","L "," "," ","C","100","0","0","1","","","1853160","5880958",