"TLA NAME","CRASH ROAD","CRASH DIST","CRASH DIRN","INTSN","SIDE ROAD","CRASH ID","CRASH DATE","CRASH DOW","CRASH TIME","MVMT","VEHICLES","CAUSES","OBJECTS STRUCK","ROAD CURVE","ROAD WET","LIGHT","WTHRa","JUNC TYPE","TRAF CTRL","ROAD MARK","SPD LIM","CRASH FATAL CNT","CRASH SEV CNT","CRASH MIN CNT","PERS AGE1","PERS AGE2","EASTING","NORTHING"
"Thames-Coromandel District","25/206/5.869","700","N"," ","PORT ROAD","201411003","08/01/2014","Wed","1220","DA","CN1","131A 350A ","EX","M","D","B ","F "," "," ","C","100","0","0","1","","","1853962","5877879",
"Thames-Coromandel District","25/206/8.132","20","S"," ","WENTWORTH VALLEY ROAD","201435960","22/03/2014","Sat","0850","DB","CN1","111A 131A ","","M","W","ON","F "," ","N","C","070","0","0","0","","","1853337","5876336",
"Thames-Coromandel District","25/206/10.65","2250","S"," ","TE TUTU ST","201411084","20/01/2014","Mon","1350","DA","CN1","131A 801 ","C","M","W","O ","L "," "," ","C","100","0","0","1","","","1852842","5874328",
"Thames-Coromandel District","25A/0/0.2","200","N"," ","SH 26","201432846","01/02/2014","Sat","2015","DA","CS1","410A ","EV","E","D","TN","F "," "," ","C","100","0","0","0","","","1828730","5881078",
"Thames-Coromandel District","25A/0/5.244","1040","N"," ","KIRIKIRI STM BR NO1","201437680","02/06/2014","Mon","1455","DA","CS1","111A 131A 402A ","C","S","D","O ","F "," "," ","C","100","0","0","0","","","1832048","5883872",
"Thames-Coromandel District","25A/8/1.899","10000","E"," ","SH 26","201430835","08/02/2014","Sat","1310","DA","CE1","135A 801 ","CV","S","W","OF","L "," ","N","C","100","0","0","0","","","1835133","5885216",
"Thames-Coromandel District","25A/8/2.384","2900","W"," ","SUMMIT","201413385","02/06/2014","Mon","0955","DA","4S1","131A 800 ","V","S","W","O ","F "," "," ","C","100","0","0","1","","","1835194","5885656",
"Thames-Coromandel District","25A/8/3.384","1900","W"," ","SUMMIT","201411194","29/03/2014","Sat","1520","DA","MW1","131A ","T","M","D","B ","F "," "," ","C","100","0","1","0","","","1835930","5885778",
"Thames-Coromandel District","25A/8/5.063","8960","E"," ","KIRIKIRI VALLEY ROAD N","201411672","05/03/2014","Wed","1020","DB","CS1","131A 901 ","C","M","W","ON","H "," ","N","C","100","0","0","1","","","1837161","5885466",
"Thames-Coromandel District","25A/8/12.149","8000","E"," ","SH 25","201410261","14/02/2014","Fri","1638","FD","4S1CC","181A 197A ","","M","D","B ","F "," ","N","C","100","0","0","5","","","1843028","5885566",
"Thames-Coromandel District","26/80/7.38","970","S"," ","PURIRI VALLEY ROAD","201413384","13/05/2014","Tue","1927","DB","CS1","104A 111A 131A ","V","M","D","DN","F "," "," ","C","100","0","0","2","","","1834227","5875478",
"Thames-Coromandel District","26/80/10.334","500","S"," ","WAINUI ROAD","201435571","26/04/2014","Sat","1828","EC","CN1","912 ","W","E","D","DN","F "," "," ","N","100","0","0","0","","","1832764","5877950",
"Thames-Coromandel District","26/80/14.946","550","S"," ","SH 25A","201433158","09/03/2014","Sun","2116","CB","VS1","103A 129A 130A ","GKS","R","D","DN","F "," "," ","C","100","0","0","0","","","1829032","5880548",
"Timaru District","ARCHER ST","70","E"," ","WOODLANDS ROAD","201437746","29/05/2014","Thu","1700","QG","4E14","428A 665A 903 ","M","R","D","DO","FS"," "," ","C","050","0","0","0","","","1459698","5081907",
"Timaru District","BARNES ST","60","N"," ","PUKATEA ST","201410068","22/01/2014","Wed","1820","NB","CN1E","370A 713B 726B ","","R","D","O ","F "," "," ","C","050","0","1","0","6","","1457375","5083180",
"Timaru District","BARTON ROAD","570","S"," ","CLAREMONT ROAD","201431187","26/01/2014","Sun","1425","DB","CN1","111A 402A ","","S","W","O ","F "," ","N","C","100","0","0","0","","","1454989","5082545",
"Timaru District","BRIDGE ROAD","300","E"," ","HILTON HIGHWAY","201410067","20/01/2014","Mon","1610","LB","MW1C","303B 370B 927 ","","R","D","O ","F ","D"," ","C","050","0","1","0","","","1460273","5085424",
"Timaru District","CENTENNIAL PARK SCENIC DR","1000","S"," ","CLAREMONT ROAD","201432592","22/02/2014","Sat","1140","DB","CW1","108A 402A ","V","E","D","B ","F "," ","N","N","030","0","0","0","","","1456094","5083505",
"Timaru District","CONNOLLY ST","20","E"," ","SH 79","201411942","15/03/2014","Sat","2213","EA","CW14","103A 129A ","M","R","D","DO","F "," ","N","C","050","0","0","1","","","1459734","5117387",
"Timaru District","DOMAIN AVENUE",""," ","I","CEMETERY HILL","201410506","11/01/2014","Sat","1223","JA","SE1C","302B 375B ","","R","D","OF","F ","T","G","C","050","0","0","1","","65","1461337","5080883",
"Timaru District","ELGINSHIRE ST",""," ","I","TRENEGLOS ST","201432147","17/01/2014","Fri","1015","QG","TN1C","682A 198B ","","E","D","B ","F ","T","N","C","050","0","0","0","","","1460069","5087472",
"Timaru District","ELGINSHIRE ST",""," ","I","TRENEGLOS ST","201434525","13/02/2014","Thu","2036","DB","4E2","102A 133A 403A ","F","R","D","BF","F ","T","N","C","060","0","0","0","","","1460069","5087472",
"Timaru District","EWEN ROAD","30","W"," ","SH 1S","201437967","31/05/2014","Sat","2310","EA","CE1VV","103A 645A ","M","R","D","DO","F "," ","N","C","050","0","0","0","","","1462313","5100241",
"Timaru District","FARM ROAD","1000","S"," ","CHALMERS ROAD","201435704","03/04/2014","Thu","1030","CB","CS1","112A 130A 359A 904 ","P","R","D","O ","M "," "," ","C","100","0","0","0","","","1467001","5110430",
"Timaru District","FERGUSSON DRIVE","320","S"," ","DOMAIN AVENUE","201431444","27/02/2014","Thu","1820","DA","CN1","131A 402A ","T","E","D","BN","F "," ","N","N","050","0","0","0","","","1462799","5099021",
"Timaru District","GREY ROAD","20","N"," ","CHURCH ST","201432607","07/03/2014","Fri","0015","EA","CN1C","103A 129A ","M","R","D","DO","F ","X","S","C","050","0","0","0","","","1460307","5082579",
"Timaru District","HASSALL ST",""," ","I","OTIPUA ROAD","201435690","21/03/2014","Fri","0900","EC","TS1","363A 386A 818 902 ","H","M","D","B ","F ","T","S","R","050","0","0","0","","","1459384","5081601",
"Timaru District","HAYES ST","220","S"," ","STUART ST","201430125","22/01/2014","Wed","1140","QC","CS1","326A 350A 370A ","N","M","D","BF","F "," ","T","C","050","0","0","0","","","1461298","5082099",
"Timaru District","HUFFEY ST","10","S"," ","TALBOT ST","201436923","13/05/2014","Tue","1345","GA","CS1C","181A 404A 929 ","","R","W","O ","L ","D","N","C","050","0","0","0","","","1459426","5115673",
"Timaru District","MCKENZIE ROAD",""," ","I","BURKE ROAD","201412765","22/04/2014","Tue","1540","DA","CS2","111A 131A ","V","R","W","ON","F ","X","G","N","100","0","0","1","","","1458443","5112194",
"Timaru District","MEADOWS ROAD","180","E"," ","SH 1S","201434828","23/03/2014","Sun","0950","QG","4W1","665A ","P","E","D","BF","F "," ","N","C","050","0","0","0","","","1459811","5086952",
"Timaru District","OLD NORTH ROAD",""," ","I","ANDREW ST","201432205","14/01/2014","Tue","1800","GD","CN1C","333A 352A ","","R","D","B ","F ","T","G","C","050","0","0","0","","","1458854","5084735",
"Timaru District","OLD NORTH ROAD","550","N"," ","JELLICOE ST","201435675","05/04/2014","Sat","2200","DB","CE1","111A 131A 430A ","P","E","D","DN","F "," "," ","C","080","0","0","0","","","1459363","5085884",
"Timaru District","OTIPUA ROAD","20","S"," ","CHAUCER ST","201438659","25/06/2014","Wed","1630","FD","VN1CC","331A 181B 902 ","","R","D","B ","F "," "," ","R","050","0","0","0","","","","",
"Timaru District","OTIPUA ROAD",""," ","I","HASSALL ST","201433951","20/03/2014","Thu","1420","DA","CN1","111A 121A ","K","M","D","O ","L ","T","S","R","050","0","0","0","","","1459384","5081601",
"Timaru District","OTIPUA ROAD",""," ","I","HURDLEY ST","201431587","09/01/2014","Thu","1300","GD","CN1C","333A 358A ","","R","D","O ","F ","T","G","C","050","0","0","0","","","1458681","5082247",
"Timaru District","OTIPUA ROAD",""," ","I","RAYMOND ST","201432637","19/02/2014","Wed","0835","AF","CN1S","150A 370A 386A ","","E","D","B ","F ","T","N","C","050","0","0","0","","","1458615","5082400",
"Timaru District","OTIPUA ROAD",""," ","I","ST GEORGE ST","201430360","21/01/2014","Tue","2028","KB","CS1V","316B 382B ","","R","D","O ","F ","T","N","R","050","0","0","0","","","1459457","5081504",
"Timaru District","RIMU ST","20","E"," ","BARNES ST","201432780","15/02/2014","Sat","1745","MO","CW1","130A ","F","R","D","B ","F "," "," ","C","050","0","0","0","","","1457398","5083226",
"Timaru District","RITCHIE ST",""," ","I","DAWSON ST","201435689","27/03/2014","Thu","2130","EC","TE1","124A 386A 817 ","J","R","D","DO","F ","T","G","N","050","0","0","0","","","1461445","5083041",
"Timaru District","RUSSELL ST",""," ","A","RAIL XING","201432757","22/01/2014","Wed","1300","QC","4N1","334A ","NS","R","D","B ","F "," ","T","C","050","0","0","0","","","1451226","5097257",
"Timaru District","SEADOWN ROAD",""," ","I","PHAR LAP ROAD","201413282","31/03/2014","Mon","1550","DA","CS1","111A 131A ","P","E","D","B ","F ","T","N","C","100","0","1","0","","","1461931","5091343",
"Timaru District","SELWYN ST",""," ","I","TRAFALGAR ST","201413290","23/05/2014","Fri","2125","JA","PS1C","301B 375B ","","R","D","DO","F ","T","S","N","050","0","0","1","","","1459549","5083375",
"Timaru District","SH 1S",""," ","I","KING ST N","201413194","30/01/2014","Thu","0650","GD","4N1CC","333A 350A ","","E","D","B ","F ","T","G","P","080","0","1","2","","","","",
"Timaru District","STAFFORD ST","50","S"," ","CANON ST","201431593","05/01/2014","Sun","1200","MA","4N1C","371B ","","R","D","B ","F "," "," ","C","050","0","0","0","","","1460712","5082870",
"Timaru District","THE TERRACE","150","S"," ","SH 78","201432782","14/02/2014","Fri","1540","LB","CN1C","303B 355B 927 ","","R","D","B ","F ","D"," ","N","050","0","0","0","","","1460761","5082935",
"Timaru District","TRAFALGAR ST","50","W"," ","SH 1S","201437466","06/05/2014","Tue","1715","MO","VW14","386A 929 ","M","R","D","B ","F ","D","N","C","050","0","0","0","","","1459993","5083543",
"Timaru District","VICTORIA ST",""," ","I","WILLIAM ST","201437468","07/05/2014","Wed","1835","DB","CN1","111A 131A 402A ","M","E","W","DO","F ","X","G","C","050","0","0","0","","","1460902","5081796",
"Timaru District","WAI-ITI ROAD",""," ","I","ALBERT ST","201436002","10/04/2014","Thu","0930","JA","CW1C","301B 375B ","","R","W","OF","L ","T","S","C","050","0","0","0","","","1460170","5083225",
"Timaru District","WAI-ITI ROAD","10","E"," ","GLENWOOD AVENUE","201410794","13/03/2014","Thu","1500","FB","MW1C","181A 331A ","","R","W","O ","F ","T","N","X","050","0","0","1","","","1457729","5083352",
"Timaru District","WAI-ITI ROAD","80","W"," ","GUINNESS ST","201432606","03/03/2014","Mon","1700","MC","CE1V","372B 407B 423B ","","R","D","O ","F "," ","N","C","050","0","0","0","","","1457926","5083332",
"Timaru District","WAI-ITI ROAD","100","E"," ","MOUNTAIN VIEW ROAD","201410788","19/03/2014","Wed","1625","NB","CW1E","713B ","","R","D","B ","F "," ","N","C","050","0","0","1","3","","1456987","5083459",
"Timaru District","WAI-ITI ROAD",""," ","I","SELWYN ST","201432785","04/03/2014","Tue","0045","CB","CS2","101A 110A 130A ","CS","R","D","DO","F ","X","T","C","050","0","0","0","","","1459612","5083253",
"Timaru District","WAI-ITI ROAD",""," ","I","SELWYN ST","201411544","15/02/2014","Sat","2205","HA","4W1C","103A 322A ","","R","D","DO","F ","X","T","C","050","0","0","1","","","1459612","5083253",
"Timaru District","WAI-ITI ROAD",""," ","I","SELWYN ST","201437470","08/05/2014","Thu","2020","HA","CW1C","322A 402A 103B 801 ","","R","W","DO","L ","X","T","C","050","0","0","0","","","1459612","5083253",
"Timaru District","WAITOHI PLEASANT POINT RO",""," ","I","OPIHI TERRACE ROAD","201437801","29/05/2014","Thu","0810","KB","TW1C","302B 375B ","","R","D","B ","F ","M","G","C","100","0","0","0","","","1452956","5099625",
"Timaru District","WASHDYKE FLAT ROAD",""," ","I","KELLANDS HILL ROAD","201433597","12/04/2014","Sat","2230","DA","CN2","137A ","F","R","W","DN","L ","X","S","C","100","0","0","0","","","1457107","5086854",
"Timaru District","WILKIN ST",""," ","I","ALEXANDRA ST","201412838","16/04/2014","Wed","1701","HA","CE2C","302A 335A 901 ","","R","W","O ","H ","X","G","C","050","0","0","1","","","1463119","5099764",
"Timaru District","WILSON ST",""," ","I","CLIFTON TERRACE","201436917","26/03/2014","Wed","1655","GD","CS1C","331A ","","R","D","B ","F ","T","N","C","050","0","0","0","","","1459635","5082411",
"Timaru District","WINCHESTER-GERALDINE ROAD","190","S"," ","BEEBY ROAD","201413130","11/05/2014","Sun","0645","FA","CS1O","330A 904 ","","R","D","DN","M "," "," ","C","100","0","0","1","","","1461010","5109039",
"Timaru District","Z CPK HIBERNIAN HOTEL","70","N"," ","NORTH ST","201413321","28/03/2014","Fri","1455","MO","CW1","427A ","C","R","D","B ","F "," "," ","N","030","0","0","1","","","1460845","5082231",
"Timaru District","Z CPK NEW WORLD","20","N"," ","WAI-ITI ROAD","201410395","02/01/2014","Thu","1210","PO","VE1E","386A ","","R","D","BN","F "," ","N","N","020","0","0","1","14","","1458687","5083283",
"Timaru District","Z RIVER TRACK","960","S"," ","GERALDINE-ARUNDEL ROAD","201413183","27/03/2014","Thu","1700","DB","MS1","104A 111A 131A ","","M","D","O ","F "," "," ","N","100","0","0","1","","","1464032","5128308",
"Timaru District","1S/465/0.2","200","W"," ","SH 79","201434856","07/03/2014","Fri","2110","CB","CW1","103A 129A ","B","R","D","DN","F "," ","N","N","100","0","0","0","","","1469317","5119234",
"Timaru District","1S/465/9.191",""," ","A","ORARI RIV BR","201410222","13/01/2014","Mon","1415","CB","CE1","134A 350A ","G","R","D","B ","F "," ","N","C","100","0","0","1","","","1464573","5112387",
"Timaru District","1S/465/15.609",""," ","I","ERSKINE ST","201434827","23/03/2014","Sun","0630","CB","4N1","129A 352A 363A ","P","R","D","DO","M ","T","N","C","050","0","0","0","","","1462457","5106449",
"Timaru District","1S/481/6.865",""," ","I","DOMAIN AVENUE","201436797","28/05/2014","Wed","1736","JA","CS1C","322A 334A ","","M","D","DO","F ","M","T","R","050","0","0","0","","","1462377","5099417",
"Timaru District","1S/481/13.155","400","S"," ","DOMINION ROAD","201433654","20/03/2014","Thu","1650","FD","4S14","181A 331A 350A 801 817 ","","R","W","O ","L "," "," ","C","100","0","0","0","","","1460669","5093500",
"Timaru District","1S/481/13.99","160","S"," ","LYNCH ROAD","201433948","21/03/2014","Fri","0550","CB","CN1","116A 330A ","T","R","D","TF","F "," ","N","N","080","0","0","0","","","1460497","5092682",
"Timaru District","1S/481/16.313","200","N"," ","DIVAN ROAD","201411940","01/04/2014","Tue","1725","CC","CN1","197A ","V","R","D","BN","F "," ","N","C","100","0","0","1","","","1459938","5090428",
"Timaru District","1S/481/19.614",""," ","I","SH 8","201436971","26/04/2014","Sat","1410","FE","CS1C","331A ","","R","D","B ","F ","T","T","P","070","0","0","0","","","1459589","5087208",
"Timaru District","1S/501/0.083","50","N"," ","WASHDYKE FLAT ROAD","201435705","28/03/2014","Fri","1450","AO","4N1T","184A 184B ","","R","D","B ","F "," "," ","C","070","0","0","0","","","1459601","5087125",
"Timaru District","1S/501/1.218","100","S"," ","BLAIR ST","201431723","07/01/2014","Tue","1700","AG","VN14","184A ","","R","D","O ","F "," "," ","C","070","0","0","0","","","1460050","5086090",
"Timaru District","1S/501/2.065","150","S"," ","BRIDGE ROAD","201434821","16/03/2014","Sun","0510","DA","CN1","103A 111A 131A ","P","E","W","DO","L "," ","N","C","050","0","0","0","","","1459904","5085282",
"Timaru District","1S/501/3.145","10","S"," ","PRINGLE ST","201431061","22/02/2014","Sat","0953","FD","CS1CV","331A ","","R","D","B ","FS","T","T","P","050","0","0","0","","","1459797","5084324",
"Timaru District","1S/501/3.384","50","N"," ","RANUI AVENUE","201437962","29/05/2014","Thu","2354","CC","CN1","103A 433A ","F","R","D","DO","F "," ","N","C","050","0","0","0","","","1459660","5084144",
"Timaru District","1S/501/3.582",""," ","I","GRASMERE ST","201432781","03/02/2014","Mon","1905","DA","CN1C","111A 131A 925 ","KM","R","D","B ","F ","D","T","C","050","0","0","0","","","1459710","5083952",
"Timaru District","1S/501/3.672","20","N"," ","ASHBURY AVENUE","201432558","18/01/2014","Sat","2150","CC","CS1C","129A 358A 403A ","M","R","D","DO","F "," ","N","C","050","0","0","0","","","1459732","5083865",
"Timaru District","1S/501/4.016","70","S"," ","TE WEKA ST","201410793","24/02/2014","Mon","1650","AO","CS1C","381A 381B ","JTJ","R","D","B ","F "," ","N","C","050","0","0","1","","","1459949","5083616",
"Timaru District","1S/501/4.094","40","N"," ","TRAFALGAR ST","201437992","09/05/2014","Fri","","EA","TS1C","129A 197A ","M","R","D","B ","F "," ","N","C","050","0","0","0","","","1460011","5083568",
"Timaru District","1S/501/4.366","200","N"," ","WAI-ITI ROAD","201433465","06/02/2014","Thu","1700","AC","TN1V","381A ","","E","D","BF","F "," ","N","C","050","0","0","0","","","1460237","5083421",
"Timaru District","1S/501/4.366","100","N"," ","BEVERLEY ROAD","201435699","10/04/2014","Thu","1615","AA","CN1T","158A 170A 184A ","","E","D","O ","F "," "," ","C","050","0","0","0","","","1460237","5083421",
"Timaru District","1S/506/0.096",""," ","I","SOPHIA ST","201432207","15/01/2014","Wed","1158","FA","CS1C","331A ","","E","D","O ","F ","T","G","C","050","0","0","0","","","1460486","5082901",
"Timaru District","1S/506/0.633",""," ","I","ARTHUR ST","201412578","27/03/2014","Thu","1635","HA","CN1M","301B 375B 402B ","","E","D","B ","F ","X","S","C","050","0","1","0","","","1460524","5082369",
"Timaru District","1S/506/0.633",""," ","I","ARTHUR ST","201435706","27/03/2014","Thu","1000","LB","CW2C","301B 303B ","","R","D","B ","F ","X","S","P","050","0","0","0","","","1460524","5082369",
"Timaru District","1S/506/2.668","100","N"," ","SHAW ST","201437963","29/05/2014","Thu","0810","GD","VS1C","181A 330A 922 ","","R","D","B ","F ","D","N","C","050","0","0","0","","","1460359","5080413",
"Timaru District","1S/506/5.81","200","N"," ","TALBOTS ROAD","201435700","11/04/2014","Fri","1718","CB","TN1","130A ","FPV","R","D","O ","F "," "," ","C","100","0","0","0","","","1459652","5077638",
"Timaru District","1S/506/8.777","200","N"," ","CRAIGIE ROAD","201413176","24/01/2014","Fri","1547","DA","CN1","101A 131A ","P","M","D","O ","F "," "," ","C","100","0","1","0","","","1458623","5075006",
"Timaru District","1S/516/0.848","50","S"," ","CAMPBELL ROAD","201432590","28/02/2014","Fri","1459","CC","4N1","129A 134A ","F","R","D","B ","F "," ","N","C","100","0","0","0","","","1457878","5074100",
"Timaru District","1S/516/2.735",""," ","I","PAREORA AVENUE","201431791","07/01/2014","Tue","1535","JA","CS1C","197A 301B 353B ","","R","W","B ","F ","X","S","C","100","0","0","0","","","1457018","5072600",
"Timaru District","79/0/7.028","600","W"," ","ARUNDEL BELFIELD ROAD","201431057","23/01/2014","Thu","1030","CB","CS1","129A 407A ","PS","R","D","B ","F "," ","N","N","100","0","0","0","","","1463347","5122386",
"Timaru District","GERALDINE-ARUNDEL ROAD",""," ","I","79/9/0.093","201436942","14/05/2014","Wed","0720","DB","CN2","131A 645A ","E","E","W","DN","L ","T","G","C","100","0","0","0","","","1461533","5121869",
"Timaru District","79/15/11.415","1000","E"," ","TOWNSEND ROAD","201412801","04/05/2014","Sun","0220","MO","OS1","101A 386A ","E","E","D","DN","F "," "," ","C","100","0","0","1","","","1450480","5113344",
"Timaru District","79/15/11.415","1000","E"," ","TOWNSEND ROAD","201412800","04/05/2014","Sun","0130","DA","VS1","101A 137A 412A ","EF","E","D","DN","F "," "," ","C","100","0","1","0","","","1450480","5113344",
"Timaru District","79/15/15.064","100","E"," ","HALL ROAD","201435396","20/04/2014","Sun","0555","DB","CE1","111A 131A 813 817 ","","E","D","DN","F "," "," ","N","100","0","0","0","","","1447155","5112015",
"Timaru District","79/31/0.149","400","N"," ","HALL ROAD","201435698","20/04/2014","Sun","0030","DA","CS1","101A 111A 131A 517A 804 817 904 ","C","E","W","DN","M "," "," ","C","100","0","0","0","","","1446883","5112349",
"Timaru District","8/0/7.297","350","S"," ","FALVEY ROAD","201437666","09/04/2014","Wed","1745","CB","TS1","129A 134A 358A ","FS","R","D","O ","F "," "," ","C","100","0","0","0","","","1455841","5093464",
"Timaru District","8/0/14.114",""," ","I","TENGAWAI ROAD","201412592","08/04/2014","Tue","2300","DC","4S2T","103A 335A ","FJT","R","W","DO","F ","T","S","C","050","0","0","1","","","1450605","5097521",
"Upper Hutt City","AKATARAWA ROAD","400","S"," ","KARAPOTI ROAD","201437236","10/05/2014","Sat","1400","BB","VN1C","123B 818 ","","S","D","BN","F "," ","N","N","070","0","0","0","","","1777431","5451519",
"Upper Hutt City","BLUE MOUNTAINS ROAD","560","N"," ","SIERRA WAY","201436262","05/04/2014","Sat","1420","DB","4S1T","197A 403A 407A ","X","S","D","B ","F "," "," ","N","080","0","0","0","","","1770231","5440324",
"Upper Hutt City","EASTERN HUTT ROAD","200","N"," ","REYNOLDS BACH ROAD","201431690","11/02/2014","Tue","1602","CB","CN1","410A ","G","R","D","B ","F "," "," ","L","080","0","0","0","","","1767422","5442817",
"Upper Hutt City","FERGUSSON DRIVE","100","W"," ","BARTON ROAD","201432331","01/02/2014","Sat","1224","EA","CE1C","410A ","M","R","D","B ","F "," "," ","C","050","0","0","0","","","1770167","5443800",
"Upper Hutt City","FERGUSSON DRIVE",""," ","I","FIELD ST","201438180","20/04/2014","Sun","0040","DA","CW1","111A 129A 131A ","FI","R","W","DO","L ","R","G","R","050","0","0","0","","","1768527","5443027",
"Upper Hutt City","FERGUSSON DRIVE","100","E"," ","GOLDERS ROAD","201434925","30/03/2014","Sun","1216","FC","4W1C","181A ","","R","D","BF","F "," ","N","X","050","0","0","0","","","1772755","5445248",
"Upper Hutt City","FERGUSSON DRIVE","100","E"," ","SH 2","201433187","18/03/2014","Tue","0725","FD","CW1MC","181A 181B ","","R","W","O ","L "," "," ","L","080","0","0","0","","","1775883","5446594",
"Upper Hutt City","FERGUSSON DRIVE",""," ","I","STATION CRESCENT","201433642","07/03/2014","Fri","0744","LB","CW1C","303B 363B 902 ","","R","D","B ","F ","T","N","R","050","0","0","0","","","1773868","5445249",
"Upper Hutt City","FERGUSSON DRIVE","280","W"," ","STREAM GROVE","201434941","07/03/2014","Fri","0730","MC","VE1C","372B 375B ","","E","D","BF","F "," ","N","P","050","0","0","0","","","1768865","5442997",
"Upper Hutt City","FERGUSSON DRIVE","50","E"," ","SUTHERLAND AVENUE","201412186","12/05/2014","Mon","1205","EA","CE1C","129A 504A ","M","R","D","O ","F "," "," ","C","050","0","0","1","","","1770480","5444001",
"Upper Hutt City","FERGUSSON DRIVE",""," ","I","TOTARA PARK ROAD","201411955","25/03/2014","Tue","1550","HA","CS2C","302A 375A ","","R","D","BF","F ","R","G","N","050","0","0","1","","","1774861","5445884",
"Upper Hutt City","FERGUSSON DRIVE","50","E"," ","WILSON ST","201435328","15/02/2014","Sat","1122","AO","TE1B","129A ","Q","R","D","B ","F "," "," ","P","050","0","0","0","","","1773666","5445227",
"Upper Hutt City","FERGUSSON DRIVE","10","S"," ","WILSON ST","201436853","13/05/2014","Tue","1518","MO","CW1C","130B 423B 927 ","","R","D","O ","F ","D"," ","C","050","0","0","0","","","","",
"Upper Hutt City","FIELD ST",""," ","I","KILN ST","201434935","15/03/2014","Sat","1205","KB","TN1C","302A 382A ","","R","D","OF","F ","R","G","R","050","0","0","0","","","1768573","5442791",
"Upper Hutt City","GIBBONS ST",""," ","I","MCLEOD ST","201431472","14/02/2014","Fri","1830","HA","CS1V","302A 375A ","","E","D","BF","F ","R","G","R","050","0","0","0","","","1773362","5446201",
"Upper Hutt City","HENRY ST","80","N"," ","FERGUSSON DRIVE","201410334","26/01/2014","Sun","0318","QO","CN1E","136A 650A ","C","R","D","DO","F "," ","N","C","050","0","1","0","19","","1774487","5445645",
"Upper Hutt City","HIKURANGI ST","100","E"," ","MERTON ST","201432336","07/02/2014","Fri","1335","DA","CE1","111A 131A ","FK","S","D","B ","F "," "," ","C","050","0","0","0","","","1771037","5445059",
"Upper Hutt City","KELLY GROVE","80","S"," ","MCLEOD ST","201431664","20/01/2014","Mon","1614","EA","CN14","129A 330A ","M","R","D","O ","F "," "," ","N","050","0","0","0","","","1772763","5446068",
"Upper Hutt City","KILN ST",""," ","I","WHITEMANS ROAD","201410739","20/03/2014","Thu","1540","GA","VE1S","302A 375A 112B ","","R","D","B ","F ","X","G","X","050","0","0","1","","11","1768831","5442920",
"Upper Hutt City","KING ST","50","N"," ","FERGUSSON DRIVE","201411189","07/04/2014","Mon","1126","MO","CS1C","371A 370B 922 ","","R","D","O ","F ","D"," ","C","050","0","0","1","","","1774193","5445462",
"Upper Hutt City","KIRTON DRIVE","180","E"," ","MOONSHINE HILL ROAD","201411956","17/03/2014","Mon","1520","NA","VW1E","711B ","","R","D","OF","F "," ","N","C","050","0","0","1","11","","1771070","5445847",
"Upper Hutt City","LANE ST","90","S"," ","SEDDON ST","201431244","19/02/2014","Wed","1250","GB","CE1V","142B 929 ","","R","D","BF","F ","D","N","C","050","0","0","0","","","1773421","5444822",
"Upper Hutt City","MAIN ST","10","E"," ","GIBBONS ST","201437235","18/05/2014","Sun","1700","FC","CE1C","181A ","","R","D","BF","F ","R","G","X","050","0","0","0","","","1773418","5445318",
"Upper Hutt City","MARTIN ST","50","W"," ","MURRAY ST","201434864","17/02/2014","Mon","1620","GD","CW1C","381A 927 ","","R","D","BF","F ","D","N","C","050","0","0","0","","","1772893","5445141",
"Upper Hutt City","MARTIN ST",""," ","I","RICHMOND ST","201434081","25/04/2014","Fri","1815","JA","CE1C","103B 309B ","","R","D","DO","F ","T","N","C","050","0","0","0","","","1772989","5445151",
"Upper Hutt City","MOONSHINE HILL ROAD","100","E"," ","BULLS RUN ROAD","201432624","24/02/2014","Mon","2050","DB","CN1","111A ","P","M","D","DN","F "," ","N","N","080","0","0","0","","","1768076","5449141",
"Upper Hutt City","PINE AVENUE",""," ","I","QUEEN ST","201433742","07/04/2014","Mon","1720","JA","CS1C","302B ","","E","D","O ","F ","R","G","R","050","0","0","0","","","1773691","5445487",
"Upper Hutt City","PINEHAVEN ROAD","150","N"," ","WYNDHAM ROAD","201434940","08/02/2014","Sat","2045","DA","CN1","111A 131A ","F","E","W","DO","F "," ","N","C","050","0","0","0","","","1768980","5442050",
"Upper Hutt City","RIVERSDALE ROAD","15","W"," ","CLOUSTON PARK ROAD","201432087","15/02/2014","Sat","1856","CA","ME1","130A 420A ","","R","D","B ","F "," "," ","N","050","0","0","0","","","1775279","5446269",
"Upper Hutt City","TOPAZ ST","10","W"," ","RUBY GROVE","201412121","26/02/2014","Wed","1920","DA","ME1","131A 532A ","","M","D","B ","F ","T","N","C","050","0","1","0","","","1777402","5448389",
"Upper Hutt City","WARD ST",""," ","I","FERGUSSON DRIVE","201434930","26/03/2014","Wed","1513","FB","CN1C","331A 353A ","","R","D","BF","F ","R","G","X","050","0","0","0","","","1772361","5445182",
"Upper Hutt City","WARD ST",""," ","I","SEDDON ST","201437671","11/04/2014","Fri","1759","LB","MS1C","534A 303B 370B ","","E","D","DO","F ","T","G","P","050","0","0","0","","","1772744","5444578",