"TLA NAME","CRASH ROAD","CRASH DIST","CRASH DIRN","INTSN","SIDE ROAD","CRASH ID","CRASH DATE","CRASH DOW","CRASH TIME","MVMT","VEHICLES","CAUSES","OBJECTS STRUCK","ROAD CURVE","ROAD WET","LIGHT","WTHRa","JUNC TYPE","TRAF CTRL","ROAD MARK","SPD LIM","CRASH FATAL CNT","CRASH SEV CNT","CRASH MIN CNT","PERS AGE1","PERS AGE2","EASTING","NORTHING"
"Upper Hutt City","2/931/0.867","800","W"," ","RIMUTAKA SUMMIT","201410647","27/02/2014","Thu","1640","BC","MW1C","111A 121A ","","E","D","B ","F "," ","N","C","080","0","1","0","","","1786755","5446139",
"Upper Hutt City","2/931/1.067","1000","W"," ","RIMUTAKA SUMMIT","201434792","19/04/2014","Sat","2043","QG","CN1","136A 665A 668A ","","S","W","DN","H "," ","N","L","100","0","0","0","","","1786592","5446186",
"Upper Hutt City","2/931/2.367","2300","W"," ","RIMUTAKA SUMMIT","201436401","26/04/2014","Sat","1935","DB","4W1","111A 131A ","F","S","D","DN","F "," ","N","L","100","0","0","0","","","1785918","5446678",
"Upper Hutt City","2/931/2.567","2500","W"," ","RIMUTAKA SUMMIT","201411787","10/04/2014","Thu","1010","DA","CW1","111A 131A 801 ","","M","W","O ","H "," "," ","C","100","0","0","4","","","1785792","5446831",
"Upper Hutt City","2/931/6.212","300","S"," ","MARCHANT ROAD","201431369","24/01/2014","Fri","1715","AC","4N1C","381A ","","R","D","BN","F "," ","N","L","100","0","0","0","","","1785244","5449919",
"Upper Hutt City","2/931/6.512",""," ","I","MARCHANT ROAD","201434872","18/03/2014","Tue","1229","JA","CE1C","302B 353B 377B ","","E","W","OF","M ","T","G","C","100","0","0","0","","","1785032","5450122",
"Upper Hutt City","2/931/9.362","2850","W"," ","MARCHANT ROAD","201434846","31/01/2014","Fri","2306","BF","CW14","137A 363A 407A ","","M","D","DN","F "," ","N","L","100","0","0","0","","","1782363","5449750",
"Upper Hutt City","2/931/9.386","4000","N"," ","PLATEAU ROAD","201411789","09/04/2014","Wed","1026","DB","CN1","131A 801 ","C","E","W","O ","L "," "," ","P","100","0","0","1","","","1782339","5449754",
"Upper Hutt City","2/931/9.512","3000","N"," ","MARCHANT ROAD","201437655","17/05/2014","Sat","2015","DA","CE1","111A 131A ","G","S","D","DN","F "," "," ","C","100","0","0","0","","","1782214","5449769",
"Upper Hutt City","2/931/11.112","4600","W"," ","MARCHANT ROAD","201412091","14/04/2014","Mon","0855","DB","4N1","110A 131A ","C","M","W","O ","L "," ","N","L","100","0","0","1","","","1780848","5449081",
"Upper Hutt City","2/946/2.777",""," ","I","AKATARAWA ROAD","201437745","08/06/2014","Sun","1447","LB","CN1C","303B 375B 402B ","","E","D","O ","F ","T","S","R","070","0","0","0","","","1776203","5447487",
"Upper Hutt City","2/946/3.213",""," ","I","MOERAKI ROAD","201435329","28/03/2014","Fri","1800","KA","MN1V","308B 922 ","","R","D","B ","F ","D","N","C","070","0","0","0","","","1776140","5447055",
"Upper Hutt City","2/946/3.47","100","N"," ","CEDERHOLM GROVE","201436263","09/05/2014","Fri","0805","AA","CN1T","184A 372B ","","E","W","O ","L "," "," ","P","070","0","0","0","","","1776096","5446802",
"Upper Hutt City","2/946/3.57",""," ","I","CEDERHOLM GROVE","201436396","01/05/2014","Thu","2210","AC","SN1C","105A 372A ","","E","D","DO","F ","T","N","C","070","0","0","0","","","1776043","5446719",
"Upper Hutt City","2/946/4.689","1000","N"," ","FERGUSSON DRIVE","201435330","27/03/2014","Thu","1517","CA","VN1","410A ","G","R","D","B ","F "," "," ","C","100","0","0","0","","","1774982","5446406",
"Upper Hutt City","2/946/4.934",""," ","I","TOTARA PARK ROAD","201411960","23/03/2014","Sun","2334","CB","VE1","506A 512A ","G","R","D","DO","F ","X","T","R","100","0","1","0","","","1774741","5446362",
"Upper Hutt City","2/946/7.873",""," ","I","WHAKATIKI ST","201435760","25/04/2014","Fri","1403","JC","CN2C","301A 387A 402A ","","E","D","O ","F ","T","S","R","080","0","0","0","","","1771838","5446138",
"Upper Hutt City","2/946/9.38",""," ","I","MOONSHINE HILL ROAD","201431494","10/02/2014","Mon","1549","JC","CN2C","301A ","","R","D","OF","F ","T","S","R","050","0","0","0","","","1770583","5445409",
"Upper Hutt City","2/946/9.38",""," ","I","MOONSHINE HILL ROAD","201413012","20/05/2014","Tue","0802","JA","VN1C","301B 382B ","","R","W","BF","F ","T","S","C","100","0","0","1","","","1770583","5445409",
"Upper Hutt City","2/946/9.38",""," ","I","MOONSHINE HILL ROAD","201437487","30/05/2014","Fri","1729","JA","CN1C","301B 370B ","","R","D","DO","F ","T","S","P","100","0","0","0","","","1770583","5445409",
"Waikato District","2 ON NBD","100","E"," ","SH 1N","201434310","03/04/2014","Thu","2019","DB","CE1","131A 901 ","V","M","W","DO","H "," "," ","C","090","0","0","0","","","1778674","5877808",
"Waikato District","AKA AKA ROAD","500","N"," ","ELBOW ROAD","201430420","10/01/2014","Fri","1905","DA","CS1","129A 131A ","F","E","D","O ","F "," ","N","N","100","0","0","0","","","1763060","5873948",
"Waikato District","AKA AKA ROAD","290","S"," ","RIVERVIEW ROAD","201431221","01/03/2014","Sat","2230","DA","CS1","131A ","CV","M","D","DN","F "," ","N","C","100","0","0","0","","","1763623","5875199",
"Waikato District","BAGUST ROAD","300","W"," ","BRYMER ROAD","201436033","28/03/2014","Fri","1934","DB","CE1","111A 131A 403A ","V","M","D","BN","F "," ","N","C","080","0","0","0","","","","",
"Waikato District","BANKIER ROAD","1500","W"," ","DAWSON ROAD","201410439","30/01/2014","Thu","1600","CB","VW1","130A ","F","R","D","B ","FS"," "," ","C","100","0","0","4","","","1798569","5827419",
"Waikato District","BOW ST","10","W"," ","WAINUI ROAD","201431774","06/01/2014","Mon","","MO","VW1M","386A ","","R","D","BF","F ","T","N","R","050","0","0","0","","","1764533","5814744",
"Waikato District","BROWNLEE AVENUE","100","W"," ","HAKARIMATA ROAD","201437389","31/05/2014","Sat","1600","MO","CW1C","371A 929 ","M","R"," "," F","  ","D","N","C","050","0","0","0","","","1788934","5829411",
"Waikato District","BRUNTWOOD ROAD","550","E"," ","TAUWHARE ROAD","201400038","24/02/2014","Mon","0827","GE","MW1V","151A 333A 927 ","F","R","D","BN","F ","D","N","C","100","1","0","1","","","1809085","5810682",
"Waikato District","BUCKLAND ROAD","600","N"," ","FRIEDLANDER ROAD","201434110","10/04/2014","Thu","0604","CC","CN1","130A 412A ","VX","R","W","DN","M "," "," ","C","100","0","0","0","","","1770471","5875531",
"Waikato District","BUCKLAND ROAD","180","S"," ","FRIEDLANDER ROAD","201412323","09/04/2014","Wed","0700","DB","4S1","131A 402A 801 ","P","M","W","O ","L "," "," ","L","100","0","1","0","","","1770742","5874815",
"Waikato District","BUCKLAND ROAD","1000","S"," ","PARKER LANE","201431341","23/02/2014","Sun","0550","DB","VN1","111A 131A 410A ","G","M","W","DN","L "," ","N","C","100","0","0","0","","","1770510","5875390",
"Waikato District","BUCKLAND ROAD",""," ","I","TUAKAU ROAD","201431056","20/02/2014","Thu","1730","JA","CN1C","302B 377B 830 ","","R","D","B ","F ","T","G","N","100","0","0","0","","","1770252","5877157",
"Waikato District","ELLERY ST",""," ","I","HERSCHEL ST","201413417","09/06/2014","Mon","1618","HA","CS2V","302A ","","R","W","O ","L ","X","G","R","050","0","0","1","","","1789602","5828309",
"Waikato District","GALILEO ST",""," ","I","JORDAN ST","201434331","07/04/2014","Mon","1900","HA","CS1C","302B ","","R","D","DO","F ","X","G","C","050","0","0","0","","","1789768","5828726",
"Waikato District","GEORGE DRIVE","100","S"," ","TAINUI BRIDGE ROAD","201438087","27/04/2014","Sun","0038","DB","CN1C","103A 131A 402A ","M","E","D","DO","F "," "," ","C","050","0","0","0","","","1790540","5839975",
"Waikato District","GEORGE ST","40","N"," ","JELLICOE AVENUE","201437485","28/05/2014","Wed","1615","MA","MS1V","371B 671B ","","R","D","B ","F "," "," ","C","050","0","0","0","","","1772603","5874619",
"Waikato District","GEORGE ST",""," ","I","LIVERPOOL ST","201437256","04/06/2014","Wed","0940","KA","CS1T","302B 375B ","","R","D","BF","F ","X","G","C","050","0","0","0","","","1772677","5874826",
"Waikato District","GORDONTON ROAD","870","S"," ","BOYD ROAD","201410550","12/02/2014","Wed","1143","DA","VS1","131A 350A ","","M","D","ON","F "," ","N","C","100","0","0","1","","","1803194","5824399",
"Waikato District","GORDONTON ROAD","800","S"," ","SH 1B","201412635","15/03/2014","Sat","1752","DA","CS1","103A 111A 131A ","F","M","W","ON","LS"," ","N","L","100","0","0","1","","","1804063","5826121",
"Waikato District","GREAT SOUTH ROAD",""," ","I","FORD ST","201432264","17/01/2014","Fri","1303","GD","TS1C","111A 181A 331A ","","E","D","BF","F ","T","G","L","050","0","0","0","","","1779203","5876291",
"Waikato District","GREAT SOUTH ROAD","130","S"," ","JORDAN ST","201438658","23/05/2014","Fri","0118","DB","VS1","103A 410A ","G","E","D","DO","F "," "," ","P","050","0","0","0","","","","",
"Waikato District","HAKARIMATA ROAD","400","S"," ","KAURI LANE","201437480","24/04/2014","Thu","1300","DB","CN1","111A 131A 197A 402A 801 ","C","M","W","O ","L "," "," ","N","100","0","0","0","","","1791483","5835831",
"Waikato District","HARRIS ST","70","N"," ","SEMPLE ST","201434655","11/04/2014","Fri","1830","MO","CS1C","371A 929 ","M","R","D","DO","F ","D","N","C","050","0","0","0","","","1790006","5840580",
"Waikato District","HARRISVILLE ROAD","50","S"," ","PERCY GRAHAM DRIVE","201437380","10/04/2014","Thu","0650","CB","CS1C","501A ","M","R","D","OF","F "," ","N","C","050","0","0","0","","","1773022","5875495",
"Waikato District","HARTIS AVENUE",""," ","I","RIMU AVENUE","201431460","18/02/2014","Tue","2337","CC","CE1","103A 112A 132A ","F","R","D","DO","F ","T","N","N","050","0","0","0","","","1791868","5842343",
"Waikato District","HEATHERINGTON ROAD",""," ","I","BERRYMANS ACCESS ROAD","201437483","10/05/2014","Sat","1610","DA","CW1","130A 504A ","X","E","D","O ","F ","T","G","C","070","0","0","0","","","","",
"Waikato District","HELEN PLACE","80","E"," ","WAINUI ROAD","201411246","01/01/2014","Wed","1227","DB","CE1","108A 501A ","K","E","D","B ","F "," "," ","N","050","0","0","1","","","1764547","5814338",
"Waikato District","HELENSLEE ROAD","640","N"," ","MUNRO ROAD","201437909","07/05/2014","Wed","0605","DA","CN1","111A 131A ","P","S","W","DN","M ","D","N","C","100","0","0","0","","","1778127","5877378",
"Waikato District","HETHERINGTON ROAD","2400","W"," ","BAIN ROAD","201433975","25/03/2014","Tue","0840","DB","CW1","111A 131A 817 ","C","E","D","O ","F "," ","N","N","100","0","0","0","","","1778999","5843473",
"Waikato District","HETHERINGTON ROAD","5600","W"," ","TE OHAKI ROAD","201413303","21/05/2014","Wed","0800","DA","CE1","131A 134A 402A 904 ","C","M","W","B ","M "," "," ","C","100","0","0","1","","","1785875","5844141",
"Waikato District","HIGHWAY 22","500","N"," ","MATAKITAKI ROAD","201432548","13/02/2014","Thu","1400","DB","CS1","110A 135A 901 ","","E","W","O ","H "," ","N","C","100","0","0","0","","","1771962","5852722",
"Waikato District","HOLLAND ROAD","10","E"," ","RUAKURA ROAD","201413294","07/06/2014","Sat","0620","FA","CE1S","181A 361A ","","R","D","DN","F ","T","N","C","100","0","0","1","","","1805678","5817350",
"Waikato District","HOLLAND ROAD","50","N"," ","RUAKURA ROAD","201438606","07/06/2014","Sat","0620","FA","CN1S","129A ","","R","D","DN","F "," "," ","C","070","0","0","0","","","1805689","5817388",
"Waikato District","HOLLAND ROAD","1800","N"," ","RUAKURA ROAD","201435569","16/04/2014","Wed","1415","CC","CN1","130A 358A ","V","R","D","O ","F "," "," ","C","100","0","0","0","","","1806931","5818598",
"Waikato District","HOLLAND ROAD","1500","S"," ","SH 1B TELEPHONE","201436852","12/05/2014","Mon","1258","CB","CS1","130A 359A ","FV","R","D","B ","F "," "," ","C","100","0","0","0","","","1807422","5818958",
"Waikato District","HOLLAND ROAD",""," ","I","WAVERLEY ROAD","201438058","29/05/2014","Thu","1819","BF","CE1C","131A 801 ","","S","W","DO","L ","T","T","C","080","0","0","0","","","1812115","5822441",
"Waikato District","JAMES ST",""," ","I","JOHN ST","201433974","01/04/2014","Tue","1955","EA","4N14","103A 129A ","M","E","D","B ","F ","T","N","N","050","0","0","0","","","1764780","5814792",
"Waikato District","KAURI ROAD","730","E"," ","WAIRAMARAMA ONEWHERO ROAD","201434220","27/02/2014","Thu","0900","DA","CE1","131A 138A ","","M","D","B ","F "," "," ","C","100","0","0","0","","","1769488","5865050",
"Waikato District","KAWHIA ROAD","120","S"," ","TE PAPATAPU ROAD S","201430712","19/01/2014","Sun","1700","DA","CS1","129A 134A ","T","E","D","BN","F "," ","N","N","050","0","0","0","","","1766344","5797114",
"Waikato District","KOPUKU ROAD",""," ","I","SYMES ROAD","201400009","11/01/2014","Sat","1550","LB","MN1V","303B 375B 378B 832 ","","R","D","O ","F ","T","N","C","100","1","0","0","","","1797551","5869977",
"Waikato District","LAKE ROAD","60","S"," ","KAINUI ROAD","201411732","17/03/2014","Mon","1435","DA","TN1","111A 131A ","C","M","D","B ","F "," "," ","C","100","0","2","0","","","1797176","5828930",
"Waikato District","LAKE ROAD","400","S"," ","KAINUI ROAD","201432682","08/03/2014","Sat","1900","DB","CN1","121A 134A ","C","E","D","TN","F "," ","N","C","100","0","0","0","","","1797274","5828629",
"Waikato District","LAKE ROAD","2000","E"," ","RIVER ROAD","201434333","27/03/2014","Thu","0540","DB","CE1","131A 195A ","FV","M","D","DN","F "," "," ","C","100","0","0","0","","","1796007","5827359",
"Waikato District","MAIN ST",""," ","I","MAIN ST SOUTH","201432665","21/03/2014","Fri","1645","HA","SW1C","302A ","K","M","D","B ","F ","R","G","R","050","0","0","0","","","1790635","5840661",
"Waikato District","MAIN ST","90","N"," ","STATION PLACE","201411682","25/02/2014","Tue","1522","MO","CW1","133A 507A 927 ","H","R","D","BF","F ","D","N","C","050","0","0","1","","","1790681","5840932",
"Waikato District","MAIN ST","100","S"," ","STATION PLACE","201411669","19/03/2014","Wed","1520","JA","SN1C","204A 308B 375B 927 ","","R","D","BF","F ","D","N","C","050","0","0","1","","9","1790655","5840745",
"Waikato District","MANGATANGI ROAD","250","W"," ","KAIAUA ROAD","201434835","16/02/2014","Sun","1100","BA","CW1T","313A ","","R","D","BN","F "," ","N","C","100","0","0","0","","","1794935","5880450",
"Waikato District","MCGOWAN RISE","100","S"," ","MARTINDALE LANE","201431031","06/02/2014","Thu","1811","MO","CN1C","371A 929 ","M","R","D","B ","F ","D","N","N","050","0","0","0","","","1772124","5874786",
"Waikato District","MERCER FERRY ROAD","1600","S"," ","DOUGLAS ROAD","201438178","24/05/2014","Sat","1705","DA","VS1","101A 111A 131A ","FS","E","D","TN","F "," ","N","C","080","0","0","0","","","1779948","5869866",
"Waikato District","OHAUTIRA ROAD","2000","N"," ","SH 23","201434629","12/04/2014","Sat","1645","DB","4S1","135A 363A 902 ","","S","D","TN","F "," ","N","C","100","0","0","0","","","1774068","5813607",
"Waikato District","OHAUTRA ROAD","5900","N"," ","SH 23","201438055","29/05/2014","Thu","0927","DA","CN1","129A 131A 801 ","F","M","W","O ","L "," "," ","N","100","0","0","0","","","","",
"Waikato District","OLEARY ROAD","630","N"," ","SH 2","201410970","15/02/2014","Sat","0830","BD","CE1C","129A 129B ","","M","D","BF","F "," ","N","N","080","0","0","2","","","1779227","5878287",
"Waikato District","ORINI ROAD",""," ","I","STOKES ROAD","201436877","09/03/2014","Sun","0130","CB","CN1","101A 130A 402A ","F","R","D","DN","F ","T","G","C","100","0","0","0","","","1794509","5836439",
"Waikato District","OTAUA ROAD","200","W"," ","CROUCH ROAD","201438355","25/04/2014","Fri","0500","CC","CW1","110A 130A 801 ","VZ","R","W","DN","L "," "," ","C","100","0","0","0","","","1756605","5870666",
"Waikato District","OTOROHAEA TRIG ROAD","3970","E"," ","HIGHWAY 22","201413735","30/03/2014","Sun","1115","DB","MN1","131A 191A ","","M","D","BN","F "," ","N","N","100","0","0","1","","","1776883","5833000",
"Waikato District","PARK AVENUE","80","S"," ","DOMINION ROAD","201410149","06/01/2014","Mon","1910","MO","MS1C","330A 387A ","","E","D","TF","F "," "," ","N","050","0","1","0","","","1773083","5874740",
"Waikato District","PEACH ROAD","260","W"," ","SH 1B","201412599","27/03/2014","Thu","1716","LB","MW1C","303B 375B 929 ","","R","D","B ","F ","D"," ","C","100","0","1","0","","","1802763","5828352",
"Waikato District","PIAKO ROAD",""," ","I","PUKETAHA ROAD","201435854","04/04/2014","Fri","0430","DA","CN2","132A 135A 904 ","V","R","D","DN","M ","T","G","C","100","0","0","0","","","1806281","5828179",
"Waikato District","PIAKO ROAD","1000","E"," ","SHEWAN ROAD","201410051","16/02/2014","Sun","1549","GE","CS1T","160A 386A 402A 929 ","F","R","D","B ","F ","D"," ","C","100","0","0","1","","","1811522","5826940",
"Waikato District","PIAKO ROAD","200","W"," ","SHEWAN ROAD","201437936","11/06/2014","Wed","0642","EO","TE1","135A 903 ","T","R","W","DN","LS"," ","N","L","100","0","0","0","","","1810412","5827390",
"Waikato District","PIAKO ROAD","400","W"," ","SHEWAN ROAD","201412881","25/04/2014","Fri","1506","CB","CW1","130A 402A 501A ","V","R","D","B ","F "," "," ","C","100","0","0","1","","","1810224","5827458",
"Waikato District","PIAKO ROAD",""," ","I","WAVERLEY ROAD","201436447","25/03/2014","Tue","0520","DA","4N2","111A 131A 335A ","","S","D","DN","M ","T","G","C","100","0","0","0","","","1813648","5825835",
"Waikato District","PICKERING ROAD","400","N"," ","SH 1N","201435574","04/04/2014","Fri","1540","CB","CS1","130A 501A ","S","R","D","B ","F "," "," ","C","100","0","0","0","","","1809575","5808680",
"Waikato District","PUKETAHA ROAD","250","E"," ","SAINSBURY ROAD","201438082","24/05/2014","Sat","0627","CB","CE1","129A 130A ","X","R","W","O ","L "," "," ","C","080","0","0","0","","","1805306","5822758",
"Waikato District","RIVER ROAD","750","N"," ","DRIVER ROAD","201433528","14/03/2014","Fri","0405","CB","CN1","103A 129A 134A 410A ","FP","R","D","DN","F "," ","N","C","100","0","0","0","","","1791137","5828142",
"Waikato District","RIVER ROAD",""," ","I","HOROTIU BRIDGE ROAD","201413325","08/05/2014","Thu","0646","LB","CN1C","303B 375B 904 ","F","R","W","O ","M ","T","G","P","100","0","0","2","","","1794814","5825688",
"Waikato District","RIVER ROAD","260","N"," ","LAPWOOD ROAD","201433397","15/03/2014","Sat","1500","DA","CS1","111A 131A ","EFX","M","W","ON","L "," ","N","L","100","0","0","0","","","1772015","5872071",
"Waikato District","ROTOWARO ROAD","3000","S"," ","GULLY ROAD","201431405","14/02/2014","Fri","0600","DA","CS1","110A 131A ","V","M","W","ON","F "," ","N","C","100","0","0","0","","","1778526","5832594",
"Waikato District","ROTOWARO ROAD","3000","W"," ","HANGAPIPI ROAD","201437481","14/05/2014","Wed","2200","DA","4N1","131A 801 ","C","M","W","DN","L "," "," ","C","100","0","0","0","","","1779907","5836021",
"Waikato District","SEDDON ROAD","350","W"," ","KIROA ROAD","201431900","07/03/2014","Fri","1600","CB","CE1","129A 363A 902 ","V","R","D","BN","F "," ","N","C","100","0","0","0","","","1809384","5823713",
"Waikato District","SEDDON ROAD","700","W"," ","WAVERLEY ROAD","201412549","23/04/2014","Wed","1726","FA","CW1S","129A 363A 370A 402A 902 ","","R","D","B ","F "," "," ","C","100","0","1","0","","41","1811136","5823430",
"Waikato District","SH 1N","350","S"," ","HALL ROAD","201438088","08/06/2014","Sun","1549","CA","CN1","129A ","G","R","W","O ","L "," "," ","C","100","0","0","0","","","","",
"Waikato District","SH 1N","400","S"," ","ORINI ROAD","201438053","05/06/2014","Thu","2038","QG","VS1","682A ","","R","W","DO","L "," "," ","L","080","0","0","0","","","","",
"Waikato District","SH 1N","400","S"," ","ORINI ROAD","201438052","05/06/2014","Thu","2038","EC","TS1","820 ","X","R","W","DO","L "," "," ","L","080","0","0","0","","","","",
"Waikato District","SH 1N","50","N"," ","RANGIRIRI ROAD","201438089","08/06/2014","Sun","1939","DA","CN1","195A 800 ","G","E","W","DO","F "," "," ","C","070","0","0","0","","","","",
"Waikato District","SH 1N","2000","S"," ","TAHUNA ROAD","201438652","22/06/2014","Sun","1704","CA","CS1","130A 622A ","V","R","D","TO","F "," "," ","C","100","0","0","0","","","","",
"Waikato District","SH 1N","950","S"," ","TREGOWETH LANE","201438650","14/06/2014","Sat","1740","FD","VN1C4","181A 331A 181B ","","R","D","DN","F "," "," ","L","100","0","0","0","","","","",
"Waikato District","SH 1N GORDONTON","800","N"," ","NEW WAIKATO EXPRESSWAY","201400003","04/01/2014","Sat","2132","AB","MN1C","110A 151A 153A ","","R","D","DO","F "," "," ","C","100","1","0","2","","","","",
"Waikato District","SH 21","800","S"," ","AIRPORT ROAD","201413739","31/05/2014","Sat","0835","CB","VS1","501A ","CF","R","D","BF","F "," ","N","R","100","0","0","1","","","","",
"Waikato District","SILVERTON ROAD",""," ","I","JOHNSTON ST","201438653","12/06/2014","Thu","0812","KA","CS1C","302B 901 ","","R","W","O ","H ","X","G","C","050","0","0","0","","","","",
"Waikato District","SRINGHILL ROAD","2000","S"," ","SH 1N","201438086","22/05/2014","Thu","1059","BB","4S1C","123A 352A ","","M","D","O ","F "," "," ","N","100","0","0","0","","","","",
"Waikato District","STOREY ROAD","250","N"," ","TAHUNA ROAD","201411998","01/03/2014","Sat","1050","DA","MN1","111A 131A ","F","M","D","BN","F "," ","N","N","100","0","1","0","","","1802618","5845593",
"Waikato District","TAHUNA OFF SBD",""," ","I","TAHUNA ROAD","201432736","04/03/2014","Tue","0850","DB","CS1","111A 131A ","G","R","W","B ","F ","X","S","N","100","0","0","0","","","1791068","5848621",
"Waikato District","TAHUNA ROAD",""," ","I","LUMSDEN ROAD","201410565","20/01/2014","Mon","1810","DA","CW1","133A 358A ","B","R","W","OF","L ","R","G","L","100","0","0","1","","","1791248","5848625",
"Waikato District","TAHUNA ROAD","600","W"," ","STOREY ROAD","201430757","07/02/2014","Fri","2130","DA","4W1","137A ","F","E","W","DN","L "," ","N","C","100","0","0","0","","","1801848","5845535",
"Waikato District","TAINUI BRIDGE ROAD",""," ","I","ROTOWARO ROAD","201433530","03/03/2014","Mon","1015","DB","CW1","111A 131A ","P","R","D","BF","F ","R","G","R","050","0","0","0","","","1789990","5840186",
"Waikato District","TAINUI ROAD","600","N"," ","TAUHEI ROAD","201410470","07/02/2014","Fri","1815","DA","CS1","131A 812 ","V","M","D","O ","F "," "," ","C","100","0","0","1","","","1810983","5837699",
"Waikato District","TAUWHARE ROAD",""," ","I","CHITTY ROAD","201430455","07/01/2014","Tue","2215","DA","CE1","110A ","","S","W","DO","H ","T","N","C","100","0","0","0","","","1816138","5816788",
"Waikato District","TAUWHARE ROAD","400","E"," ","RINGER ROAD","201434639","09/04/2014","Wed","0710","DA","CW1","135A 801 ","T","M","W","ON","L "," ","N","C","100","0","0","0","","","1813810","5815650",
"Waikato District","TE ONETEA ROAD",""," ","A","RAIL XING","201400039","27/02/2014","Thu","0945","QC","TE1O","440A 660A ","NPS","R","D","BN","F "," ","S","N","100","1","0","0","","","1790203","5854924",
"Waikato District","TRAVERS ROAD","450","N"," ","TE KAUWHATA ROAD","201431764","22/01/2014","Wed","0605","EC","VN1","195A 645A 912 ","W","R","D","DN","F "," ","N","C","050","0","0","0","","","1788998","5857962",
"Waikato District","TUAKAU BRIDGE-PORT WAIKAT","630","E"," ","COBOURNE PLACE","201410636","22/02/2014","Sat","1740","DB","4E1","111A 137A ","V","E","D","O ","F "," ","N","C","100","0","0","1","","","1753802","5860963",
"Waikato District","TUAKAU BRIDGE-PORT WAIKAT","1380","E"," ","FROST ROAD","201400015","21/01/2014","Tue","1003","DA","VE1","111A 131A ","CP","M","W","ON","L "," ","N","C","100","1","0","0","","","1768032","5870474",
"Waikato District","TUAKAU BRIDGE-PORT WAIKAT","1500","E"," ","FROST ROAD","201410618","21/01/2014","Tue","0815","DA","CE1","111A ","V","M","W","O ","F "," ","N","C","100","0","0","1","","","1768149","5870473",
"Waikato District","TUAKAU BRIDGE-PORT WAIKAT","1550","E"," ","FROST ROAD","201412300","09/04/2014","Wed","0655","DB","CE1","129A 131A 801 ","CV","M","W","TN","L "," "," ","C","100","0","0","1","","","1768198","5870469",
"Waikato District","TUAKAU BRIDGE-PORT WAIKAT","2200","S"," ","FROST ROAD","201413315","29/05/2014","Thu","0740","DA","CE1","129A 134A ","V","E","D","O ","F "," "," ","C","100","0","0","1","","","1764727","5869358",
"Waikato District","TUAKAU BRIDGE-PORT WAIKAT","4160","W"," ","HULL ROAD","201433312","26/01/2014","Sun","1835","DB","CS1","135A 400A 801 ","F","M","W","TN","H "," ","N","C","100","0","0","0","","","1759007","5866586",
"Waikato District","TUAKAU BRIDGE-PORT WAIKAT","3100","W"," ","RIVER ROAD","201438040","04/04/2014","Fri","0830","DA","CE1","111A 131A ","F","M","D","B ","F "," "," ","C","100","0","0","0","","","1769716","5870813",
"Waikato District","TUAKAU ROAD",""," ","I","BUCKLAND ROAD","201434393","04/04/2014","Fri","0800","DB","CE2","131A 806 ","F","M","W","O ","M ","T","G","P","100","0","0","0","","","1770252","5877157",
"Waikato District","UAPOTO ROAD","1600","S"," ","ORINI ROAD","201434657","14/02/2014","Fri","0809","BB","CS1B","123A 363A 902 ","","M","D","BN","F "," ","N","N","100","0","0","0","","","1797744","5837944",
"Waikato District","UPPER QUEEN ST","340","N"," ","CAMERON TOWN ROAD","201436282","09/05/2014","Fri","1540","DA","CS1","111A 131A 402A 801 ","F","M","W","B ","L "," "," ","C","100","0","0","0","","","1767713","5876946",
"Waikato District","VIOLET ST","100","S"," ","GOVERNMENT ROAD","201431407","21/01/2014","Tue","1838","KB","4N1C","308B 834 929 ","","M","D","OF","FS","D","N","N","050","0","0","0","","","1765625","5814800",
"Waikato District","WAERENGA ROAD","200","S"," ","KIWI ROAD","201433154","27/03/2014","Thu","1621","CB","TS1","130A 631A ","CFT","R","D","B ","F "," "," ","C","100","0","0","0","","","1793528","5858510",
"Waikato District","WAIKARE ROAD","500","S"," ","DRAPER ROAD","201433152","15/03/2014","Sat","1230","DA","CN1","111A 131A 402A ","F","E","W","O ","HS"," "," ","C","100","0","0","0","","","1796805","5857144",
"Waikato District","WAINUI ROAD","50","N"," ","BANKART ST","201410132","03/01/2014","Fri","2138","MF","PS1V","371B ","","R","W","TO","L "," "," ","C","050","0","0","1","","","1764536","5814693",
"Waikato District","WAINUI ROAD","10","E"," ","MARINE PARADE","201411737","28/02/2014","Fri","1059","DA","CN1","111A 131A 350A 404A ","ES","M","D","B ","F ","T","G","C","050","0","0","1","","","1763899","5813898",
"Waikato District","WAINUI ROAD","50","N"," ","NGARUNUI BEACH ROAD","201431403","06/03/2014","Thu","","CB","VN1","103A ","F","R","D","TF","F "," ","N","C","080","0","0","0","","","1761749","5812671",
"Waikato District","WAINUI ROAD","150","E"," ","RAKAUNUI ST","201411679","24/02/2014","Mon","1400","CB","PW1","191A ","","R","D","BF","F "," ","N","C","050","0","0","1","","","1763248","5813606",
"Waikato District","WAINUI ROAD","400","W"," ","RAKAUNUI ST","201437637","10/05/2014","Sat","1015","DB","CS1C","131A 197A 129B ","V","M","D","B ","F "," "," ","C","080","0","0","0","","","1762778","5813451",
"Waikato District","WAIUKU-OTAUA ROAD","50","N"," ","SMITH ROAD","201411993","23/03/2014","Sun","0030","CB","CS1","410A ","","R","D","DN","F "," ","N","C","100","0","0","1","","","1753474","5873729",