"TLA NAME","CRASH ROAD","CRASH DIST","CRASH DIRN","INTSN","SIDE ROAD","CRASH ID","CRASH DATE","CRASH DOW","CRASH TIME","MVMT","VEHICLES","CAUSES","OBJECTS STRUCK","ROAD CURVE","ROAD WET","LIGHT","WTHRa","JUNC TYPE","TRAF CTRL","ROAD MARK","SPD LIM","CRASH FATAL CNT","CRASH SEV CNT","CRASH MIN CNT","PERS AGE1","PERS AGE2","EASTING","NORTHING"
"Waikato District","WAVERLY ROAD",""," ","I","PIAKO ROAD","201436034","16/04/2014","Wed","2240","DB","CN2","111A 131A 353A ","FV","R","W","DO","L ","T","G","C","100","0","0","0","","","","",
"Waikato District","1B/0/0",""," ","I","SH 1N","201432446","16/01/2014","Thu","1600","KA","TN1T","302A 386A ","","S","W","BF","F ","R","G","R","070","0","0","0","","","1792961","5834954",
"Waikato District","1B/0/3.08","800","W"," ","KERIE ROAD","201411681","07/03/2014","Fri","0807","CB","VE1","136A 682A ","","R","D","BF","F "," ","N","L","100","0","0","1","","","1795475","5833861",
"Waikato District","1B/0/3.38","500","N"," ","KERIE ROAD","201412023","28/03/2014","Fri","0550","MB","CN1V","372B 386B ","","E","D","DN","F "," ","N","C","100","0","0","1","","","1795759","5833763",
"Waikato District","1B/0/5.643","40","S"," ","HENRY ROAD","201437482","09/05/2014","Fri","0300","CB","CS1","112A 130A 631A ","F","R","D","DN","F "," "," ","C","100","0","0","0","","","1797847","5832916",
"Waikato District","1B/0/10.38","300","N"," ","BALLARD ROAD","201413245","29/05/2014","Thu","1815","NA","CW1E","370A 711B 860 ","","E","D","DN","M "," ","N","C","100","0","1","0","","","1801460","5830601",
"Waikato District","1B/15/0.5","500","N"," ","GORDONTON ROAD","201431617","17/01/2014","Fri","2040","CC","CS1","103A 130A ","F","R","D","TN","F "," "," ","C","100","0","0","0","","","1804849","5826717",
"Waikato District","HOLLAND ROAD",""," ","I","TELEPHONE ROAD W","201432667","09/03/2014","Sun","1620","HA","CS2C","301A 375A ","","R","D","B ","F ","X","S","C","100","0","0","0","","","1808628","5819850",
"Waikato District","1B/15/13.84","60","E"," ","SH 26","201410321","13/01/2014","Mon","1112","CB","CE1","102A 132A ","F","R","D","OF","F "," ","N","P","100","0","0","1","","","1809143","5816489",
"Waikato District","1B/30/0.683","200","S"," ","WOODSIDE ROAD","201412626","14/03/2014","Fri","1745","LB","MN1C","102B 303B 377B 929 ","","E","D","OF","F ","D","N","C","100","0","2","0","","","1810491","5815509",
"Waikato District","1B/30/5.946","1180","S"," ","BELLEVUE ROAD","201411256","08/02/2014","Sat","0939","DB","MS1","131A ","","M","W","O ","L "," "," ","C","100","0","0","1","","","1813615","5811656",
"Waikato District","1B/30/5.952","1900","N"," ","SH 1B CHURCH","201434250","14/02/2014","Fri","0724","DA","CS1","111A 131A 402A ","C","S","W","O ","F "," "," ","C","100","0","0","0","","","1813620","5811659",
"Waikato District","1B/30/7.852",""," ","I","MARYCHURCH ROAD","201432062","09/03/2014","Sun","1918","DC","CW1","335A 363A 902 ","C","R","D","B ","F ","T","S","C","100","0","0","0","","","1814646","5810161",
"Waikato District","1N/461/13.018","250","N"," ","NIKAU OFF SBD","201433316","27/01/2014","Mon","1300","FD","CS1CC","181A 181C ","","E","D","BF","F "," ","N","R","100","0","0","0","","","1777239","5879765",
"Waikato District","1N/461/13.926","500","S"," ","NIKAU OBR","201437269","30/04/2014","Wed","1338","QG","VS1","131A 687A ","G","E","D","BF","F "," ","N","R","100","0","0","0","","","1777580","5878942",
"Waikato District","1N/461/14.126","700","S"," ","NIKAU OBR","201431656","11/01/2014","Sat","1120","DA","CS1","131A 406A ","G","M","D","B ","F "," "," ","C","100","0","0","0","","","1777679","5878771",
"Waikato District","1N/461/14.128","1100","N"," ","RAZORBACK OBR","201411814","15/03/2014","Sat","1107","CB","CN1","112A 632A ","P","R","W","OF","L "," ","N","N","100","0","0","1","","","1777630","5878753",
"Waikato District","1N/477/3.078","1000","S"," ","POKENO ON SBD","201437178","29/05/2014","Thu","0500","CB","CS1","112A 130A 410A ","","R","D","DN","F "," ","N","R","100","0","0","0","","","1780746","5874856",
"Waikato District","1N/477/6.733","500","S"," ","KOHEROA OFF NBD","201411855","20/01/2014","Mon","1540","CC","VN1","129A 410A ","G","R","D","OF","F "," ","N","C","100","0","0","1","","","1781918","5871505",
"Waikato District","1N/486/6.085","1000","S"," ","DRAG WAY","201437479","02/06/2014","Mon","0530","CB","CN1","103A 112A 130A 412A 904 ","F","R","D","DN","M "," "," ","C","100","0","0","0","","","1783199","5864924",
"Waikato District","1N/486/9.535","1800","N"," ","WHANGAMARINO ROAD","201431963","18/02/2014","Tue","1647","CB","CN1","410A ","G","R","D","BN","F "," ","N","R","100","0","0","0","","","1785307","5862301",
"Waikato District","1N/486/10.929","400","N"," ","WHANGAMARINO ROAD","201435829","19/03/2014","Wed","1705","AO","TS1C","381A 671A ","","R","D","BN","F "," ","N","C","100","0","0","0","","","1785896","5861075",
"Waikato District","1N/486/11.029","300","N"," ","WHANGAMARINO ROAD","201435860","26/03/2014","Wed","0601","BF","CS1C","131A 410A ","","R","D","DN","F "," ","N","C","100","0","0","0","","","1785958","5860996",
"Waikato District","1N/486/11.385","50","S"," ","WHANGAMARINO ROAD","201438056","07/06/2014","Sat","0600","DB","4N1","103A 410A ","G","E","D","TO","M "," "," ","C","100","0","0","0","","","1786161","5860713",
"Waikato District","1N/486/11.901","550","N"," ","PADDY ROAD","201433527","18/03/2014","Tue","1115","AC","CS1T","381A ","","E","D","BN","F "," ","N","C","100","0","0","0","","","1786302","5860211",
"Waikato District","1N/486/12.418","150","N"," ","HALL ROAD N","201433153","23/03/2014","Sun","2300","CC","CN1","129A 130A 402A ","G","R","D","DO","F "," "," ","R","100","0","0","0","","","1786523","5859751",
"Waikato District","1N/486/12.601","150","S"," ","PADDY ROAD","201434834","11/03/2014","Tue","1610","CA","CS1","129A 410A ","G","R","D","BN","F "," ","N","R","100","0","0","0","","","1786614","5859586",
"Waikato District","1N/486/12.657","200","S"," ","PADDY ROAD","201431043","26/01/2014","Sun","0030","CC","CN1","125A 198A ","G","R","D","DN","F "," ","N","C","100","0","0","0","","","1786640","5859543",
"Waikato District","1N/486/16.011","200","S"," ","TE KAUWHATA ROAD","201431762","06/01/2014","Mon","0007","EC","CN1","195A 912 ","W","R","D","DN","F "," "," ","C","100","0","0","0","","","1788226","5856687",
"Waikato District","1N/486/16.563","200","N"," ","TE WHEORO ROAD N","201434251","12/02/2014","Wed","0707","DA","TS1","131A 504A ","G","E","D","O ","F "," "," "," ","100","0","0","0","","","1788250","5856145",
"Waikato District","1N/502/2.828","1570","N"," ","ARMITAGE ROAD S","201430182","03/01/2014","Fri","1544","DB","CN1","131A ","G","M","D","OF","F "," "," ","C","100","0","0","0","","","1790251","5853744",
"Waikato District","1N/502/3.948","450","N"," ","ARMITAGE ROAD S","201410131","02/01/2014","Thu","1505","CB","CS1","130A 354A 402A ","G","R","D","B ","F "," "," ","C","100","0","0","1","","","1790468","5852650",
"Waikato District","1N/502/4.528","130","S"," ","ARMITAGE ROAD S","201413235","01/02/2014","Sat","0007","CB","VN1","134A 410A ","G","R","D","DN","F "," ","N","R","100","0","0","1","","","1790597","5852085",
"Waikato District","1N/502/5.047","3000","N"," ","TAHUNA OBR","201431756","12/01/2014","Sun","1400","CB","CS1","138A 407A 817 ","","R","D","B ","F "," "," ","C","100","0","0","0","","","1790731","5851598",
"Waikato District","1N/502/5.34","2000","N"," ","LUMSDEN ROAD","201430143","17/01/2014","Fri","1420","AC","CS1T","177A 357A 817 ","","R","D","BN","F "," ","N","N","100","0","0","0","","","1790797","5851313",
"Waikato District","1N/502/7.867","180","N"," ","TAHUNA OBR","201435425","08/05/2014","Thu","1015","EB","TS1C","129A ","","R","D","OF","F "," "," "," ","100","0","0","0","","","1791016","5848802",
"Waikato District","1N/502/12.333","200","N"," ","EAST MINE ROAD","201410133","07/01/2014","Tue","1705","CB","CS1","130A 412A ","K","R","D","B ","F "," "," ","C","070","0","0","1","","","1790852","5844530",
"Waikato District","1N/519/2.238","100","N"," ","TREGOWETH LANE","201435558","23/04/2014","Wed","1040","FD","CS1C","181A 331A 402A ","","R","D","B ","F "," "," ","C","070","0","0","0","","","1790722","5838896",
"Waikato District","1N/519/2.338",""," ","I","TREGOWETH LANE","201435994","21/03/2014","Fri","0755","KA","TS1C","322A ","","R","D","BF","F ","T","T","R","100","0","0","0","","","1790712","5838796",
"Waikato District","1N/519/2.338",""," ","I","TREGOWETH LANE","201411991","13/03/2014","Thu","1651","FE","CS1C","181A ","","E","D","BF","F ","T","T","C","070","0","0","1","","","1790712","5838796",
"Waikato District","1N/519/3.138","800","S"," ","TREGOWETH LANE","201438090","02/06/2014","Mon","1525","FD","CN1CC","181A 181B ","","R","D","B ","F "," "," ","L","100","0","0","0","","","1790674","5838007",
"Waikato District","1N/519/5.331","2000","N"," ","SH 1B","201434656","16/04/2014","Wed","2342","CB","CN1","130A 330A 350A ","FJ","R","W","DN","L "," ","N","C","100","0","0","0","","","1791530","5836199",
"Waikato District","1N/519/6.14",""," ","A","TAUPIRI CEMETERY DVWY","201412133","21/04/2014","Mon","1550","MC","CN1C","170B 671B ","","R","D","O ","F "," "," ","P","070","0","0","1","","","1792192","5835746",
"Waikato District","1N/519/6.771","560","N"," ","SH 1B","201410564","27/01/2014","Mon","1300","GE","MN1C","171B 926 ","","R","D","BF","F ","D","N","P","070","0","1","0","","","1792717","5835406",
"Waikato District","1N/519/7.331",""," ","I","SH 1B","201437670","30/05/2014","Fri","0917","FD","CN1C","181A 331A ","","E","W","O ","F ","R","G","C","100","0","0","0","","","1792961","5834954",
"Waikato District","1N/519/7.731","400","S"," ","SH 1B","201434334","11/02/2014","Tue","1835","CB","CS1","410A ","G","R","D","B ","F "," "," ","C","100","0","0","0","","","1792999","5834556",
"Waikato District","1N/519/7.846","100","S"," ","TE PUTU ST","201434336","03/04/2014","Thu","1810","CB","CN1","501A ","HP","R","W","TO","L "," "," ","C","070","0","0","0","","","1792997","5834442",
"Waikato District","1N/519/13.836","100","S"," ","RIVER ROAD","201433459","27/02/2014","Thu","1630","CB","4S1","129A 350A 410A ","G","R","D","BN","F "," ","N","R","100","0","0","0","","","1789633","5829636",
"Waikato District","1N/519/13.936","20","S"," ","REGENT ST","201431763","23/01/2014","Thu","1030","CB","CS1","130A 354A 402A ","G","R","D","O ","F "," ","N","L","050","0","0","0","","","1789605","5829540",
"Waikato District","1N/533/0.573",""," ","I","PRINCESS ST","201438054","30/05/2014","Fri","1350","FA","CN1V","181A 197B ","","R","W","O ","L ","X","G","C","050","0","0","0","","","1789493","5828980",
"Waikato District","1N/533/0.615","130","N"," ","MARTIN ST","201400132","10/06/2014","Tue","1020","NB","CN1E","306A 376A 901 ","","R","W","O ","H "," "," ","X","050","1","0","0","83","","1789510","5828941",
"Waikato District","1N/533/1.211","10","N"," ","ELLERY ST","201434335","28/03/2014","Fri","1345","GD","TS1CV","181A 191B ","","R","D","B ","F ","T","G","C","050","0","0","0","","","1789815","5828446",
"Waikato District","1N/533/4.431",""," ","I","PARK ROAD","201435552","21/03/2014","Fri","2046","DB","CN1","111A 131A 514A ","FS","M","D","DO","F ","T","G","C","100","0","0","0","","","1792212","5826306",
"Waikato District","1N/533/6.81","50","S"," ","HOROTIU BRIDGE ROAD","201435723","04/05/2014","Sun","1145","AO","CS1C","158A ","","R","D","B ","F "," "," ","C","070","0","0","0","","","1794061","5824866",
"Waikato District","1N/557/1.669",""," ","I","CHERRY LANE","201400072","03/04/2014","Thu","1623","JA","CS1C","301B ","","R","D","O ","F ","T","S","C","100","1","0","1","","","1806277","5811967",
"Waikato District","1N/557/2.569",""," ","I","BOLLARD ROAD","201410411","25/01/2014","Sat","1155","JA","CS1C","302B ","","R","D","B ","F ","T","G","R","100","0","0","2","","","1806854","5811278",
"Waikato District","1N/557/7.397","1100","N"," ","HAUTAPU ROAD","201411250","28/02/2014","Fri","0710","CC","CN1","501A ","P","R","D","B ","F "," "," ","C","100","0","0","1","","","1810232","5807876",
"Waikato District","1N/557/8.24",""," ","I","DUNCAN ROAD","201432318","02/02/2014","Sun","1630","JA","CN1C","302B ","","R","D","B ","F ","T","G","L","100","0","0","0","","","1810744","5807217",
"Waikato District","1N/557/8.427","70","N"," ","HAUTAPU ROAD","201400036","22/02/2014","Sat","1620","BA","CN1CVC","129A ","V","R","D","BF","F "," ","N","L","100","1","1","1","","","1810851","5807064",
"Waikato District","1N/568/0",""," ","I","RACECOURSE ROAD","201413409","16/06/2014","Mon","1305","HA","CN1V","302B ","","E","W","O ","M ","X","G","L","100","0","0","3","","","1811949","5805351",
"Waikato District","2/0/0.934",""," ","I","AVON ROAD","201410003","05/01/2014","Sun","1439","GD","CE1C","130A 191A 333A 800 901 ","","E","W","O ","H ","T","G","L","100","0","0","2","","","1780165","5878033",
"Waikato District","2/0/4.621","100","W"," ","DOBSON ROAD","201430008","01/01/2014","Wed","0330","BA","CE1T","129A 129B ","","R","D","DN","F "," ","N","L","090","0","0","0","","","1783423","5879320",
"Waikato District","2/0/9.125","100","E"," ","KOHEROA OBR","201400026","10/02/2014","Mon","2228","BE","CE1T","130A ","","R","D","DN","F "," "," ","L","100","1","0","1","","","1787673","5878685",
"Waikato District","2/0/11.409","200","E"," ","HOMESTEAD OBR","201431888","09/02/2014","Sun","1213","CB","4W1","137A ","","R","D","BN","F "," ","N","C","100","0","0","0","","","1789918","5878404",
"Waikato District","23/3/2.491","50","E"," ","HOWDEN ROAD","201411662","21/02/2014","Fri","1140","CB","VE1","129A 352A ","F","R","D","BF","F "," ","N","C","100","0","0","1","","","1793783","5814726",
"Waikato District","23/3/2.841","300","W"," ","HOWDEN ROAD","201434268","19/02/2014","Wed","1445","CB","CE1","130A 350A ","EFS","R","D","B ","F "," "," ","C","100","0","0","0","","","1793433","5814715",
"Waikato District","23/3/6.971",""," ","I","SH 39 HOROTIU","201430183","12/01/2014","Sun","0931","LB","CE1V","303B 382B ","","R","D","OF","F ","T","G","L","080","0","0","0","","","1789575","5814435",
"Waikato District","23/3/9.155","20","W"," ","LOCKERBIE LANE","201433534","15/03/2014","Sat","1315","DB","CE1","131A ","","M","W","ON","H "," ","N","C","100","0","0","0","","","1787803","5813694",
"Waikato District","23/3/10.141",""," ","I","KARAKARIKI ROAD","201412864","30/03/2014","Sun","1435","GE","MW1C","160A 333A 353A ","","R","D","B ","F ","T","G","C","100","0","1","0","","","1786970","5813815",
"Waikato District","23/15/9.448","150","W"," ","COGSWELL ROAD","201411680","05/03/2014","Wed","0711","AB","CW1C","378A ","","R","W","DN","F "," ","N","C","100","0","0","2","","","1779686","5810879",
"Waikato District","23/15/10.198","900","W"," ","COGSWELL ROAD","201413305","03/05/2014","Sat","1110","AB","MW1C4","156A 378A 831 ","","M","D","O ","F "," "," ","C","100","0","1","1","","","1779042","5810920",
"Waikato District","23/15/15.994","1000","S"," ","OHAUTIRA ROAD","201436455","18/02/2014","Tue","1315","CC","CE1","129A 351A ","F","R","D","BN","F "," ","N","C","100","0","0","0","","","1774401","5811226",
"Waikato District","23/32/1.991","300","W"," ","OKETE ROAD E","201412607","02/03/2014","Sun","1715","CB","CW1","102A 112A 817 ","F","R","D","BF","F "," ","N","N","100","0","1","0","","","1771896","5811333",
"Waikato District","23/32/2.191","500","W"," ","OKETE ROAD E","201432895","24/02/2014","Mon","1620","CA","CW1","112A 130A ","","R","D","B ","F "," "," ","L","100","0","0","0","","","1771696","5811324",
"Waikato District","23/32/6.53","1000","E"," ","OKETE ROAD W","201433520","02/03/2014","Sun","0850","DA","CW1","116A 131A 339A 817 ","C","M","D","BN","F "," ","N","N","100","0","0","0","","","1768140","5811625",
"Waikato District","23/32/11.784",""," ","I","MANUKAU ROAD","201434654","30/03/2014","Sun","2000","DB","CS2","133A 420A ","","M","D","DO","F ","T","G","C","050","0","0","0","","","1765446","5814254",
"Waikato District","26/1/1.638","600","S"," ","LISSETTE ROAD","201412832","21/01/2014","Tue","2140","CB","CN1","103A 112A 130A ","C","R","D","DN","F "," "," ","C","100","0","1","0","","","1806616","5815274",
"Waikato District","26/1/2.048","190","S"," ","RUAKURA ROAD","201413277","16/06/2014","Mon","1740","EC","CE1","911 ","W","R","W","TN","F "," ","N","C","080","0","0","1","","","1806926","5815543",
"Waikato District","26/1/4.526","120","W"," ","MARSHMEADOW ROAD","201432891","09/03/2014","Sun","1944","CA","CE1","410A ","F","R","D","TN","F "," "," ","C","100","0","0","0","","","1808991","5816495",
"Waikato District","26/1/4.596","50","W"," ","SH 1B","201430520","21/01/2014","Tue","1707","EC","4W1","903 ","X","R","D","B ","FS"," "," ","C","100","0","0","0","","","1809055","5816466",
"Waikato District","26/1/4.646",""," ","I","SH 1B MARSHMEADOW","201413634","26/05/2014","Mon","0800","CB","CW1","130A 412A ","T","R","W","B ","F ","T","S","L","100","0","0","1","","","1809101","5816448",
"Waikato District","26/7/0",""," ","I","HOEKA ROAD","201412156","24/04/2014","Thu","0635","LB","CW1C","303B ","VV","R","D","O ","F ","T","G","C","100","0","0","2","","","1810192","5816079",
"Waikato District","26/7/0.35","350","N"," ","SH 1B E","201437933","27/05/2014","Tue","1644","BE","VW14","125A 665A ","","R","D","B ","F "," ","N","C","100","0","0","0","","","1810519","5815954",
"Waikato District","26/7/3.051","1500","S"," ","HINTON ROAD","201431045","16/02/2014","Sun","0530","CC","CS1","410A ","","R","D","DN","F "," ","N","C","100","0","0","0","","","1812222","5817500",
"Waikato District","26/7/4.391","160","S"," ","HINTON ROAD","201410306","06/01/2014","Mon","1429","MB","CN1C","372B ","","R","D","BF","F "," ","N","C","100","0","0","2","","","1812665","5818764",
"Waikato District","26/7/8.256",""," ","I","TAUWHARE ROAD","201433531","03/03/2014","Mon","0641","DA","VS1","136A 665A ","","M","W","ON","L ","T","G","C","100","0","0","0","","","1815338","5821511",
"Waikato District","26/7/8.356","100","N"," ","TAUWHARE ROAD","201410469","29/01/2014","Wed","0915","CB","CN1","130A 358A ","F","R","D","B ","F "," "," ","L","100","0","0","1","","","1815347","5821610",
"Waikato District","39/0/1.303","1200","N"," ","SAULBREY ROAD","201434332","06/03/2014","Thu","1757","CB","CS1","131A ","F","R","D","B ","F "," "," ","C","100","0","0","0","","","1789905","5827231",
"Waikato District","39/0/2.603","100","S"," ","SAULBREY ROAD","201400051","09/03/2014","Sun","1450","BF","MN14","111A 131A 403A ","","M","D","BN","F "," ","N","L","100","1","0","0","","","1789794","5826075",
"Waikato District","39/18/1.574","900","W"," ","HIGGINSON ROAD","201411599","08/02/2014","Sat","0910","BB","CN1C","111A 131A ","","E","W","ON","L "," ","N","C","100","0","0","2","","","1790055","5812987",
"Waikato District","39/18/2.274","200","N"," ","HIGGINSON ROAD","201410242","20/01/2014","Mon","1030","DB","CS1","111A 131A ","F","E","W","O ","L "," ","N","C","100","0","0","1","","","1789994","5812301",
"Waimakariri District","ALBERT ST",""," ","I","HIGH ST","201432657","08/02/2014","Sat","1245","LB","CE14","303B 375B ","","E","D","B ","F ","T","G","C","050","0","0","0","","","1567347","5205443",
"Waimakariri District","ASHLEY GORGE ROAD",""," ","A","GLENTUI RIV BR","201400047","06/03/2014","Thu","2107","DA","ME1","101A 108A 111A 131A ","G","M"," "," N","  "," "," ","C","100","1","0","0","","","1542328","5213931",
"Waimakariri District","ASHLEY GORGE ROAD","1400","W"," ","KIMBERS ROAD","201437739","02/06/2014","Mon","1410","DB","CW1","135A 337A 802 ","V","E","I","B ","F "," "," ","C","100","0","0","0","","","1538021","5213613",
"Waimakariri District","ASHLEY ST","100","S"," ","BLACKETT ST","201435838","18/03/2014","Tue","0934","DA","4S1CCV","129A 131A 926 ","K","R","D","OF","F ","D","N","P","050","0","0","0","","","1567231","5205525",
"Waimakariri District","ASHLEY ST","50","N"," ","HIGH ST","201430240","23/01/2014","Thu","1629","MC","4N1C","372B ","","R","D","O ","F "," "," ","P","050","0","0","0","","","1567240","5205476",
"Waimakariri District","BLACKETT ST","40","W"," ","ASHLEY ST","201434840","02/04/2014","Wed","1515","GA","VW1C","331A 358A 925 ","","R","D","BF","F ","D","N","C","050","0","0","0","","","1567161","5205630",
"Waimakariri District","BOWIE DRIVE",""," ","I","WELSFORD ST","201432598","08/03/2014","Sat","1130","DC","CS1","123A 357A ","FT","E","D","B ","F ","T","G","C","050","0","0","0","","","1572613","5203708",
"Waimakariri District","BOYS ROAD",""," ","I","NORTHBROOK ROAD","201411687","17/03/2014","Mon","1032","LB","VN1C","303B 375B ","","E","D","BF","F ","T","G","C","100","0","0","2","","","1569636","5204412",
"Waimakariri District","CARRS ROAD",""," ","I","WALLERS ROAD","201431389","02/03/2014","Sun","1430","DA","CE2","131A 433A ","V","E","D","BF","F ","T","N","C","100","0","0","0","","","1564685","5210786",
"Waimakariri District","CUST ROAD","650","W"," ","TALLOTTS ROAD","201410777","27/02/2014","Thu","1432","DA","MW1","130A 501A ","","E","D","B ","F "," ","N","C","100","0","1","0","","","1551310","5204912",
"Waimakariri District","DEPOT ROAD","1000","S"," ","BROWNS ROCK ROAD","201413152","08/05/2014","Thu","0651","CB","CS1","112A 130A 337A 817 904 ","T","R","D","DN","M "," "," ","N","100","0","0","1","","","1529117","5202810",
"Waimakariri District","DIXONS ROAD","50","E"," ","BARKERS ROAD","201412623","22/02/2014","Sat","0830","JA","ME14","308B 375B 926 ","","R","D","BN","F ","D","N","C","100","0","1","0","","","1563306","5209402",
"Waimakariri District","EAST BELT",""," ","I","COLDSTREAM ROAD","201412990","11/05/2014","Sun","1230","HA","CN14","321A 402A ","","R","D","B ","F ","T","S","C","050","0","0","2","","","1567368","5206749",
"Waimakariri District","EAST BELT",""," ","I","KIPPENBERGER AVENUE","201431970","12/02/2014","Wed","1245","FB","CN1C","331A 387A ","","R","D","BF","F ","T","S","N","050","0","0","0","","","1567597","5205489",
"Waimakariri District","FORESTRY ROAD","300","W"," ","BARRON AVENUE","201411883","23/03/2014","Sun","1514","CB","CE1","132A ","V","R","D","BN","F "," ","N","N","100","0","0","2","","","1566484","5212014",
"Waimakariri District","FORESTRY ROAD","240","E"," ","GORRIES ROAD","201436310","06/04/2014","Sun","1020","MC","CE1C","372B ","","R","D","ON","F "," ","N","N","100","0","0","0","","","1567020","5211951",
"Waimakariri District","GOOD ST","60","N"," ","BLACKETT ST","201431471","24/02/2014","Mon","1306","CA","CN1CC","130A 403A ","M","R","D","BF","F "," ","N","N","050","0","0","0","","","1567067","5205675",
"Waimakariri District","HAREWOOD ROAD","200","S"," ","SOUTH EYRE ROAD","201412040","20/03/2014","Thu","1405","CB","CS1","129A 138A ","","R","D","O ","F "," ","N"," ","100","0","0","1","","","1542306","5199012",
"Waimakariri District","HIGH ST","100","E"," ","KING ST","201430123","29/01/2014","Wed","1000","EE","CW1C","374B ","M","R","D","B ","F "," "," ","N","050","0","0","0","","","1566890","5205361",
"Waimakariri District","HIGH ST","80","S"," ","QUEEN ST","201432591","13/02/2014","Thu","1320","MD","VS1V","371B 377B 839 927 ","","R","D","B ","F "," ","N","C","050","0","0","0","","","1534786","5206848",
"Waimakariri District","HIGH ST",""," ","I","WEST BELT","201411850","06/03/2014","Thu","1040","HA","CN1C","301A 375A ","","R","D","BF","F ","X","S","C","050","0","0","1","","","1565900","5205180",
"Waimakariri District","IVORY ST","15","S"," ","HIGH ST","201433829","27/02/2014","Thu","1710","BB","VS1C","129A ","","M","D","B ","F "," "," ","R","050","0","0","0","","","1567292","5205419",
"Waimakariri District","IVORY ST",""," ","I","NORTHBROOK ROAD","201410218","20/01/2014","Mon","1520","LB","TS1C","303B 382B ","","E","D","O ","F ","T","G","C","050","0","0","1","","","1567441","5204621",
"Waimakariri District","KING ST",""," ","I","BLACKETT ST","201412934","13/05/2014","Tue","1530","HA","CN1S","302A ","","M","W","O ","L ","R","G","R","050","0","0","1","","16","1566749","5205576",
"Waimakariri District","KING ST",""," ","I","JOHNS ROAD","201436183","17/04/2014","Thu","0834","HA","TW2C","302A 402B 801 ","","M","W","O ","L ","R","G","R","050","0","0","0","","","1566878","5204522",
"Waimakariri District","KINGSBURY AVENUE","100","E"," ","KING ST","201432148","08/02/2014","Sat","2200","EA","CW14","129A 352A ","M","R","D","DO","F "," ","N","N","050","0","0","0","","","1566734","5206260",
"Waimakariri District","KIPPENBERGER AVENUE",""," ","I","DEVLIN AVENUE","201412591","01/01/2014","Wed","2300","DC","CN2","103A 112A 335A ","F","R","D","DO","F ","T","G","C","050","0","0","1","","","1568579","5205669",
"Waimakariri District","KIPPENBERGER AVENUE","10","W"," ","WATKINS PLACE","201410170","15/01/2014","Wed","0950","CB","CE1","501A ","T","R","D","B ","F ","T","N","C","050","0","0","1","","","1567962","5205556",
"Waimakariri District","LIBBY DRIVE",""," ","I","WARDS ROAD","201433513","05/02/2014","Wed","1800","JA","CN1T","301B 375B ","","R","W","OF","L ","T","S","C","100","0","0","0","","","1561897","5197476",
"Waimakariri District","LINESIDE ROAD","100","N"," ","RAILWAY ROAD","201437703","13/05/2014","Tue","1610","MA","CS14","350B 373B ","","R","W","OF","L "," "," ","C","050","0","0","0","","","1567589","5202801",
"Waimakariri District","LOBURN WHITEROCK ROAD","50","S"," ","BARWELLS ROAD","201412444","13/04/2014","Sun","0800","CC","CS1","116A 135A 804 ","P","R","D","B ","F "," "," ","N","100","0","0","1","","","1561897","5212516",
"Waimakariri District","MAIN NORTH ROAD",""," ","I","TRAM ROAD","201413151","08/05/2014","Thu","0640","LB","CN1C4","303B 370B ","","R","W","DO","F ","T","S","R","080","0","0","1","","","1571478","5193868",
"Waimakariri District","MAIN ST",""," ","I","BURNETT ST","201412693","05/04/2014","Sat","0200","DC","MS2","101A 113A 132A ","HX","R","D","DO","F ","T","G","C","050","0","0","1","","","1534659","5205812",
"Waimakariri District","MARSHMANS ROAD","250","S"," ","BRUERES ROAD","201412420","28/02/2014","Fri","2330","DA","CN1","101A 111A 131A ","C","E","D","DN","F "," "," ","C","100","0","1","0","","","1571044","5214265",
"Waimakariri District","MILL ROAD","150","N"," ","CUST ROAD","201410610","08/02/2014","Sat","1700","CB","CS1","112A 132A ","FS","R","D","B ","F "," ","N","C","100","0","0","2","","","1549187","5204493",
"Waimakariri District","NORTHBROOK ROAD",""," ","I","VICTORIA ST","201436008","15/04/2014","Tue","1523","JA","CN1C","301B 387B ","","M","D","OF","F ","T","S","C","050","0","0","0","","","1567317","5204598",
"Waimakariri District","OHOKA OFF RAMP SBD","25","W"," ","OHOKA ROAD","201411932","01/01/2014","Wed","0320","DB","CS1","104A 111A 131A ","G","S","D","DO","F "," ","N","R","050","0","0","2","","","1570997","5196310",
"Waimakariri District","OHOKA ROAD","10","E"," ","WHITEFIELD ST","201437802","29/05/2014","Thu","1820","MB","CE14","372B ","","R","D","DO","F ","T","N","C","050","0","0","0","","","1571070","5196275",