"TLA NAME","CRASH ROAD","CRASH DIST","CRASH DIRN","INTSN","SIDE ROAD","CRASH ID","CRASH DATE","CRASH DOW","CRASH TIME","MVMT","VEHICLES","CAUSES","OBJECTS STRUCK","ROAD CURVE","ROAD WET","LIGHT","WTHRa","JUNC TYPE","TRAF CTRL","ROAD MARK","SPD LIM","CRASH FATAL CNT","CRASH SEV CNT","CRASH MIN CNT","PERS AGE1","PERS AGE2","EASTING","NORTHING"
"Waimakariri District","OHOKA ROAD",""," ","I","WILLIAMS ST","201413247","28/05/2014","Wed","1710","NB","VW1OE","711C ","","R","D","TF","F ","X","G","C","050","0","0","1","","","1572013","5195961",
"Waimakariri District","OHOKA ROAD OVERPASS",""," ","I","OHOKA OFF RAMP NBD","201410423","25/01/2014","Sat","1520","LB","CW1C","303B ","","R","D","B ","F ","T","G","R","070","0","0","1","","","1570883","5196241",
"Waimakariri District","OHOKA ROAD OVERPASS",""," ","I","OHOKA OFF RAMP NBD","201410930","07/02/2014","Fri","0715","JA","VW1V","302B 375B ","","R","D","OF","F ","T","G","R","070","0","0","2","","","1570883","5196241",
"Waimakariri District","OXFORD ROAD","2130","E"," ","BOUNDARY ROAD","201434861","30/03/2014","Sun","1214","CB","CW1","136A 631A ","FV","R","D","BN","F "," ","N","C","100","0","0","0","","","1557751","5204347",
"Waimakariri District","OXFORD ROAD",""," ","I","BOUNDARY ROAD","201410932","18/02/2014","Tue","1712","GD","CE1V","331A 353A 692A ","","R","D","BF","F ","T","G","C","100","0","0","1","","","1555639","5204487",
"Waimakariri District","PEGASUS BOULEVARD","10","W"," ","KESSEN ST","201432149","04/02/2014","Tue","1820","CB","CE1","130A 415A ","RT","R","D","B ","F ","X","G","C","050","0","0","0","","","1574864","5204006",
"Waimakariri District","PERCIVAL ST",""," ","I","JOHNS ROAD","201434998","03/04/2014","Thu","1455","HA","4S2C","302B 351B ","","R","D","ON","F ","X","G","C","050","0","0","0","","","1567247","5204435",
"Waimakariri District","PLASKETT ROAD",""," ","I","JOHNS ROAD","201435697","17/04/2014","Thu","1753","JC","VW2C","321A 350A 901 903 ","","R","W","DO","HS","X","S","C","080","0","0","0","","","1563975","5203985",
"Waimakariri District","RANGIORA WOODEND ROAD","50","N"," ","OKAIHAU ROAD","201434077","17/04/2014","Thu","2350","DB","CN1","103A 110A ","T","M","W","DN","H "," ","N","C","100","0","0","0","","","1571540","5204336",
"Waimakariri District","RANGIORA WOODEND ROAD",""," ","I","OKAIHAU ROAD","201431152","26/01/2014","Sun","0615","DA","CS1","103A 110A ","T","E","W","DN","F ","T","N","C","100","0","0","0","","","1571577","5204303",
"Waimakariri District","RANGIORA WOODEND ROAD",""," ","I","TUAHIWI ROAD","201430357","09/01/2014","Thu","1715","GD","CE1C","331A 358A ","","R","D","B ","F ","M","S","L","100","0","0","0","","","1570387","5204946",
"Waimakariri District","SKEWBRIDGE ROAD","60","N"," ","MAIN DRAIN ROAD","201432206","21/01/2014","Tue","1035","DA","CS1","131A 801 ","G","E","W","O ","L "," "," ","C","100","0","0","0","","","1569961","5197900",
"Waimakariri District","SMITH ST","15","E"," ","CAM ON RAMP SBD E","201437740","03/06/2014","Tue","0848","MC","4E1C","355B 372B ","","R","D","B ","F "," "," ","R","080","0","0","0","","","1571500","5197481",
"Waimakariri District","SMITH ST",""," ","I","CHARLES ST","201412716","17/04/2014","Thu","1250","HA","4N2T","301A 375A ","","R","W","OF","H ","X","S","C","050","0","0","3","","","1572163","5197160",
"Waimakariri District","SOUTH BELT",""," ","I","KING ST","201434858","24/03/2014","Mon","0655","LB","4E14","303B 375B ","","R","D","BF","F ","T","N","C","050","0","0","0","","","1567071","5203740",
"Waimakariri District","SOUTH EYRE ROAD",""," ","I","DOMAIN ROAD","201436009","15/04/2014","Tue","1145","HA","CE14","302B 353B 375B ","","R","D","BN","F ","X","G","C","100","0","0","0","","","1533622","5202053",
"Waimakariri District","SOUTH EYRE ROAD",""," ","I","DOWNS ROAD","201433953","28/03/2014","Fri","0800","GE","VE1T","157A 144B ","","R","D","B ","F ","X","G","C","100","0","0","0","","","1548902","5196847",
"Waimakariri District","SOUTH EYRE ROAD","1690","W"," ","ISAAC ROAD","201414102","05/06/2014","Thu","0650","CB","CE1","135A 802 ","T","R","I","DN","FF"," ","N","C","100","0","0","1","","","1550519","5196295",
"Waimakariri District","SOUTH EYRE ROAD","800","W"," ","MABERS ROAD","201400096","30/04/2014","Wed","0800","CC","CE1","130A 811 ","T","R","D","B ","F "," "," ","C","100","1","0","0","","","1567609","5193404",
"Waimakariri District","SOUTH EYRE ROAD","880","E"," ","PESTERS ROAD","201437743","04/06/2014","Wed","2115","CC","TW1","135A 802 ","T","R","I","DN","MF"," "," ","C","100","0","0","0","","","1546538","5197653",
"Waimakariri District","SUMMERHILL ROAD","110","N"," ","CONWAYS ROAD","201412766","19/04/2014","Sat","1640","DA","MS1","135A 804 ","","M","D","ON","F "," ","N","C","100","0","1","0","","","1548227","5207374",
"Waimakariri District","TAUNTON PLACE","10","S"," ","LUDLOW LANE","201435702","31/03/2014","Mon","1200","EA","VS1C","129A 355A ","M","M","D","B ","F ","T","G","N","050","0","0","0","","","1565520","5206225",
"Waimakariri District","TRAFALGAR ST",""," ","A","RIVERVIEW ST","201437467","01/06/2014","Sun","1000","EA","CE2C","130A 363A 402A 902 ","M","M","D","B ","F "," "," ","N","050","0","0","0","","","1566736","5206983",
"Waimakariri District","TRAM ROAD","300","W"," ","BURGESSES ROAD","201410492","19/02/2014","Wed","0710","FO","CE1S","129A 150A 370A ","","R","D","B ","F "," "," ","C","100","0","0","1","","44","1567763","5195094",
"Waimakariri District","TRAM ROAD","20","W"," ","GILES ROAD","201434780","17/04/2014","Thu","1735","DA","CE1","101A 108A 111A 135A 801 ","F","M","W","DO","H "," ","N","C","100","0","0","0","","","1568808","5194373",
"Waimakariri District","TRAM ROAD","200","W"," ","GILES ROAD","201431394","28/02/2014","Fri","2045","CC","CW1","103A ","F","R","W","DO","L "," ","N","C","100","0","0","0","","","1568665","5194483",
"Waimakariri District","TRAM ROAD","40","W"," ","JACKSONS ROAD","201412044","20/03/2014","Thu","0925","CB","CE1","129A 134A ","T","R","D","B ","F "," ","N","C","100","0","0","1","","","1565504","5195814",
"Waimakariri District","TRAM ROAD","300","W"," ","JACKSONS ROAD","201433812","04/04/2014","Fri","0845","CC","CE1","410A ","SX","R","D","O ","F "," "," ","C","100","0","0","0","","","1565259","5195901",
"Waimakariri District","TRAM ROAD","150","W"," ","SOUTH EYRE ROAD","201433464","25/02/2014","Tue","1100","CC","CW1","116A 130A 817 ","F","R","D","ON","F "," ","N","N","100","0","0","0","","","1568704","5194452",
"Waimakariri District","TRAM ROAD",""," ","I","TRAM ON RAMP SBD","201436468","11/05/2014","Sun","1720","LB","CW1C","303B 387B ","","R","D","OF","F ","T","N","L","050","0","0","0","","","1571283","5193826",
"Waimakariri District","TUAHIWI ROAD","60","N"," ","CHURCH BUSH ROAD","201414110","18/04/2014","Fri","1130","DB","VN1","103A 111A 131A ","T","M","W","ON","L "," ","N","C","100","0","0","1","","","1571733","5200465",
"Waimakariri District","TULLS ROAD","1500","W"," ","SH 1S","201436963","08/05/2014","Thu","2200","DB","CE1","111A 131A ","P","M","D","DN","F "," "," ","C","100","0","0","0","","","1573208","5207901",
"Waimakariri District","UPPER SEFTON ROAD","15","E"," ","PEMBERTONS ROAD","201432784","27/02/2014","Thu","1900","EA","CE1C","129A 353A ","M","R","D","TF","F "," "," ","C","100","0","0","0","","","1573109","5211526",
"Waimakariri District","VICTORIA ST",""," ","I","PERCIVAL ST","201438045","05/06/2014","Thu","1805","JA","CN1C","302B ","","E","D","DO","F ","T","G","C","050","0","0","0","","","1567237","5204487",
"Waimakariri District","WEST BELT",""," ","I","HIGH ST","201414107","04/06/2014","Wed","1530","HA","CW2C","321B 335B 355B ","","R","D","BF","F ","X","S","C","050","0","0","1","","","1565900","5205180",
"Waimakariri District","WHITE ST",""," ","I","RATA ST","201434634","21/03/2014","Fri","2057","DA","CE2","103A 133A ","F","R","D","DO","F ","T","G","C","050","0","0","0","","","1566444","5205084",
"Waimakariri District","WILLIAMS ST",""," ","I","BEACH ROAD","201432768","09/03/2014","Sun","1330","HA","4N14","321B 801 ","","R","W","O ","L ","X","S","R","050","0","0","0","","","1572644","5197069",
"Waimakariri District","WILLIAMS ST","150","E"," ","CASS ST","201437530","06/06/2014","Fri","1348","DA","CW1T","103A 131A ","M","M","D","O ","F "," "," ","P","050","0","0","0","","","1572622","5196965",
"Waimakariri District","WILLIAMS ST","20","N"," ","CASS ST","201432656","28/02/2014","Fri","2145","EA","CS14","112A 386A ","M","R","W","DO","L "," ","N","C","050","0","0","0","","","1572540","5196872",
"Waimakariri District","WOODSTOCK ROAD",""," ","I","HARMANS GORGE ROAD","201413620","20/04/2014","Sun","1400","HA","CW1C","302B 370B ","","R","D","O ","F ","X","G","C","100","0","0","1","","","1523690","5205205",
"Waimakariri District","1S/284/19.189",""," ","I","HARLESTON ROAD","201410270","18/02/2014","Tue","1730","AA","4S1C","381A 402A ","","R","D","B ","F ","T","N","L","100","0","0","2","","","1577851","5213910",
"Waimakariri District","1S/311/2.731","200","N"," ","PREECES ROAD","201413153","29/04/2014","Tue","1314","DB","CN1","131A 501A 904 ","FV","E","W","O ","M "," "," ","C","100","0","0","1","","","1574336","5205779",
"Waimakariri District","1S/311/3.081","150","S"," ","PREECES ROAD","201430852","04/01/2014","Sat","0840","CB","4S1","134A 410A ","T","R","D","BF","F "," ","N","C","100","0","0","0","","","1574227","5205455",
"Waimakariri District","1S/311/4.872",""," ","I","CHINNERYS ROAD","201430241","21/01/2014","Tue","1501","GD","VS1C","181A 331A ","","R","D","O ","F ","T","G","C","050","0","0","0","","","1573153","5204043",
"Waimakariri District","1S/311/5.131",""," ","I","HEWITTS ROAD","201412524","19/04/2014","Sat","1300","JA","CN1C","302B 386B ","","R","D","B ","F ","T","G","C","050","0","0","1","","","1573033","5203814",
"Waimakariri District","1S/311/5.427",""," ","I","WOODEND ROAD","201433463","10/02/2014","Mon","1920","JA","TN1C","302B 375B ","","E","D","BF","F ","Y","G","R","050","0","0","0","","","1572897","5203550",
"Waimakariri District","1S/311/5.472","600","S"," ","CHINNERYS ROAD","201432595","15/03/2014","Sat","2230","CB","4N1","103A 129A ","P","R","W","DO","F "," ","N","C","050","0","0","0","","","1572886","5203507",
"Waimakariri District","1S/317/0.1","100","S"," ","WOODEND BEACH ROAD","201437741","02/06/2014","Mon","1225","MB","CN1C","330B 372B 402B ","","R","D","B ","F "," "," "," ","100","0","0","0","","","1572935","5202513",
"Waimakariri District","1S/317/1.27","100","S"," ","SANDHILL ROAD","201436467","06/05/2014","Tue","1731","BA","CN14","129A 410A ","","R","D","BN","F "," ","N","C","100","0","0","0","","","1572972","5201347",
"Waimakariri District","1S/317/2.233",""," ","I","PA ROAD","201430121","20/01/2014","Mon","","GD","VS1V","331A 352A 404A ","","R","D","BF","F ","T","G","C","100","0","0","0","","","1572788","5200402",
"Waimakariri District","1S/317/2.689",""," ","I","WILLIAMS ST","201411684","19/02/2014","Wed","1306","JA","CS1C","301B 375B ","","E","D","OF","F ","T","S","R","100","0","0","2","","","1572671","5199961",
"Waimakariri District","1S/317/2.689",""," ","I","WILLIAMS ST","201412006","07/04/2014","Mon","1140","BC","VS14","122A 410A ","","E","D","B ","F ","T","S","P","100","0","0","2","","","1572671","5199961",
"Waimakariri District","1S/317/5.803","20","S"," ","CAM ON RAMP SBD","201434826","01/04/2014","Tue","0640","FD","TS144","181A ","","R","D","DO","F "," ","N","R","100","0","0","0","","","1571288","5197240",
"Waimakariri District","1S/317/7.378","500","S"," ","OHOKA OBR","201433471","04/03/2014","Tue","1706","EC","4N1","821 ","X","E","W","OF","HS"," ","N","C","100","0","0","0","","","1570826","5195741",
"Waimakariri District","1S/317/8.694","650","N"," ","TRAM OBR","201412428","29/03/2014","Sat","0045","FA","CS1T","103A 112A 330A ","","R","D","DN","F "," "," ","C","100","0","1","0","","","1571076","5194451",
"Waimakariri District","1S/317/8.744","600","N"," ","TRAM OBR","201434850","11/03/2014","Tue","0700","FD","TS1V","181A ","","R","W","OF","L "," ","N","C","100","0","0","0","","","1571087","5194402",
"Waimakariri District","1S/317/9.682",""," ","I","TRAM OFF RAMP NBD","201431090","16/02/2014","Sun","1815","LB","CN1C","303B 404B ","","R","D","O ","F ","T","G","L","080","0","0","0","","","1571287","5193486",
"Waimate District","BELLS ROAD","400","S"," ","ONEILLS ROAD","201430363","11/01/2014","Sat","","CC","CE1","112A 138A ","F","R","D","DN","F "," ","N","N","100","0","0","0","","","1447690","5053726",
"Waimate District","CROWES ROAD","450","S"," ","MORVEN GLENAVY ROAD","201410787","01/03/2014","Sat","1420","GE","MN1C","157A 144B 929 ","","E","D","B ","F ","D","N","N","100","0","0","1","","","1450428","5033623",
"Waimate District","GLENAVY TAWAI ROAD","10","W"," ","FERRY ROAD","201434829","29/03/2014","Sat","0900","DA","CW1","111A 131A ","F","E","D","ON","F ","T","N","C","100","0","0","0","","","1444843","5026355",
"Waimate District","HANNIFINS ROAD","270","E"," ","REGENT ST","201431197","01/02/2014","Sat","","CB","4S1","112A 129A ","","R","D","B ","F "," ","N","N","050","0","0","0","","","1446030","5045912",
"Waimate District","HILLBORO ROAD","210","N"," ","SPRINGBANK ROAD","201433946","02/03/2014","Sun","1806","DB","4N1","131A 406A ","","M","D","O ","F "," ","N","N","100","0","0","0","","","1449328","5064394",
"Waimate District","MANSE ST",""," ","I","RHODES ST","201433945","11/03/2014","Tue","0850","JA","CW1C","302B 377B 839 ","","R","W","O ","F ","X","G","C","050","0","0","0","","","1444949","5045056",
"Waimate District","MARY ST","80","N"," ","OPIE ST","201431189","14/02/2014","Fri","0200","EA","CW1C","103A 112A ","M","R","W","DO","L "," ","N","C","050","0","0","0","","","1444535","5045111",
"Waimate District","MILL ROAD","5","E"," ","NAYLOR ST","201431192","13/02/2014","Thu","2200","MO","CE1","103A 371A 386A ","F","R","W","DO","L ","T","N","C","050","0","0","0","","","1444768","5044528",
"Waimate District","PENTLAND HILLS ROAD","100","N"," ","MEYERS PASS ROAD","201411782","02/04/2014","Wed","1100","CB","CS1","410A ","E","R","D","B ","F "," "," ","N","100","0","1","0","","","1426080","5048485",
"Waimate District","POINT BUSH ROAD","450","S"," ","GARLANDS ROAD","201433949","21/03/2014","Fri","2017","CC","CE1","112A 402A ","CF","R","D","DN","F "," ","N","N","070","0","0","0","","","1443514","5044302",
"Waimate District","SMITH ST",""," ","I","MILL ROAD","201431722","15/01/2014","Wed","2357","DA","CE2","111A 131A ","F","E","D","DO","F ","T","S","C","050","0","0","0","","","1444513","5044612",
"Waimate District","TAWAI IKAWAI ROAD",""," ","I","IKAWAI MIDDLE ROAD","201432786","21/01/2014","Tue","1550","DB","CS2","111A 131A 407A 632A ","S","E","D","O ","F ","T","G","C","100","0","0","0","","","1443061","5027011",
"Waimate District","WAIHAO BACK ROAD","80","W"," ","SETTLEMENT ROAD","201412762","18/04/2014","Fri","0400","EC","CE1","341A ","Z","R","W","DN","H "," ","N","N","070","0","0","1","","","1445061","5043686",
"Waimate District","1S/520/1.678","200","N"," ","GALLETLYS ROAD","201433952","12/03/2014","Wed","1453","QG","CS1","665A 688A ","","R","D","B ","F "," ","N","C","090","0","0","0","","","1456970","5070155",
"Waimate District","1S/520/3.194","200","S"," ","LYALL ROAD","201432605","04/03/2014","Tue","1204","CB","CS1","129A 358A ","V","R","D","O ","F "," ","N","C","100","0","0","0","","","1456708","5068680",
"Waimate District","1S/532/1.458","750","S"," ","GRANGE ROAD","201434996","06/04/2014","Sun","0045","CC","4N1","410A ","FV","R","W","DN","F "," ","N","C","100","0","0","0","","","1452893","5058896",
"Waimate District","1S/532/3.678","1000","S"," ","SHEAS ROAD","201436919","11/05/2014","Sun","0300","CB","CN1","410A ","V","R","D","DN","F "," "," ","C","100","0","0","0","","","1452596","5056696",
"Waimate District","1S/532/11.736","150","N"," ","SH 82","201433947","22/03/2014","Sat","0227","DA","CS1","110A 131A ","P","M","D","DN","F "," ","N","C","100","0","0","0","","","1451848","5048847",
"Waimate District","1S/544/1.812","4500","S"," ","MERRYS STM BR","201436311","03/01/2014","Fri","1045","DB","CN1","131A 613A 927 ","X","R","D","BN","F ","D","N","C","100","0","0","0","","","1451675","5046940",
"Waimate District","1S/560/1.558","800","S"," ","MCLEAYS ROAD","201410086","10/02/2014","Mon","0616","AC","CN1","130A 153A 159A ","FP","R","D","TN","F "," "," ","C","100","0","1","0","","","1448300","5031791",
"Waimate District","82/0/0",""," ","I","SH 1S","201434841","07/01/2014","Tue","1140","FB","CE1C","331A 353A ","","R","D","ON","F ","T","G","C","100","0","0","0","","","1451804","5048704",
"Waimate District","82/0/4.085","400","E"," ","CHAMPIONS ROAD","201412576","12/04/2014","Sat","0200","DA","VE1","103A 111A 131A 692A ","FP","M","D","DN","F "," "," ","C","100","0","1","0","","","1448529","5046563",
"Waimate District","82/0/7.501","50","W"," ","LEONARD ST","201433950","04/02/2014","Tue","1245","MD","CE1C","371B 929 ","","R","D","B ","F ","D","N","C","050","0","0","0","","","1445522","5044985",
"Waimate District","MILL ROAD",""," ","I","82/0/8.283","201434997","01/04/2014","Tue","0900","FB","CE1V","181A ","","R","D","BF","F ","M","S","C","050","0","0","0","","","1445020","5044386",
"Waimate District","82/17/3.357","50","W"," ","MOUNT HARRIS ROAD","201434061","24/03/2014","Mon","0842","DA","4E1","129A 134A ","","E","D","B ","F "," ","N","C","100","0","0","0","","","1436434","5038302",
"Waimate District","82/32/2.788","30","W"," ","WAIHUNA ROAD","201411543","20/02/2014","Thu","1544","CB","VE1","129A 351A ","F","R","D","BN","F ","T","N","C","100","0","4","2","","","1430448","5029519",
"Waimate District","82/53/0.005",""," ","A","PENTICOTICO STM BR","201410039","05/02/2014","Wed","1616","DA","4N1","131A 412A ","BG","E","D","B ","F "," "," ","C","100","0","0","1","","","1413151","5034778",
"Waipa District","ALEANDRA ST","100","W"," ","MARKET ST","201438609","18/06/2014","Wed","0900","EA","CE1C","129A ","M","R","W","O ","L "," "," ","R","050","0","0","0","","","","",
"Waipa District","ALEXANDRA ST","10","W"," ","CHURCHILL ST","201435036","08/04/2014","Tue","1746","FB","CE1C","181A ","","R","D","TF","F ","T","N","C","050","0","0","0","","","1803927","5790618",
"Waipa District","ALEXANDRA ST",""," ","I","COLLEGE ST","201436015","12/04/2014","Sat","2344","JA","VW1C","321B 375B ","","E","D","DO","F ","T","S","C","050","0","0","0","","","","",
"Waipa District","ALEXANDRA ST",""," ","I","NORTH ST","201438604","05/06/2014","Thu","1310","KA","CE1C","302B ","","R","D","O ","F ","T","G","C","050","0","0","0","","","1803159","5790953",
"Waipa District","ALEXANDRA ST",""," ","I","PATERANGI ROAD","201410471","08/01/2014","Wed","2156","DB","CW1","103A 111A 131A 514A ","F","R","D","DO","F ","X","S","C","050","0","0","1","","","1802488","5791280",
"Waipa District","ALEXANDRA ST","40","W"," ","SLOANE ST","201437795","24/05/2014","Sat","2350","DB","CN2","103A 131A 901 ","F","R","W","DO","H "," "," ","R","050","0","0","0","","","","",
"Waipa District","ALEXANDRA ST",""," ","I","STATION ROAD","201435037","27/03/2014","Thu","1900","FB","4N1C","181A 357A ","","R","D","TO","F ","T","S","N","050","0","0","0","","","1802883","5791088",
"Waipa District","ARAPUNI ROAD","50","W"," ","HIGHAM ROAD","201437789","28/05/2014","Wed","1654","BF","CS1C","111A 131A 402A 632A ","","M","D","B ","F "," "," ","C","100","0","0","0","","","1810250","5785686",
"Waipa District","ARAPUNI ROAD","500","E"," ","KIMBERLEY ROAD","201432908","09/03/2014","Sun","0800","DB","TW1","129A 131A 407A ","C","M","D","B ","F "," "," ","C","100","0","0","0","","","1807875","5786450",
"Waipa District","ARAWATA ST","20","E"," ","GEORGE ST","201413750","12/06/2014","Thu","1030","MB","VW1C","372B ","C","R","D","OF","L "," ","N","C","050","0","0","1","","","1804299","5790600",
"Waipa District","ARIKI ST",""," ","A","RIVERSIDE LANE","201412841","04/05/2014","Sun","0408","DA","CN1","103A 111A 131A 402A 904 ","CFP","E","D","DO","M ","T","N","C","050","0","0","2","","","1823149","5800126",
"Waipa District","ASPIN ROAD","2800","N"," ","FENCOURT ROAD","201432910","25/01/2014","Sat","0100","DB","4S1","111A 131A ","V","M","D","DN","F "," "," ","C","100","0","0","0","","","1820543","5808033",
"Waipa District","BALLANCE ST","100","W"," ","WALMSLEY ST","201434249","04/02/2014","Tue","2243","QD","CE1","350A 428A 929 ","H","R","D","DO","F ","D"," ","N","050","0","0","0","","","1805528","5787164",
"Waipa District","BROWNING ST","20","W"," ","BURNS ST","201411725","20/03/2014","Thu","1418","QA","TE1E","350A 386A ","","R","D","B ","F "," "," ","C","050","0","1","0","48","","1817221","5801371",
"Waipa District","CAMBRIDGE ROAD","200","E"," ","GLENEAGLES DRIVE","201410731","22/03/2014","Sat","1558","AO","CW1M","150A 381A 150B 381B ","","R","D","B ","F "," ","N","C","070","0","0","1","","","1805935","5790862",
"Waipa District","CAMBRIDGE ROAD",""," ","I","GOLF ROAD","201437787","26/05/2014","Mon","1811","JA","CW14C","302B 353B 370B ","","R","D","DO","F ","T","G","P","100","0","0","0","","","1807052","5789866",
"Waipa District","CAMBRIDGE ROAD","900","S"," ","MCLARNON ROAD","201432907","28/02/2014","Fri","1610","DA","CN1","103A 131A 359A ","FS","M","D","BN","F "," ","N","C","100","0","0","0","","","1813519","5798226",
"Waipa District","CAMBRIDGE ROAD",""," ","I","PUAHUE ROAD","201436017","27/03/2014","Thu","2037","DA","CW1","131A 433A ","FS","M","D","DN","F ","T","G","L","100","0","0","0","","","","",
"Waipa District","CAMBRIDGE ROAD",""," ","I","STOREY ROAD","201434246","13/02/2014","Thu","1300","GE","CS1T","151A 160A 333A ","F","R","D","O ","F ","T","G","C","100","0","0","0","","","1810889","5792446",
"Waipa District","CAMBRIDGE ROAD",""," ","I","TE RAHU ROAD","201435249","16/04/2014","Wed","1540","JA","CE1C","302B ","","R","D","O ","F ","T","G","C","050","0","0","0","","","1804647","5790812",
"Waipa District","CAMBRIDGE ROAD","200","E"," ","THORNCOMBE ROAD","201435248","17/04/2014","Thu","1605","DA","CE1","103A 111A 131A ","F","M","W","O ","F "," "," ","C","100","0","0","0","","","1806463","5790796",
"Waipa District","COLLINS ROAD","400","W"," ","OREGAN ROAD","201434536","08/03/2014","Sat","0557","CB","CW1","103A 410A ","V","R","D","DN","M "," ","N","C","100","0","0","0","","","1796544","5810461",
"Waipa District","DOMINION AVENUE","15","S"," ","SH 1N","201413291","12/06/2014","Thu","2200","BA","MS1C","110A 327A 514A ","","R","D","DN","F "," ","N","N","050","0","0","1","","","1817817","5802920",
"Waipa District","DUKE ST","20","E"," ","ANZAC ST","201434622","08/03/2014","Sat","1045","EA","TE1C","129A ","M","R","D","BF","F "," ","N","C","050","0","0","0","","","1817434","5802977",
"Waipa District","DUKE ST","10","E"," ","VICTORIA ST","201410063","12/01/2014","Sun","1830","NB","CE1E","101A 306A 376A ","","R","D","B ","F ","R","G","C","050","0","0","1","15","","1817204","5802967",
"Waipa District","DUKE ST","70","E"," ","VICTORIA ST","201435563","21/04/2014","Mon","1615","MA","CE1C","373B 801 ","","R","W","O ","L "," "," ","C","050","0","0","0","","","1817264","5802969",
"Waipa District","DUKE ST",""," ","I","VICTORIA ST","201435998","25/03/2014","Tue","1050","HA","CW1C","136A 302A 613A ","","E","D","OF","F ","R","G","R","050","0","0","0","","","1817194","5802967",
"Waipa District","FORKERT ROAD","500","E"," ","NGAHINAPOURI ROAD","201433816","22/03/2014","Sat","0655","DA","CE1","111A 131A ","V","M","D","TN","F "," "," ","C","100","0","0","0","","","1799653","5800750",
"Waipa District","FRENCH PASS ROAD","200","W"," ","SMART ROAD","201412229","21/04/2014","Mon","1724","CB","VE1","103A ","C","R","D","O ","F "," "," "," ","100","0","0","1","","","1821340","5803920",
"Waipa District","GILLARD ROAD","200","S"," ","GILMORE ROAD","201438064","20/05/2014","Tue","1756","DA","CN1","131A 402A 804 ","X","M","W","DN","L "," "," ","C","100","0","0","0","","","1794588","5807524",
"Waipa District","GOLDSMITH ST","100","S"," ","HOUSMAN PLACE","201437798","15/05/2014","Thu","2032","MC","CN1C","330B 381B ","","R","D","DO","F "," "," ","C","050","0","0","0","","","1817054","5801969",
"Waipa District","GREY ST",""," ","I","CLARE ST","201437797","19/05/2014","Mon","1345","HA","CS1C","302B 335B 352B 817 853 ","","R","D","B ","F ","X","G","N","050","0","0","0","","","1816467","5803816",
"Waipa District","GREY ST",""," ","I","KING ST","201438301","09/05/2014","Fri","0852","HA","CN1C","302A 335A 817 853 ","","R","W","O ","F ","X","G","N","050","0","0","0","","","1816446","5804320",
"Waipa District","HAUTAPU ROAD",""," ","I","PEAKE ROAD","201400062","24/03/2014","Mon","1241","HA","TW1C","321B ","T","R","D","BN","F ","X","S","C","080","1","0","0","","","1814567","5806898",
"Waipa District","HAZELMERE CRESCENT",""," ","I","RICKIT ROAD","201437796","07/05/2014","Wed","0900","HA","CE2C","302A 370A ","","R","D","B ","F ","X","G","C","050","0","0","0","","","1804623","5790214",
"Waipa District","JACOBS ST","20","S"," ","REWI ST","201435246","07/04/2014","Mon","1030","FA","VS14","181A ","","S","D","B ","F ","T","G","C","050","0","0","0","","","1803706","5790592",
"Waipa District","KAIPAKI ROAD","300","W"," ","GOODWIN ROAD","201435247","03/04/2014","Thu","1130","DB","CE1","111A 131A 801 ","F","M","W","O ","L "," "," ","C","100","0","0","0","","","1809571","5803950",
"Waipa District","KAIPAKI ROAD","380","W"," ","MELLOW ROAD","201437938","14/06/2014","Sat","0100","DA","CW1","131A 330A ","F","M","D","DN","F "," ","N","C","100","0","0","0","","","1808445","5804163",
"Waipa District","KAIPAKI ROAD","530","W"," ","PUKERIMU LANE","201436012","03/04/2014","Thu","0950","DA","CW1","111A 131A 400A ","FTX","E","W","ON","F "," ","N","C","100","0","0","0","","","","",
"Waipa District","KAIPAKI ROAD",""," ","I","SPEAKE ROAD","201435995","03/04/2014","Thu","2330","MO","CE1","103A 130A ","V","R","W","DO","M ","T","G","C","100","0","0","0","","","1810997","5803700",
"Waipa District","LAKE ST",""," ","I","ALPHA ST","201433123","07/03/2014","Fri","1611","KA","CS14","302B ","","E","D","B ","F ","R","G","R","050","0","0","0","","","1817065","5803149",
"Waipa District","LAKE ST","30","N"," ","SH 1N","201437785","28/05/2014","Wed","1550","JA","CN1C","308B 363B 377B 839 902 ","","E","D","B ","F ","T","G","C","050","0","0","0","","","1817053","5803371",
"Waipa District","LAMB ST","1000","E"," ","CAMBRIDGE ROAD","201411257","10/02/2014","Mon","0540","CB","CW1","191A 197A ","F","R","D","DN","F "," "," ","C","100","0","0","1","","","1816107","5800949",
"Waipa District","LAMB ST",""," ","I","SHAKESPEARE ST","201411254","01/03/2014","Sat","2330","HA","VW1C","113B 321B ","","R","D","DO","F ","X","S","P","050","0","0","2","","","1817146","5800506",
"Waipa District","LIMEWORKS LOOP ROAD","370","W"," ","ARTHUR ROAD","201413612","16/04/2014","Wed","0240","DB","CW1","111A 131A 514A 517A 801 ","EFZ","E","W","DN","L "," "," ","N","100","0","1","1","","","1785491","5800257",