"TLA NAME","CRASH ROAD","CRASH DIST","CRASH DIRN","INTSN","SIDE ROAD","CRASH ID","CRASH DATE","CRASH DOW","CRASH TIME","MVMT","VEHICLES","CAUSES","OBJECTS STRUCK","ROAD CURVE","ROAD WET","LIGHT","WTHRa","JUNC TYPE","TRAF CTRL","ROAD MARK","SPD LIM","CRASH FATAL CNT","CRASH SEV CNT","CRASH MIN CNT","PERS AGE1","PERS AGE2","EASTING","NORTHING"
"Waipa District","LIMEWORKS LOOP ROAD","180","W"," ","TE PAHU ROAD S","201432745","25/02/2014","Tue","0958","DA","CE1","111A 135A 806 ","C","M","D","B ","F "," "," ","C","070","0","0","0","","","1787460","5801009",
"Waipa District","MARYCHURCH ROAD","30","S"," ","SH 1B CHURCH","201413610","14/04/2014","Mon","0934","DA","MS1","131A 133A 353A 812 ","","M","D","O ","F "," "," ","N","100","0","0","1","","","","",
"Waipa District","MAUNGAKAWA ROAD","1080","N"," ","TE MIRO ROAD S","201436003","11/04/2014","Fri","0726","DA","CS1","111A 131A ","C","E","W","ON","L "," ","N","C","100","0","0","0","","","1824189","5810024",
"Waipa District","MAUNGATAUTARI ROAD",""," ","I","LAMB ST","201412689","11/03/2014","Tue","1355","JA","SE1V","308B 375B 929 ","","R","D","BN","F ","D","N","C","100","0","0","1","","61","1818764","5800524",
"Waipa District","MAUNGATAUTARI ROAD","70","W"," ","TAANE ROAD","201413628","01/05/2014","Thu","1116","DA","CW1","111A 131A 197A 402A ","FT","E","D","B ","F "," "," ","C","100","0","1","0","","","1826559","5794229",
"Waipa District","MEADWAY ROAD","800","S"," ","HAMS ROAD","201410097","08/02/2014","Sat","1008","DA","CS1","111A 131A 402A 800 ","EF","E","W","O ","  "," "," ","C","100","0","0","2","","","1795958","5799549",
"Waipa District","MEADWAY ROAD","400","N"," ","RYBURN ROAD","201437786","21/05/2014","Wed","1301","DA","CS1","131A 402A 801 ","F","M","W","O ","L "," "," ","C","100","0","0","0","","","1796353","5798804",
"Waipa District","MEADWAY ROAD","60","S"," ","RYBURN ROAD","201411731","21/03/2014","Fri","0942","DA","CN1","101A 111A 131A ","C","E","D","B ","F "," "," ","C","100","0","1","0","","","1796625","5798446",
"Waipa District","MOORE ST",""," ","I","BURNS ST","201433124","06/03/2014","Thu","1001","HA","CN2V","302B ","","R","D","B ","F ","X","G","C","050","0","0","0","","","1817171","5801189",
"Waipa District","MYSTERY CREEK ROAD","300","E"," ","SH 21","201411730","01/03/2014","Sat","1259","DB","SE1","131A 814 815 ","","S","D","B ","F "," "," ","P","100","0","1","0","","41","1805866","5806051",
"Waipa District","PATERANGI ROAD","700","N"," ","HARRISON DRIVE","201411261","28/02/2014","Fri","1358","QG","VS1C","687A ","","E","D","B ","F "," "," ","C","100","0","1","0","","","1802148","5792384",
"Waipa District","PIRONGIA ROAD","2300","W"," ","BOWMAN ROAD","201435559","09/04/2014","Wed","0715","DA","CE1","103A 131A 402A 904 ","T","E","W","O ","M "," "," ","C","100","0","0","0","","","1796648","5794141",
"Waipa District","POKURU ROAD","100","N"," ","KAKEPUKU ROAD","201411867","19/03/2014","Wed","0003","CC","VS1","102A 129A ","C","R","D","DO","F "," ","N","C","100","0","0","1","","","1795729","5784604",
"Waipa District","POKURU ROAD","1960","W"," ","PUNIU ROAD","201436001","16/03/2014","Sun","1434","DA","CN1","131A ","","M","D","ON","F "," ","N","C","100","0","0","0","","","1801503","5788455",
"Waipa District","REWI ST",""," ","I","JACOBS ST","201413625","13/05/2014","Tue","1811","JA","MW1C","302B 375B 504B ","","R","D","DO","F ","T","G","C","050","0","1","0","","","1803698","5790610",
"Waipa District","ROTOORANGI ROAD","100","S"," ","LAMB ST","201411864","14/04/2014","Mon","2244","CB","CS1","103A 129A ","FT","R","D","DF","F "," ","N","C","070","0","0","1","","","1817848","5800401",
"Waipa District","RYBURN ROAD","230","W"," ","LAKE ROAD","201435419","30/04/2014","Wed","1909","DB","CW1","111A 131A ","","S","D","DN","F "," "," ","C","100","0","0","0","","","1800440","5799273",
"Waipa District","SHELLEY ST",""," ","I","BRACKEN ST","201411984","15/03/2014","Sat","0815","DA","CS1","111A 131A ","FP","S","D","OF","F ","T","N","C","050","0","0","2","","","1816960","5801863",
"Waipa District","SLOANE ST","30","S"," ","ARAWATA ST","201413392","03/05/2014","Sat","1748","JA","CS1C","197A 402A 308B 370B 924 ","","R","D","TO","F ","D"," ","C","050","0","1","0","","","1804182","5790468",
"Waipa District","TAOTAOROA ROAD","200","E"," ","BUCKLAND ROAD","201436143","14/02/2014","Fri","1705","DA","VW1","131A 613A ","FT","M","D","B ","F "," "," ","C","100","0","0","0","","","1828204","5800839",
"Waipa District","TAYLOR ST",""," ","I","WATKINS ROAD","201435564","20/04/2014","Sun","1100","HA","4S2C","302B 335B 901 ","","R","W","O ","H ","X","G","C","050","0","0","0","","","1817830","5804600",
"Waipa District","TE MIRO ROAD","3340","E"," ","ASPIN ROAD","201411263","10/02/2014","Mon","1033","DB","TE1","129A 131A ","","M","D","B ","F "," "," ","C","100","0","1","0","","","1823146","5812270",
"Waipa District","TE PAHU ROAD","310","E"," ","GROVE ROAD S","201412769","09/03/2014","Sun","1535","GE","ME1O","144B 929 ","","R","D","BN","F ","D","N","C","100","0","0","2","","","1789675","5799202",
"Waipa District","TE RAHU ROAD","500","E"," ","CAMBRIDGE ROAD","201433128","11/03/2014","Tue","0720","EA","4E1C","129A 358A ","M","R","D","O ","F "," "," ","C","050","0","0","0","","","1805041","5791120",
"Waipa District","VAILE ST",""," ","I","ROCHE ST","201411187","02/04/2014","Wed","2110","HA","CW14","302B 375B ","","R","D","DO","F ","X","G","R","050","0","0","1","","","1803963","5790349",
"Waipa District","VICTORIA ST","100","N"," ","COOK ST","201430722","30/01/2014","Thu","1502","FA","CN1C","181A ","","R","D","BF","F "," ","N","N","050","0","0","0","","","1817538","5802509",
"Waipa District","WAIKOHA ROAD","3860","S"," ","TE PAHU ROAD","201413668","02/06/2014","Mon","2325","DA","CN1","110A 138A 402A ","T","S","D","DN","F "," "," ","N","100","0","0","3","","","1786293","5807127",
"Waipa District","WAIPAPA ROAD","1000","N"," ","ROTONGATA ROAD","201410855","07/01/2014","Tue","2310","DB","TS1","131A 801 809 ","ET","M","W","DN","L "," "," ","C","100","0","1","0","","","1824782","5775686",
"Waipa District","WHITMORE ST",""," ","I","CHURCH ST","201437937","17/06/2014","Tue","1440","HA","4E2C","302B 330B 350B ","","R","D","O ","F ","X","G","C","050","0","0","0","","","1805947","5787227",
"Waipa District","WHITMORE ST","90","W"," ","DICK ST","201436016","31/03/2014","Mon","0947","MC","LE1T","372B ","","R","D","BN","F "," ","N","C","050","0","0","0","","","","",
"Waipa District","WHITMORE ST","150","E"," ","OLIVER ST","201430721","15/01/2014","Wed","1800","BA","CE1C","125A ","","R","D","BF","F "," ","N","C","050","0","0","0","","","1806880","5786958",
"Waipa District","VICTORIA ROAD",""," ","I","1B/30/9.148","201411252","04/02/2014","Tue","1543","GE","VS1S","372B ","","R","D","O ","F ","T","G","C","100","0","1","0","","64","1815941","5810121",
"Waipa District","1N/568/0.3","300","N"," ","HOOKER ROAD","201435250","31/03/2014","Mon","1757","CC","CS1","130A 410A ","","R","D","B ","F "," "," ","N","100","0","0","0","","","1812204","5805194",
"Waipa District","1N/568/2.67",""," ","I","HANLIN ROAD","201413611","27/05/2014","Tue","1543","JA","CW1C","302B 375B ","","E","D","B ","F ","T","G","L","100","0","0","2","","","1814019","5803725",
"Waipa District","1N/568/3.225","100","E"," ","PEAKE ROAD","201411841","17/02/2014","Mon","1722","BA","4E1V","129A 363A 902 ","","R","D","BF","F "," ","N","C","100","0","0","3","","","1814559","5803749",
"Waipa District","1N/568/5.16",""," ","I","GREY ST","201411251","07/02/2014","Fri","1020","GD","CE1C","331A 350A ","","R","D","B ","F ","X","S","R","050","0","1","2","","","1816477","5803588",
"Waipa District","1N/568/5.391","10","E"," ","BRYCE ST","201411761","21/02/2014","Fri","1630","MC","4W1C","372B ","","R","D","B ","F ","X","S","C","050","0","0","1","","","1816708","5803598",
"Waipa District","1N/568/5.515","50","W"," ","SH 1N VICTORIA","201430137","13/01/2014","Mon","1650","GD","CW1C","331A 358A 929 ","","R","D"," F","F ","D"," ","C","050","0","0","0","","","1816832","5803601",
"Waipa District","1N/568/5.55","15","W"," ","VICTORIA ST","201435252","23/04/2014","Wed","0820","FC","TE1T","181A ","","R","D","B ","F ","T","N","X","050","0","0","0","","","1816867","5803602",
"Waipa District","1N/568/5.555","10","W"," ","SH 1B","201412688","07/04/2014","Mon","0900","FC","TE14","181A ","","R","D","BF","F ","T","N","X","050","0","0","1","","","1816872","5803603",
"Waipa District","1N/568/5.565",""," ","I","SH 1N VICTORIA HAMILTON","201433122","07/03/2014","Fri","1101","JA","CN2CB","302A ","","M","D","B ","F ","T","G","R","050","0","0","0","","","1816882","5803603",
"Waipa District","1N/568/5.636","200","N"," ","SH 1N QUEEN","201430138","08/01/2014","Wed","1913","FA","CS1V","331A 387A 145B 192B ","","R","D","B ","F "," "," ","C","050","0","0","0","","","1816911","5803537",
"Waipa District","1N/568/6.204",""," ","I","ANZAC ST","201430140","30/01/2014","Thu","1125","AC","TW1C","159A 370A ","","R","D","BF","F ","T","N","L","050","0","0","0","","","1817329","5803352",
"Waipa District","1N/568/6.354","150","E"," ","ANZAC ST","201432905","28/02/2014","Fri","1540","AA","CW1V","372A 402A 671A ","","R","D","B ","F "," "," ","L","050","0","0","0","","","1817478","5803359",
"Waipa District","1N/568/6.498",""," ","I","QUEEN ST","201435844","01/04/2014","Tue","0915","AA","CN1T","372A ","","R","D","BF","F ","X","T","R","050","0","0","0","","","1817622","5803366",
"Waipa District","1N/568/6.578","80","N"," ","QUEEN ST","201435245","10/04/2014","Thu","1555","MB","TS1C","303B ","","R","W","O ","F "," "," ","R","050","0","0","0","","","1817626","5803286",
"Waipa District","1N/568/6.695",""," ","I","GILLIES ST","201410405","02/01/2014","Thu","1056","LB","CS1C","303B ","","R","D","B ","F ","X","G","L","050","0","0","1","","","1817631","5803170",
"Waipa District","1N/574/0.2","200","E"," ","SHAKESPEARE ST","201413705","12/05/2014","Mon","1713","FD","CW1CC","181A ","","R","D","TF","F "," ","N","L","100","0","0","3","","","1818216","5803017",
"Waipa District","1N/574/0.2","200","E"," ","SHAKESPEARE ST","201436516","24/04/2014","Thu","1210","FA","CW1V","112A 181A 331A 801 ","","R","W","O ","L "," "," ","C","100","0","0","0","","","1818216","5803017",
"Waipa District","1N/574/0.5","500","E"," ","SHAKESPEARE ST","201435997","03/04/2014","Thu","1700","CA","TN1","135A 901 ","","R","W","BN","H "," ","N","N","100","0","0","0","","","1818513","5802983",
"Waipa District","1N/574/1","1000","E"," ","SHAKESPEARE ST","201435032","20/04/2014","Sun","1445","FD","4E14","181A ","","R","W","O ","H "," ","N","C","100","0","0","0","","","1819009","5802918",
"Waipa District","1N/574/1.2","1200","E"," ","SHAKESPEARE ST","201432733","24/02/2014","Mon","0806","FA","CE1V","363A 331B 902 ","","R","D","B ","F "," "," ","L","100","0","0","0","","","1819208","5802893",
"Waipa District","1N/574/1.26","60","W"," ","GOLF CLUB ENT","201432746","14/02/2014","Fri","","FD","CW1V","331A ","","R","D","B ","F "," "," ","C","100","0","0","0","","","1819267","5802885",
"Waipa District","1N/574/3.583","1100","N"," ","HICKEY ROAD","201411243","31/01/2014","Fri","1854","FD","VS1C","331A 358A ","","R","D","B ","F "," "," ","C","100","0","0","1","","","1821322","5802043",
"Waipa District","1N/574/3.9","3900","E"," ","SHAKESPEARE ST","201412687","27/02/2014","Thu","1811","CA","CW1","410A ","P","R","D","BN","F "," ","N","L","100","0","0","1","","","1821571","5801848",
"Waipa District","1N/574/3.983","700","N"," ","HICKEY ROAD","201411244","16/02/2014","Sun","0158","CB","CN1","501A ","G","R","D","DN","F "," "," ","C","100","0","0","1","","","1821637","5801796",
"Waipa District","1N/574/4.85","1000","W"," ","HYDRO ROAD","201434753","04/05/2014","Sun","1000","AC","VN1C","159A 372A ","","R","D","BN","  "," ","N","C","100","0","0","0","","","1822389","5801405",
"Waipa District","1N/574/5.55","300","W"," ","HYDRO ROAD","201411260","07/03/2014","Fri","1342","NA","VW1E","711B 836 ","","R","D","B ","F "," "," ","C","100","0","1","0","88","","1822968","5801012",
"Waipa District","1N/574/5.55","300","W"," ","HYDRO ROAD","201400054","07/03/2014","Fri","1342","NA","VW1E","711B ","","R","D","BF","F "," ","N","C","100","1","0","0","88","","1822968","5801012",
"Waipa District","1N/574/5.85",""," ","I","HYDRO ROAD","201435999","03/04/2014","Thu","0641","JA","4W1C","302B 375B ","","R","D","DO","F ","T","G","P","100","0","0","0","","","1823219","5800847",
"Waipa District","1N/574/5.85",""," ","I","HYDRO ROAD","201413640","29/05/2014","Thu","1756","MC","4W14","197A 330B 372B 801 ","F","E","W","DO","L ","T","G","C","100","0","0","2","","","1823219","5800847",
"Waipa District","1N/574/8.506","700","N"," ","GORTON ROAD","201413404","04/06/2014","Wed","0915","BF","VN1T","410A ","","R","D","O ","F "," "," ","C","100","0","0","1","","","1825404","5799489",
"Waipa District","1N/574/14.907","500","W"," ","KENTUCKY ROAD","201435300","25/01/2014","Sat","1335","QG","4E1","665A ","C","E","D","B ","F "," "," ","L","100","0","0","0","","","1830421","5796309",
"Waipa District","21/2/0.441","800","N"," ","RAYNES ROAD","201412109","27/04/2014","Sun","0945","CB","CS1","130A 804 ","FT","R","D","B ","F "," "," ","C","100","0","0","2","","","1806515","5808801",
"Waipa District","21/2/1.241",""," ","I","RAYNES ROAD","201413295","13/06/2014","Fri","0734","JA","CN1C","302B 314B ","","E","D","B ","F ","T","G","P","100","0","0","2","","","1806300","5808066",
"Waipa District","21/2/1.241",""," ","I","RAYNES ROAD","201436439","07/05/2014","Wed","0939","JA","CN1C","302B 375B ","","R","D","OF","F ","T","G","C","100","0","0","0","","","1806300","5808066",
"Waipa District","21/2/2.025","3000","E"," ","SH 3","201434645","24/03/2014","Mon","1455","CC","CW1","130A 358A ","V","R","D","BN","F "," ","N","C","100","0","0","0","","","1805915","5807387",
"Waipa District","21/2/2.141","900","S"," ","RAYNES ROAD","201432892","13/02/2014","Thu","2120","DB","CS1","131A ","V","S","W","DN","L "," "," ","C","100","0","0","0","","","1805863","5807283",
"Waipa District","3/10/1.311","1490","N"," ","DOUCH ROAD","201413738","02/05/2014","Fri","0411","EC","VN1","912 ","W","R","D","DO","F "," ","N","P","100","0","1","0","","","1803958","5804020",
"Waipa District","3/10/3.048","200","S"," ","KAIPAKI ROAD","201430321","11/01/2014","Sat","1450","DB","CS1","103A 354A ","W","M","D","B ","F "," ","N","C","100","0","0","0","","","1803610","5802363",
"Waipa District","3/10/3.302","100","N"," ","WEST ROAD","201413292","15/05/2014","Thu","0630","BE","CS1C","125A 410A ","","R","D","DN","F "," ","N","C","080","0","0","1","","","1803642","5802110",
"Waipa District","3/16/0.612","40","N"," ","SH 3 OFF RAMP","201430517","17/01/2014","Fri","1330","FC","VN1C","191A 331A ","","R","D","B ","F "," "," ","P","050","0","0","0","","","1803034","5799610",
"Waipa District","3/16/0.672","100","S"," ","RYBURN ROAD","201411262","16/02/2014","Sun","0125","DB","CS1","130A 501A ","F","E","D","DF","F "," "," ","C","100","0","1","1","","","1803050","5799553",
"Waipa District","3/16/0.922","350","S"," ","RYBURN ROAD","201411249","22/02/2014","Sat","0823","CB","CN1","129A 130A 354A ","F","R","D","B ","F "," "," ","C","100","0","0","1","","","1803185","5799343",
"Waipa District","3/16/2.161","200","S"," ","SOWERBY ROAD","201437782","02/06/2014","Mon","1930","DB","4N1","103A 131A 358A ","FT","E","D","DN","F "," "," ","C","100","0","0","0","","","1803322","5798181",
"Waipa District","3/16/3.778","250","N"," ","JARY ROAD","201400112","19/05/2014","Mon","1751","BF","CN1CVT","131A 410A 104B ","","E","D","TN","F "," "," ","L","100","1","0","1","","","1803641","5796680",
"Waipa District","3/16/4.088","60","S"," ","JARY ROAD","201432747","15/02/2014","Sat","1630","CB","CN1","130A 524A ","F","R","D","B ","F "," "," ","L","100","0","0","0","","","1803714","5796382",
"Waipa District","3/16/4.428","400","S"," ","JARY ROAD","201410729","28/02/2014","Fri","1915","CB","CN1","137A 198A ","F","R","D","B ","F "," ","N","C","100","0","0","1","","","1803664","5796047",
"Waipa District","3/16/4.528","500","S"," ","JARY ROAD","201410437","26/01/2014","Sun","1405","CA","VN1","130A 358A ","","R","D","O ","F "," "," ","C","100","0","0","3","","","1803644","5795948",
"Waipa District","3/16/7.41","1300","N"," ","GREENHILL DRIVE","201411733","03/03/2014","Mon","1035","AF","CN1T","104A 130A 104B 632B ","","E","D","O ","F "," "," ","C","100","0","1","2","","","1804344","5793547",
"Waipa District","3/16/8.257","10","S"," ","NARROWS ROAD","201412113","25/04/2014","Fri","1750","DB","CS1","131A 402A ","FT","M","W","DN","L ","T","S","C","100","0","0","1","","","1804517","5792781",
"Waipa District","CAMBRIDGE ROAD",""," ","I","3/16/10.397","201435253","21/03/2014","Fri","1606","KB","VS2C","302B ","","E","D","B ","F ","R","G","R","050","0","0","0","","","1804545","5790782",
"Waipa District","3/16/11.259",""," ","I","VAILE ST","201435996","27/03/2014","Thu","0721","HA","VE1T","302A 375A ","","M","D","BF","F ","R","G","R","050","0","0","0","","","1804175","5790208",
"Waipa District","3/16/11.355",""," ","I","RICKIT ROAD","201434745","12/04/2014","Sat","0040","JC","CW2V","302A 375A ","","R","D","DO","F ","T","G","C","050","0","0","0","","","1804142","5790135",
"Waipa District","3/16/12.163","50","N"," ","BRIDGMAN ROAD","201435560","29/04/2014","Tue","0716","DA","CN1","131A 352A 407A 800 ","F","E","W","O ","F "," "," ","C","100","0","0","0","","","1804158","5789407",
"Waipa District","3/16/15.617",""," ","A","MCANDREW ST","201435418","02/05/2014","Fri","1305","CB","ON1","129A ","F","R","D","BF","F ","T","G","C","070","0","0","0","","","1805811","5786722",
"Waipa District","3/16/18.08",""," ","I","NGAHUIA PLACE","201413626","14/05/2014","Wed","1744","JA","VS1CE","197A 370A 402B 422B 433B 721C 801 830+","","R","W","DO","L ","T","G","C","100","0","1","1","","","1805381","5784328",
"Waipa District","3/16/19.474","1000","S"," ","WAIKERIA ROAD","201438605","13/06/2014","Fri","1730","GC","CN1C","174B 929 ","","E","D","O ","F ","D","N","L","100","0","0","0","","","1805310","5782961",
"Waipa District","39/18/9.823","100","N"," ","FINLAYSON ROAD","201434361","09/03/2014","Sun","1200","FD","CN1C","181A ","","M","D","B ","F "," "," ","C","050","0","0","0","","","1792972","5806150",
"Waipa District","39/18/14.57","300","S"," ","COCHRANE ROAD","201434248","13/02/2014","Thu","1722","DA","CN1","130A 197A 363A 902 ","F","E","D","B ","F "," "," ","C","100","0","0","0","","","1794031","5801663",
"Waipa District","39/33/1.894","4000","S"," ","NGAHINAPOURI ROAD","201437764","29/05/2014","Thu","1500","CC","TS1","131A ","V","R","W","O ","F "," "," ","C","100","0","0","0","","","1794231","5799863",
"Waipa District","39/33/6.478","200","N"," ","BELL ROAD","201433127","23/03/2014","Sun","1051","CB","CS1","129A 358A ","FT","R","D","B ","F "," "," ","C","100","0","0","0","","","1792616","5796529",
"Wairoa District","CLYDE ROAD",""," ","I","LAHORE ST","201437856","07/06/2014","Sat","1648","HA","CN2C","302B 375B ","","R","D","DO","F ","X","G","C","050","0","0","0","","","1982876","5669387",
"Wairoa District","CRARER ST","250","E"," ","MACKLEY ST","201410298","13/02/2014","Thu","1715","PA","CE1E","129A 363A ","","R","D","B ","F "," ","N","C","050","0","0","1","","","1982425","5670912",
"Wairoa District","CRARER ST","60","W"," ","MACKLEY ST","201434164","12/04/2014","Sat","0840","LB","CE1C","303B 382B 929 ","","R","D","B ","F ","D"," ","N","050","0","0","0","","","1982117","5670937",
"Wairoa District","CRICKLEWOOD ROAD","50","W"," ","WAIKOPIRO ROAD","201413413","20/06/2014","Fri","0001","DB","MW1","104A 131A 532A 813 ","X","E","D","DN","F "," "," ","N","100","0","1","0","","","1966118","5675272",
"Wairoa District","KITCHENER ST","130","N"," ","KAURI ST","201430560","26/01/2014","Sun","2115","GB","VN1CC","103A 130A 158A 929 ","FHM","R","W","DO","L ","D","N","N","050","0","0","0","","","1982671","5668869",
"Wairoa District","LAHORE ST",""," ","I","CLYDE ROAD","201412531","02/05/2014","Fri","1755","HA","CN1S","105B 312B 602B ","","R","D","TO","F ","X","G","C","050","0","0","1","","58","1982876","5669387",
"Wairoa District","MARINE PARADE","140","W"," ","LOCKE ST","201412479","25/04/2014","Fri","0950","MC","ME1C","351B 372B ","","R","D","B ","F "," "," ","C","050","0","0","1","","","1982690","5670223",
"Wairoa District","MOHAKA TOWNSHIP ROAD","2200","S"," ","SH 2","201432870","27/02/2014","Thu","1230","BC","CN14","121A ","","S","D","B ","F "," "," ","N","100","0","0","0","","","1963473","5663465",
"Wairoa District","QUEEN ST","210","E"," ","DELHI ST","201412564","01/05/2014","Thu","1010","MO","SW1V","204A 330A 378B 929 ","","R","D","B ","F ","D"," ","N","050","0","1","0","","12","1983316","5669993",
"Wairoa District","RUAPAPA ROAD","500","S"," ","SH 38","201433137","02/04/2014","Wed","1210","DB","TN1","111A 131A ","","S","D","B ","F "," "," ","C","100","0","0","0","","","1969599","5682936",
"Wairoa District","SH 38",""," ","A","UNKNOWN","201410304","04/01/2014","Sat","1600","DB","CS1","138A ","C","M","D","ON","F "," ","N","N","100","0","0","2","","","0","0",
"Wairoa District","TE KAHU ROAD","1000","N"," ","SH 2","201412544","29/04/2014","Tue","1605","BB","VS1T","123A 129A 205A ","","M","D","B ","F "," "," ","N","100","0","2","6","","","1961483","5666308",
"Wairoa District","WAIKAREMOANA ROAD","140","N"," ","ORANGIHIKOIA STM BR","201412647","13/02/2014","Thu","1522","BB","4S14","129A ","","M","D","ON","F "," ","N","N","100","0","0","2","","","1951562","5712435",
"Wairoa District","WHAKAMAHI ROAD","940","W"," ","KOPU ROAD","201437825","09/01/2014","Thu","0715","CC","4E1","135A 138A 901 ","","R","W","O ","H "," ","N","N","100","0","0","0","","","1981149","5667128",
"Wairoa District","2/483/4.449","5300","N"," ","TUNANUI ROAD","201412362","10/04/2014","Thu","0910","DA","CS1","111A 131A 402A 634A 801 ","FT","M","W","O ","L "," "," ","C","100","0","0","2","","","2016272","5677935",
"Wairoa District","2/483/11.749","2000","S"," ","TUNANUI ROAD","201437896","03/05/2014","Sat","1320","DA","CS1","134A 410A ","","E","D","B ","F "," ","N","C","100","0","0","0","","","2014392","5673009",
"Wairoa District","2/497/4.883","15","N"," ","NUHAKA OPOUTAMA ROAD","201410159","01/01/2014","Wed","1045","FD","CS1CC","112A 181A 331A 112B 181B 331B ","","R","D","O ","F ","R","G","R","050","0","0","1","","","2010306","5667759",
"Wairoa District","2/516/0.722","550","W"," ","HINEPUA ROAD","201410538","23/01/2014","Thu","0851","BB","CW1T","129A ","","E","D","BF","F "," ","N","C","100","0","2","0","","","1996337","5668964",
"Wairoa District","2/516/4.771","2810","E"," ","IWITEA ROAD","201411816","05/01/2014","Sun","1110","DB","CN1","131A ","","M","D","BN","FS"," ","N","C","100","0","1","2","","","1992801","5669867",
"Wairoa District","2/516/8.189","6980","E"," ","NGAMOTU ROAD","201435815","23/03/2014","Sun","1354","DB","CE1","129A 134A 410A ","V","M"," "," N","  "," ","N","C","080","0","0","0","","","1989644","5670958",
"Wairoa District","2/516/14.637","800","E"," ","KIWI ROAD","201430734","01/01/2014","Wed","0600","AO","VE1C","150A 381A ","","S","D","BN","F "," ","N","C","100","0","0","0","","","1984190","5671035",
"Wairoa District","2/533/0.344","5","N"," ","RIVER PARADE","201430430","18/01/2014","Sat","0141","DC","CE1","101A 112A ","ST","R","D","DO","F ","M","S","C","050","0","0","0","","","1982569","5670561",
"Wairoa District","2/533/10.565","290","E"," ","CRICKLEWOOD ROAD","201437812","29/05/2014","Thu","1838","DA","CW1","111A 131A ","G","M","D","DN","F "," ","N","C","100","0","0","0","","","1975576","5672615",
"Wairoa District","2/544/0.05",""," ","A","OHINEPAKA OBR","201412373","17/04/2014","Thu","2030","DA","CE1","131A 407A 901 ","B","M","W","DN","H "," "," ","C","100","0","0","1","","","1975410","5672661",
"Wairoa District","2/544/3.167","3000","S"," ","CRICKLEWOOD ROAD","201410333","01/02/2014","Sat","1300","CC","CN1","410A ","X","R","W","ON","L "," ","N","L","100","0","0","1","","","1973355","5670686",
"Wairoa District","2/544/8.29","1000","E"," ","WAIHUA VALLEY ROAD","201430559","31/01/2014","Fri","1813","DA","CS1","131A 404A 801 ","","M","W","O ","L "," "," ","C","100","0","0","0","","","1971776","5666481",
"Wairoa District","2/562/7.007","450","E"," ","PUTERE ROAD","201410755","07/04/2014","Mon","0815","DA","VS1","110A 134A ","FT","S","W","O ","F "," ","N","C","080","0","1","0","","","1959102","5666557",
"Wairoa District","2/577/1.006","250","S"," ","KAKARIKI PIT ROAD","201430375","18/01/2014","Sat","0700","CC","VS1","123A 410A ","SV","R","D","O ","F "," ","N","C","100","0","0","0","","","1952075","5668942",
"Wairoa District","38/189/5.084","200","S"," ","AWATERE ROAD","201433973","11/04/2014","Fri","0530","EC","CN1C","135A 363A 135B 801 830 912 ","WW","R","W","DN","F "," ","N","C","100","0","0","0","","","1982349","5672519",
"Wairoa District","38/189/6.649","50","N"," ","MAHIA AVENUE","201410233","25/01/2014","Sat","2335","CC","CN1","101A 195A 610A ","P","R","D","DO","F "," ","N","C","050","0","0","1","","","1982454","5670967",
"Wairoa District","38/189/6.82","30","W"," ","MAHIA AVENUE","201432356","10/01/2014","Fri","0825","GB","VN1T","158B 927 ","","R","D","B ","F ","D","N","C","050","0","0","0","","","1982570","5670908",
"Waitaki District","AWAMOA ROAD",""," ","I","PERTH ST","201431836","19/01/2014","Sun","0840","DB","CS1","131A 410A ","P","E","D","OF","F ","T","G","C","050","0","0","0","","","1438937","5003367",
"Waitaki District","BEACH ROAD","50","N"," ","AWAMOA ROAD","201410851","03/02/2014","Mon","1145","DA","MN1","134A 403A ","","M","D","B ","F "," "," ","C","100","0","1","0","","","1438291","4999825",
"Waitaki District","CLYDE ST",""," ","I","FORTH ST","201410840","18/02/2014","Tue","1700","HA","CS2C","302A 335A ","","R","D","O ","F ","X","G","C","050","0","0","4","","","1440837","5005816",
"Waitaki District","EDEN ST","70","E"," ","REED ST","201437445","16/05/2014","Fri","0940","LB","CW1C","303B 363B 902 925 ","","R","D","B ","F ","D","N","C","050","0","0","0","","","1440221","5004372",
"Waitaki District","FROME ST","40","E"," ","MCLEAN ST","201410112","02/01/2014","Thu","2153","CA","ME1","191A 402A 804 ","","R","D","DO","F "," "," ","N","050","0","0","1","","","1440938","5006311",
"Waitaki District","GRAY ROAD","800","S"," ","SEVEN MILE ROAD","201432434","04/02/2014","Tue","1600","CC","CS1","138A 402A ","C","R","D","B ","F "," "," "," ","100","0","0","0","","","1442177","5018229",
"Waitaki District","GRAY ROAD",""," ","I","SEVEN MILE ROAD","201410838","21/02/2014","Fri","2230","DA","CW2","111A 131A ","V","R","D","DN","F ","X","G","C","100","0","0","1","","","1442156","5019028",
"Waitaki District","HARLECH ST","30","E"," ","PEMBROKE ST","201432238","15/02/2014","Sat","1145","MD","VW1V","308B 377B 839 929 ","","R","D","O ","F ","D"," ","C","050","0","0","0","","","1441194","5006378",