"TLA NAME","CRASH ROAD","CRASH DIST","CRASH DIRN","INTSN","SIDE ROAD","CRASH ID","CRASH DATE","CRASH DOW","CRASH TIME","MVMT","VEHICLES","CAUSES","OBJECTS STRUCK","ROAD CURVE","ROAD WET","LIGHT","WTHRa","JUNC TYPE","TRAF CTRL","ROAD MARK","SPD LIM","CRASH FATAL CNT","CRASH SEV CNT","CRASH MIN CNT","PERS AGE1","PERS AGE2","EASTING","NORTHING"
"Waitaki District","HERBERT ROAD","70","S"," ","CULLEN ST","201436675","27/04/2014","Sun","1857","EC","MN1","912 ","W","R","D","DO","F "," ","N","C","070","0","0","0","","","1425648","4989340",
"Waitaki District","HOMESTEAD ROAD","800","E"," ","PARSONS ROAD","201430244","26/01/2014","Sun","1430","DB","CE1","111A 131A ","CV","M","W","O ","L "," "," ","C","080","0","0","0","","","1438476","5006806",
"Waitaki District","HUMBER ST","100","N"," ","EDEN ST","201411972","11/03/2014","Tue","1450","JA","CN1V","308B 375B 927 ","","R","D","BF","F ","D","N","C","050","0","0","1","","","1440629","5004344",
"Waitaki District","HUMBER ST","110","N"," ","ITCHEN ST","201410888","27/02/2014","Thu","1200","JA","CN1C","308B 375B 404B 926 ","P","R","D","B ","F ","D"," ","C","050","0","0","1","","","1440346","5003779",
"Waitaki District","HUMBER ST","40","S"," ","TORRIDGE ST","201413270","12/06/2014","Thu","1205","JA","CN1CC","308B 375B 927 ","","R","D","O ","F ","D","N","C","050","0","0","1","","","1440820","5004642",
"Waitaki District","ITCHEN ST",""," ","I","THAMES ST","201437683","06/06/2014","Fri","1640","LB","CE1C","303B 330B ","","R","W","O ","L ","X","S","C","050","0","0","0","","","1440186","5003700",
"Waitaki District","LAKE OHAU ROAD","3000","W"," ","SH 8","201436173","30/04/2014","Wed","0848","DA","CE1","129A 131A ","","E","D","B ","F "," "," ","C","100","0","0","0","","","1358833","5085399",
"Waitaki District","MCPHERSON ROAD","100","W"," ","FERRY ROAD","201412369","14/04/2014","Mon","1540","CB","TW1","129A 130A ","FX","R","D","O ","F "," "," ","N","100","0","0","1","","","1443956","5022320",
"Waitaki District","MCPHERSON ROAD","1600","E"," ","JARDINE ROAD","201430210","04/01/2014","Sat","1700","DA","CW1","108A 131A 402A 433A ","C","M","D","B ","F "," "," ","N","100","0","0","0","","","1437969","5022464",
"Waitaki District","NGAPAENGA ROAD","500","W"," ","WERE ROAD","201413751","07/06/2014","Sat","1330","DB","MW1M","129A 129B ","XF","M","D","BN","F "," ","N","N","100","0","0","2","","","","",
"Waitaki District","OUSE ST","10","W"," ","SH 1S","201434148","12/04/2014","Sat","0750","CB","4E1","403A 423A 801 ","S","R","W","OF","L ","X","T","C","050","0","0","0","","","1440680","5005238",
"Waitaki District","PARADISE GULLY ROAD","3900","S"," ","WESTON-NGAPARA ROAD","201410173","01/01/2014","Wed","1325","BB","MN14","123A ","","M","D","B ","H "," "," ","N","100","0","1","0","","","1420992","5017070",
"Waitaki District","RAGLAN ST",""," ","I","PEMBROKE ST","201432350","30/01/2014","Thu","1300","HA","CW1C","302B ","","R","D","O ","F ","X","G","C","050","0","0","0","","","1441230","5006493",
"Waitaki District","REED ST","20","S"," ","NEN ST","201413657","21/05/2014","Wed","1745","CC","CN1","103A 351A ","T","R","D","TO","F "," "," ","N","050","0","0","2","","","1440378","5005064",
"Waitaki District","STOUR ST","650","S"," ","SH 1S","201436805","09/04/2014","Wed","2300","CB","CN1","101A 138A ","EF","R","D","DN","F "," "," ","N","100","0","0","0","","","1421869","4960352",
"Waitaki District","SWITCHBACK ROAD","200","S"," ","GUFFIE ROAD","201435162","21/02/2014","Fri","1210","EC","4S1","912 ","W","R","D","B ","F "," ","N","N","100","0","0","0","","","1420163","4964096",
"Waitaki District","TAMAR ST","15","W"," ","BEACH ROAD","201431770","19/02/2014","Wed","0218","EA","CN1C","129A ","M","R","W","DO","L "," "," ","N","050","0","0","0","","","1439880","5002772",
"Waitaki District","TAMAR ST","140","E"," ","TYNE ST","201432419","19/01/2014","Sun","2000","EA","CE1C","129A ","M","R","D","DO","F "," "," ","C","050","0","0","0","","","1440283","5002702",
"Waitaki District","TAWARD ST","30","N"," ","DACRE ST S","201413254","01/06/2014","Sun","0140","EA","CN1CC","104A 112A ","M","R","D","DO","F "," ","N","N","050","0","0","1","","","1441193","5006822",
"Waitaki District","THAMES ST","10","S"," ","MEEK ST","201432853","25/02/2014","Tue","1511","MO","CN1C","371A ","M","R","D","B ","F ","T","G","C","050","0","0","0","","","1440223","5003830",
"Waitaki District","THAMES ST","10","N"," ","STEWARD ST","201412944","31/05/2014","Sat","1154","MA","PS1C","373B ","","R","D","B ","F ","R","G","R","050","0","0","1","","","1440274","5003943",
"Waitaki District","THAMES ST",""," ","I","STEWARD ST","201412232","02/05/2014","Fri","1043","MA","CS1C","330B 373B ","","R","D","OF","F ","X","G","R","050","0","0","1","","","1440271","5003934",
"Waitaki District","THE HECTORS ROAD","1710","S"," ","BLACK CAP ROAD","201412134","01/05/2014","Thu","1300","BD","MN14","111A 378A 111B 378B 818 ","","M","D","B ","F "," "," ","N","100","0","0","1","","","1417769","5002209",
"Waitaki District","THOUSAND ACRE ROAD",""," ","I","GARDINERS ROAD","201434236","19/02/2014","Wed","0835","GD","CN1C","130A 614A ","","R","D","B ","F ","T","S","L","100","0","0","0","","","1436353","4998827",
"Waitaki District","USK ST",""," ","I","HUMBER ST","201431665","15/02/2014","Sat","1840","LB","CN2C","303B ","","R","D","TF","F ","T","G","C","050","0","0","0","","","1440772","5004572",
"Waitaki District","WAIANAKARUA ROAD","200","N"," ","BOWALLEY ROAD","201410186","25/01/2014","Sat","2322","DA","CS1","103A 131A 506A ","F","M","D","DN","F "," "," ","C","100","0","0","1","","","1432599","4989098",
"Waitaki District","WAIANAKARUA ROAD",""," ","I","MAHENO-KAKANUI ROAD","201412943","18/05/2014","Sun","2049","DA","4N1","111A 131A 402A ","","M","D","DN","F ","T","G","C","070","0","0","5","","","1434163","4994555",
"Waitaki District","WANSBECK ST",""," ","I","WHARFE ST","201430212","01/01/2014","Wed","1330","HA","VW1C","302B 404B ","","R","W","O ","L ","X","G","C","050","0","0","0","","","1440021","5003482",
"Waitaki District","WANSBECK ST",""," ","I","WHARFE ST","201410111","05/01/2014","Sun","1855","HA","CN2C","302A 354A ","","R","D","O ","F ","X","G","C","050","0","0","1","","","1440021","5003482",
"Waitaki District","WESTON ROAD",""," ","I","SALEYARDS ROAD","201434233","13/03/2014","Thu","0835","AC","TN1C","372A ","","M","D","O ","F ","T","G","C","070","0","0","0","","","1437667","5004182",
"Waitaki District","WESTON-NGAPARA ROAD","570","E"," ","BOBBING CREEK ROAD","201413380","04/06/2014","Wed","1900","DB","CW1","135A 800 802 ","EZ","M","I","DN","FF"," "," ","C","100","0","0","1","","","1424661","5018811",
"Waitaki District","WESTON-NGAPARA ROAD","2100","E"," ","BOBBING CREEK ROAD","201432313","03/02/2014","Mon","1942","DA","4E1","131A 332A ","","E","D","B ","F "," "," ","C","100","0","0","0","","","1425903","5017993",
"Waitaki District","WHITSTONE-FIVE FORKS ROAD","800","W"," ","BURNSIDE ROAD","201412287","16/05/2014","Fri","0700","DA","TS1","110A 134A ","","S","I","DN","F "," ","N","C","100","0","0","1","","","1430679","5008103",
"Waitaki District","1S/569/2.554",""," ","I","KAIK ROAD","201411726","13/03/2014","Thu","1100","KA","4S1C","112B 302B 375B 404B ","","R","D","B ","F ","T","G","C","100","0","0","1","","","1449411","5021235",
"Waitaki District","1S/569/11.268",""," ","I","RICHMOND ROAD","201410141","16/01/2014","Thu","1124","GE","VS1O","160A 387A 600A ","","R","D","B ","F ","X","G","C","100","0","2","0","","","1445683","5013360",
"Waitaki District","1S/583/3.101","20","S"," ","RUSSELL ROAD","201410839","17/02/2014","Mon","1652","FD","CS1CC","331A 352A 197C 801 817 ","","R","W","O ","L "," "," ","C","100","0","0","2","","","1442839","5008750",
"Waitaki District","REDCASTLE ROAD",""," ","I","1S/583/4.677","201432100","16/03/2014","Sun","1607","DA","CE1","133A 901 ","F","R","W","O ","H ","X","G","C","050","0","0","0","","","1442008","5007410",
"Waitaki District","COLLEGE ST",""," ","I","1S/583/5.068","201412492","25/04/2014","Fri","2105","DB","4S2","103A 131A 412A ","F","R","D","DO","F ","T","G","C","050","0","0","1","","","1441804","5007077",
"Waitaki District","1S/583/5.738","15","S"," ","REGINA LANE","201432438","07/02/2014","Fri","1633","FD","CS1CC","181A 331A ","","E","D","B ","F "," "," ","C","050","0","0","0","","","1441452","5006507",
"Waitaki District","1S/583/6.049","30","N"," ","WITHAM ST","201430211","02/01/2014","Thu","0725","CA","CS1","410A ","JPS","R","D","O ","F "," "," ","C","050","0","0","0","","","1441287","5006244",
"Waitaki District","1S/583/6.136","40","N"," ","FROME ST","201410100","09/01/2014","Thu","1630","FC","CN1C","181A 331A ","","R","D","B ","F "," "," ","X","050","0","0","1","","","1441241","5006170",
"Waitaki District","1S/583/6.246","50","S"," ","CALEDONIAN ROAD","201412979","27/05/2014","Tue","1530","EE","SS1C","374B ","M","R","D","B ","FS"," "," ","P","050","0","0","1","","16","1441183","5006077",
"Waitaki District","1S/583/6.514",""," ","I","DON ST","201412825","07/05/2014","Wed","1723","LB","CS1C","303A 372A 402A 370B 801 ","","R","W","DO","L ","T","G","C","050","0","0","1","","","1441042","5005849",
"Waitaki District","1S/583/6.924","5","S"," ","WEAVER ST","201437444","11/05/2014","Sun","1920","MA","4N1C","373B ","","R","D","DO","F ","T","G","C","050","0","0","0","","","1440827","5005500",
"Waitaki District","1S/583/7.097","5","N"," ","ORWELL ST","201437443","07/05/2014","Wed","1610","FD","CN1C","181A 191B 801 ","","R","W","O ","L ","X","G","C","050","0","0","0","","","1440736","5005353",
"Waitaki District","1S/583/7.225",""," ","I","OUSE ST","201412368","13/04/2014","Sun","1654","HA","CS1C","322A 504A ","","R","D","O ","F ","X","T","C","050","0","0","1","","","1440701","5005231",
"Waitaki District","1S/583/7.979","150","S"," ","USK ST","201410397","11/01/2014","Sat","0040","NA","4S1E","713B ","","R","D","DO","F "," ","N","C","050","0","1","0","19","","1440465","5004515",
"Waitaki District","1S/583/8.058",""," ","I","RIBBLE ST","201435835","10/05/2014","Sat","1200","HA","4S1C","322A ","","R","D","BF","F ","X","T","R","050","0","0","0","","","1440440","5004439",
"Waitaki District","1S/583/8.184",""," ","I","EDEN ST","201430200","13/01/2014","Mon","2015","MG","4S1C","402B 422B ","","R","D","B ","F ","X","T","R","050","0","0","0","","","1440402","5004325",
"Waitaki District","1S/583/8.211",""," ","I","EDEN ST","201436628","21/03/2014","Fri","1345","AD","PN1C","151A ","","R","D","B ","F ","X","T","R","050","0","0","0","","","1440385","5004307",
"Waitaki District","THAMES ST",""," ","I","1S/583/8.331","201432176","02/02/2014","Sun","1728","LB","4S1C","322A 334A ","","E","D","B ","F ","X","T","C","050","0","0","0","","","1440347","5004196",
"Waitaki District","1S/583/8.448","100","S"," ","COQUET ST","201437684","09/04/2014","Wed","1130","AA","CS1V","372A 404A 112B ","","R","D","B ","F "," "," ","N","050","0","0","0","","","1440242","5004148",
"Waitaki District","1S/583/8.788","50","W"," ","CROSS ST","201436788","08/05/2014","Thu","1515","CA","TW1","129A 500A ","S","R","D","O ","F "," ","N","C","050","0","0","0","","","1439929","5003992",
"Waitaki District","1S/583/9.166",""," ","I","DOUGLAS TERRACE","201437001","21/05/2014","Wed","1255","KA","CW1C","302B ","","R","D","O ","F ","T","G","L","050","0","0","0","","","1439590","5003824",
"Waitaki District","1S/583/9.317",""," ","I","ROTHER ST","201434981","20/04/2014","Sun","1820","CB","CE1","129A ","C","R","W","DO","F ","T","S","C","050","0","0","0","","","1439455","5003756",
"Waitaki District","1S/583/10.26","50","E"," ","HOLMES ST","201437446","20/05/2014","Tue","0820","EA","CW1C","129A ","M","R","D","B ","F "," "," ","C","050","0","0","0","","","1438551","5003729",
"Waitaki District","1S/601/2.086","40","S"," ","CLARKS ROAD","201436661","16/05/2014","Fri","0112","CC","CS1","102A 357A 410A ","","R","D","DN","F "," ","N","C","100","0","0","0","","","1431133","4998651",
"Waitaki District","1S/601/13.433","320","S"," ","CULLEN ST","201413382","07/06/2014","Sat","1057","DB","CN1","131A 358A ","F","M","W","B ","F "," "," ","L","100","0","0","1","","","1425898","4989028",
"Waitaki District","1S/601/16.803",""," ","I","WAIANAKARUA ROAD","201435099","22/04/2014","Tue","1225","GE","TN1C","197A 132B 144B ","","R","D","B ","F ","T","N","C","100","0","0","0","","","1427141","4986204",
"Waitaki District","1S/618/0.676","500","S"," ","MOUNT MISERY ROAD","201410452","08/02/2014","Sat","1100","DA","CN1","131A ","FT","E","D","O ","F "," "," ","L","100","0","1","1","","","1427249","4985541",
"Waitaki District","1S/618/11.02",""," ","I","MOERAKI BOULDERS ROAD","201413138","20/04/2014","Sun","1050","JA","4S1V","197A 302B ","","R","D","B ","F ","T","G","P","100","0","0","1","","","1429493","4975683",
"Waitaki District","1S/618/11.32","300","S"," ","MOERAKI BOULDERS ROAD","201412366","02/04/2014","Wed","1100","CC","CS1","125A 351A 404A ","V","R","D","B ","F "," "," ","C","100","0","0","3","","","1429587","4975398",
"Waitaki District","1S/635/0.736",""," ","A","BACK CRK BR","201410189","21/01/2014","Tue","2120","DA","CN1","131A 402A 412A ","B","E","D","TN","F "," "," ","C","100","0","0","1","","","1430628","4970023",
"Waitaki District","1S/635/2.284","5000","N"," ","SHAG POINT ROAD","201437977","06/06/2014","Fri","1439","AD","CN1T","150A 381A ","","E","W","O ","F "," ","N","C","100","0","0","0","","","1429787","4968735",
"Waitaki District","8/169/13.246","100","N"," ","BEN OMAR ROAD","201430739","06/01/2014","Mon","1100","DA","CS1","129A 134A ","C","E","D","BN","F "," ","N","C","100","0","0","0","","","1360283","5072053",
"Waitaki District","8/169/16.478","130","N"," ","SH 83","201437988","15/04/2014","Tue","0233","GB","CN14","158B 929 ","","E","D","DO","F ","D","N","P","050","0","0","0","","","1358832","5069555",
"Waitaki District","8/202/12.707","2500","E"," ","LINDIS PASS SUMMIT","201412662","17/04/2014","Thu","1523","DB","CN1","111A 131A ","C","M","W","ON","LS"," ","N","C","100","0","0","1","","","1334586","5059339",
"Waitaki District","83/22/1.3","1300","N"," ","SMILLIES ROAD","201413381","08/05/2014","Thu","1840","EC","VN1","135A 801 823 ","L","R","W","DN","L "," "," ","C","100","0","0","1","","","1427653","5026314",
"Waitaki District","83/22/12.251",""," ","I","LIVINGSTONE-DUNTROON ROAD","201435947","06/04/2014","Sun","1550","DB","VN2","132A ","C","S","D","ON","F ","T","G","C","100","0","0","0","","","1417507","5030258",
"Waitaki District","83/49/0.006",""," ","A","OTIAKE RIV BR","201412389","10/04/2014","Thu","0945","CC","VS1","358A ","B","R","D","O ","F "," "," ","C","100","0","0","1","","","1405022","5036902",
"Waitaki District","83/49/7.757","200","S"," ","FERGUSON ST","201432461","08/01/2014","Wed","1635","EC","CN1","130A 330A ","DV","R","D","B ","F "," "," ","C","100","0","0","0","","","1400073","5042823",
"Waitaki District","85/0/2.776","400","W"," ","SWITCHBACK ROAD","201412668","15/04/2014","Tue","0700","CA","SE1T","130A ","","R","W","ON","F "," ","N","C","100","0","1","0","","16","1419936","4962804",
"Waitaki District","85/0/3.567","300","S"," ","SUTHERLAND ROAD","201436676","10/05/2014","Sat","0018","EC","4N1","912 ","W","R","D","DN","F "," ","N","C","100","0","0","0","","","1419351","4963308",
"Waitaki District","85/0/7.408","590","S"," ","CRAIG ROAD","201432180","16/02/2014","Sun","1634","DB","CS1","130A 410A ","","E","D","B ","F "," ","N","C","100","0","0","0","","","1417293","4966537",
"Waitaki District","85/0/14.476","630","N"," ","BLACKSMITH ROAD","201412258","11/05/2014","Sun","1629","NA","VS1E","713B 719B 726B ","","E","D","B ","F "," ","N","C","100","0","1","0","6","","1413996","4972294",
"Waitomo District","ELLISON AVENUE","20","E"," ","MANGARINO ROAD","201437788","21/05/2014","Wed","1720","JA","CS1C","303B 370B 801 ","","M","W","TO","L ","T","N","N","050","0","0","0","","","1789296","5755751",
"Waitomo District","PAEKAKA ROAD","840","S"," ","ARIA ROAD","201430142","24/01/2014","Fri","1545","DA","CW1","111A 131A 632A ","C","E","D","BN","F "," "," ","N","100","0","0","0","","","1774496","5734189",
"Waitomo District","PUKERIMU ROAD","150","N"," ","KOPAKI ROAD","201431107","17/02/2014","Mon","1004","BB","VS1C","123A ","","E","D","B ","F "," ","N","N","050","0","0","0","","","1795300","5737711",
"Waitomo District","RORA ST","30","N"," ","KING ST","201430720","30/01/2014","Thu","1020","MO","VN14","371A ","M","R","D","BF","F "," ","N","C","050","0","0","0","","","1789163","5754943",
"Waitomo District","RURU ST",""," ","I","TUI ST","201437791","12/05/2014","Mon","1450","KB","CN1C","302B 335B ","F","R","W","O ","F ","X","G","C","050","0","0","0","","","1775809","5740292",
"Waitomo District","SH 3","760","N"," ","GADSBY ROAD","201436013","04/04/2014","Fri","1720","BF","CN1C","111A 137A 153A ","F","M","D","BF","F "," ","N","C","100","0","0","0","","","","",
"Waitomo District","SOUTH ST","40","E"," ","KENT ST","201436366","25/03/2014","Tue","1410","EA","CE1C","129A ","M","R","D","OF","F "," ","N","N","050","0","0","0","","","1788959","5754006",
"Waitomo District","TE ANGA ROAD","850","W"," ","TUMUTUMU ROAD","201436000","09/03/2014","Sun","1635","CC","CE1","130A 410A ","C","R","D","BN","F "," ","N","C","100","0","0","0","","","1783386","5763826",
"Waitomo District","WAITOMO VALLEY ROAD","860","N"," ","TE ANGA ROAD","201432509","21/01/2014","Tue","1005","DB","CS1","111A 131A ","","E","W","O ","F "," ","N","C","100","0","0","0","","","1785173","5763851",
"Waitomo District","3/63/1.338","700","N"," ","WAITOMO CAVES ROAD","201410733","21/03/2014","Fri","1029","DB","CN1","121A 131A ","FZ","E","D","B ","F "," ","N","C","100","0","0","1","","","1790898","5764519",
"Waitomo District","3/65/0",""," ","I","SH 37","201437793","14/05/2014","Wed","1114","LB","VN1C","197A 303B 382B ","","R","W","OF","F ","T","S","C","100","0","0","0","","","1790821","5763837",
"Waitomo District","3/65/0.051",""," ","I","MANGARINO ROAD","201410730","19/03/2014","Wed","1622","JA","CN1C","301B 375B ","","E","D","B ","F ","T","S","C","070","0","0","1","","","1790809","5763788",
"Waitomo District","3/65/0.3","300","S"," ","SH 37","201437672","02/06/2014","Mon","1021","MC","CS1C","197A 363B 372B 404B 902 ","","M","D","B ","F "," "," ","C","100","0","0","0","","","1790694","5763567",
"Waitomo District","3/65/1.051","1000","S"," ","MANGARINO ROAD","201437783","31/05/2014","Sat","0930","CB","CS1","130A ","T","R","D","B ","F "," "," ","C","100","0","0","0","","","1790203","5763013",
"Waitomo District","3/65/6.372","1000","N"," ","SH 4","201432511","19/01/2014","Sun","1155","DA","CS1","129A 134A ","FP","E","D","B ","F "," ","N","C","100","0","0","0","","","1787623","5758845",
"Waitomo District","3/65/7.402","30","S"," ","TE KUMI STATION ROAD","201411926","03/03/2014","Mon","1525","MC","CN1C","372B ","","R","D","BF","F "," ","N","C","100","0","0","2","","","1787620","5757819",
"Waitomo District","3/65/8.579","600","N"," ","GADSBY ROAD","201437794","11/05/2014","Sun","0945","GE","CN1T","160A 387A 927 ","","R","D","B ","F ","D"," ","C","100","0","0","0","","","1787571","5756687",
"Waitomo District","3/65/10.196","50","N"," ","HOSPITAL ROAD","201412510","22/04/2014","Tue","1509","EC","PS1","130A 191A 195A 911 ","W","R","D","O ","F "," "," ","C","050","0","1","0","","","1788579","5755465",
"Waitomo District","3/65/10.785",""," ","I","WARD ST","201430117","16/01/2014","Thu","0932","HA","CN1V","301B 375B 402B ","","R","D","OF","F ","X","S","C","050","0","0","0","","","1788998","5755062",
"Waitomo District","3/76/2.112","800","N"," ","MANGATEA ROAD","201432744","24/02/2014","Mon","1604","AD","CS1T","135A 804 ","","E","D","B ","F "," "," ","C","100","0","0","0","","","1788650","5752800",
"Waitomo District","3/76/2.212","700","N"," ","MANGATEA ROAD","201411095","24/02/2014","Mon","1750","AD","CS1T","135A 804 ","F","M","D","B ","F "," "," ","L","100","0","0","1","","","1788608","5752711",
"Waitomo District","3/76/6.842","1000","N"," ","MARAETAUA ROAD","201435035","14/04/2014","Mon","1855","EO","CN1","341A ","D","E","D","DN","F "," ","N","C","100","0","0","0","","","1786363","5750022",
"Waitomo District","3/76/11.513","150","E"," ","SH 4","201432562","20/01/2014","Mon","1938","DA","CW1","111A 131A ","F","M","W","TN","F "," ","N","C","100","0","0","0","","","1784249","5746146",
"Waitomo District","3/88/10.726","100","W"," ","TUI ST E","201413703","25/05/2014","Sun","1543","GE","VE1C","101A 927 ","","R","D","OF","F ","D","N","C","050","0","0","1","","","1776071","5740623",
"Waitomo District","3/88/10.746","120","W"," ","KURATAHI ST","201413749","09/06/2014","Mon","1335","DA","CE1","410A 411A ","B","E","W","OF","L "," ","N","C","050","0","0","1","","","1776052","5740619",
"Waitomo District","3/103/6.352","5110","W"," ","PAEKAKA ROAD","201432513","22/01/2014","Wed","1955","DB","CS1","134A 631A ","C","M","D","TN","F "," ","N","C","100","0","0","0","","","1767465","5735718",
"Waitomo District","3/103/10.096","7500","S"," ","PAEKAKA ROAD","201400066","28/03/2014","Fri","1040","EO","CN1","826 ","D","R","D","B ","F "," "," ","C","100","1","0","1","","","1765838","5733114",
"Waitomo District","3/118/9.526","2100","W"," ","PAPAKAURI ROAD S","201411925","20/02/2014","Thu","0925","DB","TE1","111A 131A ","","S","D","BN","F "," ","N","C","100","0","1","0","","","1755385","5725532",
"Waitomo District","3/118/14.126","6700","S"," ","PAPAKAURI ROAD","201435557","20/04/2014","Sun","0900","DA","CN1","111A 131A 402A 801 ","E","M","W","O ","L "," "," ","C","100","0","0","0","","","1751885","5723777",
"Waitomo District","30/0/0.078",""," ","A","AWAKINO ROAD RAIL XING","201413397","17/05/2014","Sat","1045","DB","4E1","130A 427A ","C","E","W","O ","F "," "," ","C","050","0","1","1","","","1789471","5754495",
"Waitomo District","30/0/1.509","5","N"," ","BEROS ROAD","201432737","21/02/2014","Fri","0918","MC","TS1T","387A 372B ","","R","D","B ","F ","T","G","C","100","0","0","0","","","1790641","5753791",
"Waitomo District","30/0/1.814","300","S"," ","BEROS ROAD","201412112","26/04/2014","Sat","0400","DA","4S1","131A 517A ","FP","M","W","DO","F "," "," ","C","100","0","0","1","","","1790732","5753502",
"Waitomo District","30/14/8.384","150","E"," ","KOPAKI ROAD","201432750","23/02/2014","Sun","1930","DA","CS1","131A 191A ","G","S","D","B ","F "," "," ","C","100","0","0","0","","","1798349","5738649",
"Waitomo District","30/30/10.999","2000","E"," ","MANGAOKEWA ROAD W","201432512","05/01/2014","Sun","1310","DB","CE1","134A 358A ","C","M","W","O ","F "," ","N","C","100","0","0","0","","","1811615","5736380",
"Waitomo District","4/0/5.131","1830","N"," ","PUKERIMU ROAD","201413394","26/05/2014","Mon","1115","DB","CN1","131A 350A 804 ","EV","M","D","O ","F "," "," ","C","100","0","0","1","","","1787253","5742996",
"Waitomo District","4/0/8.461","1500","S"," ","PUKERIMU ROAD","201413395","31/05/2014","Sat","1300","CC","CS1","131A 412A ","F","R","D","B ","F "," "," ","C","100","0","0","1","","","1789152","5740746",
"Waitomo District","4/0/13.822","1650","N"," ","KOPAKI ROAD","201434786","29/04/2014","Tue","1950","EC","CN1","821 ","X","M","D","DN","F "," ","N","C","100","0","0","0","","","1791126","5736428",
"Waitomo District","4/0/14.378","2200","S"," ","MAPARA NORTH ROAD","201432906","28/02/2014","Fri","2030","DA","CW1","131A 191A 404A ","EFX","M","D","DN","F "," "," ","C","100","0","0","0","","","1791645","5736475",
"Waitomo District","4/0/14.572","900","N"," ","KOPAKI ROAD","201400113","19/05/2014","Mon","0838","DC","CN1","111A 131A 404A 632A ","CSV","M","W","O ","F "," "," ","C","100","1","1","4","","","1791826","5736535",
"Waitomo District","4/0/14.972","500","N"," ","KOPAKI ROAD","201436178","24/04/2014","Thu","1815","EC","4N1","820 ","X","M","W","DN","L "," "," ","C","060","0","0","0","","","1792069","5736237",
"Waitomo District","4/0/15.322","150","N"," ","KOPAKI ROAD","201435562","18/04/2014","Fri","2200","DB","CN1","111A 131A ","V","M","D","DN","F "," "," ","C","100","0","0","0","","","1792241","5735942",
"Waitomo District","4/15/2.638","1760","N"," ","OMARU ROAD","201432749","15/02/2014","Sat","2225","DA","VW1","103A 116A 138A 817 ","","M","D","DN","F "," "," ","N","100","0","0","0","","","1791340","5734282",
"Waitomo District","4/15/4.498","100","S"," ","OMARU ROAD","201411840","07/03/2014","Fri","0816","DB","4S1","195A ","C","E","D","BN","F "," ","N","C","100","0","0","1","","","1789670","5733750",
"Wanganui District","AIRPORT ROAD",""," ","A","LANDGUARD ROAD","201413844","28/05/2014","Wed","1615","DA","4N1","104A 111A 433A ","C","M","D","O ","F "," "," ","N","050","0","0","2","","","","",
"Wanganui District","BABBAGE PLACE","100","E"," ","KAWAU PLACE","201412868","28/01/2014","Tue","1425","NB","CW1E","713B 727B ","","R","D","B ","F "," "," ","C","050","0","0","1","6","","1773474","5579715",
"Wanganui District","BELL ST","80","E"," ","PLYMOUTH ST","201410904","04/02/2014","Tue","0825","CB","CE1","129A 363A 902 ","P","R","D","BF","F "," ","N","C","050","0","0","1","","","1775093","5578341",
"Wanganui District","BRASSEY ROAD","270","N"," ","SH 3","201413714","10/03/2014","Mon","0900","JA","SN1V","204A 308B 929 ","","R","D","BF","F ","D","N","C","050","0","0","1","","70","1774128","5579801",
"Wanganui District","BRUNSWICK ROAD","390","E"," ","RANGITATAU EAST ROAD","201431473","03/02/2014","Mon","1445","AO","TW1O","818 ","","R","D","BN","F "," ","N","C","100","0","0","0","","","1767192","5588772",
"Wanganui District","CORNFOOT ST",""," ","I","MANUKA ST","201411886","05/02/2014","Wed","0805","HA","CS1C","302A ","","R","D","OF","F ","X","G","C","050","0","1","1","","","1769454","5577251",
"Wanganui District","DREWS AVENUE",""," ","I","MOUTOA QUAY","201435613","28/04/2014","Mon","1100","MD","CS1V","371B 801 ","","R","W","O ","L ","T","G","C","050","0","0","0","","","1775736","5577513",
"Wanganui District","DREWS AVENUE","15","E"," ","RIDGWAY ST","201410400","17/01/2014","Fri","2358","CA","PE1","103A 130A ","","R","D","DO","F "," "," ","C","050","0","0","1","","","1775581","5577638",
"Wanganui District","DREWS AVENUE","50","E"," ","RUTLAND ST","201432407","22/02/2014","Sat","1200","MO","CE1C","371B ","M","R","D","B ","F "," "," ","C","050","0","0","0","","","1775673","5577563",
"Wanganui District","DUBLIN ST",""," ","I","VICTORIA AVENUE","201411228","06/01/2014","Mon","1020","NE","CE1E","307A ","","R","D","B ","F ","X","T","C","050","0","0","1","69","","1774630","5578246",
"Wanganui District","DUBLIN ST BRIDGE","50","W"," ","SH 4","201434446","15/04/2014","Tue","0610","BA","CE1T","101A 129A ","","R","D","TO","F "," "," ","C","050","0","0","0","","","1775534","5579073",
"Wanganui District","DUBLIN ST BRIDGE","90","E"," ","SOMME PARADE","201413713","18/03/2014","Tue","0950","BE","CW14","108A 129A ","","R","D","OF","F "," ","N","L","050","0","0","1","","","1775344","5579032",