"TLA NAME","CRASH ROAD","CRASH DIST","CRASH DIRN","INTSN","SIDE ROAD","CRASH ID","CRASH DATE","CRASH DOW","CRASH TIME","MVMT","VEHICLES","CAUSES","OBJECTS STRUCK","ROAD CURVE","ROAD WET","LIGHT","WTHRa","JUNC TYPE","TRAF CTRL","ROAD MARK","SPD LIM","CRASH FATAL CNT","CRASH SEV CNT","CRASH MIN CNT","PERS AGE1","PERS AGE2","EASTING","NORTHING"
"Wanganui District","FAIRBURN ST","50","N"," ","CAMPBELL PLACE","201438352","03/06/2014","Tue","1530","DA","CS1","111A 131A 801 ","K","E","W","O ","L "," "," ","C","050","0","0","0","","","","",
"Wanganui District","FRANCIS ROAD","200","S"," ","CAMERON ROAD EAST","201410973","03/02/2014","Mon","1205","MC","CS1V","372B 375B ","","R","D","BN","F "," ","N","C","100","0","0","1","","","1770117","5580763",
"Wanganui District","GLASGOW ST","30","N"," ","GLOUCESTER ST","201433968","21/03/2014","Fri","1900","LB","CS1C","308B 375B 929 ","","R","D","TF","F ","D","N","C","050","0","0","0","","","1775064","5579495",
"Wanganui District","GLASGOW ST",""," ","I","LOWTHER ST","201430727","14/02/2014","Fri","1430","KB","CW1C","302B 375B ","","R","D","OF","F ","X","G","C","050","0","0","0","","","1775195","5579658",
"Wanganui District","GLASGOW ST",""," ","I","SOMME PARADE","201436649","07/05/2014","Wed","0845","FB","CN1C","181A ","","R","D","B ","F ","T","N","C","050","0","0","0","","","1775243","5579707",
"Wanganui District","GLASGOW ST","15","N"," ","VICTORIA AVENUE","201410402","08/01/2014","Wed","1540","NF","CS1E","308A 376A 927 ","","R","D","O ","F ","D","N","C","050","0","0","1","45","","1774292","5578537",
"Wanganui District","GONVILLE AVENUE","200","N"," ","TAWA ST","201412455","05/03/2014","Wed","1910","GE","CS1V","160A 333A 929 ","","E","D","O ","F ","D"," ","C","050","0","0","2","","","1773505","5576541",
"Wanganui District","GUYTON ST",""," ","I","CAMPBELL ST","201432302","23/01/2014","Thu","1040","HA","4N1C","302B ","","R","D","B ","F ","X","G","R","050","0","0","0","","","1775299","5578019",
"Wanganui District","HARPER ST",""," ","I","KAURI ST","201410401","14/01/2014","Tue","1535","NB","VS1K","727B 929 ","","R","D","B ","F ","D","N","C","050","0","0","1","3","","1772123","5576897",
"Wanganui District","HEADS ROAD","50","E"," ","KINGS AVENUE","201434429","29/04/2014","Tue","1225","MB","4E1C","313A 372B 691B ","","R","D","O ","F "," "," ","C","050","0","0","0","","","1773636","5575935",
"Wanganui District","HEADS ROAD",""," ","I","TAUPO QUAY W","201412601","17/03/2014","Mon","1600","KB","SS1C","302B 375B ","","M","D","BN","F ","T","G","C","050","0","0","1","","56","1774008","5576207",
"Wanganui District","MOSSTON ROAD","290","N"," ","MILL ROAD","201413712","25/04/2014","Fri","1426","DB","CN1C","308B 378B 834 837 929 ","F","M","D","ON","F ","D","N","C","070","0","0","1","","","1771284","5577806",
"Wanganui District","NO 3 LINE","500","E"," ","WAKEFIELD ST","201410971","24/02/2014","Mon","1300","GB","CE1V","144B 927 ","","R","D","BN","F ","D","N","C","100","0","0","1","","","1778134","5579371",
"Wanganui District","PARSONS ST",""," ","I","GREY ST","201412891","09/05/2014","Fri","1315","KA","CN24","101A 101B 302B 375B ","","R","D","B ","F ","R","G","R","050","0","0","1","","","1773468","5578382",
"Wanganui District","PARSONS ST",""," ","I","SPRINGVALE ROAD","201412456","06/04/2014","Sun","1205","LB","CN1S","302A 375A ","","E","D","B ","F ","R","G","R","050","0","0","1","","49","1773480","5578397",
"Wanganui District","PORTAL ST","60","N"," ","STARK ST","201413711","16/05/2014","Fri","1005","BC","CN1C","108A 129A ","","M","W","BF","F "," ","N","C","050","0","0","2","","","1776741","5577252",
"Wanganui District","PURNELL ST",""," ","I","GILLIGAN CLOSE","201431280","06/02/2014","Thu","0832","CB","CE1","136A 621A ","P","R","D","BF","F ","T","N","C","050","0","0","0","","","1774258","5577485",
"Wanganui District","RAPANUI ROAD","360","E"," ","FRANCIS ROAD","201434430","10/04/2014","Thu","2030","BC","CW1C","121A 131A 197B 901 ","CV","S","W","DN","H "," "," ","C","100","0","0","0","","","1770911","5581757",
"Wanganui District","RIDGWAY ST",""," ","I","ST HILL ST","201431318","05/03/2014","Wed","1515","FE","CN1C","181A 387A ","","R","W","OF","L ","X","T","C","050","0","0","0","","","1775412","5577451",
"Wanganui District","RIMU ST","50","E"," ","HARPER ST","201413346","19/05/2014","Mon","0810","MO","MW1","669A ","","R","D","B ","F "," "," ","N","050","0","0","1","","","1772221","5576713",
"Wanganui District","SH 4",""," ","I","JONES ST","201413845","08/06/2014","Sun","1436","HA","CN1S","302A 375A ","","E","D","B ","F ","R","G","C","050","0","0","1","","34","","",
"Wanganui District","SMITHFIELD ROAD",""," ","I","LONDON ST","201413345","25/03/2014","Tue","1440","DC","CS2C","423A ","F","R","D","O ","F ","T","N","P","050","0","0","2","","","1773136","5577451",
"Wanganui District","SOMME PARADE","5","S"," ","BRUNSWICK ROAD","201411975","11/01/2014","Sat","1718","EC","CN1","129A 504A ","P","R","D","BF","F ","T","S","C","050","0","0","1","","","1776172","5580837",
"Wanganui District","SOMME PARADE",""," ","I","DUBLIN ST","201435042","24/04/2014","Thu","0815","HA","CS1C","302A 375A ","","M","D","O ","F ","R","G","C","050","0","0","0","","","1775247","5578997",
"Wanganui District","ST HILL ST",""," ","I","INGESTRE ST","201438603","18/06/2014","Wed","1400","AO","CW1C","372A ","","R","D","O ","F ","X","T","C","050","0","0","0","","","1774896","5577871",
"Wanganui District","ST HILL ST",""," ","I","MARIA PLACE","201410972","04/02/2014","Tue","1614","JA","CE1C","301B 375B ","","R","D","BF","F ","T","S","C","050","0","0","1","","","1775240","5577592",
"Wanganui District","TAUPO QUAY",""," ","I","DREWS AVENUE","201436572","26/05/2014","Mon","1255","GD","CN1C","333A 817 ","","R","D","O ","F ","X","G","C","050","0","0","0","","","1775697","5577544",
"Wanganui District","TAUPO QUAY","15","N"," ","ST HILL ST","201434571","12/03/2014","Wed","1715","LB","CS1C","303B 375B 926 ","","R","D","BF","F ","D","N","C","050","0","0","0","","","1775550","5577360",
"Wanganui District","TAUPO QUAY",""," ","I","VICTORIA AVENUE","201434318","29/03/2014","Sat","1750","LB","CN14","303B ","","R","D","B ","F ","X","T","P","050","0","0","0","","","1775620","5577448",
"Wanganui District","TOTARA ST","50","S"," ","TOI ST","201410974","02/01/2014","Thu","1515","MD","SN1C","204A 308B 371B 929 ","","E","D","BN","F ","D","N","C","050","0","0","1","","22","1772304","5577513",
"Wanganui District","VICTORIA AVENUE","50","E"," ","GLASGOW ST","201437846","09/06/2014","Mon","1730","KB","CE1C","308B 927 ","","R","W","O ","F ","D","N","C","050","0","0","0","","","1774322","5578494",
"Wanganui District","VICTORIA AVENUE","50","N"," ","GLASGOW ST","201431281","20/02/2014","Thu","1740","FD","CN1CC","181A ","","R","D","BF","F "," ","N","C","050","0","0","0","","","1774244","5578557",
"Wanganui District","VICTORIA AVENUE","20","W"," ","GLASGOW ST","201435053","16/04/2014","Wed","1825","MG","CS1C","371B 925 ","","R","W","DO","F ","D","N","C","050","0","0","0","","","1774267","5578538",
"Wanganui District","VICTORIA AVENUE",""," ","I","GLASGOW ST","201431279","04/02/2014","Tue","1415","HA","CN1CV","322B ","","R","D","BF","F ","X","T","C","050","0","0","0","","","1774283","5578525",
"Wanganui District","VICTORIA AVENUE",""," ","I","GLASGOW ST","201431282","11/02/2014","Tue","1438","BF","CS1C","137A ","","R","D","ON","F ","X","T","R","050","0","0","0","","","1774283","5578525",
"Wanganui District","VICTORIA AVENUE","20","E"," ","LIVERPOOL ST","201436651","10/05/2014","Sat","1330","FA","CE1C","181A 330A ","","R","D","B ","F ","T","N","C","050","0","0","0","","","1774472","5578374",
"Wanganui District","VICTORIA AVENUE","30","W"," ","LIVERPOOL ST","201413848","17/04/2014","Thu","1650","FD","CW1C","112A 181A 331A 402A 801 ","","R","W","O ","L "," "," ","C","050","0","0","1","","","","",
"Wanganui District","VICTORIA AVENUE","50","N"," ","TAUPO QUAY","201432303","07/01/2014","Tue","1909","MO","CN1","423A ","X","R","D","B ","F "," "," ","C","050","0","0","0","","","1775582","5577479",
"Wanganui District","VICTORIA AVENUE",""," ","I","TAUPO QUAY","201436652","14/05/2014","Wed","0805","FE","CN1C","181A 330A ","","R","D","O ","F ","X","T","C","050","0","0","0","","","1775620","5577448",
"Wanganui District","WAKEFIELD ST",""," ","I","NO 3 LINE","201433507","28/02/2014","Fri","1825","DA","CS2","111A 131A ","F","E","D","BF","F ","Y","G","P","050","0","0","0","","","1777642","5579391",
"Wanganui District","WARRENGATE ROAD","1220","N"," ","SH 3","201413021","25/05/2014","Sun","1555","CB","CS1","112A 350A 817 ","C","R","D","ON","F "," ","N","N","100","0","0","2","","","1785421","5571998",
"Wanganui District","WHANGANUI RIVER ROAD","1410","W"," ","OTARANOHO ROAD","201437931","10/06/2014","Tue","1350","AF","TS1C","150A 137B ","P","M","W","O ","L "," ","N","N","100","0","0","0","","","1777043","5620296",
"Wanganui District","WICKSTEED ST","80","E"," ","DUBLIN ST","201437638","23/05/2014","Fri","1100","JA","CN1C","308B 377B 839 927 ","","R","D","O ","F ","D","N","C","050","0","0","0","","","1774769","5578292",
"Wanganui District","WICKSTEED ST","40","N"," ","GLASGOW ST","201436506","16/05/2014","Fri","","EA","CS1C","129A ","M","R","D","DO","F "," "," ","C","050","0","0","0","","","1774330","5578646",
"Wanganui District","WICKSTEED ST",""," ","I","LIVERPOOL ST","201412600","24/03/2014","Mon","1658","HA","CW14","302B 375B ","","R","D","BF","F ","X","G","C","050","0","0","1","","","1774534","5578482",
"Wanganui District","WILSON ST",""," ","I","INGESTRE ST","201434447","11/04/2014","Fri","1018","CC","CW1","136A 653A ","CS","R","D","O ","F ","X","T","C","050","0","0","0","","","1774743","5577684",
"Wanganui District","WILSON ST",""," ","I","RIDGWAY ST","201434319","26/03/2014","Wed","1506","HA","CN2C","301A ","","R","D","B ","F ","X","S","R","050","0","0","0","","","1775262","5577264",
"Wanganui District","YORK ST","30","W"," ","ALMA ROAD","201412457","29/04/2014","Tue","0819","NB","CE1E","711B 727B ","","R","W","O ","F "," "," ","P","050","0","0","1","7","","1772934","5576946",
"Wanganui District","Z BCH CASTLECLIFF","400","S"," ","FACILITY ACCESS","201411891","26/02/2014","Wed","1800","CA","MW1","135A 812 ","","R","D","BN","FS"," ","N","N","050","0","1","0","","","1769063","5576841",
"Wanganui District","3/384/1.971","300","W"," ","SMITH ROAD","201411586","03/02/2014","Mon","1020","ED","TE1O","341A ","Q","R","D","BN","F "," ","N","C","100","0","1","0","","","1766361","5586584",
"Wanganui District","3/384/4.142","300","N"," ","WICKSTEED ROAD","201436189","26/04/2014","Sat","1921","EC","CN1","915 ","W","R","D","DN","F "," "," ","C","100","0","0","0","","","1768283","5585852",
"Wanganui District","3/384/4.642","200","S"," ","WICKSTEED ROAD","201436187","03/05/2014","Sat","1450","MC","CN14","372B ","","E","D","B ","F "," "," ","C","100","0","0","0","","","1768728","5585627",
"Wanganui District","3/384/10.894","20","N"," ","TIRIMOANA PLACE","201433969","17/03/2014","Mon","1640","FA","CS1V","130A 400A 410A ","","R","D","B ","F "," ","N","C","070","0","0","0","","","1772474","5580969",
"Wanganui District","3/384/14.6",""," ","I","GLASGOW ST","201434443","08/04/2014","Tue","1520","KA","TS1C","309B 353B ","","M","D","O ","F ","T","N","R","050","0","0","0","","","1773880","5578379",
"Wanganui District","3/384/14.844",""," ","I","GREY ST","201411887","28/01/2014","Tue","1516","LB","CN1M","303B ","","R","D","OF","F ","X","T","C","050","0","0","1","","","1773727","5578189",
"Wanganui District","3/384/15.447",""," ","I","LONDON ST","201433506","22/01/2014","Wed","0940","JC","CS1V","302A 402A ","","M","D","OF","F ","Y","G","C","050","0","0","0","","","1773347","5577721",
"Wanganui District","3/384/15.986","120","N"," ","SMITHFIELD ROAD","201412511","19/04/2014","Sat","1700","PC","CS1E","350A 371A 402A 929 ","","R","D","B ","F ","D"," ","P","050","0","0","1","79","","1773686","5577319",
"Wanganui District","3/402/0.016",""," ","I","WIKITORIA ROAD","201434569","13/03/2014","Thu","1930","DB","CE2","103A 131A ","","E","D","BF","F ","R","G","R","050","0","0","0","","","1775199","5575941",
"Wanganui District","3/402/10.73","210","N"," ","WARRENGATE ROAD","201437691","27/04/2014","Sun","0630","CC","CS1","130A 412A ","FV","R","D","O ","F "," "," ","L","100","0","0","0","","","1784404","5571290",
"Wanganui District","4/176/11.097","3090","S"," ","TE HUE ROAD","201435820","05/03/2014","Wed","0800","DA","CS1","111A 131A ","C","M","W","ON","H "," ","N","C","100","0","0","0","","","1800160","5603400",
"Wanganui District","4/188/1.135","350","N"," ","MACINTOSHS ROAD","201412807","21/04/2014","Mon","1340","BF","CS1C","102A 111A 131A 102B ","","S","W","B ","F "," "," ","C","100","0","0","2","","","1799444","5601938",
"Wanganui District","4/188/11.882","600","N"," ","HAWKEN ROAD","201412516","10/04/2014","Thu","0110","DA","VN1","102A 111A 131A 402A 904 ","C","M","D","DN","M "," "," ","C","100","0","0","1","","","1797928","5593625",
"Wanganui District","4/188/12.082","400","N"," ","HAWKEN ROAD","201410199","20/01/2014","Mon","2150","DB","TS1","131A 197A ","V","E","W","DN","H "," "," ","C","100","0","0","1","","","1797976","5593433",
"Wanganui District","4/206/1.833","840","W"," ","OTAMOA ROAD","201434445","01/02/2014","Sat","0330","DB","CW1","410A ","C","E","D","DN","F "," "," ","C","100","0","0","0","","","1792499","5593295",
"Wanganui District","4/206/5.609","2000","E"," ","PARIHAUHAU ROAD","201411999","14/03/2014","Fri","0800","DA","CS1","131A ","ET","M","D","ON","M "," ","N","C","100","0","0","1","","","1789333","5592949",
"Wanganui District","4/206/5.659","1950","E"," ","PARIHAUHAU ROAD","201412454","09/04/2014","Wed","0840","DB","CN1","111A 131A 503A 632A ","V","M","W","O ","F "," "," ","C","100","0","0","2","","","1789297","5592915",
"Wanganui District","4/223/13.713",""," ","I","PORTAL ST","201434320","02/04/2014","Wed","1640","MB","CW2C","302A ","","E","D","O ","F ","T","G","R","050","0","0","0","","","1775952","5577497",
"Wanganui District","4/223/13.959",""," ","I","WANGANUI CITY BRIDGE","201436650","10/05/2014","Sat","1540","GF","CS1C","150A 381A 386A ","","M","D","O ","F ","X","G","C","050","0","0","0","","","1775819","5577288",
"Wellington City","ADELAIDE ROAD",""," ","I","ALFRED ST","201412339","10/04/2014","Thu","1100","MC","SN1C","372B ","","R","D","O ","F ","T","G","P","050","0","0","1","","34","1748989","5426219",
"Wellington City","ADELAIDE ROAD",""," ","I","BRITOMART ST","201433491","23/03/2014","Sun","2201","LB","CN1C","303B 375B ","","R","D","DO","F ","X","T","P","050","0","0","0","","","1748579","5424122",
"Wellington City","ADELAIDE ROAD",""," ","I","BROWN ST","201435987","08/04/2014","Tue","1545","FD","4S1C","181A ","","R","W","OF","L ","T","G","C","050","0","0","0","","","1748960","5426106",
"Wellington City","ADELAIDE ROAD",""," ","I","DRUMMOND ST","201411905","28/02/2014","Fri","0827","GB","MN1C","101B 372B ","","R","D","BF","F ","X","G","C","050","0","0","1","","","1748893","5425844",
"Wellington City","ADELAIDE ROAD",""," ","I","JOHN ST","201410681","24/02/2014","Mon","1135","FE","VN1C","420A 610A ","","R","D","B ","F ","X","T","C","050","0","0","1","","","1748832","5425608",
"Wellington City","ADELAIDE ROAD",""," ","I","KING ST","201410418","30/01/2014","Thu","1556","LB","MN1V","303B 314B ","","R","D","B ","F ","T","G","C","050","0","0","1","","","1748937","5426020",
"Wellington City","ADELAIDE ROAD","20","N"," ","OXFORD ST","201412725","10/04/2014","Thu","1638","JA","SS1C","308B 375B 839 922 ","","R","W","OF","L ","D","N","P","050","0","0","1","","45","1748951","5426072",
"Wellington City","ADELAIDE ROAD","100","S"," ","RIDDIFORD ST","201430708","03/02/2014","Mon","1930","EA","CN1C","129A ","Q","R","D","BF","F "," ","N","C","050","0","0","0","","","1748807","5425511",
"Wellington City","ADELAIDE ROAD","100","S"," ","SH 1N","201413135","15/05/2014","Thu","1036","GB","SN1C","158A 175B 372B 924 ","","R","D","B ","F ","D"," ","P","050","0","0","1","","24","1748980","5426188",
"Wellington City","AITKEN ST","15","E"," ","GUTHRIE ST","201435620","22/04/2014","Tue","1718","ME","CE1C","387A 372B ","","R","D","O ","F "," "," ","N","050","0","0","0","","","1749007","5428966",
"Wellington City","ALLEN ST","5","N"," ","COURTENAY PLACE","201430348","11/01/2014","Sat","0300","MO","4N1X","103A 386A ","M","R","D","DO","F ","T","N","N","030","0","0","0","","","1749211","5427111",
"Wellington City","ALLINGTON ROAD","50","E"," ","THURLEIGH GROVE","201432201","17/02/2014","Mon","1627","CC","CW1","501A ","C","R","D","B ","F "," "," ","C","050","0","0","0","","","1744161","5427693",
"Wellington City","AOTEA QUAY",""," ","I","AOTEA ON NBD","201435076","04/05/2014","Sun","1120","AA","CN1C","372A 381A ","","R","D","B ","F ","T","N","C","070","0","0","0","","","1749546","5430121",
"Wellington City","ARLINGTON ST","40","W"," ","TORRENS TERRACE","201435149","12/02/2014","Wed","1600","MO","CS1V","101A 371A 926 ","","E","D","B ","F ","D","N","N","050","0","0","0","","","1748388","5426506",
"Wellington City","ARO ST",""," ","I","ADAMS TERRACE","201411954","26/03/2014","Wed","1648","LB","4E1S","303B 375B ","","M","D","BF","F ","T","N","C","050","0","0","1","","24","1747600","5427050",
"Wellington City","AWARUA ST","300","N"," ","KHANDALLAH ROAD","201413154","06/05/2014","Tue","1620","BA","CN14","363A 370A 386A 818 902 ","","R","D","B ","F "," "," ","N","050","0","0","1","","","1748584","5432454",
"Wellington City","BALLANCE ST","200","N"," ","FEATHERSTON ST","201435160","08/04/2014","Tue","2230","EA","CN1C","386A ","M","R","D","DO","F "," ","N","C","050","0","0","0","","","1748776","5428609",
"Wellington City","BALLANCE ST",""," ","I","FEATHERSTON ST","201431313","05/03/2014","Wed","0840","LB","CE1C","302A 353A ","","E","D","OF","L ","X","G","C","050","0","0","0","","","1748888","5428443",
"Wellington City","BAY ROAD","5","N"," ","COUTTS ST","201433111","30/01/2014","Thu","1227","MO","TS1C","386B 902 927 ","","R","D","B ","F ","D","N","C","050","0","0","0","","","1750179","5424180",
"Wellington City","BAY ROAD","20","N"," ","COUTTS ST","201435583","30/04/2014","Wed","1130","AO","4N1C","150A 386A ","","R","D","B ","F "," "," ","C","050","0","0","0","","","1750182","5424194",
"Wellington City","BAY ROAD","40","S"," ","RONGOTAI ROAD","201430909","26/02/2014","Wed","1620","EA","CS14","129A ","M","R","D","BF","F "," ","N","C","050","0","0","0","","","1750229","5424359",
"Wellington City","BEACON HILL ROAD",""," ","I","TANNADYCE ST","201434995","19/04/2014","Sat","2340","BF","CN1C","111A 131A ","","E","W","DN","L ","T","N","N","050","0","0","0","","","1752979","5423386",
"Wellington City","BEAUCHAMP ST",""," ","I","KARORI ROAD","201434402","26/03/2014","Wed","1630","MO","CN1C","350B 371B ","","M","D","O ","F ","T","G","P","050","0","0","0","","","1745452","5428164",
"Wellington City","BEAZLEY AVENUE",""," ","I","PAULINE WAY","201410680","24/02/2014","Mon","0750","EA","CE1T","330A 370A ","M","R","D","B ","F ","T","N","C","050","0","0","1","","","1752605","5435778",
"Wellington City","BOLTON ST",""," ","I","MOWBRAY ST","201410509","23/01/2014","Thu","1740","LB","SN1C","303B 375B ","","R","D","BF","F ","T","N","C","050","0","0","1","","47","1748621","5428691",
"Wellington City","BOLTON ST","15","W"," ","THE TERRACE","201437157","28/05/2014","Wed","0802","AO","TE1C","125A 129A ","","R"," "," F","  "," ","N","N","050","0","0","0","","","1748673","5428695",
"Wellington City","BOND ST",""," ","I","VICTORIA ST","201437154","30/05/2014","Fri","2000","JC","CW1C","302A 375A ","","R","D","DO","F ","T","G","N","050","0","0","0","","","1748711","5427594",
"Wellington City","BOWEN ST",""," ","I","LAMBTON QUAY","201435159","09/04/2014","Wed","0850","MC","4N1C","372B ","","R","D","B ","F ","X","G","C","050","0","0","0","","","1748819","5428688",
"Wellington City","BOWEN ST",""," ","I","THE TERRACE","201431463","07/02/2014","Fri","2208","JA","CW1X","322A 334A ","","R","D","DO","F ","T","T","R","050","0","0","0","","","1748701","5428774",
"Wellington City","BOX HILL",""," ","I","CLARK ST","201437692","07/06/2014","Sat","1915","KA","CN1C","145A 370A 302B 387B ","","E","D","DO","F ","T","G","C","050","0","0","0","","","1750048","5432525",
"Wellington City","BOX HILL","20","S"," ","WOODMANCOTE ROAD","201410115","13/01/2014","Mon","1327","NB","CS1E","719B ","","R","D","B ","F "," "," ","C","050","0","0","1","20","","1750106","5432636",
"Wellington City","BRACKEN ROAD","100","N"," ","OSWALD CRESCENT","201436832","16/05/2014","Fri","1529","GD","CN1C","333A 363A 370A 902 929 ","","E","D","B ","F ","D"," ","C","050","0","0","0","","","1752781","5435096",
"Wellington City","BREAKER BAY ROAD","340","S"," ","PASS OF BRANDA","201413109","11/05/2014","Sun","1504","MC","MS1C","372B 402B ","","E","D","B ","F "," "," ","C","050","0","1","0","","","1753146","5422830",
"Wellington City","BROADWAY",""," ","I","CRAWFORD GREEN W","201433870","11/04/2014","Fri","1308","JA","CE1C","302B ","","R","W","O ","L ","T","G","C","050","0","0","0","","","1751895","5423548",
"Wellington City","BROADWAY",""," ","I","STRATHMORE AVENUE","201430710","30/01/2014","Thu","1945","HA","CW1C","302A 375A ","","R","D","DO","F ","R","G","R","050","0","0","0","","","1752348","5423615",
"Wellington City","BROADWAY","20","W"," ","WAYSIDE WEST","201436929","23/03/2014","Sun","0122","CC","CE1C","103A 130A ","M","R","D","DO","F "," "," ","C","050","0","0","0","","","1751709","5423542",
"Wellington City","BRODERICK ROAD","15","W"," ","JOHNSONVILLE ROAD","201435372","03/04/2014","Thu","1740","FD","CW1M","181A 902 ","","R","D","B ","F "," "," ","C","050","0","0","0","","","1751468","5434721",
"Wellington City","BROOKLYN ROAD","80","N"," ","NAIRN ST S","201412145","07/04/2014","Mon","0835","MC","MN1C","372B ","","E","W","O ","L "," "," ","L","050","0","0","1","","","1748110","5426359",
"Wellington City","BROOKLYN ROAD","30","E"," ","OHIRO ROAD","201437025","17/05/2014","Sat","1620","FD","CE1C","110A 181A ","","M","D","B ","F "," "," ","C","050","0","0","0","","","1747723","5426136",
"Wellington City","BROOKLYN ROAD",""," ","I","OHIRO ROAD","201433432","15/03/2014","Sat","2155","DA","CN1","132A 402A 901 ","P","M","W","DO","HS","T","N","C","050","0","0","0","","","1747693","5426137",
"Wellington City","BROOKLYN ROAD",""," ","I","OHIRO ROAD","201412266","12/05/2014","Mon","1555","DA","BW1","330A 386A ","P","M","D","O ","F ","T","N","P","050","0","0","1","","","1747693","5426137",
"Wellington City","BROOKLYN ROAD",""," ","I","WILLIS ST","201431310","20/02/2014","Thu","1723","FE","PW24","181A ","","R","D","BF","F ","T","T","C","050","0","0","0","","","1748205","5426734",
"Wellington City","BROOKLYN TERRACE",""," ","I","OHIRO ROAD","201433253","24/02/2014","Mon","0830","LB","XS1C","302A 375A ","","M","D","BF","F ","Y","G","C","050","0","0","0","","","1747687","5426126",
"Wellington City","BRUSSELS ST","15","E"," ","PARK ROAD","201435607","06/05/2014","Tue","0950","AC","CN1C","372A ","","R","D","B ","F ","X","G","C","050","0","0","0","","","1752226","5424849",
"Wellington City","BUCKLE ST","25","E"," ","SH 1N","201413763","04/06/2014","Wed","0908","MC","CE1S","372B ","","S","D","BF","F "," ","N","C","050","0","0","1","","12","1749092","5426456",
"Wellington City","BUCKLEY ROAD","200","S"," ","ORCHY CRESCENT","201433405","29/03/2014","Sat","1900","EA","CN1C","129A ","M","R","D","DO","F "," ","N","C","050","0","0","0","","","1748794","5421499",
"Wellington City","BUCKLEY ROAD","100","S"," ","SOUTHGATE ROAD","201431490","06/03/2014","Thu","2330","EA","CS1V","129A ","M","R","D","DO","F "," ","N","C","050","0","0","0","","","1749226","5422785",
"Wellington City","BUCKLEY ROAD","420","S"," ","SOUTHGATE ROAD","201437653","09/05/2014","Fri","0400","EA","CS1C","101A 129A ","M","M","D","DO","F "," "," ","C","050","0","0","0","","","1749307","5422496",
"Wellington City","BUNNY ST","15","W"," ","WATERLOO QUAY","201410288","12/02/2014","Wed","1457","PC","VE1E","371A 926 ","","R","D","B ","F ","D","N","C","050","0","0","1","39","","1749091","5428613",
"Wellington City","BUNNY ST",""," ","I","WATERLOO QUAY","201433966","13/04/2014","Sun","0020","FE","CE1C","112A 181A ","","R","D","DO","F ","T","T","C","050","0","0","0","","","1749102","5428604",
"Wellington City","BURMA ROAD","300","S"," ","HAUMIA ST","201432335","05/02/2014","Wed","1635","FC","CN1CC","181A 331A 181B ","","R","D","O ","F "," "," ","P","050","0","0","0","","","1750712","5433968",
"Wellington City","BURMA ROAD",""," ","I","HAUMIA ST","201413016","16/05/2014","Fri","1518","DA","CS14","111A 131A 507A ","MP","M","D","BF","F ","R","G","R","050","0","0","1","","","1750877","5434210",
"Wellington City","BURMA ROAD",""," ","I","JOHN SIMS DRIVE","201435918","04/04/2014","Fri","1350","KB","CN1V","302B 375B ","","R","D","BF","F ","T","G","C","050","0","0","0","","","1750687","5433490",
"Wellington City","CABLE ST","10","W"," ","CHAFFERS ST","201433743","09/04/2014","Wed","0945","AA","CE1X","372A ","","R","W","O ","M ","T","T","C","050","0","0","0","","","1749344","5427312",
"Wellington City","CABLE ST","100","W"," ","TORY ST","201436071","10/05/2014","Sat","1750","AC","TW1C","372A 671A ","","R","D","DO","F "," ","N","C","050","0","0","0","","","","",
"Wellington City","CABLE ST",""," ","I","TORY ST","201430746","03/01/2014","Fri","1330","FE","CE1X","181A ","","R","W","OF","H ","T","T","C","050","0","0","0","","","1749241","5427357",
"Wellington City","CALEDONIA ST","20","E"," ","MIRO ST","201432089","14/02/2014","Fri","2250","CA","CE1","101A 130A ","IT","R","D","DO","F "," ","N","R","050","0","0","0","","","1751583","5424012",
"Wellington City","CAMBRIDGE TERRACE","100","S"," ","SH 1N","201430286","15/01/2014","Wed","2200","MO","CN1C","371A ","M","R","D","DO","F "," "," ","C","050","0","0","0","","","1749156","5426642",
"Wellington City","CARLTON GORE ROAD","10","N"," ","MAIDA VALE ROAD","201435085","01/04/2014","Tue","","MO","CN1C","386A ","M","R","W","B ","F ","T","N","C","050","0","0","0","","","1750844","5427681",
"Wellington City","CARLTON GORE ROAD",""," ","I","MAIDA VALE ROAD","201411071","22/02/2014","Sat","1435","BF","MS1C","131A 402A 903 ","","M","D","B ","FS","T","N","C","050","0","0","1","","","1750845","5427671",
"Wellington City","CASHMERE AVENUE","50","N"," ","IZARD ROAD","201413376","04/06/2014","Wed","1215","EA","CS1C","129A ","M","R","D","B ","F "," "," ","L","050","0","0","1","","","1750455","5432431",
"Wellington City","CENTENNIAL SBD",""," ","I","GLOVER ST","201413313","08/05/2014","Thu","0837","LB","SE14","377A 377B ","","R","D","B ","F ","T","S","P","100","0","0","1","","47","1751931","5432729",
"Wellington City","CHILKA ST","20","W"," ","BURWAH ST","201436398","18/04/2014","Fri","1250","LB","CE1C","303B 375B 925 ","","R","D","BF","F ","D","N","C","050","0","0","0","","","1748478","5423962",