"TLA NAME","CRASH ROAD","CRASH DIST","CRASH DIRN","INTSN","SIDE ROAD","CRASH ID","CRASH DATE","CRASH DOW","CRASH TIME","MVMT","VEHICLES","CAUSES","OBJECTS STRUCK","ROAD CURVE","ROAD WET","LIGHT","WTHRa","JUNC TYPE","TRAF CTRL","ROAD MARK","SPD LIM","CRASH FATAL CNT","CRASH SEV CNT","CRASH MIN CNT","PERS AGE1","PERS AGE2","EASTING","NORTHING"
"Wellington City","CHURCHILL DRIVE",""," ","I","BLACKBRIDGE ROAD","201434895","16/04/2014","Wed","1645","DB","CS1","129A 131A ","K","E","W","OF","H ","T","G","R","050","0","0","0","","","1747702","5430570",
"Wellington City","CHURTON DRIVE","20","S"," ","HALSWATER DRIVE","201430752","30/01/2014","Thu","1830","CC","CN1","137A ","Z","R","D","BF","F "," ","N","N","050","0","0","0","","","1751588","5436648",
"Wellington City","COBHAM DRIVE","40","N"," ","SH 1N CALABAR","201432086","18/02/2014","Tue","1540","FD","CS1C","423A ","","R","D","B ","F "," "," ","R","070","0","0","0","","","1751471","5424561",
"Wellington City","COCHRANE ST","90","N"," ","MOA POINT ROAD","201437057","31/05/2014","Sat","2325","CA","CN1","103A 402A 433A ","CH","R","D","DO","F "," "," ","C","050","0","0","0","","","1750943","5423309",
"Wellington City","COCKAYNE ROAD","150","S"," ","QUETTA ST","201413134","24/05/2014","Sat","1230","EA","CS1C","129A 378A 831 901 ","M","M","W","O ","H "," "," ","C","050","0","0","1","","","1748886","5431586",
"Wellington City","COLLINS AVENUE","40","E"," ","FINDLAY ST","201437971","09/06/2014","Mon","1424","MB","CW1C","372B 380B ","","R","W","O ","L "," ","N","C","050","0","0","0","","","1753722","5442156",
"Wellington City","CONSTABLE ST","15","W"," ","COROMANDEL ST","201432337","08/02/2014","Sat","1353","MD","4W1C","308B 371B 929 ","","R","W","O ","L ","D","N","C","050","0","0","0","","","1749522","5424996",
"Wellington City","CONSTABLE ST",""," ","I","DANIELL ST","201410287","13/02/2014","Thu","1925","LB","SE1C","303B 375B ","","M","D","B ","F ","X","T","C","040","0","0","1","","24","1749193","5424928",
"Wellington City","CONSTABLE ST",""," ","I","HIROPI ST","201435183","03/04/2014","Thu","1415","ND","CE1E","194A 711B ","P","R","D","B ","F ","T","N","C","050","0","0","0","","","1749445","5424982",
"Wellington City","COURTENAY PLACE","30","W"," ","CAMBRIDGE TERRACE","201435087","29/04/2014","Tue","1700","CB","VE1X","112A 129A ","","R","W","TO","F "," ","N","C","050","0","0","0","","","1749322","5427084",
"Wellington City","COURTENAY PLACE","50","W"," ","CAMBRIDGE TERRACE","201433739","06/04/2014","Sun","1215","MO","CW1C","371B ","","R","D","O ","F "," "," ","P","030","0","0","0","","","1749320","5427052",
"Wellington City","COURTENAY PLACE","30","E"," ","TARANAKI ST","201430861","07/02/2014","Fri","1618","EA","CW14","129A ","M","R","D","BF","F "," ","N","C","050","0","0","0","","","1748973","5427230",
"Wellington City","COURTENAY PLACE","50","E"," ","TARANAKI ST","201411908","30/03/2014","Sun","0205","NB","CE1E","713B ","","R","D","DO","F "," ","N","R","050","0","1","0","18","","1748989","5427218",
"Wellington City","COURTENAY PLACE","100","E"," ","TARANAKI ST","201411066","06/03/2014","Thu","2120","NB","SE1E","105B 713B ","","R","D","DO","F "," "," ","R","050","0","0","2","20","","1749029","5427188",
"Wellington City","COURTENAY PLACE",""," ","I","TARANAKI ST","201437053","01/06/2014","Sun","1930","FE","CW1C","331A 350A ","","R","D","TF","F ","X","T","N","050","0","0","0","","","1748949","5427247",
"Wellington City","COURTENAY PLACE","50","W"," ","TORY ST","201435148","11/02/2014","Tue","1630","MO","CE1C","371A 926 ","M","R","D","B ","F ","D","N","N","050","0","0","0","","","1749090","5427159",
"Wellington City","COURTENAY PLACE",""," ","I","TORY ST","201434627","11/04/2014","Fri","1730","FC","VW1X","181A ","","R","W","OF","L ","X","T","R","050","0","0","0","","","1749136","5427139",
"Wellington City","COUTTS ST","50","E"," ","BAY ROAD","201435084","26/04/2014","Sat","0730","MO","TE1V","371A 386A 927 ","","R","D","O ","F ","D","N","C","050","0","0","0","","","1750226","5424163",
"Wellington City","COUTTS ST","50","W"," ","ONEPU ROAD","201431409","15/02/2014","Sat","1516","MO","TE1C","385A ","M","R","D","BF","F "," ","N","P","050","0","0","0","","","1750237","5424160",
"Wellington City","CRAWFORD ROAD",""," ","I","WELLINGTON ROAD","201431619","21/01/2014","Tue","1138","KA","MS1C","302B 901 ","","E","W","O ","H ","R","G","R","050","0","0","0","","","1749773","5424942",
"Wellington City","CUBA ST","30","S"," ","GARRETT ST","201434923","03/03/2014","Mon","1137","QD","CN1C","428A ","M","R","D","BF","F "," ","N","N","050","0","0","0","","","1748643","5427080",
"Wellington City","CUBA ST","20","N"," ","SH 1N","201430702","25/01/2014","Sat","2145","MO","CS1C","371A 385A ","M","R","D","DO","F "," ","N","C","050","0","0","0","","","1748615","5427018",
"Wellington City","CUBA ST","20","N"," ","SH 1N","201430853","01/01/2014","Wed","0010","EA","CN1C","129A ","M","R","D","DO","F "," ","N","C","050","0","0","0","","","1748615","5427018",
"Wellington City","CUBA ST","200","S"," ","VIVIAN ST","201430774","25/01/2014","Sat","1743","QD","CN1C","428A ","M","R","D","BF","F "," ","N","P","050","0","0","0","","","1748525","5426818",
"Wellington City","CURTIS ST","20","N"," ","CHAYTOR ST","201435185","01/04/2014","Tue","1600","EA","CN1C","129A ","M","R","D","B ","F "," ","N","C","050","0","0","0","","","1746843","5428182",
"Wellington City","CUSTOMHOUSE QUAY",""," ","I","BRANDON ST","201436921","16/05/2014","Fri","1335","AO","CN1V","129A ","","R","D","B ","F ","T","T","R","050","0","0","0","","","1748876","5428214",
"Wellington City","CUSTOMHOUSE QUAY",""," ","I","WHITMERE ST","201437654","29/05/2014","Thu","0750","FE","TN1C","181A 801 ","","R","W","O ","L ","T","T","R","050","0","0","0","","","","",
"Wellington City","CUSTOMHOUSE QUAY",""," ","I","WILLESTON ST","201433863","11/04/2014","Fri","2208","MF","XW2C","129A 129B ","","M","W","DO","F ","X","T","C","030","0","0","0","","","1748740","5427923",
"Wellington City","DANIELL ST","130","S"," ","MEIN ST","201432793","08/03/2014","Sat","1232","MA","CN1C","386A 371B ","","R","D","B ","F "," "," ","N","050","0","0","0","","","1749156","5425110",
"Wellington City","DARLINGTON ROAD","15","S"," ","CAMPERDOWN ROAD","201430714","24/01/2014","Fri","2300","EA","CN1C","129A ","M","R","D","DO","F "," ","N","C","050","0","0","0","","","1752845","5425555",
"Wellington City","DAVIS ST","30","W"," ","THORNDON QUAY","201436073","13/05/2014","Tue","","EA","CE1C","129A ","M","R","W","DO","L "," ","N","N","050","0","0","0","","","","",
"Wellington City","DEVON ST","130","N"," ","ESSEX ST","201435089","01/05/2014","Thu","2014","EA","VN1C","386A ","M","E","D","TF","F "," ","N","N","050","0","0","0","","","1747935","5427133",
"Wellington City","DIXON ST","5","W"," ","EVA ST","201437840","06/06/2014","Fri","1245","MG","CW1V","371B ","","R","D","O ","F ","X","G","C","050","0","0","0","","","1748825","5427303",
"Wellington City","DIXON ST",""," ","I","MACDONALD CRESCENT","201430513","20/01/2014","Mon","0755","QD","OE1","611A ","K","M","D","B ","F ","T","N","C","050","0","0","0","","","1748454","5427469",
"Wellington City","DIXON ST","80","W"," ","TARANAKI ST","201412747","06/05/2014","Tue","1230","NB","CW1E","712B 713B ","","R","D","BF","F "," ","N","N","050","0","0","1","18","","1748876","5427280",
"Wellington City","DIXON ST","60","W"," ","VICTORIA ST","201433490","18/03/2014","Tue","1811","AA","CW1V","372A ","","R","D","OF","F "," ","N","C","050","0","0","0","","","1748588","5427409",
"Wellington City","DIXON ST","10","W"," ","WILLIS ST","201431312","14/02/2014","Fri","1740","FE","CE14","181A ","","R"," "," F","  ","X","T","C","050","0","0","0","","","1748511","5427443",
"Wellington City","DIXON ST","25","W"," ","WILLIS ST","201430716","07/02/2014","Fri","1100","MO","VW1C","371A ","M","R","D","BF","F "," ","N","C","050","0","0","0","","","1748497","5427449",
"Wellington City","DUTHIE ST",""," ","I","BRAITHWAITE ST","201434067","21/03/2014","Fri","1509","DA","CN1T","111A 134A ","M","S","D","B ","F ","T","N","C","050","0","0","0","","","1746220","5428162",
"Wellington City","DUTHIE ST",""," ","I","GIPPS ST","201436266","16/05/2014","Fri","1528","JC","CE24","101A 302A 404A ","","R","D","B ","F ","T","G","C","050","0","0","0","","","1746328","5427880",
"Wellington City","EVANS BAY PARADE","230","N"," ","BALAENA BAY","201412127","26/04/2014","Sat","1430","AC","CS1S","128A 129A 370A ","","R","D","B ","F "," "," ","C","050","0","0","1","","25","1751027","5427387",
"Wellington City","EVANS BAY PARADE","20","N"," ","MAIDA VALE ROAD","201411548","10/03/2014","Mon","1747","EA","SS14","129A 350A ","M","R","D","BF","F "," ","N","C","050","0","0","1","","49","1750953","5427167",
"Wellington City","EVANS BAY PARADE","80","W"," ","RATA ROAD","201410442","26/01/2014","Sun","1139","MC","SW1C","372B ","","R","D","O ","F "," "," ","C","050","0","0","1","","54","1750637","5425747",
"Wellington City","EVANS BAY PARADE","5","S"," ","SH 1N","201431500","13/01/2014","Mon","1350","FE","CN1C","331A ","","M","D","BF","F ","X","T","C","050","0","0","0","","","1750299","5424995",
"Wellington City","FARNHAM ST","40","S"," ","BRITOMART ST","201435749","28/03/2014","Fri","2350","CB","4S1","103A 130A 862 ","X","R","D","DO","F "," "," ","L","050","0","0","0","","","","",
"Wellington City","FEATHERSTON ST",""," ","I","BRANDON ST","201413813","09/06/2014","Mon","1805","NF","CS1E","307A 350A 376A 645A 801 ","","R","W","DO","L ","X","T","C","050","0","0","1","35","","1748800","5428249",
"Wellington City","FEATHERSTON ST",""," ","I","BRANDON ST","201410744","07/03/2014","Fri","0930","FE","VS1C","351A 387A ","","R","D","B ","F ","X","T","C","050","0","0","1","","","1748800","5428249",
"Wellington City","FEATHERSTON ST","30","S"," ","BUNNY ST","201436403","06/05/2014","Tue","1910","MO","XS1X","371A ","Q","R","D","TO","F "," ","N","N","050","0","0","0","","","1748990","5428656",
"Wellington City","FEATHERSTON ST","10","N"," ","WARING TAYLOR ST","201431492","09/03/2014","Sun","1459","MG","CS1C","371B ","","R","D","BF","F ","X","T","C","050","0","0","0","","","1748862","5428387",
"Wellington City","FEATHERSTON ST",""," ","I","WHITMORE ST","201434926","25/03/2014","Tue","2045","LB","CW2C","303B ","","M","W","DO","H ","X","T","C","050","0","0","0","","","1748924","5428522",
"Wellington City","FINDLAY ST","15","N"," ","LINDEN AVENUE","201431903","05/02/2014","Wed","2130","EA","CS1C","129A ","M","R"," ","DO","  "," ","N","N","050","0","0","0","","","1753691","5442189",
"Wellington City","FINDLAY ST","15","N"," ","LINDEN AVENUE","201412018","02/04/2014","Wed","1707","FA","CN1S","112A 181A ","","R","D","B ","F ","X","G","P","050","0","1","0","","30","1753691","5442189",
"Wellington City","FITZHERBERT TERRACE",""," ","I","HOBSON ST","201437695","01/06/2014","Sun","1511","NA","CN1E","191A 378A 713B 726B ","","R","D","B ","F ","T","N","N","050","0","0","0","","","1749101","5429583",
"Wellington City","FOTRTUNATUS ST",""," ","I","MANA ST","201412995","30/05/2014","Fri","1555","DB","MS1C","132A 407A 818 ","","S","D","O ","F ","T","N","C","050","0","1","0","","","","",
"Wellington City","FREYBERG ST",""," ","I","WHA ST","201430107","05/01/2014","Sun","2025","HA","CW2C","101A 321A ","","R","D","TN","F ","X","S","C","050","0","0","0","","","1750095","5423527",
"Wellington City","GHUZNEE ST","5","E"," ","CUBA ST","201435088","01/05/2014","Thu","1930","FA","CE1C","181A ","","R","D","DO","F ","X","G","C","050","0","0","0","","","1748686","5427164",
"Wellington City","GHUZNEE ST","15","E"," ","CUBA ST","201436581","09/05/2014","Fri","1431","EE","CW1V","374B ","M","R","D","O ","F "," "," ","P","050","0","0","0","","","1748695","5427159",
"Wellington City","GHUZNEE ST",""," ","I","EGMONT ST","201433404","12/03/2014","Wed","0800","FF","4E1C","181A 387A ","","R","D","BF","F ","T","N","N","050","0","0","0","","","1748799","5427110",
"Wellington City","GHUZNEE ST",""," ","I","THE TERRACE","201437156","29/05/2014","Thu","1130","JA","CS1C","302A 375A ","","E","W","OF","L ","T","G","C","050","0","0","0","","","1748255","5427358",
"Wellington City","GLENHOLME ST","200","N"," ","GARDEN ROAD","201436584","05/05/2014","Mon","1449","AO","CS1CCC","129A 410A 801 903 ","","R","W","O ","LS"," "," ","C","050","0","0","0","","","","",
"Wellington City","GLENMORE ST","100","N"," ","GARDEN ROAD","201430534","28/01/2014","Tue","1325","MO","BS1C","386A ","M","R","D","B ","F "," "," ","C","050","0","0","0","","","1747766","5428459",
"Wellington City","GLENMORE ST","50","S"," ","NORTHLAND ROAD S","201432448","03/03/2014","Mon","0820","FD","CS1C","181A 331A ","","R","D","B ","F "," "," ","C","050","0","0","0","","","1747101","5427865",
"Wellington City","GROVE ROAD",""," ","I","UPLAND ROAD","201411906","18/03/2014","Tue","0728","FB","CW1S","181A ","","M","D","TO","F ","T","N","N","050","0","0","1","","30","1747792","5427679",
"Wellington City","HALIFAX ST","200","S"," ","BRETON GROVE","201436474","13/04/2014","Sun","0055","DB","CN1CC","131A ","M","M","D","DO","F "," ","N","C","050","0","0","0","","","1747797","5423759",
"Wellington City","HALSWATER DRIVE","60","N"," ","CAESARS PLACE","201410167","21/01/2014","Tue","0805","DB","PS1","135A 400A 807 901 ","","S","W","O ","H "," "," ","C","050","0","1","0","","","1751843","5436641",
"Wellington City","HANSON ST","40","S"," ","DRUMMOND ST","201411067","05/03/2014","Wed","1115","BA","MS1C","197A 197B 801 818 ","","R","W","O ","L "," "," ","N","050","0","0","1","","","1748789","5425828",
"Wellington City","HAPPY VALLEY ROAD","200","S"," ","OHIRO ROAD","201431697","06/02/2014","Thu","0345","CC","TN1","197A ","V","R","D","DO","F "," "," ","C","070","0","0","0","","","1747177","5423618",
"Wellington City","HAPUA ST",""," ","A","RAKAU ROAD","201413415","29/05/2014","Thu","0430","DC","CN1","104A 111A 131A 801 ","C","S","W","DO","L "," "," ","C","050","0","1","0","","","1750136","5426431",
"Wellington City","HAUMIA ST",""," ","I","BURMA ROAD","201434928","25/03/2014","Tue","0853","HA","CN2C","302A 375A ","","S","D","BF","F ","R","G","N","050","0","0","0","","","1750880","5434203",
"Wellington City","HAWKER ST","15","W"," ","ROXBURGH ST","201430768","15/01/2014","Wed","1011","MO","XW1V","333A 387A ","","R","D","BF","F "," ","N","C","050","0","0","0","","","1749721","5427100",
"Wellington City","HEATON TERRACE","60","E"," ","WASHINGTON AVENUE","201433415","19/03/2014","Wed","1145","BB","CE1C","123A 818 ","","E","D","BF","F "," ","N","N","050","0","0","0","","","1747964","5425928",
"Wellington City","HILL ST","50","E"," ","GUILDFORD TERRACE","201434894","17/04/2014","Thu","0845","MO","CE1C","385A ","M","R","W","OF","H "," ","N","C","050","0","0","0","","","1748729","5428982",
"Wellington City","HILL ST","100","E"," ","GUILDFORD TERRACE","201411953","28/03/2014","Fri","1532","NA","CE1E","712B 713B 727B ","","R","D","BF","F "," ","N","C","050","0","0","1","4","","1748779","5428979",
"Wellington City","HORNSEY ROAD",""," ","I","HOUGHTON BAY ROAD","201435029","15/04/2014","Tue","1030","MC","VN14","372B ","","M","D","B ","F ","T","N","C","050","0","0","0","","","1749542","5422847",
"Wellington City","HORNSEY ROAD",""," ","I","HOUGHTON BAY ROAD","201453029","15/04/2014","Tue","1030","MC","VN14","372B ","","M","D","B ","F ","T","N","C","050","0","0","0","","","1749542","5422847",
"Wellington City","HOROKIWI ROAD WEST",""," ","I","KENMORE ST","201436397","17/01/2014","Fri","2119","DA","CN2","111A 131A ","F","S","D","DO","F ","T","G","C","050","0","0","0","","","1752948","5434871",
"Wellington City","HOUGHTON BAY ROAD","15","N"," ","VIEW ROAD","201430910","07/02/2014","Fri","0945","BA","VN14","125A ","","R","D","BF","F "," ","N","C","050","0","0","0","","","1749646","5422757",
"Wellington City","HUNTER ST",""," ","I","FEATHERSTON ST","201435533","26/04/2014","Sat","1853","AA","VS2B","209A 370A ","","E","D","TO","F ","M","T","C","050","0","0","0","","","1748708","5428049",
"Wellington City","HUNTER ST",""," ","I","FEATHERSTON ST","201431410","20/02/2014","Thu","1331","KA","BE14","300B 404B ","","M","D","BF","F ","M","T","N","050","0","0","0","","","1748708","5428049",
"Wellington City","HUTT ROAD","500","N"," ","KAIWHARAAWHARA ROAD","201412994","04/06/2014","Wed","0755","AA","SS1CV","130A 150A 440C ","","R","D","B ","F "," "," ","P","060","0","1","1","","29","","",
"Wellington City","HUTT ROAD","200","S"," ","SCHOOL ROAD","201430284","15/01/2014","Wed","1843","FA","CN1C","181A 410A ","","R","D","O ","F "," "," ","R","050","0","0","0","","","1749753","5430633",
"Wellington City","HUTT ROAD",""," ","I","WESTMINSTER ST","201410284","11/02/2014","Tue","0859","GB","SS1V","142B 192B 927 ","","R","D","O ","F ","D","N","C","050","0","0","1","","35","1749994","5430890",
"Wellington City","INGLIS ST",""," ","I","DUNDAS ST","201435862","16/04/2014","Wed","0730","HA","CE2V","302A 375A ","","R","W","OF","L ","X","G","C","050","0","0","0","","","1753373","5423765",
"Wellington City","JEFFERSON ST","70","N"," ","CLEVELAND ST","201432082","20/02/2014","Thu","1859","MO","VN1C","386A ","M","R","D","B ","F "," "," ","N","050","0","0","0","","","1747797","5425952",
"Wellington City","JERVOIS QUAY",""," ","I","HARRIS ST","201434351","16/04/2014","Wed","1710","FE","CS14","181A ","","R","W","DO","M ","T","T","C","050","0","0","0","","","1748916","5427717",
"Wellington City","JERVOIS QUAY",""," ","I","HARRIS ST","201432333","07/02/2014","Fri","1319","KB","CS1C","322B ","","R","W","O ","L ","T","T","C","050","0","0","0","","","1748916","5427717",
"Wellington City","JERVOIS QUAY","15","N"," ","WILLESTON ST","201430769","24/01/2014","Fri","1328","FE","CS1C","181A ","","R","D","BF","F ","T","T","R","050","0","0","0","","","1748897","5427866",
"Wellington City","JERVOIS QUAY","20","S"," ","WILLESTON ST","201431902","01/02/2014","Sat","","QD","CN1C","428A ","","R"," "," F","F "," ","N","R","050","0","0","0","","","1748902","5427831",
"Wellington City","JERVOIS QUAY",""," ","I","WILLESTON ST","201438176","16/05/2014","Fri","1410","FD","CN1V","181A 387A ","","R","D","BF","F ","T","T","R","050","0","0","0","","","1748899","5427851",
"Wellington City","JOHN ST","20","W"," ","ADELAIDE ROAD","201411769","28/02/2014","Fri","1933","NA","CW1E","376A ","","R","D","O ","FS"," "," ","C","050","0","0","1","61","","1748812","5425613",
"Wellington City","JOHN ST",""," ","I","RIDDIFORD ST","201436288","10/05/2014","Sat","1900","GF","CE1C","386A ","","R","D","DO","F ","M","T","C","050","0","0","0","","","1748832","5425608",
"Wellington City","JOHN ST","20","W"," ","TASMAN ST","201410120","11/01/2014","Sat","1718","DB","PE1","131A 402A ","","S","D","O ","F "," "," ","C","050","0","0","1","","","1748715","5425625",
"Wellington City","JOHNSONVILLE ROAD","15","S"," ","MOOREFIELD ROAD","201437839","11/06/2014","Wed","0245","MC","VN14","372B ","","R","D","DO","F ","T","N","C","080","0","0","0","","","1751498","5435035",
"Wellington City","JOHNSONVILLE ROAD","30","S"," ","MOOREFIELD ROAD","201433182","29/03/2014","Sat","1325","MA","CN1B","373B 671B ","","R","D","O ","F "," "," ","C","050","0","0","0","","","1751497","5435020",
"Wellington City","JOHNSONVILLE ROAD",""," ","I","MOOREFIELD ROAD","201413741","05/06/2014","Thu","1640","HA","CN1S","302A ","","R","D","OF","FS","R","G","N","050","0","0","1","","51","1751500","5435050",
"Wellington City","JOHNSTON ST",""," ","I","CUSTOMHOUSE QUAY","201433967","10/04/2014","Thu","0600","MG","CW1C","371B ","","R","D","B ","F ","X","G","C","050","0","0","0","","","1748906","5428278",
"Wellington City","KAIKOURA ST",""," ","I","COBAR CLOSE","201412515","21/04/2014","Mon","1645","DC","PN2","130A 400A 420A ","F","M","D","O ","F ","T","N","C","050","0","0","1","","","1752120","5425745",
"Wellington City","KARORI ROAD","20","W"," ","BURROWS AVENUE","201437697","07/06/2014","Sat","1528","EA","CW1CC","330A 359A 402A ","M","E","D","O ","F "," "," ","C","050","0","0","0","","","1744925","5427983",
"Wellington City","KARORI ROAD","15","E"," ","FANCOURT ST","201412955","02/06/2014","Mon","0734","NA","CE1E","306A 645A ","","R","D","TF","F "," "," ","X","050","0","1","0","71","","1745981","5428353",
"Wellington City","KARORI ROAD",""," ","I","HATTON ST","201435056","13/04/2014","Sun","1600","JA","CE1C","302B 375B ","","R","W","B ","F ","T","G","C","050","0","0","0","","","1746112","5428399",
"Wellington City","KARORI ROAD",""," ","I","MORLEY ST","201413017","01/05/2014","Thu","0637","LB","PE1C","303B 377B ","","R","D","DO","F ","T","G","P","050","0","0","1","","","1745047","5428017",
"Wellington City","KATE SHEPPARD PLACE",""," ","I","MOLESWORTH ST","201410815","21/02/2014","Fri","2120","NF","CN2E","124A 370A ","","R","D","DO","F ","T","N","C","050","0","0","1","42","","1748885","5428885",
"Wellington City","KELBURN PARADE","200","S"," ","SALAMANCA ROAD","201436927","26/04/2014","Sat","1035","CC","CS1","130A ","S","R","D","B ","F "," "," ","P","050","0","0","0","","","1748055","5427727",
"Wellington City","KELBURN PARADE",""," ","I","SALAMANCA ROAD","201430075","14/02/2014","Fri","0710","JA","CE1C","302B 375B ","","E","D","BF","  ","Y","G","N","050","0","0","0","","","1748148","5427897",
"Wellington City","KENMORE ST","50","E"," ","BARCLAY ST","201437155","01/06/2014","Sun","0530","DA","CW1C","131A ","M","M","W","DO","F "," ","N","N","050","0","0","0","","","1753271","5434329",
"Wellington City","KENMORE ST","180","S"," ","HOROKIWI ROAD WEST","201433866","10/04/2014","Thu","1257","EA","CN1C","129A ","M","E","W","O ","M "," "," ","N","050","0","0","0","","","1753024","5434708",
"Wellington City","KENMORE ST",""," ","I","HOROKIWI ROAD WEST","201411172","28/03/2014","Fri","2030","ND","CN2E","370A 724B 862 ","","R","D","DO","F ","T","N","C","050","0","0","1","16","","1752948","5434871",
"Wellington City","KENMORE ST","70","S"," ","LINK ROAD","201433867","14/03/2014","Fri","0800","EA","CS1C","410A ","M","E","D","TF","F "," "," ","N","050","0","0","0","","","1753237","5434502",
"Wellington City","KENT TERRACE","20","S"," ","HOME ST","201434451","06/04/2014","Sun","0030","CB","CS1","103A 130A 904 ","KP","R","W","DO","M "," "," ","R","050","0","0","0","","","1749263","5426817",
"Wellington City","KENT TERRACE",""," ","I","HOME ST","201431311","19/02/2014","Wed","1900","FA","4N1X","181A ","","R","D","BF","F ","T","N","R","050","0","0","0","","","1749271","5426835",
"Wellington City","KENWYN TERRACE","100","N"," ","STOKE ST","201433864","09/04/2014","Wed","1540","MF","CS1C","386B ","","R","W","O ","F "," "," ","N","050","0","0","0","","","1748808","5424930",
"Wellington City","KILBIRNIE CRESCENT","25","N"," ","DUNCAN TERRACE","201435105","06/03/2014","Thu","1035","MA","VN1C","373B ","","E","D","O ","F "," ","N","N","050","0","0","0","","","1750066","5424759",
"Wellington City","KINGSFORD SMITH ST","150","N"," ","LYALL PARADE","201433741","25/03/2014","Tue","1035","CA","CS1C","927 ","CM","R","D","B ","F ","D","N","C","050","0","0","0","","","1750688","5423405",
"Wellington City","KONINI ROAD","250","S"," ","WAITOA ROAD","201430713","09/02/2014","Sun","2345","EA","4S1C","129A ","M","E","W","DO","L "," ","N","N","050","0","0","0","","","1750248","5426094",
"Wellington City","LAMBTON QUAY","50","S"," ","BALLANCE ST","201412195","01/05/2014","Thu","2205","NB","XS1E","178A ","","E","W","DO","F "," "," ","C","030","0","1","0","59","","1748725","5428603",
"Wellington City","LAMBTON QUAY","20","N"," ","PANAMA ST","201430704","27/01/2014","Mon","0850","AO","BS1C","381A 671A ","","R","D","ON","F "," ","N","C","050","0","0","0","","","1748680","5428247",
"Wellington City","LAMBTON QUAY","20","S"," ","PLIMMERS STEPS","201410740","12/03/2014","Wed","1940","PC","CN1E","357A 371A 926 ","","R","D","DO","F ","D","N","N","030","0","0","1","54","","1748720","5427982",
"Wellington City","LAMBTON QUAY","30","N"," ","STOUT ST","201433643","27/03/2014","Thu","0945","MA","XS1B","350B 373B ","","R","D","O ","F "," "," ","C","030","0","0","0","","","1748726","5428518",
"Wellington City","LAMBTON QUAY","15","S"," ","WHITMORE ST","201436854","15/04/2014","Tue","1459","MO","BS1X","129A 350A ","Q","R","D","B ","F "," "," ","R","050","0","0","0","","","1748807","5428679",
"Wellington City","LINCOLN AVENUE",""," ","I","ROY ST","201436423","21/04/2014","Mon","2030","EA","CE14","129A ","M","R","D","DO","F ","T","G","C","050","0","0","0","","","1752871","5440876",
"Wellington City","LIPMAN ST","15","S"," ","MAJORIBANKS ST","201433407","29/03/2014","Sat","1330","EA","CN1C","129A ","M","R","D","BF","F "," ","N","C","050","0","0","0","","","1749463","5427013",
"Wellington City","LUCKNOW TERRACE","20","S"," ","SWANSEA ST","201436580","23/05/2014","Fri","1623","MO","CS1C","386A 929 ","M","R","D","O ","F ","D"," ","C","050","0","0","0","","","1749519","5432171",
"Wellington City","LYALL PARADE",""," ","I","ONEPU ROAD","201411800","16/02/2014","Sun","0904","JA","SE1C","301B 375B ","","M","D","BF","F ","R","S","R","050","0","0","1","","40","1750238","5423152",
"Wellington City","LYTTON ST","50","S"," ","WADESTOWN ROAD","201433865","09/04/2014","Wed","2152","DA","CN1","131A 801 ","","S","W","DN","L "," "," ","N","050","0","0","0","","","1748243","5430643",
"Wellington City","MACDONALD CRESCENT",""," ","I","DIXON ST","201412344","09/04/2014","Wed","0024","DB","CW1","108A 111A 131A 801 ","H","M","W","DO","L ","T","N","C","050","0","0","1","","","1748454","5427469",
"Wellington City","MAHORA ST","80","N"," ","COUTTS ST","201437055","23/05/2014","Fri","1106","AA","VS1C","153A 197A ","","R","D","O ","F "," "," ","C","050","0","0","0","","","1750403","5424199",
"Wellington City","MAIN ROAD",""," ","I","BOSCOBEL LANE N","201434480","26/03/2014","Wed","0700","KB","XN1V","301B 375B 403B 671B ","","R","D","B ","F ","T","S","C","050","0","0","0","","","1753151","5439148",
"Wellington City","MAIN ROAD",""," ","I","ELENA PLACE","201431284","10/01/2014","Fri","1522","JA","CN1C","302B 375B ","","R","D","BF","F ","T","G","C","050","0","0","0","","","1753063","5440481",
"Wellington City","MAIN ROAD",""," ","I","LINDEN AVENUE","201436399","10/04/2014","Thu","1930","LB","CS1C","302A 375A ","","R","W","TO","L ","R","G","R","050","0","0","0","","","1753498","5442235",
"Wellington City","MAIN ROAD",""," ","I","MCLELLAN ST","201410289","06/02/2014","Thu","1738","DA","PN1","129A 131A 402A ","K","R","D","B ","F ","T","G","C","050","0","0","1","","","1753332","5441667",
"Wellington City","MAIN ROAD",""," ","I","WILLOWBANK ROAD","201437602","04/06/2014","Wed","0800","KA","CS2C","111B 302B 330B ","","R","D","B ","F ","R","G","C","050","0","0","0","","","1753316","5439020",
"Wellington City","MAJORIBANKS ST","10","E"," ","ROXBURGH ST","201436577","15/05/2014","Thu","1800","MO","CE1C","371A ","M","R","W","DO","F ","T","G","C","050","0","0","0","","","1749455","5427033",