"TLA NAME","CRASH ROAD","CRASH DIST","CRASH DIRN","INTSN","SIDE ROAD","CRASH ID","CRASH DATE","CRASH DOW","CRASH TIME","MVMT","VEHICLES","CAUSES","OBJECTS STRUCK","ROAD CURVE","ROAD WET","LIGHT","WTHRa","JUNC TYPE","TRAF CTRL","ROAD MARK","SPD LIM","CRASH FATAL CNT","CRASH SEV CNT","CRASH MIN CNT","PERS AGE1","PERS AGE2","EASTING","NORTHING"
"Wellington City","MAKARA ROAD","30","N"," ","BERRYMEAD WAY","201431122","26/02/2014","Wed","1136","MA","CS1T","150A 378B ","","R","D","B ","F "," ","N","C","050","0","0","0","","","1744213","5427809",
"Wellington City","MANNERS ST","10","W"," ","CUBA ST","201411070","24/02/2014","Mon","1430","NA","BW1E","711B ","","R","D","B ","F ","X","T","N","050","0","1","0","49","","1748776","5427395",
"Wellington City","MANNERS ST","30","N"," ","VICTORIA ST","201412412","29/01/2014","Wed","1715","NB","BN1E","712B 714B 732B ","","R","D","B ","F "," "," ","L","030","0","0","1","54","","1748670","5427513",
"Wellington City","MARK AVENUE","130","W"," ","GUADELOUPE CRESCENT","201436264","28/03/2014","Fri","1615","CB","VW1V","129A 197A ","","R","D","O ","F "," "," ","C","050","0","0","0","","","","",
"Wellington City","MARK AVENUE","50","E"," ","TANIA WAY","201434618","25/03/2014","Tue","","EA","CW1T","129A ","M","R","D","BF","F "," ","N","C","050","0","0","0","","","1752312","5436070",
"Wellington City","MASSEY ROAD","50","N"," ","KARAKA BAY ROAD","201412116","19/02/2014","Wed","1210","BB","SS1M","205A 330A 370B 831 ","","S","D","B ","F "," "," ","C","040","0","0","2","","","1753418","5426602",
"Wellington City","MASSEY ROAD","360","N"," ","KARAKA BAY ROAD","201438108","25/02/2014","Tue","1826","DA","CS1","111A 131A ","X","M","D","BN","F "," ","N","C","050","0","0","0","","","1753670","5426675",
"Wellington City","MCLELLAN ST",""," ","I","BEAUCHAMP ST","201437973","08/05/2014","Thu","1635","NA","CW1E","711B ","","R","D","B ","F ","T","N","P","050","0","0","0","","","1753488","5441618",
"Wellington City","MIDDLETON ROAD","680","N"," ","ROWELLS ROAD","201413196","09/05/2014","Fri","2240","DA","CS1","111A 131A ","C","E","D","DN","F "," "," ","C","070","0","1","1","","","1752756","5437679",
"Wellington City","MIRAMAR AVENUE","15","W"," ","PARK ROAD","201430047","01/01/2014","Wed","1530","FA","CE1C","112A 331A ","","R","W","OF","L ","R","G","C","050","0","0","0","","","1752023","5424536",
"Wellington City","MIRAMAR AVENUE","30","E"," ","STONE ST","201433112","26/03/2014","Wed","1340","EA","4E14","357A 386A ","M","R","D","B ","F "," "," ","C","050","0","0","0","","","1751975","5424564",
"Wellington City","MIRAMAR AVENUE","30","E"," ","TAUHINU ROAD","201436289","09/05/2014","Fri","1345","KA","CE1T","308B 922 ","","R","D","B ","F ","D","N","C","050","0","0","0","","","1751808","5424662",
"Wellington City","MIRAMAR AVENUE","30","E"," ","TAUHINU ROAD","201433115","27/03/2014","Thu","1100","KB","4W1C","308B 922 ","","R","D","O ","M ","D","N","C","050","0","0","0","","","1751808","5424662",
"Wellington City","MIRAMAR AVENUE","120","E"," ","TAUHINU ROAD","201434458","17/04/2014","Thu","1350","BO","XW1C","120B 370B 801 925 ","","M","W","O ","L ","D"," ","P","050","0","0","0","","","1751886","5424616",
"Wellington City","MIRAMAR AVENUE",""," ","I","TAUHINU ROAD","201430863","19/02/2014","Wed","1430","AO","MS1C","381A ","","R","D","BF","F ","R","G","R","050","0","0","0","","","1751783","5424677",
"Wellington City","MOLESWORTH ST",""," ","I","HILL ST","201430098","01/02/2014","Sat","1450","FE","4N1C","181A ","","R","D","BF","F ","X","T","C","050","0","0","0","","","1748889","5428972",
"Wellington City","MOOREFIELD ROAD","15","N"," ","HAUMIA ST","201411075","07/02/2014","Fri","1745","NB","4N1E","306A 507A ","","R","D","TO","F "," "," ","X","050","0","0","1","30","","1750900","5434230",
"Wellington City","MOXHAM AVENUE","10","N"," ","TAURIMA ST","201413144","08/04/2014","Tue","0715","NB","BN1E","306A 713B 717B 901 ","","R","W","O ","H ","T","G","X","030","0","0","1","29","","1750180","5425884",
"Wellington City","MULGRAVE ST",""," ","I","AITKEN ST","201431961","01/03/2014","Sat","0241","DA","CE2","111A 131A 514A ","F","R","D","DO","F ","T","T","N","050","0","0","0","","","1749064","5428963",
"Wellington City","NEWLANDS OFF SBD","150","W"," ","NEWLANDS ROAD","201432796","04/03/2014","Tue","1851","DB","CS1","131A 500A 901 ","X","E","W","TO","H "," "," ","R","080","0","0","0","","","1751718","5433999",
"Wellington City","NEWLANDS ON NBD","30","S"," ","SH 1N","201436267","20/05/2014","Tue","1347","DB","CS1","131A 501A ","G","S","D","B ","F "," "," ","N","070","0","0","0","","","1751552","5433828",
"Wellington City","NEWLANDS ROAD",""," ","I","BRACKEN ROAD","201430099","04/02/2014","Tue","1810","HA","CS2C","302A ","","E","D","BF","F ","R","G","R","050","0","0","0","","","1752868","5434842",
"Wellington City","NEWLANDS ROAD","60","E"," ","HURRING PLACE","201434616","04/04/2014","Fri","1615","EA","CN1C","129A ","M","E"," "," F","  "," ","N","C","050","0","0","0","","","1752000","5433995",
"Wellington City","NEWLANDS ROAD",""," ","I","SALFORD ST","201434871","20/03/2014","Thu","0842","KB","CS1C","301B 353B ","","R","D","BF","F ","T","S","P","050","0","0","0","","","1752393","5434215",
"Wellington City","NORMAN LANE","40","W"," ","CHAPMAN LANE","201435075","03/05/2014","Sat","0750","MO","CE14","371A 930 ","M","R","D","B ","F "," ","N","C","050","0","0","0","","","1751568","5434915",
"Wellington City","NORTHLAND ROAD",""," ","I","GARDEN ROAD W","201410877","26/02/2014","Wed","0753","LB","SW1C","303B 363B 902 ","I","R","D","B ","F ","T","G","R","050","0","1","0","","36","1747185","5428305",
"Wellington City","OHARIU VALLEY ROAD","1200","N"," ","RIFLE RANGE ROAD","201412151","02/04/2014","Wed","1134","AD","MS1","131A 812 ","","M","D","O ","F "," "," ","C","050","0","1","0","","","1749172","5437476",
"Wellington City","OHARIU VALLEY ROAD",""," ","I","TAKARAU GORGE ROAD","201432795","27/02/2014","Thu","0751","CB","VE1","103A 197A 205A ","S","R","D","B ","F ","X","G","C","050","0","0","0","","","1748719","5436459",
"Wellington City","OHIRO ROAD",""," ","I","BROOKLYN ROAD","201413137","10/05/2014","Sat","1523","LB","CS1S","302A ","","E","D","B ","F ","T","G","C","050","0","1","0","","22","1747693","5426137",
"Wellington City","OHIRO ROAD","5","N"," ","TAFT ST","201432900","28/02/2014","Fri","2150","EA","CN1C","129A 380A 443B 801 ","M","E","W","DO","L ","T"," ","C","050","0","0","0","","","1747551","5425483",
"Wellington City","OHIRO ROAD",""," ","I","TANERA CRESCENT N","201430703","26/01/2014","Sun","1700","MO","CN1C","371A ","M","E","W","OF","H ","Y","N","C","050","0","0","0","","","1747783","5426342",
"Wellington City","ONEPU ROAD",""," ","I","LYALL PARADE","201430796","16/02/2014","Sun","1200","HA","SE2C","327A 817 ","","E","D","BF","F ","R","G","R","050","0","0","0","","","1750250","5423153",
"Wellington City","ONEPU ROAD","120","S"," ","RONGOTAI ROAD","201437545","24/05/2014","Sat","1445","EA","CS1C","129A ","M","R","D","B ","F "," "," ","C","050","0","0","0","","","1750314","5424249",
"Wellington City","ONSLOW ROAD","80","N"," ","HOMEBUSH ROAD","201410196","19/01/2014","Sun","2216","DB","4S1","101A 129A 131A ","C","E","D","DO","F "," "," ","C","050","0","0","1","","","1751181","5431888",
"Wellington City","ORIENTAL PARADE","15","E"," ","FREYBERG POOL CPK ENT","201434139","08/04/2014","Tue","1919","MC","CE1C","372B 901 903 ","","R","W","DO","HS"," ","N","C","050","0","0","0","","","1749958","5427424",
"Wellington City","ORIENTAL PARADE","230","W"," ","HAY ST","201433401","17/03/2014","Mon","1740","MO","CW1C","385A ","M","R","D","OF","F "," ","N","C","050","0","0","0","","","1750051","5427396",
"Wellington City","ORIENTAL PARADE","50","E"," ","HERD ST","201411551","25/02/2014","Tue","0859","MC","SW1C","372B ","","E","D","BF","F "," ","N","P","050","0","0","1","","30","1749640","5427318",
"Wellington City","ORIENTAL PARADE","180","E"," ","HERD ST","201434454","11/04/2014","Fri","2320","EA","CW1C","102A 358A ","M","R","D","DO","F "," "," ","P","040","0","0","0","","","1749770","5427328",
"Wellington City","ORIENTAL PARADE",""," ","I","HERD ST","201413156","12/04/2014","Sat","0814","GC","BN1S","174B 372B 929 ","","M","D","O ","F ","D","G","P","050","0","0","1","","27","1749590","5427314",
"Wellington City","ORIENTAL PARADE","30","W"," ","ORIENTAL TERRACE","201438109","08/05/2014","Thu","1447","FD","CE14V","101A 181A ","","R","D","BF","F "," ","N","C","050","0","0","0","","","","",
"Wellington City","ORIENTAL PARADE",""," ","I","ORIENTAL TERRACE N","201412265","09/04/2014","Wed","0915","LB","SW1CX","303B 375B ","","E","W","O ","L ","T","G","C","040","0","0","1","","","1750174","5427350",
"Wellington City","OTTAWA ROAD","20","S"," ","AWARUA ST","201411909","20/03/2014","Thu","1450","AO","TS1S","129A 183A ","","E","D","BF","F "," ","N","C","050","0","0","1","","39","1748688","5432213",
"Wellington City","OTTAWA ROAD",""," ","I","AWARUA ST","201411786","31/03/2014","Mon","0812","FB","SS14","181A ","IP","R","D","B ","F ","R","G","R","050","0","0","1","","42","1748696","5432225",
"Wellington City","OWEN ST","5","S"," ","BALMORAL TERRACE","201433782","04/04/2014","Fri","2009","MO","4S1C","351A 371A ","M","R","D","DO","F ","T","N","C","050","0","0","0","","","1749432","5424641",
"Wellington City","OWEN ST","20","N"," ","CONSTABLE ST","201430908","27/02/2014","Thu","0835","FE","CS14","181A ","","R","D","BF","F "," ","T","C","050","0","0","0","","","1749360","5424984",
"Wellington City","OWEN ST",""," ","I","HARPER ST","201413311","03/05/2014","Sat","1230","GE","MS1C","160A ","","E","D","O ","F ","T","G","C","050","0","0","1","","","1749400","5424797",
"Wellington City","OWHIRO BAY PARADE","30","W"," ","SEVERN ST","201410417","02/02/2014","Sun","1640","DB","CE1","103A 131A ","K","M","D","B ","F ","T","N","C","050","0","0","1","","","1747313","5421147",
"Wellington City","PALLISER ROAD","120","N"," ","ROSENEATH TERRACE","201410738","25/03/2014","Tue","0845","FA","SW1X","111A 181A 371B ","","M","D","B ","F "," ","N","C","050","0","0","1","","37","1750653","5427229",
"Wellington City","PANAMA ST","25","E"," ","LAMBTON QUAY","201436928","22/04/2014","Tue","2120","MO","4E1C","371A ","M","R","D","DO","F "," "," ","N","050","0","0","0","","","1748702","5428217",
"Wellington City","PARK ROAD","25","S"," ","WHANGANUI ST","201434459","17/04/2014","Thu","1515","MA","VS1C","373B 801 ","","R","W","O ","L "," "," ","C","050","0","0","0","","","1752531","5425501",
"Wellington City","PIPITEA ST",""," ","I","MULGRAVE ST","201411005","19/02/2014","Wed","1621","LB","MW1C","534A 303B 375B ","","R","D","B ","F ","X","T","C","050","0","0","1","","","1749061","5429129",
"Wellington City","PIRIE ST","80","E"," ","AUSTIN ST","201438175","25/05/2014","Sun","0236","BA","CW1CC","129A 351A ","MM","R","D","DO","F "," ","N","C","050","0","0","0","","","1749690","5426513",
"Wellington City","PIRIE ST",""," ","I","AUSTIN ST","201433179","18/03/2014","Tue","0900","HA","CS2CV","301A ","M","E","W","O ","L ","X","S","C","050","0","0","0","","","1749617","5426545",
"Wellington City","PIRIE ST","50","W"," ","BROUGHAM ST","201431136","26/02/2014","Wed","1225","MO","OE1C","386A ","M","R","D","B ","F "," ","N","N","050","0","0","0","","","1749375","5426654",
"Wellington City","PIRIE ST",""," ","I","HANIA ST","201431501","15/01/2014","Wed","1220","GD","CE1C","181A ","","R","D","BF","F ","T","N","L","050","0","0","0","","","1749289","5426692",
"Wellington City","RAJKOT TERRACE",""," ","I","ORISSA CRESCENT","201432902","10/03/2014","Mon","1435","JA","CW1C","309B 375B 402B ","","M","D","B ","F ","T","N","L","050","0","0","0","","","1750563","5433343",
"Wellington City","RAKAU ROAD","200","S"," ","MAREWA ROAD","201430749","07/02/2014","Fri","1950","EA","CN1C","129A ","M","E","D","BF","F "," ","N","C","050","0","0","0","","","1750243","5426236",
"Wellington City","RAROA CRESCENT","5","S"," ","MOANA ROAD","201410741","24/03/2014","Mon","0845","EA","SS1C","129A 350A ","M","E","D","B ","F ","T","N","C","050","0","0","1","","15","1747006","5427857",
"Wellington City","RAROA ROAD",""," ","I","PLUNKET ST","201433868","13/03/2014","Thu","1009","FB","CN1M","181A ","","M","D","O ","F ","R","G","R","050","0","0","0","","","1747240","5427632",
"Wellington City","REDWOOD AVENUE","10","S"," ","LANE CRESCENT","201433133","01/04/2014","Tue","0810","MD","SS1M","308B 929 ","","R","D","B ","F ","D","N","N","050","0","0","0","","","1752829","5439784",
"Wellington City","RIDDIFORD ST","20","S"," ","ADELAIDE ROAD","201436022","06/04/2014","Sun","2033","FE","CN1CC","103A 181A ","","R","D","DO","F "," ","T","C","050","0","0","0","","","","",
"Wellington City","RIDDIFORD ST","20","N"," ","EMMETT ST","201430711","30/01/2014","Thu","1030","EA","CS1C","129A ","M","R","D","BF","F "," ","N","C","050","0","0","0","","","1748929","5425118",
"Wellington City","RIDDIFORD ST",""," ","I","EMMETT ST","201433400","01/03/2014","Sat","","FE","CS1S","181A ","","R","D","BF","F ","T","T","C","050","0","0","0","","","1748933","5425098",
"Wellington City","RIDDIFORD ST","30","N"," ","GORDON ST","201413852","11/06/2014","Wed","1309","JA","CN1C","308B 375B 402B 801 922 ","","R","W","O ","L ","D"," ","P","040","0","0","1","","","","",
"Wellington City","RIDDIFORD ST","15","N"," ","GREEN ST","201433862","15/04/2014","Tue","1438","MA","VS1C","373B ","","R","D","O ","F "," "," ","C","050","0","0","0","","","1748942","5425055",
"Wellington City","RIDDIFORD ST","15","S"," ","JOHN ST","201434867","18/03/2014","Tue","1155","FD","CN14C","181A ","","E","D","BF","F "," ","N","C","050","0","0","0","","","1748835","5425593",
"Wellington City","RIDDIFORD ST",""," ","I","RHODES ST","201410076","10/01/2014","Fri","0230","DA","CS1","103A 111A 130A 812 ","SX","R","D","DO","F ","R","G","R","050","0","1","2","","","1749047","5424556",
"Wellington City","RIDDIFORD ST","10","S"," ","RINTOUL ST","201431317","01/03/2014","Sat","1245","AC","CN1V","372A ","","R","D","BF","F ","Y","T","C","050","0","0","0","","","1748930","5425112",
"Wellington City","RINTOUL ST","15","N"," ","LUXFORD ST","201411776","05/04/2014","Sat","0800","MA","CS1C","373B ","","R","D","B ","F "," "," ","P","050","0","0","1","","","1748801","5424215",
"Wellington City","RINTOUL ST","10","S"," ","RIDDIFORD ST","201433492","24/03/2014","Mon","1445","FF","CE1C","132A 427A ","","R","D","BF","F ","Y","T","C","050","0","0","0","","","1748926","5425113",
"Wellington City","RONGOTAI ROAD","20","E"," ","BAY ROAD","201431960","03/03/2014","Mon","1724","MA","BE1C","373B ","","R","W","OF","L "," ","N","P","050","0","0","0","","","1750260","5424393",
"Wellington City","RONGOTAI ROAD",""," ","I","BAY ROAD","201433792","09/04/2014","Wed","1132","FE","BE1X","331A ","","R","D","O ","F ","X","T","C","050","0","0","0","","","1750240","5424398",
"Wellington City","RONGOTAI ROAD",""," ","I","MAHORA ST","201436587","15/05/2014","Thu","1550","JA","CW1C","302B 335B 901 ","","R","W","O ","H ","T","G","R","050","0","0","0","","","1750445","5424343",
"Wellington City","RONGOTAI ROAD","15","W"," ","TROY ST","201430862","14/02/2014","Fri","1530","FC","CE1C","181A ","","R","D","BF","F "," ","N","X","050","0","0","0","","","1750786","5424262",
"Wellington City","ROSS ST","30","S"," ","COUTTS ST","201430709","03/01/2014","Fri","1400","MO","CS1C","385A 927 ","M","R","D","OF","F ","D","N","C","050","0","0","0","","","1750468","5424065",
"Wellington City","ROXBURGH ST",""," ","I","MCFARLANE ST","201431316","28/02/2014","Fri","2150","EA","CN1C","129A ","M","R","W","DO","L ","T","N","P","050","0","0","0","","","1749676","5427186",
"Wellington City","ROY ST","5","E"," ","MANSFIELD ST","201437841","27/05/2014","Tue","0700","MO","CN1C","371A ","M","R","D","DO","F ","T","N"," ","050","0","0","0","","","1749113","5424279",
"Wellington City","SALAMANCA ROAD","20","N"," ","CLERMONT TERRACE","201435187","18/02/2014","Tue","1820","MA","XN1V","373B ","","M","D","O ","F "," ","N","C","050","0","0","0","","","1748304","5428410",
"Wellington City","SALAMANCA ROAD","100","S"," ","GLADSTONE TERRACE","201434455","15/04/2014","Tue","1730","MA","CS1C","371B ","","R","D","O ","F "," "," ","C","050","0","0","0","","","1748163","5428084",
"Wellington City","SALFORD ST",""," ","I","COTSWOLD CRESCENT E","201430856","08/01/2014","Wed","1810","EA","4S1CC","110A 197A 818 ","M","M","D","ON","F ","T","N","C","050","0","0","0","","","1752195","5434371",
"Wellington City","SERVICE LANE","40","E"," ","SPICER PLACE","201412372","17/01/2014","Fri","1600","CA","PW1C","402A 420A 517A ","X","R","D","B ","F "," "," ","C","050","0","1","0","","","1754089","5441125",
"Wellington City","SH 1N","100","E"," ","NEWLANDS SBD","201436836","15/05/2014","Thu","1255","AC","TS1C","184A 372A 671A 184B 801 ","","R","W","O ","L "," "," ","C","080","0","0","0","","","","",
"Wellington City","SH 1N","20","E"," ","TARANAKI ST","201436075","17/05/2014","Sat","1300","FD","CW1C","129A ","","R"," "," F","  "," ","N","C","050","0","0","0","","","","",
"Wellington City","SH 1N",""," ","I","TROY ST","201411550","08/03/2014","Sat","1412","DB","VN1","103A 131A ","GS","M","D","BF","F ","R","G","R","070","0","1","0","","","1750907","5424485",
"Wellington City","SH 1N",""," ","A","UNKNOWN","201410808","13/02/2014","Thu","0830","AC","CN1MC","330A 372A 671A 130B 197B ","","E","D","O ","F "," "," ","R","100","0","0","1","","","","",
"Wellington City","SH 2","1800","N"," ","NGOURANGA ON NBD","201437663","28/05/2014","Wed","0918","CC","TS1","191A 197A ","","R","D","O ","F "," "," ","R","100","0","0","0","","","","",
"Wellington City","SHORT ST",""," ","I","LIARDET ST","201410961","10/01/2014","Fri","1610","GD","MS1C","137A 331A ","","R","D","BF","F ","T","G","P","050","0","0","1","","","1748188","5425021",
"Wellington City","SILVERSTREAM ROAD","280","E"," ","SPENCER ST W","201413375","29/05/2014","Thu","1940","EA","CW1C","129A 503A ","M","R","D","DO","F "," "," ","N","050","0","0","1","","","1747669","5431574",
"Wellington City","SLIP","50","N"," ","HINEMOA ST","201431464","08/02/2014","Sat","1747","AA","VS1C","372A 200B ","","R","W","OF","L "," ","N","P","050","0","0","0","","","1749448","5429028",
"Wellington City","STAFFORD ST","15","N"," ","PORT ST","201430705","30/01/2014","Thu","2100","EA","CS1C","129A ","M","R","D","DO","F "," ","N","C","050","0","0","0","","","1749794","5426959",
"Wellington City","STEWART DRIVE","100","S"," ","TED GILBERD PLACE","201411119","26/03/2014","Wed","1132","MC","ME1C","387A 372B ","","E","D","B ","F "," "," ","C","050","0","0","1","","","1752110","5435005",
"Wellington City","STO ST","10","W"," ","DURHAM ST","201437548","09/06/2014","Mon","0830","GE","CE1C","160A ","","R","D","O ","F ","T","G","C","050","0","0","0","","","","",
"Wellington City","SUTHERLAND ROAD",""," ","I","RODRIGO ROAD","201433180","03/03/2014","Mon","1344","FD","CE1C","331A ","","E","D","B ","F ","T","G","C","050","0","0","0","","","1749709","5423892",
"Wellington City","SUTHERLAND ROAD",""," ","I","RUA ST","201433499","09/03/2014","Sun","0300","DA","4W2CB","103A 131A ","","R","D","DO","F ","X","G","R","050","0","0","0","","","1749808","5422953",
"Wellington City","TARANAKI ST","25","N"," ","CABLE ST","201437849","24/04/2014","Thu","1600","EO","TS1","330A 350A ","S","R","D","B ","F "," ","N","C","050","0","0","0","","","1749062","5427495",
"Wellington City","TARANAKI ST",""," ","I","GHUZNEE ST","201435015","20/03/2014","Thu","0915","JO","CE1C","377A 313B 830 ","","R","D","B ","F ","T","N","C","050","0","0","0","","","1748866","5427080",
"Wellington City","TARANAKI ST",""," ","I","SH 1N","201435616","30/04/2014","Wed","2300","FE","CS1V","331A 350A ","","R","D","DO","F ","T","T","C","050","0","0","0","","","","",
"Wellington City","TARANAKI ST","200","S"," ","WEBB ST","201411801","03/03/2014","Mon","0915","NA","CN1E","306A ","","R","D","BF","F "," ","N","C","050","0","1","0","30","","1748573","5426409",
"Wellington City","TARANAKI ST",""," ","I","WIGAN ST","201436586","16/05/2014","Fri","1756","GE","CS1C","160A 410A ","","R","D","DO","F ","T","N","P","050","0","0","0","","","1748745","5426809",
"Wellington City","TASMAN ST",""," ","I","WALLACE ST","201431314","28/02/2014","Fri","1800","JA","ME2C","302B 377B ","","R","D","OF","F ","T","G","P","050","0","0","0","","","1748696","5425620",
"Wellington City","THE PARADE",""," ","I","AVON ST","201433740","22/03/2014","Sat","1855","MA","XS1B","373B ","","R","D","O ","F ","T","G","C","050","0","0","0","","","1748403","5422714",
"Wellington City","THE PARADE",""," ","I","HUMBER ST","201438198","14/05/2014","Wed","0900","HA","CS1C","302B 377B ","","R","W","OF","L ","X","G","C","050","0","0","0","","","1748199","5421925",
"Wellington City","THE TERRACE","50","N"," ","SALAMANCA ROAD","201430701","05/02/2014","Wed","1640","EA","TS1C","129A ","M","R"," "," F","  "," ","N","C","050","0","0","0","","","1748397","5427718",
"Wellington City","THE TERRACE","130","N"," ","SALAMANCA ROAD","201412737","01/04/2014","Tue","0820","NA","CN1E","711B 712B ","","R","D","BF","F "," ","N","C","050","0","1","0","21","","1748427","5427792",
"Wellington City","THE TERRACE","20","S"," ","TERRACE OFF SBD","201411699","21/03/2014","Fri","0703","FD","CS1C4","331A 352A ","","R","D","TO","F "," ","N","R","050","0","0","1","","","1748571","5428145",
"Wellington City","THORNDON QUAY","200","N"," ","DAVIS ST","201431493","05/03/2014","Wed","1038","AA","BS1C","372A ","","R","D","OF","FS"," ","N","R","050","0","0","0","","","1749305","5429425",
"Wellington City","THORNDON QUAY","300","N"," ","DAVIS ST","201435863","11/04/2014","Fri","1014","AC","VS1M","372A ","","R","W","OF","F "," ","N","C","050","0","0","0","","","1749266","5429517",
"Wellington City","THORNDON QUAY","300","N"," ","DAVIS ST","201410880","20/02/2014","Thu","1620","GB","SN1C","197A 355B 386B 927 ","","R","D","B ","F ","D"," ","L","050","0","0","1","","51","1749266","5429517",
"Wellington City","THORNDON QUAY",""," ","I","FEATHERSTON ST","201412746","29/04/2014","Tue","1014","JA","CN1X","322A ","","R","W","OF","L ","T","T","R","050","0","0","1","","","1749084","5428833",
"Wellington City","THORNDON QUAY","50","N"," ","MOORE ST","201412128","26/04/2014","Sat","1053","ME","SS1C","330B 372B ","","E","D","B ","F "," "," ","P","050","0","0","1","","33","1749265","5429080",
"Wellington City","THORNDON QUAY","30","W"," ","MOORE ST","201435814","03/04/2014","Thu","0810","FD","CW14","181A ","","E","D","BF","F "," ","N","X","050","0","0","0","","","1749197","5429039",
"Wellington City","THORNDON QUAY","50","N"," ","MULGRAVE ST","201432901","06/03/2014","Thu","0921","ME","BS1C","372B ","","E","D","O ","F "," "," ","C","050","0","0","0","","","1749109","5428877",
"Wellington City","THORNDON QUAY","100","N"," ","MULGRAVE ST","201438112","12/05/2014","Mon","1130","JA","CS14","308B 375B 927 ","","S","D","BF","F ","D","N","R","050","0","0","0","","","1749128","5428923",
"Wellington City","THORNDON QUAY","380","N"," ","MULGRAVE ST","201432083","20/02/2014","Thu","1607","MO","BN1","371A ","P","R","D","B ","F "," "," ","P","050","0","0","0","","","1749320","5429108",
"Wellington City","THORNDON QUAY",""," ","I","MULGRAVE ST","201438174","02/05/2014","Fri","0825","KA","CN1B","302B 377B ","","R","D","BF","F ","T","G","P","050","0","0","0","","","1749084","5428833",
"Wellington City","THORNDON QUAY","60","S"," ","TINAKORI ROAD","201410286","05/02/2014","Wed","1349","AC","VS1M","353A 381A ","","M","D","O ","F "," ","N","L","050","0","0","1","","","1749192","5429950",
"Wellington City","THORNDON QUAY","280","S"," ","TINAKORI ROAD","201412474","07/03/2014","Fri","0834","LB","SS1C","314B 377B 927 ","","R","D","B ","F ","D"," ","C","050","0","0","1","","49","1749189","5429734",
"Wellington City","TINAKORI ROAD","30","N"," ","MOLESWORTH ST","201433406","24/03/2014","Mon","0845","AO","CS1S","381A 671A ","","R","D","BF","F "," ","N","C","050","0","0","0","","","1748904","5429577",
"Wellington City","TINAKORI ROAD",""," ","I","THORNDON QUAY","201436395","24/03/2014","Mon","1145","GF","TE1C","179A 158B 387B ","","R","D","OF","F ","T","G","R","050","0","0","0","","","1749211","5430006",
"Wellington City","TIO TIO ROAD","50","N"," ","BROADWAY","201434799","17/03/2014","Mon","0514","EA","CS1C","103A ","M","E","W","DO","L "," ","N","C","050","0","0","0","","","1752587","5423720",
"Wellington City","TORY ST","70","N"," ","COURTENAY PLACE","201435086","28/04/2014","Mon","0915","EA","SN1T","386A ","M","R","D","B ","F "," ","N","C","050","0","0","0","","","1749166","5427202",
"Wellington City","TORY ST",""," ","I","COURTENAY PLACE","201432452","25/01/2014","Sat","0845","FE","CS1C","181A 191B ","","R","D","O ","F ","X","T","C","050","0","0","0","","","1749136","5427139",
"Wellington City","TORY ST","5","S"," ","COURTNAY PLACE","201436578","09/05/2014","Fri","2355","AO","CN1C","129A 381A ","","R","D","DO","F ","X","T","C","050","0","0","0","","","","",
"Wellington City","TORY ST","10","N"," ","WAKEFIELD ST","201431799","15/02/2014","Sat","2030","MF","CS1C","371B ","","R","D","TF","F ","X","T","C","050","0","0","0","","","1749208","5427288",
"Wellington City","TOWNSEND ROAD","240","S"," ","AWA ROAD","201433783","04/04/2014","Fri","1838","DA","CN1V","131A ","M","M","W","B ","F "," "," ","N","050","0","0","0","","","1752549","5424769",
"Wellington City","TREASURE GROVE","100","S"," ","KAINUI ROAD","201430878","11/01/2014","Sat","1350","MO","CS1","133A 423A 929 ","FH","M","D","BF","F ","D","N","N","050","0","0","0","","","1750926","5426141",
"Wellington City","TROY ST","20","S"," ","KEMP ST","201434452","07/04/2014","Mon","1620","AC","CN1C","159A 357A 357B ","K","E","D","O ","F "," "," ","C","050","0","0","0","","","1750855","5424329",
"Wellington City","TRUSCOTT AVENUE","80","S"," ","BRODERICK ROAD","201433186","28/03/2014","Fri","0848","MD","CS1E","371A 929 ","","E","D","B ","F "," "," ","C","050","0","0","0","","","1750542","5434709",
"Wellington City","TRUSCOTT AVENUE",""," ","I","ELLIOT ST","201437753","04/06/2014","Wed","0815","EA","CE1C","122A 363A 386A 446B 902 ","M","R","D","B ","F ","T","G","C","050","0","0","0","","","","",
"Wellington City","TYERS ROAD","15","W"," ","SH 1N","201434617","07/04/2014","Mon","0755","EA","CE14","129A ","M","R"," "," F","  "," ","N","N","050","0","0","0","","","1751718","5432783",
"Wellington City","UPLAND ROAD","15","S"," ","GLEN ROAD","201430775","07/02/2014","Fri","0835","FC","CN1CC","181A ","","R","D","BF","F "," ","N","X","050","0","0","0","","","1747828","5427740",
"Wellington City","UPLAND ROAD","80","N"," ","PLUNKET ST","201434994","22/04/2014","Tue","2002","EA","CS1C","103A 129A ","M","R","D","DO","F "," ","N","C","050","0","0","0","","","1747489","5427770",
"Wellington City","VICTORIA ST","90","N"," ","GHUZNEE ST","201434350","19/04/2014","Sat","1215","MO","CN14","371B 927 ","","R","D","O ","F ","D","N","C","050","0","0","0","","","1748583","5427307",