"TLA NAME","CRASH ROAD","CRASH DIST","CRASH DIRN","INTSN","SIDE ROAD","CRASH ID","CRASH DATE","CRASH DOW","CRASH TIME","MVMT","VEHICLES","CAUSES","OBJECTS STRUCK","ROAD CURVE","ROAD WET","LIGHT","WTHRa","JUNC TYPE","TRAF CTRL","ROAD MARK","SPD LIM","CRASH FATAL CNT","CRASH SEV CNT","CRASH MIN CNT","PERS AGE1","PERS AGE2","EASTING","NORTHING"
"Wellington City","VICTORIA ST","15","N"," ","WAKEFIELD ST","201431285","27/01/2014","Mon","1000","FF","CN1S","357A 512A ","","M","D","OF","F "," ","N","N","050","0","0","0","","","1748724","5427681",
"Wellington City","WADESTOWN ROAD","80","E"," ","BLACKBRIDGE ROAD","201410285","11/02/2014","Tue","1328","CB","CW1","129A 358A ","C","R","D","B ","F "," ","N","C","050","0","0","1","","","1748158","5430692",
"Wellington City","WAKEFIELD ST",""," ","I","CHAFFERS ST","201435614","27/04/2014","Sun","0040","BB","BN1M","129A 386A ","","E","D","DO","F ","T","S","C","050","0","0","0","","","1749319","5427226",
"Wellington City","WAKEFIELD ST","50","W"," ","TORY ST","201432219","08/02/2014","Sat","2245","AC","CW14","372A 671A 801 ","","R","W","DO","L "," "," ","C","050","0","0","0","","","1749158","5427298",
"Wellington City","WALLACE ST","40","S"," ","BIDWILL ST","201437547","07/06/2014","Sat","2245","JA","CS1C","303B 930 ","","R","W","DO","L ","D","N","C","050","0","0","0","","","1748536","5426190",
"Wellington City","WARIPORI ST","60","E"," ","ADELAIDE ROAD","201436400","04/04/2014","Fri","2240","MO","CE1C","101A 371A ","M","R","D","DO","F "," ","N","C","050","0","0","0","","","1748651","5424335",
"Wellington City","WARWICK ST","300","S"," ","WILTON ROAD","201433254","18/02/2014","Tue","0300","DA","CE14C","103A 120A ","MM","M","D","DO","F "," ","N","C","050","0","0","0","","","1747565","5429861",
"Wellington City","WATERLOO QUAY",""," ","I","HINEMOA ST","201434760","26/04/2014","Sat","2156","FE","CN1CC","331A 358A ","","R","D","DO","F ","X","T","C","050","0","0","0","","","1749409","5428994",
"Wellington City","WATERLOO QUAY",""," ","I","HINEMOA ST","201437059","14/05/2014","Wed","0907","LB","CN1C","303B ","","R","D","O ","F ","X","T","R","050","0","0","0","","","","",
"Wellington City","WATERLOO QUAY","15","N"," ","WHITMORE ST","201413157","24/03/2014","Mon","1255","FA","TN1S","181A 331A ","","R","D","B ","F "," "," ","C","050","0","0","1","","25","1748991","5428450",
"Wellington City","WATERLOO QUAY",""," ","I","WHITMORE ST","201413356","23/05/2014","Fri","1303","NA","VS1E","718B ","","R","D","B ","F ","X","T","R","050","0","1","0","41","","1748982","5428438",
"Wellington City","WEBB ST","10","W"," ","TARANAKI ST","201433402","13/03/2014","Thu","0755","FE","CE1C","181A ","","R","D","BF","F ","T","T","C","050","0","0","0","","","1748645","5426596",
"Wellington City","WEBB ST",""," ","I","TARANAKI ST","201436020","08/02/2014","Sat","1730","FE","CE1C","103A 331A ","","R","W","OF","H ","T","T","C","050","0","0","0","","","","",
"Wellington City","WELLINGTON ROAD",""," ","I","CRANFORD ROAD","201437694","07/06/2014","Sat","1150","JA","CS24","191A 302B 375B ","","M","D","O ","F ","R","G","R","050","0","0","0","","","","",
"Wellington City","WESTCHESTER DRIVE EAST",""," ","I","CHURTON PARK OFF NBD","201411643","11/03/2014","Tue","1200","KB","CE1T","302B 375B ","","M","D","BF","F ","X","G","R","050","0","0","1","","","1752620","5436975",
"Wellington City","WILLIS ST",""," ","I","ABEL SMITH ST","201434628","10/04/2014","Thu","1200","AA","VW1C","372A ","","E","W","ON","H ","X","T","C","050","0","0","0","","","1748300","5426947",
"Wellington City","WILLIS ST",""," ","I","ABEL SMITH ST","201436576","02/05/2014","Fri","1545","AA","VN1C","173A ","","E","D","B ","F ","M","T","C","050","0","0","0","","","1748300","5426947",
"Wellington City","WILLIS ST","15","N"," ","ARO ST","201433403","07/03/2014","Fri","1400","FF","CN1C","387A ","","R","D","BF","F "," ","N","C","050","0","0","0","","","1748257","5426854",
"Wellington City","WILLIS ST","15","N"," ","ARO ST","201435913","10/04/2014","Thu","2310","BA","CS1C","201A ","","R","W","DO","L "," ","N","N","050","0","0","0","","","1748257","5426854",
"Wellington City","WILLIS ST","5","S"," ","ARO ST","201435161","07/04/2014","Mon","1335","FA","CS1T","181A ","","R","W","O ","F ","X","G","C","050","0","0","0","","","1748250","5426835",
"Wellington City","WILLIS ST",""," ","I","ARO ST","201434756","21/04/2014","Mon","2137","FC","CN1C","331A 359A ","","R","D","DO","F ","T","G","X","050","0","0","0","","","1748250","5426840",
"Wellington City","WILLIS ST","20","S"," ","BOULCOTT ST","201412743","02/05/2014","Fri","2214","NB","CS1E","711B 712B 714B ","","M","D","DO","F ","X","G","C","050","0","0","1","26","","1748595","5427605",
"Wellington City","WILLIS ST",""," ","I","BROOKLYN ROAD","201433408","31/03/2014","Mon","1730","AA","CS1M","372A 671A ","","R","D","BF","F ","T","G","C","050","0","0","0","","","1748205","5426734",
"Wellington City","WILLIS ST",""," ","I","DIXON ST","201411549","26/02/2014","Wed","2111","EA","VN1C","331A 377A ","Q","R","D","DO","F ","X","T","C","050","0","0","2","","","1748520","5427439",
"Wellington City","WILLIS ST","80","N"," ","GHUZNEE ST","201431128","10/02/2014","Mon","1609","MB","CS1C","372B ","","R","D","O ","F "," ","N","C","050","0","0","0","","","1748478","5427345",
"Wellington City","WILLIS ST",""," ","I","GHUZNEE ST","201432203","15/02/2014","Sat","2021","DB","CS1","193A 336A ","I","R","D","TF","F ","X","T","R","050","0","0","0","","","1748446","5427272",
"Wellington City","WILLIS ST",""," ","I","LAMBTON QUAY","201430707","29/01/2014","Wed","1800","FE","CN1V","181A 387A ","","E","D","BF","F ","X","T","C","050","0","0","0","","","1748740","5427923",
"Wellington City","WILLIS ST","40","N"," ","SH 1N","201434759","20/04/2014","Sun","1000","MO","CN1C","371A ","","R","D","OF","F "," ","N","C","050","0","0","0","","","1748388","5427143",
"Wellington City","WILLIS ST",""," ","I","WEBB ST","201433493","13/03/2014","Thu","0150","MO","CS1","357A 371A ","S","R","D","DO","F ","T","T","C","050","0","0","0","","","1748229","5426784",
"Wellington City","WILSON ST","10","E"," ","RIDDIFORD ST","201432520","18/02/2014","Tue","1627","EE","CE1C","374B ","Q","R","D","O ","F ","T","N","N","050","0","0","0","","","1748970","5424971",
"Wellington City","WOODWARD ST","15","W"," ","LAMBTON QUAY","201412387","25/02/2014","Tue","0330","NA","VE1E","350A 710B ","","R","D","DN","F "," "," ","N","050","0","0","1","30","","1748714","5428407",
"Wellington City","Z BP SERVICE STATION","20","E"," ","TARANAKI ST","201410122","10/01/2014","Fri","1015","MO","CW1","130A 420A ","C","E","D","B ","F "," "," ","N","020","0","0","1","","","1749056","5427450",
"Wellington City","Z MASSEY UNIVERSITY","200","S"," ","BUCKLE ST","201413155","09/05/2014","Fri","1220","JA","CS1S","370A 377A 201B 370B 378B 839 ","","R","D","O ","F ","T","N","N","050","0","0","1","","18","1748705","5426505",
"Wellington City","1N/1050/6.388","2000","S"," ","MUNGAVIN OBR","201411809","10/02/2014","Mon","0640","FD","CS14CC","181A ","","R","W","OF","H "," ","N","C","100","0","0","3","","","1754326","5442342",
"Wellington City","1N/1050/6.392","2000","S"," ","MUNGAVIN OBR","201432426","03/02/2014","Mon","1947","CB","CN1","130A ","JT","R","D","B ","F "," "," ","C","100","0","0","0","","","1754312","5442342",
"Wellington City","1N/1050/7.013","200","S"," ","COLLINS OBR","201433790","08/04/2014","Tue","0843","FD","4S14C","181A 181B ","","R","W","O ","HS"," "," ","C","100","0","0","0","","","1754061","5441776",
"Wellington City","1N/1050/8.461","1500","N"," ","TAKAPU RD UPASS NBD","201432945","26/02/2014","Wed","1835","AC","TN1C","381A 671A ","G","R","D","O ","F "," "," ","C","100","0","0","0","","","1753578","5440419",
"Wellington City","1N/1050/8.931","700","N"," ","TAWA OFF SBD","201413285","12/06/2014","Thu","2335","BA","CN1C","103A 110A 514A ","","R","D","DN","F "," ","N","C","100","0","1","0","","","1753496","5439954",
"Wellington City","1N/1060/0.087","400","S"," ","TAWA OFF SBD","201434927","20/03/2014","Thu","1952","FD","CS1C","181A ","","E","W","DO","F "," ","N","R","100","0","0","0","","","1753674","5438957",
"Wellington City","1N/1060/0.319",""," ","I","TAWA OFF NBD","201433645","09/03/2014","Sun","2009","DB","CN14","102A 111A 131A 402A 514A 517A 198B +","DG","E","D","DO","F ","T","N","C","100","0","0","0","","","1753602","5438733",
"Wellington City","1N/1060/0.919","600","S"," ","TAWA OFF NBD","201413737","22/05/2014","Thu","0838","AA","CN1C","129A 358A ","CS","M","W","BF","F "," ","N","C","100","0","1","0","","","1753455","5438153",
"Wellington City","1N/1060/1.219","900","S"," ","TAWA OFF NBD","201434931","25/03/2014","Tue","1754","DA","CN1","410A ","C","E","D","BF","F "," ","N","C","100","0","0","0","","","1753226","5437966",
"Wellington City","1N/1060/3.549","700","S"," ","CHURTON PARK ON SBD","201438107","11/04/2014","Fri","1300","CC","CS1C","129A ","GC","R","W","OF","H "," ","N","C","100","0","0","0","","","1752089","5435998",
"Wellington City","1N/1060/3.93","300","N"," ","JOHNSONVILLE ON NBD","201434924","02/04/2014","Wed","1705","FD","CN14","181A ","","R","D","BF","F "," ","N","R","100","0","0","0","","","1751907","5435656",
"Wellington City","1N/1060/4.03","200","N"," ","JOHNSONVILLE ON NBD","201413663","18/05/2014","Sun","0445","CB","CN1","410A ","C","R","W","DO","F "," "," ","C","100","0","1","0","","","1751864","5435566",
"Wellington City","1N/1060/4.18","50","N"," ","JOHNSONVILLE ON NBD","201412013","10/04/2014","Thu","0618","CB","CN1","129A 134A ","G","R","W","DN","L "," ","N","N","080","0","0","1","","","1751799","5435431",
"Wellington City","1N/1060/4.23",""," ","I","JOHNSONVILLE ON NBD","201431905","18/02/2014","Tue","0720","AA","CN1C","372A ","","R"," ","BF","  ","Y","N","N","010","0","0","0","","","1751777","5435386",
"Wellington City","1N/1060/5.292","100","N"," ","JOHNSONVILLE OFF NBD","201437657","03/06/2014","Tue","1733","FA","4N1CC","110A 331A 191B ","","R","D","DO","F "," "," ","R","080","0","0","0","","","1751550","5434368",
"Wellington City","1N/1060/7.401","40","E"," ","GLOVER SLIP ROAD","201412269","24/04/2014","Thu","0830","EA","SS1VC","129A 150A ","M","E","D","B ","F "," ","N","N","050","0","0","1","","40","1751895","5432713",
"Wellington City","1N/1068/0.1","100","S"," ","SH 2","201434610","25/02/2014","Tue","0306","CB","CN1","103A 410A ","G","R","D","DN","F "," ","N","C","100","0","0","0","","","1751695","5431955",
"Wellington City","1N/1068/0.754","1000","S"," ","NGAURANGA ON NBD OBR","201410057","17/02/2014","Mon","0946","AC","TS1C","372A 671A ","G","E","D","B ","F "," "," ","R","100","0","0","1","","","1751213","5431517",
"Wellington City","1N/1068/1.165","1800","N"," ","AOTEA OBR","201434758","03/02/2014","Mon","0910","FD","VW1C","331A 358A ","","R","D","BF","F "," ","N","R","100","0","0","0","","","1750852","5431329",
"Wellington City","1N/1068/1.964","1000","N"," ","AOTEA OBR","201434456","16/04/2014","Wed","0824","FA","CN1C","181A 800 901 ","","E","W","O ","H "," "," ","C","100","0","0","0","","","1750174","5430917",
"Wellington City","1N/1068/2.009","500","N"," ","AOTEA ON NBD","201435090","01/05/2014","Thu","0558","FD","4N14","181A ","","R","D","DO","F "," ","N","N","100","0","0","0","","","1750146","5430882",
"Wellington City","1N/1068/2.239","270","N"," ","AOTEA ON NBD","201434934","26/01/2014","Sun","1634","CC","CN1","112A 901 ","G","R","W","OF","H "," ","N","C","100","0","0","0","","","1750006","5430699",
"Wellington City","1N/1068/2.259","250","N"," ","AOTEA ON NBD","201412744","20/04/2014","Sun","0934","DA","MN1","129A ","I","E","D","BF","FS"," ","N","R","100","0","0","1","","","1749992","5430685",
"Wellington City","1N/1068/2.465","500","N"," ","AOTEA OBR","201412345","29/03/2014","Sat","0852","DB","CS1","111A 131A 402A 903 ","G","M","D","O ","FS"," "," ","C","100","0","0","1","","","1749829","5430563",
"Wellington City","1N/1068/2.634","200","N"," ","AOTEA OFF SBD","201430350","13/01/2014","Mon","0737","FD","VS1CV","110A 181A 350A ","","E","D","B ","F "," ","N","C","060","0","0","0","","","1749711","5430443",
"Wellington City","1N/1068/2.814","20","N"," ","AOTEA QUAY","201436290","15/05/2014","Thu","1700","AC","CS1C","372A ","","R","W","DO","H "," "," ","C","100","0","0","0","","","1749605","5430298",
"Wellington City","1N/1068/3.034","200","S"," ","AOTEA OFF SBD","201436269","21/05/2014","Wed","1042","MO","TS1CCC","682A ","","R","D","B ","F "," "," ","R","100","0","0","0","","","1749461","5430131",
"Wellington City","1N/1068/3.7",""," ","I","MAY ON NBD","201433869","11/04/2014","Fri","1446","FO","CN2C","184A ","","R","W","O ","L ","T","G","R","100","0","0","0","","","1749021","5429640",
"Wellington City","1N/1068/3.7",""," ","I","MAY ON NBD","201433644","12/03/2014","Wed","1610","FA","CN1C","181A 331A 353A ","","R","D","B ","F ","T","N","C","100","0","0","0","","","1749021","5429640",
"Wellington City","1N/1068/3.73","30","S"," ","MAY ON NBD","201434453","07/04/2014","Mon","1855","FD","4N1CCC","110A 331A 801 ","","R","W","O ","L "," "," ","R","100","0","0","0","","","1748997","5429622",
"Wellington City","1N/1068/4.649","110","S"," ","HILL ST OBR","201436252","17/04/2014","Thu","1703","FD","CS1C","181A ","","R","W","O ","F "," "," ","C","100","0","0","0","","","1748504","5428884",
"Wellington City","1N/1068/4.873","300","N"," ","CLIFTON ON NBD","201431137","19/02/2014","Wed","2228","CA","CN1","406A 410A ","","R","D","DO","F "," ","N","C","100","0","0","0","","","1748514","5428660",
"Wellington City","1N/1068/4.891","40","S"," ","BOLTON ST","201430290","14/01/2014","Tue","1412","CB","VN1","129A 130A ","C","R","D","B ","F "," "," ","C","100","0","0","0","","","1748515","5428642",
"Wellington City","1N/1068/5.406","300","N"," ","NORTH PORTAL SBD","201431743","11/02/2014","Tue","1618","AO","CS1C","184A 372A 184B 372B ","","E","D","B ","F "," "," ","C","080","0","0","0","","","1748482","5428127",
"Wellington City","1N/1068/5.417","700","S"," ","TERRACE OFF SBD","201432451","05/02/2014","Wed","1533","FD","CS1XC","110A 331A 350A ","","R","D","O ","F "," "," ","R","100","0","0","0","","","1748477","5428116",
"Wellington City","1N/1068/5.861","150","S"," ","NORTH PORTAL NBD","201435104","04/03/2014","Tue","0615","AC","TN1C","150A 372A ","","R","D","DO","F "," ","N","C","070","0","0","0","","","1748348","5427708",
"Wellington City","1N/1068/6.07","100","N"," ","SOUTH PORTAL","201412264","17/05/2014","Sat","1413","FD","CS1MC","181A 181B 191C ","","R","D","O ","F "," ","N","R","080","0","0","1","","","1748347","5427489",
"Wellington City","1N/1068/6.07","400","N"," ","VIVIAN/WILLIS","201434869","17/03/2014","Mon","1745","FD","CS1O","181A ","","R","D","OF","F "," ","N","L","070","0","0","0","","","1748347","5427489",
"Wellington City","1N/1068/6.17","300","N"," ","WILLIS ST","201436268","17/05/2014","Sat","1413","FD","CS1C","181A ","","E","D","B ","F "," "," ","C","080","0","0","0","","","1748354","5427389",
"Wellington City","WILLIS ST",""," ","I","1N/1075/0.3","201410119","24/01/2014","Fri","1112","HA","VE2CC","322A 334A ","","R","D","B ","F ","X","T","R","050","0","0","3","","","1748371","5427107",
"Wellington City","WILLIS ST",""," ","I","1N/1075/0.3","201430314","18/01/2014","Sat","2058","HA","CE2C","322B 334B 356B ","","R","D","TF","F ","X","T","C","050","0","0","0","","","1748371","5427107",
"Wellington City","VICTORIA ST",""," ","I","VIVIAN ST W","201430316","04/01/2014","Sat","0836","HA","XS1C","322B 334B ","","R","D","O ","F ","X","T","C","050","0","0","0","","","1748444","5427073",
"Wellington City","1N/1075/0.454",""," ","I","WILLIS ST","201437056","01/06/2014","Sun","1540","FE","CN1C","331A ","","E","D","O ","F ","M","T","C","050","0","0","0","","","1748300","5426947",
"Wellington City","1N/1075/0.5","200","N"," ","WILLIS ST","201434870","03/03/2014","Mon","1819","FD","CS1CV","181A ","","R","W","OF","L "," ","N","R","070","0","0","0","","","1748553","5427024",
"Wellington City","1N/1075/0.611",""," ","I","DUNLOP TERRACE","201411068","05/02/2014","Wed","1048","GD","ME1P","333A 352A ","","R","D","O ","F ","T","G","C","050","0","0","1","","","1748655","5426979",
"Wellington City","1N/1075/0.696","10","E"," ","KNIGGES AVENUE","201412346","18/04/2014","Fri","1610","FA","ME1C","181A ","","R","D","B ","F ","T","G","C","050","0","0","1","","","1748732","5426945",
"Wellington City","1N/1075/0.762",""," ","I","TARANAKI ST","201412521","30/03/2014","Sun","0912","NB","CE1E","306A 324A 402A ","","R","D","O ","F ","X","T","X","050","0","0","1","2","","1748792","5426917",
"Wellington City","1N/1075/0.862","100","E"," ","TARANAKI ST","201431309","24/02/2014","Mon","0745","FA","CE1C","181A ","","R","D","OF","F "," ","N","C","050","0","0","0","","","1748883","5426876",
"Wellington City","1N/1075/0.959",""," ","I","TARANAKI ST","201430528","31/01/2014","Fri","1609","CB","VW1","501A 817 ","G","R","D","B ","F ","X","T","C","050","0","0","0","","","1748679","5426647",
"Wellington City","1N/1075/0.98","200","W"," ","TASMAN ST","201435864","08/04/2014","Tue","1300","CA","CW1V","130A ","G","R","W","OF","H "," ","N","R","100","0","0","0","","","1748698","5426638",
"Wellington City","1N/1075/1.085","100","E"," ","TORY ST","201432202","12/02/2014","Wed","1108","AA","CW1X","184A ","","E","D","O ","F "," "," ","C","050","0","0","0","","","1749087","5426785",
"Wellington City","1N/1075/1.319","15","S"," ","BUCKLE ST N","201435603","02/05/2014","Fri","1135","AC","CN1V","381A ","","R","D","B ","F "," "," ","C","050","0","0","0","","","1748969","5426474",
"Wellington City","1N/1075/1.319","15","S"," ","SH 1N BUCKLE","201436579","14/05/2014","Wed","1755","FD","VN14","181A 801 ","","R","W","TO","L "," "," ","C","050","0","0","0","","","1748969","5426474",
"Wellington City","1N/1075/1.435","100","N"," ","ELLICE ST","201437546","05/06/2014","Thu","1623","AA","CN1B","372A ","","R","D","O ","F "," "," ","C","050","0","0","0","","","1749137","5426538",
"Wellington City","1N/1075/1.481","10","N"," ","RUGBY ST","201431465","08/02/2014","Sat","1937","DA","CN1C","131A ","M","M","W","DO","L ","T","G","C","050","0","0","0","","","1748926","5426325",
"Wellington City","1N/1075/1.485","50","N"," ","BUCKLE ST","201411788","09/04/2014","Wed","0925","CA","MS1","130A 191A 801 ","","R","W","O ","L "," "," ","C","050","0","0","1","","","1749117","5426492",
"Wellington City","1N/1075/1.571",""," ","I","ADELAIDE ROAD","201436163","14/05/2014","Wed","0815","DB","MN1","131A 801 ","","S","W","O ","L ","T","T","C","050","0","0","0","","","1749005","5426284",
"Wellington City","1N/1075/1.601","30","E"," ","ADELAIDE ROAD","201433447","19/03/2014","Wed","1953","FE","XW1CX","181A ","","R","D","DO","F ","T","T","C","050","0","0","0","","","1749033","5426272",
"Wellington City","1N/1075/1.601","30","S"," ","ADELAIDE ROAD","201431906","18/02/2014","Tue","","AA","4E1C","381A ","","M","D","BF","F "," ","N","C","050","0","0","0","","","1749033","5426272",
"Wellington City","1N/1075/1.654","50","S"," ","ELLICE ST","201431286","07/02/2014","Fri","1519","AC","CS1C","372A ","","E","W","OF","L "," ","N","C","050","0","0","0","","","1749165","5426359",
"Wellington City","1N/1076/0.02","20","E"," ","SLIP","201433114","26/03/2014","Wed","0810","AO","CE1C","184A ","","E","D","O ","F "," "," ","C","050","0","0","0","","","1749184","5426328",
"Wellington City","1N/1076/0.497","200","E"," ","WEST PORTAL","201434457","17/04/2014","Thu","0815","FD","CE1C","331A 801 ","","R","W","O ","L "," "," ","L","050","0","0","0","","","1749602","5426104",
"Wellington City","1N/1076/1.017","30","W"," ","TAURIMA ST","201433466","14/02/2014","Fri","1524","FD","XE1XC","181A ","","R","D","BF","F "," ","N","L","050","0","0","0","","","1750061","5425866",
"Wellington City","1N/1076/1.279","200","N"," ","GOA ST","201430218","20/01/2014","Mon","1240","FD","CN14","181A ","","R","D","O ","F "," "," ","C","050","0","0","0","","","1750032","5425615",
"Wellington City","1N/1076/1.484","5","S"," ","GOA ST","201410758","27/03/2014","Thu","1730","AA","CN1M","143A 372A ","","R","D","O ","F ","T","N","C","070","0","0","1","","","1749970","5425420",
"Wellington City","1N/1076/1.494","15","S"," ","GOA ST","201436687","13/05/2014","Tue","1750","FD","CN1C4","181A 350A ","","R","W","DO","L "," ","N","C","070","0","0","0","","","1749967","5425410",
"Wellington City","1N/1076/1.835",""," ","I","SH 1N RUAHINE","201411073","01/03/2014","Sat","0830","LB","CN1C","303B 382B ","","M","D","O ","F ","T","G","R","050","0","0","1","","","1749873","5425084",
"Wellington City","WELLINGTON ROAD",""," ","I","RUAHINE ST","201433113","27/03/2014","Thu","1430","FA","CE1C","181A ","","E","D","B ","F ","T","G","R","060","0","0","0","","","1749873","5425084",
"Wellington City","1N/1076/1.989","10","E"," ","WALMER ST","201437698","07/06/2014","Sat","1230","AA","CE1C","184A 353A 387A 184B 387B ","","R","D","O ","F ","T","N","L","050","0","0","0","","","1750039","5425061",
"Wellington City","1N/1076/2.064","30","W"," ","KILBIRNIE CRESCENT","201411069","22/02/2014","Sat","0809","MD","ME14","308B 375B 929 ","","R","D","B ","F ","D"," ","L","050","0","0","1","","","1750093","5425052",
"Wellington City","KILBIRNIE CRESCENT",""," ","I","WELLINGTON ROAD","201413145","08/02/2014","Sat","1449","LB","CW1C","171B 303B 801 ","","R","W","O ","L ","X","T","C","050","0","0","1","","","1750123","5425048",
"Wellington City","EVANS BAY PARADE S",""," ","I","1N/1076/2.26","201437842","07/06/2014","Sat","1920","GA","CN1P","181A ","","R","D","B ","F ","X","G"," ","050","0","0","0","","","1750300","5425000",
"Wellington City","EVANS BAY PARADE",""," ","I","1N/1076/2.28","201411074","09/02/2014","Sun","2215","LB","4N1M","303B 375B ","","R","D","DO","F ","X","T","R","050","0","0","1","","","1750300","5425000",
"Wellington City","1N/1076/2.28",""," ","I","EVANS BAY PARADE","201435941","07/04/2014","Mon","0830","GD","CW1C","333A ","","R","W","OF","L ","X","T","C","050","0","0","0","","","1750300","5425000",
"Wellington City","1N/1076/3.103","5","N"," ","TROY ST","201431503","20/01/2014","Mon","1650","FB","CS1C","331A ","","E","D","OF","  ","R","N","N","050","0","0","0","","","1750927","5424495",
"Wellington City","1N/1076/3.108",""," ","I","TROY ST","201430770","19/01/2014","Sun","0215","FB","CW1C","181A ","","E","D","DO","F ","R","G","R","050","0","0","0","","","1750927","5424495",
"Wellington City","1N/1076/3.141",""," ","I","TROY ST","201410134","14/01/2014","Tue","1602","AA","CE1M","177A 404A 671A ","","R","D","O ","F ","R","G","R","070","0","0","1","","","1750947","5424489",
"Wellington City","1N/1076/3.585",""," ","I","CALABAR ROAD","201412949","01/06/2014","Sun","1611","GF","CE1M","129B 131B 387B ","","M","D","B ","F ","R","G","R","050","0","0","1","","","1751397","5424522",
"Wellington City","1N/1076/3.702",""," ","I","COBHAM DRIVE","201438113","25/03/2014","Tue","1340","FB","CE1C","181A 387A ","","E","D","BF","F ","R","G","R","070","0","0","0","","","1751452","5424455",
"Wellington City","1N/1076/4.122",""," ","I","CALEDONIA ST","201430288","03/01/2014","Fri","0955","JA","CS14","302B ","","R","D","O ","F ","T","G","R","070","0","0","0","","","1751424","5424061",
"Wellington City","1N/1076/4.14",""," ","I","CALEDONIA ST","201433309","04/04/2014","Fri","1408","KB","CN1C","302B 375B ","","R","D","BF","F ","T","G","C","070","0","0","0","","","1751424","5424061",
"Wellington City","2/962/12.936","1000","W"," ","PETONE OBR SBD","201437428","15/04/2014","Tue","0818","FA","CW1CC","331A 427A ","","E","D","B ","F "," "," ","R","100","0","0","0","","","1754989","5434366",
"Wellington City","2/962/13.177","1000","S"," ","PETONE ON SBD","201438115","08/05/2014","Thu","0702","FD","TS1C","181A ","","R","D","TN","F "," ","N","N","100","0","0","0","","","1754759","5434294",
"Wellington City","2/962/13.395","700","S"," ","HOROKIWI ROAD","201412475","18/03/2014","Tue","0245","DB","CS1","103A 131A 132A ","C","M","W","DO","F "," "," ","C","100","0","0","2","","","1754552","5434225",
"Wellington City","2/962/14.197","1500","W"," ","HOROKIWI ROAD","201435753","15/04/2014","Tue","1810","FD","CE1CCC","181A 331A ","G","R","D","DO","F "," "," ","C","100","0","0","0","","","1753925","5433755",
"Wellington City","2/962/14.377","2200","S"," ","PETONE ON SBD","201410756","04/04/2014","Fri","0654","FD","MS1TVV","181A 181B 353B ","","R","D","DO","F "," ","N","R","100","0","0","1","","","1753809","5433612",
"Wellington City","2/962/14.741","1000","N"," ","HUTT ON NBD","201435011","17/04/2014","Thu","0650","FD","CS1C","110A 181A ","","R","W","O ","F "," ","N","C","100","0","0","0","","","1753526","5433387",
"Wellington City","2/962/15.43","1300","N"," ","NGAURANGA ON NBD OBR","201410038","18/02/2014","Tue","1615","FD","CN1C4C","181A 331A 191B 191C ","","R","D","O ","F "," "," ","C","080","0","0","2","","","1752985","5432963",
"Wellington City","2/962/15.98","750","N"," ","NGAURANGA ON NBD OBR","201413014","08/05/2014","Thu","1826","FD","CN14C","331A 350A ","","R","W","DO","F "," ","N","R","100","0","0","1","","","1752538","5432643",
"Wellington City","2/962/16.341","600","S"," ","HUTT ON NBD","201433871","11/04/2014","Fri","1800","FD","CN1C","181A ","","R","W","DO","F "," "," ","C","080","0","0","0","","","1752256","5432417",
"Wellington City","2/962/16.367",""," ","I","NGAURANGA ON NBD","201412057","21/03/2014","Fri","0930","FD","VS1CC","181A 330A ","","E","D","B ","F ","T","N","R","080","0","0","1","","","1752244","5432387",
"Wellington City","2/962/16.59","140","N"," ","NGAURANGA ON NBD OBR","201432084","13/02/2014","Thu","1620","FA","CN1C","423A ","","R","D","B ","F "," "," ","C","100","0","0","0","","","1752076","5432247",
"Wellington City","2/962/16.73",""," ","A","NGAURANGA ON NBD OBR","201433717","11/03/2014","Tue","1804","FD","CS1V","181A ","","R","D","O ","F "," "," ","C","100","0","0","0","","","1751968","5432157",
"Western Bay Of Plenty District","ARAWA AVENUE","170","S"," ","WILLIAMS CRESCENT","201410212","16/01/2014","Thu","0008","DB","CS1","103A 111A ","T","E","D","DO","F "," ","N","N","050","0","0","2","","","1905249","5815846",
"Western Bay Of Plenty District","ARAWA AVENUE","400","N"," ","WILSON ROAD NORTH","201412120","21/03/2014","Fri","0929","DA","CN1","111A 131A ","E","E","D","O ","F "," "," ","C","100","0","0","1","","","1904772","5814058",
"Western Bay Of Plenty District","ARAWA AVENUE","500","N"," ","WILSON ROAD NORTH","201430064","03/01/2014","Fri","0036","DB","CS1","102A 131A ","CT","M","D","DN","F "," ","N","C","070","0","0","0","","","1904805","5814148",
"Western Bay Of Plenty District","BEACH ROAD",""," ","I","FAIRVIEW ROAD","201410315","01/02/2014","Sat","2155","DC","MN2","103A ","F","R","D","DO","F ","T","G","C","050","0","0","2","","","1858425","5839859",