"TLA NAME","CRASH ROAD","CRASH DIST","CRASH DIRN","INTSN","SIDE ROAD","CRASH ID","CRASH DATE","CRASH DOW","CRASH TIME","MVMT","VEHICLES","CAUSES","OBJECTS STRUCK","ROAD CURVE","ROAD WET","LIGHT","WTHRa","JUNC TYPE","TRAF CTRL","ROAD MARK","SPD LIM","CRASH FATAL CNT","CRASH SEV CNT","CRASH MIN CNT","PERS AGE1","PERS AGE2","EASTING","NORTHING"
"Western Bay Of Plenty District","BEACH ROAD",""," ","I","FYFE ROAD","201411004","10/01/2014","Fri","1700","KB","CN1C","308B 370B 929 ","F","R","D","O ","F ","D","N","C","050","0","0","2","","","1859960","5856705",
"Western Bay Of Plenty District","BELK ROAD","2110","N"," ","SH 29","201436668","24/05/2014","Sat","0905","DA","CN1","110A 134A ","C","E","W","O ","F "," ","N","C","100","0","0","0","","","1871862","5815229",
"Western Bay Of Plenty District","BELL ROAD","50","E"," ","SH 2","201432348","09/02/2014","Sun","1800","AC","VE1V","357A 372A ","","R","D","O ","F "," "," ","C","100","0","0","0","","","1890711","5818693",
"Western Bay Of Plenty District","BOUCHER AVENUE","20","W"," ","LENIHAN DRIVE","201435944","10/04/2014","Thu","1950","CB","CE1","103A ","FP","R","W","DO","L "," ","N","C","050","0","0","0","","","1892550","5811719",
"Western Bay Of Plenty District","CAMERON ROAD","60","W"," ","TYNAN ST","201434808","08/04/2014","Tue","1325","DA","CW1","111A 131A ","TX","M","W","OF","L "," ","N","C","050","0","0","0","","","1892029","5811480",
"Western Bay Of Plenty District","CAMERON ROAD","200","N"," ","WILLIAMS DRIVE","201437462","27/05/2014","Tue","1120","EA","CN1C","129A 363A 902 ","M","R","D","B ","F "," "," ","C","050","0","0","0","","","1892010","5811714",
"Western Bay Of Plenty District","COMMERCE LANE","10","E"," ","JOCELYN ST","201434411","26/04/2014","Sat","1636","ME","CE1C","371B ","","R","D","O ","F ","T","G","N","050","0","0","0","","","1893015","5812977",
"Western Bay Of Plenty District","CRAWFORD ROAD","200","E"," ","JUNCTION ROAD","201410900","22/02/2014","Sat","0750","DA","CN1","111A 131A ","T","M","W","ON","L "," ","N","C","100","0","0","1","","","1870531","5820219",
"Western Bay Of Plenty District","DUNLOP ROAD","120","S"," ","DONOVAN ST","201431101","30/01/2014","Thu","1005","MO","CN1C","330A 371A 929 ","","R","D","B ","F "," ","N","N","050","0","0","0","","","1891787","5813157",
"Western Bay Of Plenty District","EMERTON ROAD",""," ","A","STEELE ROAD","201435572","17/04/2014","Thu","1419","DB","CS1","111A 131A 402A 801 ","P","S","W","O ","L "," "," ","C","100","0","0","0","","","1860535","5852313",
"Western Bay Of Plenty District","ESDAILE ROAD","20","S"," ","OLD HIGHWAY","201411893","24/03/2014","Mon","1846","BB","CS1V","129A 358A ","","E","D","BN","F "," ","N","C","080","0","1","1","","","1864410","5828080",
"Western Bay Of Plenty District","FAIRVIEW ROAD",""," ","I","CARISBROOKE ST","201410319","29/01/2014","Wed","0633","HA","VW14","302B 375B ","","R","D","BF","F ","X","G","C","050","0","0","1","","","1857885","5839320",
"Western Bay Of Plenty District","JOCELYN ST","80","S"," ","SH 2","201410490","13/02/2014","Thu","1844","GD","TN14","130A 387A 925 ","","E","D","B ","F ","D","N","C","050","0","0","1","","","1857764","5839603",
"Western Bay Of Plenty District","JOCELYN ST","10","W"," ","SH 2","201432327","07/02/2014","Fri","1325","KA","4E1C","308B 926 ","","R","D","O ","F ","D","N","C","050","0","0","0","","","1857694","5839606",
"Western Bay Of Plenty District","JOYCE ROAD","1100","N"," ","IONA ROAD","201412886","13/05/2014","Tue","0545","CC","CN1","130A 358A 402A 407A ","C","R","D","DN","F "," "," ","L","100","0","0","1","","","1875542","5815128",
"Western Bay Of Plenty District","LANDSCAPE ROAD","200","N"," ","SH 2","201432326","08/02/2014","Sat","0300","DB","CN1","131A ","X","E","W","DN","L "," "," ","N","050","0","0","0","","","1893719","5812574",
"Western Bay Of Plenty District","MAKETU ROAD","100","S"," ","KELLY ROAD","201412198","21/05/2014","Wed","2020","BA","VN1C","205A 404A 197B ","","R","D","DN","F "," "," ","C","100","0","2","4","","","1901584","5813104",
"Western Bay Of Plenty District","MAKETU ROAD","1000","S"," ","KELLY ROAD","201430432","21/01/2014","Tue","1313","DB","CN1","110A 131A ","C","M","W","O ","F "," ","N","C","100","0","0","0","","","1900964","5812463",
"Western Bay Of Plenty District","MAKETU ROAD","1000","S"," ","KELLY ROAD","201435556","10/04/2014","Thu","0210","DA","CE1","111A 131A 801 ","C","M","W","DN","L "," "," ","C","100","0","0","0","","","1900964","5812463",
"Western Bay Of Plenty District","MAKETU ROAD","1090","S"," ","KELLY ROAD","201438103","14/05/2014","Wed","0945","DB","4N1","131A ","F","M","W","BN","F "," ","N","C","100","0","0","0","","","1900911","5812391",
"Western Bay Of Plenty District","MAKETU ROAD","300","N"," ","SH 2","201433508","30/03/2014","Sun","0940","MC","CS1C","372B ","","R","D","BN","F "," ","N","C","100","0","0","0","","","1899027","5811689",
"Western Bay Of Plenty District","MCLAREN FALLS ROAD","20","N"," ","POWERHOUSE HILL ROAD","201434425","24/04/2014","Thu","1901","BA","VN1C","205A 404A ","","R","W","DN","F "," "," ","C","100","0","0","0","","","1868842","5808153",
"Western Bay Of Plenty District","NO 1 ROAD","1000","S"," ","EDGEHILL PLACE","201438117","01/05/2014","Thu","0330","FD","CN1CC","181A ","","R","D","DN","F "," ","N","C","100","0","0","0","","","1893493","5811299",
"Western Bay Of Plenty District","NO 1 ROAD","30","S"," ","SH 2","201434787","03/05/2014","Sat","1600","DB","CN1","111A 131A 404A 927 ","C","R","D","BF","F ","D","N","C","070","0","0","0","","","1893697","5812350",
"Western Bay Of Plenty District","NO 3 ROAD","150","S"," ","BAYLY ROAD","201430249","09/01/2014","Thu","1520","GE","CN1C","160A 929 ","","E","W","O ","L ","D","N","C","100","0","0","0","","","1889274","5807356",
"Western Bay Of Plenty District","OHAUITI ROAD",""," ","I","ROWE ROAD","201410576","18/02/2014","Tue","1935","DA","4S1","101A 131A ","CFP","E","D","TN","F ","Y","N","C","080","0","0","1","","","1880187","5814762",
"Western Bay Of Plenty District","OLD COACH ROAD","1310","W"," ","MANIATUTU ROAD W","201411655","22/02/2014","Sat","0810","DA","TE1","131A ","","M","W","ON","L "," ","N","C","100","0","0","1","","","1902856","5806067",
"Western Bay Of Plenty District","OLD COACH ROAD","60","E"," ","ROYDON DOWNS ROAD","201413070","25/05/2014","Sun","1005","DA","CW1","131A 813 ","C","E","D","BN","F "," ","N","N","050","0","0","1","","","1901830","5805205",
"Western Bay Of Plenty District","OMANAWA ROAD","1500","E"," ","SH 29","201430839","05/01/2014","Sun","1607","DA","CN1","111A 131A ","C","M","W","ON","L "," ","N","C","100","0","0","0","","","1869870","5814671",
"Western Bay Of Plenty District","OMANAWA ROAD","1000","S"," ","SH 29","201433747","03/04/2014","Thu","1502","DB","CS1","111A 131A 801 ","F","E","W","O ","L "," "," ","C","100","0","0","0","","","1869903","5815156",
"Western Bay Of Plenty District","OMANAWA ROAD","3500","S"," ","SH 29","201437659","27/05/2014","Tue","1745","DA","VN1","111A 129A 131A ","C","M","D","DN","F "," "," ","C","100","0","0","0","","","1870476","5813221",
"Western Bay Of Plenty District","OMOKOROA ROAD","150","S"," ","BEACH GROVE","201412611","23/03/2014","Sun","0742","CC","CN1","410A ","C","R","D","OF","F "," ","N","C","050","0","0","1","","","1868469","5829929",
"Western Bay Of Plenty District","OMOKOROA ROAD","200","S"," ","GOLDSTONE ROAD","201434330","03/04/2014","Thu","1536","FA","CW1C","181A 331A ","","M","W","O ","L "," "," ","C","060","0","0","0","","","1866858","5828248",
"Western Bay Of Plenty District","OMOKOROA ROAD","200","S"," ","GOLDSTONE ROAD","201434329","03/04/2014","Thu","1536","DA","CN1","131A 801 ","","M","W","O ","L "," "," ","C","060","0","0","0","","","1866858","5828248",
"Western Bay Of Plenty District","OMOKOROA ROAD",""," ","I","HAMURANA ROAD","201434242","13/03/2014","Thu","1213","LB","CN1C","303B 352B 817 ","","M","D","B ","F ","T","G","C","050","0","0","0","","","1868789","5830544",
"Western Bay Of Plenty District","OROPI GORGE ROAD","20","W"," ","GLUE POT ROAD","201431382","28/02/2014","Fri","2151","DA","CW1","111A 131A ","F","E","D","DN","F "," ","N","N","080","0","0","0","","","1876861","5807297",
"Western Bay Of Plenty District","OROPI ROAD","15","N"," ","CASTLES ROAD","201430056","03/01/2014","Fri","0915","KA","VN1C","302B 375B ","","R","D","BF","F ","T","G","C","100","0","0","0","","","1876568","5812514",
"Western Bay Of Plenty District","OROPI ROAD","260","N"," ","CASTLES ROAD","201435497","23/05/2014","Fri","1545","DB","CN1","111A 131A ","","M","W","O ","F "," ","N","C","100","0","0","0","","","1876640","5812748",
"Western Bay Of Plenty District","OROPI ROAD","100","N"," ","WARNER ROAD","201431601","17/01/2014","Fri","0911","DB","CN1","111A 131A 402A ","F","M","W","O ","F "," "," ","C","100","0","0","0","","","1876565","5814600",
"Western Bay Of Plenty District","OROPI ROAD","310","S"," ","WARNER ROAD","201413817","09/06/2014","Mon","1525","DB","CS1","111A 131A 407A ","EF","S","W","O ","F "," "," ","C","100","0","1","0","","","1876436","5814223",
"Western Bay Of Plenty District","PARK ROAD","100","S"," ","POLLEY CRESCENT","201411091","19/02/2014","Wed","0142","EA","CS1T","104A 370A 605B ","M","R","D","DO","F "," "," ","N","050","0","0","2","","","1858283","5840024",
"Western Bay Of Plenty District","PUKEHINA PARADE","850","N"," ","GARDINER PLACE","201413217","30/05/2014","Fri","2250","CC","MN1","104A 631A ","P","R","D","DO","F "," ","N","C","050","0","0","1","","","1909392","5812690",
"Western Bay Of Plenty District","SEAFORTH ROAD",""," ","I","THE LOOP S","201410226","20/01/2014","Mon","1513","FA","CN1C","181A 330A ","","R","W","O ","L ","T","N","C","050","0","0","1","","","1861082","5854539",
"Western Bay Of Plenty District","SH 2","100","N"," ","LINDERMANN ROAD","201437679","24/05/2014","Sat","1330","DA","CS1","131A 402A ","F","M","W","O ","F "," "," ","C","100","0","0","0","","","","",
"Western Bay Of Plenty District","SH 2","100","S"," ","LUND ROAD","201413849","24/06/2014","Tue","1615","DB","CS1","109A 131A 402A 412A ","FT","E","D","O ","F "," "," ","L","100","0","0","1","","","","",
"Western Bay Of Plenty District","SH 2","200","E"," ","OTAMARAKAU VALLEY ROAD","201436444","06/05/2014","Tue","0600","AA","TW1V","372A ","","R","D","DO","F "," ","N","C","100","0","0","0","","","","",
"Western Bay Of Plenty District","SH 2","200","N"," ","TE PUNA ROAD","201413850","22/06/2014","Sun","1630","FA","CW1C","111A 331A 358A 402A 197B ","","E","D","B ","F "," "," ","L","080","0","0","1","","","","",
"Western Bay Of Plenty District","SH 2",""," ","I","WHARAWHARA ROAD","201413851","20/06/2014","Fri","0802","DC","4E2","103A 111A 130A ","P","R","D","B ","F ","T","S","C","100","0","0","1","","","","",
"Western Bay Of Plenty District","STEELE ROAD","320","N"," ","ATHENREE ROAD","201410228","20/01/2014","Mon","1850","DB","CN1","110A 135A 801 901 ","CF","M","W","O ","H "," ","N","C","100","0","0","1","","","1860885","5851268",
"Western Bay Of Plenty District","TARA ROAD",""," ","I","DONCASTER DRIVE","201432137","22/03/2014","Sat","1625","DA","CW1","111A 131A ","P","E","D","B ","F ","R","G","C","050","0","0","0","","","1890888","5820748",
"Western Bay Of Plenty District","TE PUKE QUARRY ROAD","800","W"," ","MANOEKA ROAD","201434230","13/03/2014","Thu","1200","LB","CW1C","303B 375B 927 ","","R","D","B ","F ","D"," ","C","100","0","0","0","","","1889466","5814151",
"Western Bay Of Plenty District","TE PUNA STATION ROAD","500","E"," ","TE PUNA ROAD","201436049","19/04/2014","Sat","2000","DA","VW1","132A 410A 423A ","V","M","W","DN","L "," ","N","N","100","0","0","0","","","","",
"Western Bay Of Plenty District","TE PUNA STATION ROAD","300","S"," ","TE PUNA ROAD","201430574","01/02/2014","Sat","1646","DB","CS1","103A 111A 131A ","VZ","M","D","B ","F "," "," ","C","080","0","0","0","","","1871326","5825030",
"Western Bay Of Plenty District","WAIHI BEACH ROAD","100","E"," ","FERGUS ROAD","201430519","21/01/2014","Tue","1200","DA","CE1","131A 801 806 ","C","M","W","O ","H "," "," ","C","100","0","0","0","","","1859097","5855468",
"Western Bay Of Plenty District","WAIHI BEACH ROAD","600","W"," ","FERGUS ROAD","201436044","10/04/2014","Thu","1600","DA","CE1","136A 631A ","C","M","W","ON","L "," ","N","C","100","0","0","0","","","","",
"Western Bay Of Plenty District","WAIHI BEACH ROAD","2000","E"," ","TRIG ROAD SOUTH","201410335","14/01/2014","Tue","2025","PF","4W1C","442B 443B 831 ","Q","M","D","BN","F "," ","N","C","100","0","0","1","","","1857560","5855144",
"Western Bay Of Plenty District","WAINUI SOUTH ROAD","300","S"," ","SH 2","201430254","16/01/2014","Thu","1920","DA","CN1","111A 131A 804 ","F","E","D","B ","F "," "," ","N","100","0","0","0","","","1861735","5828882",
"Western Bay Of Plenty District","WELCOME BAY ROAD","130","W"," ","KAIRUA ROAD","201432097","26/01/2014","Sun","1914","DA","CW1","103A 111A 131A ","F","E","W","ON","L "," ","N","C","080","0","0","0","","","1886245","5820300",
"Western Bay Of Plenty District","WELCOME BAY ROAD","240","E"," ","KAIWHA ROAD","201413399","07/06/2014","Sat","1005","FA","CE1S","108A 501A ","","R","D","B ","F "," "," ","C","100","0","0","1","","75","1884441","5820493",
"Western Bay Of Plenty District","WHAKAMARAMA ROAD","280","N"," ","LEYLAND ROAD","201411302","22/03/2014","Sat","0815","DA","CN1","110A 135A 136A 632A 801 ","C","M","W","BN","L "," ","N","C","080","0","0","1","","","1863550","5820287",
"Western Bay Of Plenty District","WHAKAMARAMA ROAD","1200","N"," ","OLD HIGHWAY","201437549","05/05/2014","Mon","0805","DA","CN1","111A 131A ","C","M","W","O ","M "," "," ","C","100","0","0","0","","","1866024","5824104",
"Western Bay Of Plenty District","WHAKAMARAMA ROAD",""," ","I","ROSS ROAD","201437767","08/06/2014","Sun","1512","QD","VN1","101A 428A 505A 801 ","IS","R","W","O ","L ","T","S","R","100","0","0","0","","","1864396","5821884",
"Western Bay Of Plenty District","WHAKAMARAMA ROAD","500","N"," ","YOUNGSON ROAD","201410491","21/02/2014","Fri","1850","DA","4N1","111A 131A 402A ","C","M","D","TN","F "," "," ","C","080","0","0","1","","","1865231","5822819",
"Western Bay Of Plenty District","WHARAWHARA ROAD",""," ","I","CONNELLY LANE","201434804","05/04/2014","Sat","0853","LB","VE1C","303B 382B ","","R","D","BN","F ","T","G","C","100","0","0","0","","","1854244","5837807",
"Western Bay Of Plenty District","WILSON ROAD",""," ","I","BEACH ROAD","201412780","10/05/2014","Sat","1800","BF","CS2C","101A 111A 131A ","","R","D","TO","F ","R","G","R","050","0","0","2","","","1859827","5855876",
"Western Bay Of Plenty District","YOUNG ROAD","500","W"," ","TE TUMU ROAD","201430265","06/01/2014","Mon","0927","FA","TW1V","181A ","","R","D","B ","F "," "," ","C","060","0","0","0","","","1898345","5811899",
"Western Bay Of Plenty District","Z BEACH","300","S"," ","UNNAMED ROAD","201410125","10/01/2014","Fri","1521","CA","PN1","130A 402A 420A ","","R","D","B ","F "," "," ","N","030","0","0","1","","","1861423","5846481",
"Western Bay Of Plenty District","Z FCT BP TE PUNA ROAD","240","S"," ","TE PUNA STATION ROAD N","201410283","04/02/2014","Tue","0800","MO","CN1E","371A 711B ","","R","D","B ","F "," ","N","C","050","0","0","1","61","","1871230","5824367",
"Western Bay Of Plenty District","2/100/0.36","1300","N"," ","MATHERS ROAD","201411865","13/04/2014","Sun","1135","CC","CN1","132A 386A ","T","R","W","ON","L "," ","N","C","100","0","0","1","","","1854675","5851297",
"Western Bay Of Plenty District","2/100/2.16","500","S"," ","MATHERS ROAD","201413821","26/01/2014","Sun","1446","DA","CS1","131A ","C","M","D","O ","F "," "," ","C","100","0","0","1","","","1856081","5850597",
"Western Bay Of Plenty District","2/100/3.66","2000","S"," ","MATHERS ROAD","201431618","06/01/2014","Mon","2145","CC","CN1","195A ","G","R","D","DN","F "," "," ","C","100","0","0","0","","","1857397","5850044",
"Western Bay Of Plenty District","2/100/9.048","350","N"," ","WOLSELEY ROAD","201412605","06/04/2014","Sun","2025","DB","4N1","131A 137A ","ET","E","D","DN","F "," ","N","C","100","0","1","1","","","1859120","5847326",
"Western Bay Of Plenty District","2/100/10.962","3000","N"," ","WOODLAND ROAD","201412138","07/05/2014","Wed","0530","AB","CN1TC","155A 156A 831 ","G","M","D","DN","F "," "," ","L","100","0","0","1","","","1858627","5845492",
"Western Bay Of Plenty District","2/100/11.713","80","S"," ","TUAPIRO ROAD","201411888","02/03/2014","Sun","1815","FD","MN1C","181A 350A ","","R","D","BF","F "," ","N","C","100","0","0","1","","","1858284","5844824",
"Western Bay Of Plenty District","2/100/13.062",""," ","I","KAURI POINT ROAD","201400024","07/02/2014","Fri","1815","BF","CS1V","130A 500A ","P","E","W","ON","L ","T","S","L","100","1","0","0","","","1858024","5843527",
"Western Bay Of Plenty District","2/100/14.162","200","S"," ","WOODLAND ROAD","201433481","15/03/2014","Sat","1830","DA","4N1","111A 131A ","F","M","W","ON","LS"," ","N","C","100","0","0","0","","","1857567","5842643",
"Western Bay Of Plenty District","2/100/14.805","100","N"," ","STOKES ROAD","201430972","21/02/2014","Fri","1509","DB","CN1","501A ","X","M","D","BN","F "," ","N","L","100","0","0","0","","","1857587","5842022",
"Western Bay Of Plenty District","2/116/0.3","300","S"," ","STOKES ROAD","201436182","14/05/2014","Wed","0734","FA","CS1C","181A ","","M","W","O ","L "," "," ","L","100","0","0","0","","","1857356","5841703",
"Western Bay Of Plenty District","2/116/2.442",""," ","I","BEACH ROAD","201430408","29/01/2014","Wed","1900","KA","VS1C4","104B 132B 301B ","M","M","D","B ","F ","T","S","C","050","0","0","0","","","1857773","5839922",
"Western Bay Of Plenty District","2/116/2.762","15","N"," ","JOCELYN ST","201410095","07/02/2014","Fri","1750","CC","CN1CC","104A 110A 130A 800 901 ","KMX","R","W","TF","H "," "," ","P","050","0","0","3","","","1857687","5839622",
"Western Bay Of Plenty District","2/116/4.233","20","N"," ","WHARAWHARA ROAD","201410282","15/02/2014","Sat","0625","CB","CN1","130A 410A ","FHP","R","D","TN","F "," ","N","P","100","0","0","1","","","1857154","5838265",
"Western Bay Of Plenty District","2/116/4.243","10","N"," ","WHARAWHARA ROAD","201410631","13/01/2014","Mon","1655","CB","CN1","134A 350A 410A ","","R","D","B ","F ","T","S","P","100","0","0","1","","","1857149","5838257",
"Western Bay Of Plenty District","TETLEY ROAD",""," ","I","2/116/5.114","201436660","08/05/2014","Thu","1740","MG","CW1C","357B 371B ","","R","D","TF","F ","T","S","C","070","0","0","0","","","1856950","5837429",
"Western Bay Of Plenty District","2/116/8.216","100","N"," ","THOMPSONS TRACK","201413664","14/06/2014","Sat","0715","QG","TN1","111A 131A 191A ","GPV","M","D","B ","F "," "," ","C","100","0","0","1","","","1857490","5834536",
"Western Bay Of Plenty District","2/130/0.126","300","N"," ","SARGENT DRIVE","201400077","09/04/2014","Wed","1203","DB","CN1","111A 131A ","T","M","D","OF","F "," "," ","C","100","1","0","0","","","1861256","5830595",
"Western Bay Of Plenty District","2/130/0.426",""," ","I","SARGENT DRIVE","201412833","26/04/2014","Sat","1532","BF","CS1C","111A 131A ","","E","D","B ","F ","T","N","L","100","0","0","2","","","1861441","5830369",
"Western Bay Of Plenty District","2/130/2.217","200","S"," ","TURNER ROAD","201435859","15/04/2014","Tue","1418","DB","CS1","131A 410A ","C","E","D","ON","F "," ","N","C","100","0","0","0","","","1862101","5828849",
"Western Bay Of Plenty District","2/130/6.805",""," ","I","FRANCIS ROAD","201435107","06/04/2014","Sun","0945","LB","CS1C","303B ","C","R","D","B ","F ","T","S","C","100","0","0","0","","","1865582","5827356",
"Western Bay Of Plenty District","OMOKOROA ROAD",""," ","I","2/130/7.272","201434328","28/03/2014","Fri","0820","FB","TW1C","331A 353A ","","R","D","B ","F ","T","S","C","100","0","0","0","","","1865948","5827066",
"Western Bay Of Plenty District","2/130/10.519","200","N"," ","TE KARAKA DRIVE","201432045","07/02/2014","Fri","1500","FD","CN1CC","181A 181B 191C 801 ","","R","W","O ","L "," "," ","L","100","0","0","0","","","1867838","5824753",
"Western Bay Of Plenty District","2/130/10.569","150","N"," ","TE KARAKA DRIVE","201410596","07/02/2014","Fri","1500","BA","4N1C","197A ","","R","W","ON","L "," ","N","L","090","0","0","1","","","1867866","5824712",
"Western Bay Of Plenty District","2/130/10.619","100","N"," ","TE KARAKA DRIVE","201432425","07/02/2014","Fri","1500","FO","TN1C","181A 197A 191B 801 ","","R","W","O ","L "," "," ","C","100","0","0","0","","","1867893","5824670",
"Western Bay Of Plenty District","2/130/13.505",""," ","I","LOOP ROAD","201412051","21/04/2014","Mon","1155","FA","CE1C","181A 331A ","","E","D","B ","F ","T","N","C","090","0","0","1","","","1870214","5823421",
"Western Bay Of Plenty District","2/130/13.535","30","E"," ","LOOP ROAD","201400099","03/05/2014","Sat","1229","BF","CE1C","130A 359A ","G","E","D","B ","F "," "," ","P","100","1","2","1","","","1870243","5823416",
"Western Bay Of Plenty District","2/130/14.244",""," ","I","TE PUNA ROAD","201434390","27/04/2014","Sun","0531","DB","CW1","102A 131A ","","M","W","DO","F ","T","G","C","080","0","0","0","","","1870933","5823482",
"Western Bay Of Plenty District","2/130/14.244",""," ","I","TE PUNA ROAD","201434783","30/04/2014","Wed","1810","LB","4E1C","303B 314B 377B ","","R","D","DO","F ","X","G","R","080","0","0","0","","","1870933","5823482",
"Western Bay Of Plenty District","2/130/14.444","200","E"," ","TE PUNA ROAD","201433602","05/04/2014","Sat","0111","DA","CE1","131A 631A 632A ","V","M","W","DF","L "," ","N","C","080","0","0","0","","","1871130","5823499",
"Western Bay Of Plenty District","2/171/0.1","100","S"," ","WELCOME BAY ROAD","201432468","01/02/2014","Sat","0024","DB","CS1","132A 410A ","","E","D","DN","F "," "," ","C","100","0","0","0","","","1889555","5819770",
"Western Bay Of Plenty District","2/171/2.244","450","N"," ","POPLAR LANE","201411974","27/03/2014","Thu","1924","JA","VN1C","308B 929 ","","E","D","TN","F ","D","N","L","100","0","0","1","","","1890521","5818259",
"Western Bay Of Plenty District","2/171/2.704","10","S"," ","POPLAR LANE","201433809","25/03/2014","Tue","0754","AC","TN1C","159A 357A 512A ","","E","D","B ","F ","T","S","P","100","0","0","0","","","1890371","5817842",
"Western Bay Of Plenty District","2/171/3.404","2000","N"," ","MANOEKA ROAD","201410094","23/02/2014","Sun","1745","CC","MN1","132A 420A ","","R","D","B ","F "," "," ","C","100","0","0","1","","","1890660","5817207",
"Western Bay Of Plenty District","2/171/4.704","700","N"," ","MANOEKA ROAD","201434227","12/03/2014","Wed","2256","FO","CS1T","103A 129A 330A 402A 197B ","X","R","D","DN","F "," "," ","C","100","0","0","0","","","1890678","5815993",
"Western Bay Of Plenty District","2/171/5.024","380","N"," ","MANOEKA ROAD","201400050","09/03/2014","Sun","1210","BC","CS1C","129A ","","E","D","BN","F "," ","N","C","100","1","1","0","","","1890577","5815690",
"Western Bay Of Plenty District","2/171/5.204","200","N"," ","MANOEKA ROAD","201412523","18/04/2014","Fri","1500","BF","CS1C","131A 350A 402A ","","E","D","B ","F "," "," ","C","100","0","0","1","","","1890592","5815512",
"Western Bay Of Plenty District","2/171/6.204",""," ","I","COLLINS LANE","201430184","03/01/2014","Fri","1720","DA","MS1","131A 801 ","","E","W","OF","L ","T","N","C","100","0","0","0","","","1891297","5814878",
"Western Bay Of Plenty District","2/171/8.007",""," ","I","DUNLOP ROAD","201435522","29/04/2014","Tue","0600","JA","CN1C","145A 301B 387B ","","R","W","TO","L ","T","S","P","050","0","0","0","","","1891952","5813312",
"Western Bay Of Plenty District","2/180/0.152",""," ","I","CAMERON ROAD","201410495","27/02/2014","Thu","1105","JA","4E1M","301B 353B 377B ","","R","D","B ","F ","X","S","P","050","0","1","0","","","1892221","5813168",
"Western Bay Of Plenty District","2/180/0.79","30","S"," ","BOUCHER AVENUE","201432094","23/01/2014","Thu","1540","AA","TS1C","184A 330A 372A ","","R","D","BF","F "," ","N","C","050","0","0","0","","","1892824","5812998",
"Western Bay Of Plenty District","2/180/1.131","30","W"," ","OXFORD ST","201432225","21/02/2014","Fri","0955","MF","TW1C","377B 839 ","","R","D","B ","F "," "," ","R","050","0","0","0","","","1893100","5812827",
"Western Bay Of Plenty District","2/180/1.277","15","E"," ","PALMER PLACE","201434752","03/05/2014","Sat","1700","FF","CE1CC","331A 350A ","","R","D","OF","F "," ","N","R","050","0","0","0","","","1893211","5812778",
"Western Bay Of Plenty District","2/180/1.345","50","W"," ","KING ST","201432044","11/02/2014","Tue","2155","AC","TE1C","671A 404B ","","R","D","DO","F "," "," ","R","050","0","0","0","","","1893278","5812762",
"Western Bay Of Plenty District","2/180/2.161","200","E"," ","NO 1 ROAD","201430214","10/01/2014","Fri","1035","QG","VE1","687A ","","R","D","B ","F "," "," ","C","100","0","0","0","","","1893868","5812247",
"Western Bay Of Plenty District","2/180/4.203","400","W"," ","RANGIURU ROAD","201410597","11/02/2014","Tue","0823","JA","TE1B","308B 930 ","","E","D","OF","F ","D","N","P","070","0","1","0","","","1895840","5811903",
"Western Bay Of Plenty District","2/180/4.603",""," ","I","RANGIURU ROAD","201435845","14/04/2014","Mon","1340","GF","CN2T","387A 817 ","","M","D","OF","F ","T","G","P","070","0","0","0","","","1896194","5811729",
"Western Bay Of Plenty District","2/189/0.06","60","E"," ","SH 33","201431424","27/02/2014","Thu","1625","FD","CW1C4","181A ","","R","D","BF","F "," ","N","R","100","0","0","0","","","1899638","5810376",
"Western Bay Of Plenty District","2/189/0.127",""," ","A","RAIL XING","201432487","22/02/2014","Sat","1110","FD","CW1C","181A 331A 402A 812 817 ","","R","D","BF","F "," "," ","C","100","0","0","0","","","1899705","5810374",
"Western Bay Of Plenty District","2/189/1.569","200","W"," ","WILSON ROAD SOUTH","201430250","07/01/2014","Tue","0715","AD","CE1","130A ","CF","R","D","B ","F "," "," ","L","100","0","0","0","","","1901146","5810319",
"Western Bay Of Plenty District","2/189/3.464","400","E"," ","MENDS LANE","201435523","16/04/2014","Wed","1527","CB","TW1","358A ","","R","D","O ","F "," "," ","C","100","0","0","0","","","1902951","5809836",
"Western Bay Of Plenty District","2/189/4.269","2500","E"," ","WILSON ROAD SOUTH","201431457","04/03/2014","Tue","0528","EC","CW1","912 ","W","R","D","DN","F "," ","N","C","100","0","0","0","","","1903684","5809505",
"Western Bay Of Plenty District","2/189/11.051","50","E"," ","PUKEHINA STATION ROAD","201410316","06/01/2014","Mon","1455","BA","CW1T","129A 410A ","","R","D","BN","F "," ","N","C","100","0","0","1","","","1909744","5808768",
"Western Bay Of Plenty District","2/189/11.201","200","E"," ","PUKEHINA STATION ROAD","201410364","21/01/2014","Tue","0330","CC","4W1","410A ","FV","R","W","DO","L "," ","N","C","100","0","0","2","","","1909892","5808746",