"TLA NAME","CRASH ROAD","CRASH DIST","CRASH DIRN","INTSN","SIDE ROAD","CRASH ID","CRASH DATE","CRASH DOW","CRASH TIME","MVMT","VEHICLES","CAUSES","OBJECTS STRUCK","ROAD CURVE","ROAD WET","LIGHT","WTHRa","JUNC TYPE","TRAF CTRL","ROAD MARK","SPD LIM","CRASH FATAL CNT","CRASH SEV CNT","CRASH MIN CNT","PERS AGE1","PERS AGE2","EASTING","NORTHING"
"Western Bay Of Plenty District","2/189/18.651","80","E"," ","WAITAHANUI LANE","201410214","04/01/2014","Sat","1220","DA","MW1","131A 350A 403A ","S","M","D","B ","F "," ","N","L","100","0","1","0","","","1916307","5806416",
"Western Bay Of Plenty District","29/21/0.857","50","N"," ","GARGAN ROAD","201412054","09/04/2014","Wed","1120","FA","CS1C","181A 500A ","CST","R","D","O ","F "," ","N","C","100","0","1","0","","","1872184","5817239",
"Western Bay Of Plenty District","29/21/2.369",""," ","I","BELK ROAD","201413029","12/05/2014","Mon","0755","JA","CS1C","145A 301B 387B ","","R","D","BF","F ","T","S","L","100","0","0","1","","","1870822","5816742",
"Western Bay Of Plenty District","29/21/2.369",""," ","I","BELK ROAD","201413748","16/06/2014","Mon","1204","JA","CS1C","301B 377B ","","E","D","OF","F ","T","S","C","100","0","0","2","","","1870822","5816742",
"Western Bay Of Plenty District","29/21/5.063","480","N"," ","RUAHIHI ROAD","201413008","24/03/2014","Mon","1245","DB","TN1T","108A 501A ","D","E","D","BN","F "," ","N","C","100","0","1","0","","","1869351","5814683",
"Western Bay Of Plenty District","29/21/6.044",""," ","I","PORIPORI ROAD","201437550","26/05/2014","Mon","1406","LB","CN1T","303B ","","E","D","B ","F ","T","G","C","100","0","0","0","","","1868699","5813996",
"Western Bay Of Plenty District","29/21/6.094","50","S"," ","PORIPORI ROAD","201411645","21/03/2014","Fri","1950","DA","CS1","506A 512A ","T","E","D","DN","F "," ","N","C","100","0","0","1","","","1868688","5813947",
"Western Bay Of Plenty District","29/21/6.244","200","S"," ","PORIPORI ROAD","201411749","31/03/2014","Mon","1630","CB","TS1","129A 130A 817 ","T","R","D","B ","F "," "," ","L","100","0","1","0","","","1868666","5813799",
"Western Bay Of Plenty District","29/21/8.405",""," ","I","MCLAREN FALLS ROAD","201434885","26/03/2014","Wed","1000","FF","CS14","181A 817 ","","R","D"," N","  ","T","G","C","100","0","0","0","","","1867664","5812005",
"Western Bay Of Plenty District","29/21/14.157","2050","W"," ","SOLDIERS ROAD","201434512","08/02/2014","Sat","0849","DB","CE1","135A 404A 901 ","C","E","W","ON","H "," ","N","L","100","0","0","0","","","1863148","5808862",
"Western Bay Of Plenty District","29/21/19.811","500","N"," ","HANGA ROAD","201400123","29/05/2014","Thu","1604","BC","VS1CC","101A 121A 800 ","","E","W","O ","F "," "," ","L","100","2","4","1","","","1859119","5805417",
"Western Bay Of Plenty District","29/21/19.911","400","N"," ","OLD KAIMAI ROAD S","201431178","06/03/2014","Thu","0200","EC","TS1","912 ","W","E","D","DN","F "," ","N","C","100","0","0","0","","","1859054","5805342",
"Western Bay Of Plenty District","33/17/1.393","2530","N"," ","NGAURUKEHU ROAD","201400067","28/03/2014","Fri","2050","DA","MN1C4","131A 132A 198C ","","M","D","DN","F "," "," ","L","100","1","0","0","","","1896411","5795532",
"Western Bay Of Plenty District","33/17/7.642","2690","S"," ","ALLPORT ROAD","201410343","26/01/2014","Sun","1745","DB","CN1","410A ","T","M","W","ON","L "," ","N","L","100","0","0","2","","","1897494","5801413",
"Western Bay Of Plenty District","33/17/17.719","400","N"," ","MCKENZIE ROAD","201436601","22/05/2014","Thu","1710","FA","CN1C","101A 112A ","","R","D","O ","F "," ","N","C","100","0","0","0","","","1899849","5810035",
"Western Bay Of Plenty District","33/17/18.136",""," ","I","SH 2","201430327","07/01/2014","Tue","0800","JC","CW1C","302A 375A ","","R","D","B ","F ","T","G","C","080","0","0","0","","","1899586","5810353",
"Western Bay Of Plenty District","36/4/0.457",""," ","I","KEENAN ROAD","201436271","18/05/2014","Sun","1201","GE","CS1C","157A ","","R","D","B ","F ","T","G","C","100","0","0","0","","","1874478","5814693",
"Western Bay Of Plenty District","36/4/1.858","1000","N"," ","MERRICK ROAD","201411658","21/02/2014","Fri","0841","CB","CN1","101A 129A ","FP","R","D","BN","F "," ","N","C","100","0","0","1","","","1874626","5813309",
"Western Bay Of Plenty District","36/4/4.599","1600","S"," ","JOYCE ROAD","201432440","26/01/2014","Sun","2150","EC","4S1CC","195A 331C 387C 800 862 912 ","W","M","W","DO","L "," ","N"," ","100","0","0","0","","","1875016","5810662",
"Westland District","BIRD ROAD","1500","N"," ","WHALE ROAD","201411040","28/01/2014","Tue","1700","DA","CS1","111A 131A 402A 420A ","T","E","D","B ","F "," "," ","N","100","0","0","1","","","1387255","5214658",
"Westland District","CRON ST",""," ","I","COWAN ST","201410891","17/02/2014","Mon","2030","HA","VN1C","375A 112B 205B 330B 801 ","","R","W","O ","L ","X","G","C","050","0","0","1","","","1371858","5192323",
"Westland District","GILLESPIES BEACH ROAD","2100","N"," ","COOK FLAT ROAD","201434083","11/04/2014","Fri","2230","DA","CS1","101A 111A ","T","S","D","DN","F "," ","N","N","100","0","0","0","","","1349980","5185465",
"Westland District","KANIERE ROAD","110","E"," ","ST ALBANS ST","201434138","18/01/2014","Sat","0919","BB","CE14","101A 410A ","","E","D","BN","F "," ","N","C","070","0","0","0","","","1436883","5265259",
"Westland District","MUNICIPAL ROAD","1380","E"," ","FORD ROAD SOUTH","201434084","20/04/2014","Sun","2045","DA","4E1","135A 402A 840 901 ","F","S","W","DN","H "," ","N","N","100","0","0","0","","","1439185","5250762",
"Westland District","PARK ST",""," ","I","BRITTAN ST","201437708","28/05/2014","Wed","1505","HA","CE1C","302B 375B 402B ","","R","W","OF","L ","X","G","C","050","0","0","0","","","1434057","5268748",
"Westland District","SEWELL ST",""," ","I","WELD ST","201438308","12/04/2014","Sat","0950","HA","CN1M","302A 353A 632A ","","R","D","O ","F ","R","G","R","050","0","0","0","","","1433271","5268472",
"Westland District","SH 6","1100","W"," ","BOWER HILL ROAD","201438312","17/04/2014","Thu","1030","QG","4S1","130A 903 ","F","R","D","O "," S"," "," ","C","100","0","0","0","","","","",
"Westland District","SH 6","10","N"," ","DOUGHBOY CREEK","201436477","03/04/2014","Thu","1500","CC","CS1","129A 411A ","C","R","D","OF","F "," ","N","C","100","0","0","0","","","","",
"Westland District","STAFFORD ST",""," ","I","LIVINGSTON ST","201412311","23/02/2014","Sun","1009","HA","CS24","302A 375A ","","R","D","O ","F ","X","G","C","050","0","0","2","","","1434407","5267951",
"Westland District","TANERED ST","50","N"," ","WELD ST","201438304","14/02/2014","Fri","1540","MO","CN1","130A 423A ","H","R","D","B ","F "," "," ","N","050","0","0","0","","","","",
"Westland District","6/445/0.199",""," ","A","TARAMAKAU RIV BR","201412317","06/04/2014","Sun","0835","CA","MS1","130A 800 ","","R","W","O ","F "," ","G","N","100","0","1","0","","","1447789","5286127",
"Westland District","6/445/0.204","1380","S"," ","PANDORA AVENUE","201410361","26/01/2014","Sun","1300","DA","MN1","135A 810 ","","E","W","ON","H "," ","G","N","100","0","0","1","","","1447791","5286122",
"Westland District","6/445/12.013",""," ","A","WAIMEA CRK BR","201430205","11/01/2014","Sat","1400","CB","CN1","103A 130A ","BG","R","D","B ","F "," "," ","C","100","0","0","0","","","1441802","5278043",
"Westland District","6/463/7.138",""," ","I","HAMPDEN ST","201410102","04/01/2014","Sat","1515","HA","CE2C","302A ","","R","D","B ","F ","X","G","R","050","0","0","1","","","1433621","5268766",
"Westland District","6/519/0.117",""," ","A","WAITAHA RIV BR","201430206","12/01/2014","Sun","1409","FF","CS14","191A 331A ","","M","W","O ","L "," ","G","C","100","0","0","0","","","1411227","5238746",
"Westland District","6/551/3.104","80","W"," ","SALTWATER FOREST RD","201412313","23/02/2014","Sun","1210","AD","VW1","111A 130A ","C","M","D","O ","F "," "," ","C","100","0","1","0","","","1394383","5217985",
"Westland District","6/551/6.475","8300","N"," ","ROTOKINO ROAD","201437757","19/05/2014","Mon","1300","DA","CS1","111A 131A 901 ","C","S","W","O ","H "," "," ","C","100","0","0","0","","","1393104","5216226",
"Westland District","6/570/2.86","270","W"," ","WHATAROA RIV BR","201432098","24/01/2014","Fri","0850","DA","4W1","111A 131A 404A ","T","E","D","BN","F "," ","N","C","100","0","0","0","","","1389057","5204190",
"Westland District","6/570/8.426","2100","N"," ","BURROUGH ROAD","201413636","17/04/2014","Thu","1015","CC","VN1","130A 903 ","EF","R","D","O ","FS"," "," ","C","100","0","0","1","","","1385448","5205948",
"Westland District","6/596/5.652","400","S"," ","ARTHURS ROAD","201413353","25/04/2014","Fri","0220","DB","CN1","104A 131A 410A 801 ","V","E","W","DN","L "," "," ","C","100","0","1","0","","","1374144","5197474",
"Westland District","6/596/11.716","800","N"," ","WALLACE ST","201412771","28/02/2014","Fri","0400","DA","CN1","103A 111A 131A ","TV","M","W","DO","F "," ","N","L","080","0","0","1","","","1371447","5193234",
"Westland District","6/596/12.848","50","N"," ","CONDON ST","201435606","15/03/2014","Sat","1330","MO","CS1M","371A ","M","R","D","O ","F "," "," ","P","050","0","0","0","","","1371742","5192173",
"Westland District","6/596/12.948","50","S"," ","CONDON ST","201434400","05/04/2014","Sat","1800","MO","CN1C","371A 801 ","M","R","W","O ","L "," "," ","C","050","0","0","0","","","1371750","5192074",
"Westland District","6/659/9.848","600","N"," ","HUNTS BEACH ROAD","201431491","03/02/2014","Mon","1530","CB","4S1","410A ","VZ","R","D","ON","F "," ","N","C","100","0","0","0","","","1332706","5171416",
"Westland District","6/709/11.528",""," ","A","MONRO BEACH TRACK ENT","201413371","22/03/2014","Sat","1630","JA","CE1C","308B 363B 375B 902 930 ","","R","D","B ","F ","D"," ","C","100","0","0","4","","","1299545","5152724",
"Westland District","6/750/0.367",""," ","A","HAAST RIV BR","201412497","17/04/2014","Thu","1600","CC","TS1","110A 130A 901 903 ","BEZ","R","W","O ","HS"," "," ","C","100","0","1","0","","","1282587","5136582",
"Westland District","6/750/10.445","6500","S"," ","MARKS ROAD S","201434347","15/02/2014","Sat","0910","CB","CS1","130A 195A 407A ","TV","R","D","B ","F "," "," ","C","100","0","0","0","","","1286467","5128906",
"Westland District","6/767/6.175","60","E"," ","ROARING SWINE CRK BR","201410889","26/02/2014","Wed","1745","BC","TE1C","121A 387B 404B 818 ","","S","D","B ","F "," "," ","C","100","0","0","3","","","1296440","5124351",
"Westland District","73/159/13.333","580","W"," ","MCDONALDS RAIL XING","201432274","09/01/2014","Thu","0200","DA","4N1","131A 412A ","F","M","D","DN","F "," ","N","C","100","0","0","0","","","1486208","5264706",
"Westland District","73/174/13.523","1290","W"," ","HARLEY CRK BR","201437792","18/04/2014","Fri","1730","DA","BE1C","137A 350B 442B 901 ","E","E","W","DN","H "," ","N","C","100","0","0","0","","","1472332","5267466",
"Westland District","73/191/1.346","1290","W"," ","TAIPO RIV BR","201412075","18/04/2014","Fri","1800","DA","CE1","110A 131A 404A ","S","M","W","DN","F "," ","N","C","100","0","0","1","","","1468182","5264510",
"Whakatane District","ARAWA ROAD",""," ","I","CUTLER CRESCENT N","201413031","07/05/2014","Wed","0811","MC","CS1C","372B ","","R","D","ON","F ","T","G","C","050","0","0","1","","","1949188","5790090",
"Whakatane District","BOON ST","40","N"," ","RICHARDSON ST","201435591","23/04/2014","Wed","1420","MO","VN1C","371B ","M","R","D","B ","F "," "," ","C","050","0","0","0","","","1951013","5791862",
"Whakatane District","COMMERCE ST",""," ","I","SHAPLEY PLACE","201412248","02/04/2014","Wed","1247","LB","4N1P","303B 375B ","","R","D","B ","F ","T","G","P","050","0","0","1","","","1951127","5791852",
"Whakatane District","DOMAIN ROAD","5","E"," ","FRANCIS ST","201430057","01/01/2014","Wed","1315","FD","CE14C","103A 181A ","","R","D","BF","F ","T","S","P","050","0","0","0","","","1950570","5791276",
"Whakatane District","DOMAIN ROAD","15","E"," ","KING ST","201410850","02/02/2014","Sun","1020","DB","MW1","131A 922 ","K","R","D","B ","F ","D"," ","C","050","0","0","1","","","1949917","5791307",
"Whakatane District","DOMAIN ROAD",""," ","I","MCALISTER ST","201413030","04/05/2014","Sun","1545","HA","CW1S","302A 377A ","","R","D","BF","F ","R","G","R","050","0","0","1","","17","1950671","5791271",
"Whakatane District","FERGUSON ROAD","2000","W"," ","KEEPA ROAD","201436181","25/04/2014","Fri","1340","DA","CS1","131A 351A 402A ","","M","D","B ","F "," "," ","C","100","0","0","0","","","1947818","5793593",
"Whakatane District","FERMAH ROAD","1000","N"," ","SH 2","201436443","10/04/2014","Thu","0400","CB","CS1","129A ","V","R","W","DN","L "," ","N","N","100","0","0","0","","","1944757","5787521",
"Whakatane District","GORGE ROAD","40","E"," ","ADA VALE","201413048","23/05/2014","Fri","2110","DB","CE1","103A 111A 131A ","CT","M","D","DO","F "," ","N","R","070","0","0","1","","","1951962","5790630",
"Whakatane District","GORGE ROAD","500","E"," ","VALLEY ROAD","201430551","21/01/2014","Tue","1448","MC","CE1T","372B ","","R","W","O ","L "," "," ","L","070","0","0","0","","","1951170","5790679",
"Whakatane District","GOW ROAD","800","N"," ","SH 2","201437769","06/06/2014","Fri","1945","DA","CN1","131A 134A 407A 412A 904 ","","M","D","DN","M "," "," "," ","100","0","0","0","","","1934191","5792228",
"Whakatane District","HYDRO ROAD","140","N"," ","MCCRACKEN ROAD","201431458","28/02/2014","Fri","1500","DA","CN1","103A 111A 131A ","","M","D","B ","F "," ","N","C","100","0","0","0","","","1936323","5788554",
"Whakatane District","KOPURIKI ROAD","4690","S"," ","BONISCH ROAD","201412627","10/04/2014","Thu","0730","DB","4S1","111A 131A ","","S","W","ON","L "," ","N","C","100","0","1","0","","","1924969","5744548",
"Whakatane District","LANDING ROAD",""," ","I","EIVERS ROAD","201435833","31/03/2014","Mon","1455","HA","4S2C","302A 375A ","","R","D","OF","F ","R","G","R","050","0","0","0","","","1949822","5791321",
"Whakatane District","MAIN ST","70","S"," ","BRIDGE ST","201431127","25/02/2014","Tue","2051","EO","TE1","330A 386A ","B","R","D","DO","F "," ","N","C","050","0","0","0","","","1936351","5789778",
"Whakatane District","MCALISTER ST",""," ","I","DOMAIN ROAD","201430252","13/01/2014","Mon","1052","NA","CS1E","376A 902 ","","R","D","B ","F ","R","G","R","050","0","0","0","","","1950661","5791282",
"Whakatane District","MCALISTER ST",""," ","I","PYNE ST","201433503","20/03/2014","Thu","1217","EA","TS1C","385A 671A ","M","M","D","BF","F ","R","G","R","050","0","0","0","","","1950681","5791740",
"Whakatane District","MCLEAN ROAD","350","W"," ","ORINI ROAD","201413764","03/06/2014","Tue","2002","CB","CW1","101A 129A 192A 350A ","FV","R","D","DN","F "," ","N","C","100","0","0","1","","","1939664","5791442",
"Whakatane District","OCEAN ROAD",""," ","I","MERITO PLACE","201410737","04/03/2014","Tue","0723","FA","VE1S","181A 363A ","","R","D","B ","F ","T","N","C","050","0","0","1","","43","1958237","5789055",
"Whakatane District","OREGON DRIVE","40","N"," ","TOTARA ST","201432195","27/01/2014","Mon","0103","DA","CN1","101A 131A ","FT","M","W","DO","F "," ","N","C","050","0","0","0","","","1923217","5737692",
"Whakatane District","OREGON DRIVE","350","N"," ","TOTARA ST","201432932","26/02/2014","Wed","2210","DA","CE1","111A 131A 632A ","F","M","D","DO","F "," "," ","C","050","0","0","0","","","1923488","5737688",
"Whakatane District","PEACE ST","200","E"," ","MCGARVEY ROAD","201411533","05/02/2014","Wed","1140","CB","CS1C","129A 423A ","M","R","D","BF","F "," ","N","C","050","0","0","1","","","1950507","5791819",
"Whakatane District","REID ROAD","200","W"," ","AWAHOU ROAD N","201400078","09/04/2014","Wed","1835","DB","CW1","101A 111A 131A 801 ","P","M","W","TN","L "," "," ","C","100","1","0","1","","","1951273","5778554",
"Whakatane District","REID ROAD","500","S"," ","CROSS ROAD","201412158","05/04/2014","Sat","2252","MG","CS14C","512B 514B ","","R","D","DN","F "," "," ","C","100","0","0","1","","","1950395","5774951",
"Whakatane District","RUATAHUNA ROAD","2860","E"," ","MINGINUI ROAD","201410192","11/01/2014","Sat","1500","DA","CE1","131A 138A 404A 810 ","ET","M","D","B ","F "," "," ","N","100","0","0","1","","","1931360","5722120",
"Whakatane District","SALONIKA ST","40","W"," ","DOUGLAS ST","201432079","07/01/2014","Tue","0946","CC","VS1","130A 412A ","F","R","D","OF","F "," ","N","C","050","0","0","0","","","1950339","5790551",
"Whakatane District","SH 30","1300","W"," ","SH 34 W","201436029","07/03/2014","Fri","1800","FA","VW1M","331A 350A ","","R","D","BN","F "," ","N","C","070","0","0","0","","","","",
"Whakatane District","TANEATUA ROAD","500","E"," ","SH 2","201431121","23/02/2014","Sun","0930","DA","CN1","110A 131A ","C","M","W","O ","F "," ","N","C","100","0","0","0","","","1950582","5781150",
"Whakatane District","TANEATUA ROAD","850","N"," ","SH 2","201432218","08/02/2014","Sat","0945","DA","CN1","111A 129A 134A 407A 801 ","V","M","W","O ","L "," "," ","C","100","0","0","0","","","1950493","5781488",
"Whakatane District","TANEATUA ROAD","3500","S"," ","VALLEY ROAD","201431126","23/02/2014","Sun","0445","DB","CN1","111A 131A ","F","E","W","DN","F "," ","N","C","100","0","0","0","","","1950956","5785033",
"Whakatane District","TE TEKO ROAD","150","S"," ","OTAKIRI ROAD","201435022","11/04/2014","Fri","1400","DB","CS1","111A 131A ","F","M","W","O ","H "," ","N","C","100","0","0","0","","","1936078","5788803",
"Whakatane District","TE TEKO ROAD","1000","N"," ","POWELL ROAD","201412939","12/04/2014","Sat","1613","QE","CS1Q","914 929 ","A","R","D","O ","F ","D","N","C","100","0","0","1","29","","1934597","5785862",
"Whakatane District","TE TEKO ROAD","500","S"," ","POWELL ROAD","201431454","07/03/2014","Fri","0605","EC","VN1","912 ","W","E","D","DN","F "," ","N","C","100","0","0","0","","","1934027","5784512",
"Whakatane District","THE STRAND","50","E"," ","BOON ST","201411175","15/03/2014","Sat","1939","BA","4W1CCV","103A 205A 505A 510A ","IMS","R","D","DO","F "," "," ","R","050","0","1","1","","","1951072","5792002",
"Whakatane District","THE STRAND","20","W"," ","BOON ST","201432061","05/02/2014","Wed","1000","MF","CE14","371B ","","R","D","B ","F "," "," ","C","050","0","0","0","","","1950985","5791979",
"Whakatane District","THE STRAND",""," ","I","BOON ST","201410712","13/03/2014","Thu","1005","NA","4E1E","306A 376A ","","R","D","B ","F ","X","G","X","050","0","0","1","","","1951004","5791985",
"Whakatane District","THE STRAND","5","E"," ","BUDDLE ST","201432658","07/02/2014","Fri","0950","MF","CE1C","371B ","","R","D","B ","F ","T","N","P","050","0","0","0","","","1950847","5791923",
"Whakatane District","THE STRAND","15","E"," ","COMMERCE ST","201430552","06/01/2014","Mon","1130","MO","CE1V","371A 445B ","","R","D","B ","F "," "," ","C","050","0","0","0","","","1951168","5792035",
"Whakatane District","THE STRAND","20","E"," ","WAIRERE ST","201437228","17/05/2014","Sat","0115","MO","CW1C","385A ","M","R","D","DO","F "," ","N","C","050","0","0","0","","","1951524","5792129",
"Whakatane District","THORNTON ROAD","170","N"," ","GOLF LINKS ROAD","201410496","01/03/2014","Sat","2134","EC","MN1","130A 341A 912 ","W","R","D","DO","F "," "," ","C","100","0","1","1","","","1945637","5793013",
"Whakatane District","THORNTON ROAD","80","W"," ","POWDRELL ROAD","201411304","15/03/2014","Sat","1315","BF","VE14","111A 135A 901 ","","M","W","ON","H "," ","N","C","100","0","0","3","","","1943827","5794312",
"Whakatane District","THORNTON ROAD","1400","N"," ","SH 30","201412559","25/04/2014","Fri","1948","LB","CN1C","130A 197A 303B 375B 402B 929 ","CV","R","D","DN","F ","D"," ","C","100","0","0","1","","","1945043","5793620",
"Whakatane District","THORNTON ROAD","160","S"," ","THORNTON HALL ROAD","201400004","05/01/2014","Sun","0545","CB","CN1","129A 692A ","FT","R","D","BN","F "," ","N","L","100","1","0","0","","","1939976","5795656",
"Whakatane District","THORNTON ROAD","120","E"," ","WEST BANK ROAD","201400025","09/02/2014","Sun","1348","BE","CS1T","130A 412A ","","R","D","OF","F "," "," ","C","100","1","3","0","","","1939861","5795826",
"Whakatane District","VALLEY ROAD",""," ","I","GORGE ROAD","201410056","31/01/2014","Fri","","KA","4W2V","302B 375B ","S","R","D","TO","F ","R","G","R","050","0","0","1","","","1950699","5790758",
"Whakatane District","WAINUI ROAD","920","S"," ","BURMA ROAD","201410528","10/01/2014","Fri","1330","DB","CN1","131A 410A ","T","M","D","BN","F "," ","N","C","100","0","0","1","","","1956674","5786066",
"Whakatane District","WAINUI ROAD","970","S"," ","KOWHAI ST","201430245","01/01/2014","Wed","1350","FD","CN1CCC","181A 181B 181C ","","R","D","O ","F "," "," ","C","100","0","0","0","","","1956980","5788283",
"Whakatane District","WAINUI ROAD","300","W"," ","TE KOOTI ROAD","201431159","22/02/2014","Sat","1030","DA","CW1","111A 402A ","F","M","W","O ","F "," ","N","C","100","0","0","0","","","1956558","5784679",
"Whakatane District","WEST BANK ROAD","1000","S"," ","GREIG ROAD","201431450","23/02/2014","Sun","","EC","CS1","821 ","X","E","D","DN","F "," ","N","C","100","0","0","0","","","1937777","5794318",
"Whakatane District","2/209/3.461","700","W"," ","HAUONE ROAD","201434875","14/01/2014","Tue","1305","CB","CE1","136A 668A ","","R","D","BN","F "," ","N","C","100","0","0","0","","","1920125","5804974",
"Whakatane District","2/209/10.322",""," ","A","LAYBY ENT","201412508","17/04/2014","Thu","1225","QC","CN1","330A 354A 930 ","N","R","D","O ","F ","D","S","C","100","0","0","1","","","1926246","5801917",
"Whakatane District","2/209/13.841",""," ","A","MATATA SUBWAY","201410497","03/03/2014","Mon","1340","BE","CS1T","131A 412A ","","E","W","O ","F "," "," ","L","060","0","0","2","","","1929406","5800376",
"Whakatane District","2/232/0",""," ","I","AWAITI NORTH ROAD","201412707","16/04/2014","Wed","1830","GD","VW1C","331A ","","R","D","DO","F ","X","S","C","100","0","0","1","","","1932632","5792619",
"Whakatane District","2/232/0.5","500","E"," ","SH 34","201411534","25/01/2014","Sat","1500","CB","CW1","137A ","V","R","D","BN","F "," ","N","C","100","0","0","1","","","1933038","5792327",
"Whakatane District","2/258/3.529","1400","E"," ","STATION ROAD","201434589","10/03/2014","Mon","1830","CC","CS1","410A ","FP","R","D","BN","F "," ","N","C","100","0","0","0","","","1952650","5778426",
"Whakatane District","2/258/10.719","630","S"," ","FRASER ROAD","201435356","29/04/2014","Tue","0758","CB","CN1","410A ","FJ","R","W","O ","L "," "," ","C","100","0","0","0","","","1955899","5774010",
"Whakatane District","2/271/2.196","600","W"," ","WAIMANA ROAD E","201411083","19/02/2014","Wed","1337","BF","TE1T","358A ","","M","D","B ","F "," "," ","C","100","0","0","1","","","1958296","5771435",
"Whakatane District","2/271/4.296","1500","E"," ","WAIMANA ROAD E","201410055","15/02/2014","Sat","1530","CA","4W1MM","129A 205A 330A 137B 407B 137C ","G","R","D","B ","F "," "," ","C","100","0","0","2","","","1960322","5771318",
"Whakatane District","30/187/2.081","5000","W"," ","SH 34 W","201434809","23/03/2014","Sun","1430","DB","CW1","111A 131A 402A ","","S","W","ON","L "," ","N","C","100","0","0","0","","","1917467","5780170",
"Whakatane District","30/187/6.221","860","W"," ","SH 34","201410531","21/01/2014","Tue","1345","DB","CW1","131A ","","M","W","ON","F "," ","N","C","100","0","0","2","","","1920111","5781723",
"Whakatane District","30/194/3.75","2900","W"," ","BRAEMAR ROAD","201400079","10/04/2014","Thu","0830","BF","CE1T","111A 131A 801 ","","E","W","O ","L "," "," ","C","100","1","0","0","","","1924150","5783572",
"Whakatane District","30/205/0.09",""," ","I","GRIEVE ROAD","201435354","23/04/2014","Wed","2328","DA","CW1","131A ","FT","R","D","DO","M ","T","G","C","100","0","0","0","","","1931185","5783737",
"Whakatane District","SH 34",""," ","I","30/206/0","201432217","07/02/2014","Fri","1723","DB","4W2","111A 131A 402A 801 ","F","M","W","O ","L ","T","G","R","100","0","0","0","","","1931299","5783708",
"Whakatane District","30/206/0.772","1000","W"," ","HUIA CRESCENT","201430100","09/01/2014","Thu","1640","EC","CW1","911 ","W","R","D","O ","F "," "," ","C","070","0","0","0","","","1931975","5783359",
"Whakatane District","30/206/1.002","770","W"," ","HUIA CRESCENT","201413614","06/06/2014","Fri","1755","CA","ME1C","130A 402A 602A ","X","R","D","DN","F "," "," ","C","100","0","0","1","","","1932191","5783282",
"Whakatane District","30/206/5.519","80","W"," ","HYDRO ROAD","201438177","01/05/2014","Thu","0720","BF","CE14","131A ","","M","D","BF","F "," ","N","C","100","0","0","0","","","1936132","5784616",
"Whakatane District","30/219/0.5","500","N"," ","SH 2 E","201431138","25/02/2014","Tue","1800","QG","4S1","429A 682A ","F","R","D","B ","F "," ","N","C","070","0","0","0","","","1942443","5787738",
"Whakatane District","30/219/3.646","100","E"," ","TE RAHU ROAD","201413758","26/05/2014","Mon","2040","DB","VS1","129A 350A ","","E","D","DO","F "," ","N","C","100","0","1","0","","","1944513","5790042",
"Whakatane District","30/219/7.799","30","W"," ","SHAW ROAD","201410241","16/01/2014","Thu","1900","CC","CE1","112A 129A ","T","R","D","B ","F "," ","N","C","100","0","0","1","","","1947000","5792265",
"Whakatane District","30/219/9.27",""," ","I","GATEWAY DRIVE","201413802","11/06/2014","Wed","1730","FB","4E1C","110A 181A 331A 387A 633A 901 ","","M","W","DO","H ","R","G","C","080","0","0","1","","","1948428","5792022",
"Whakatane District","34/0/10.323",""," ","I","SH 30","201431453","19/02/2014","Wed","1640","FB","CS1C","331A 353A ","","R","D","BF","F ","T","G","C","100","0","0","0","","","1931098","5783764",
"Whakatane District","34/11/2.208","15","W"," ","PARK ROAD","201434471","24/04/2014","Thu","0708","AD","CW1","130A ","V","R","D","B ","F "," "," ","C","100","0","0","0","","","1929477","5782477",
"Whakatane District","34/11/3.824","60","N"," ","ONEPU SPRING ROAD","201434810","08/04/2014","Tue","1135","DA","CN1","501A ","C","M","D","BN","F "," ","N","C","100","0","0","0","","","1928100","5781646",
"Whakatane District","34/11/3.994","110","S"," ","ONEPU SPRING ROAD","201434876","23/03/2014","Sun","2110","BF","CN14","101A 111A 131A 514A ","","S","D","DN","F "," ","N","L","100","0","0","0","","","1928043","5781495",
"Whakatane District","38/17/16.293","1980","W"," ","KIORENUI ROAD","201411659","10/02/2014","Mon","1800","DB","VE1","131A 350A ","C","E","D","TN","F "," ","N","C","100","0","0","1","","","1920299","5737724",
"Whangarei District","APIRANA AVENUE","20","E"," ","HALL AVENUE","201410806","01/02/2014","Sat","2150","NB","VS1E","722B 732B ","","R","D","DO","F "," "," ","N","050","0","1","0","15","","1719472","6046462",
"Whangarei District","ASHLEY AVENUE","170","S"," ","ABBOTS WAY","201430807","05/02/2014","Wed","1935","DA","MS1","103A ","F","E","D","BF","F "," ","N","N","050","0","0","0","","","1718379","6043729",