"TLA NAME","CRASH ROAD","CRASH DIST","CRASH DIRN","INTSN","SIDE ROAD","CRASH ID","CRASH DATE","CRASH DOW","CRASH TIME","MVMT","VEHICLES","CAUSES","OBJECTS STRUCK","ROAD CURVE","ROAD WET","LIGHT","WTHRa","JUNC TYPE","TRAF CTRL","ROAD MARK","SPD LIM","CRASH FATAL CNT","CRASH SEV CNT","CRASH MIN CNT","PERS AGE1","PERS AGE2","EASTING","NORTHING"
"Whangarei District","AUSTIN ROAD","420","W"," ","WEST RIDGE ROAD","201410807","09/02/2014","Sun","0010","DA","CN1","103A 105A 131A 357A 692A 801 ","C","M","W","DN","L "," "," ","C","050","0","0","2","","","1714727","6042639",
"Whangarei District","BANK ST","20","N"," ","CAMERON ST","201430801","25/02/2014","Tue","0945","AA","CN1C","372A ","","R","D","ON","F ","X","T","C","050","0","0","0","","","1719349","6045804",
"Whangarei District","BANK ST",""," ","I","CAMERON ST","201431508","07/01/2014","Tue","1344","DB","TW2","131A ","","R","D","BF","F ","X","T","C","050","0","0","0","","","1719344","6045784",
"Whangarei District","BANK ST","5","S"," ","CROSS ST","201435400","06/04/2014","Sun","1240","FD","CS1C","427A ","","R","D","B ","F ","T"," ","P","050","0","0","0","","","1719607","6046652",
"Whangarei District","BANK ST","5","S"," ","CROSS ST","201413642","07/05/2014","Wed","1026","FD","CS1C","181A 331A 402A ","","R","D","B ","F ","T","N","C","050","0","0","1","","","1719607","6046652",
"Whangarei District","BANK ST",""," ","I","RUST AVENUE","201430091","30/01/2014","Thu","1140","FE","VN1C","181A ","","R","D","BF","F ","X","T","C","050","0","0","0","","","1719342","6045775",
"Whangarei District","BANK ST",""," ","I","RUST AVENUE","201410532","14/01/2014","Tue","1329","BB","CS1C","129A ","","R","D","BF","F ","X","T","C","050","0","0","2","","","1719342","6045775",
"Whangarei District","BRAINTREE ST","30","W"," ","CLARK ROAD","201430394","18/01/2014","Sat","0945","KB","CW1C","110B 308B 929 ","","R","D","B ","F ","D","N","N","050","0","0","0","","","1717758","6049967",
"Whangarei District","BROOKS ROAD","400","W"," ","EILEAN DONAN DRIVE","201434341","20/03/2014","Thu","2330","DB","CE1","131A 402A 813 ","F","S","D","DN","F "," "," ","N","100","0","0","0","","","1726340","6012654",
"Whangarei District","CAMERON ST","50","S"," ","ALBERT ST","201430090","21/01/2014","Tue","1350","MO","4N1C","371A ","M","R","D","OF","F "," ","N","C","050","0","0","0","","","1719774","6045384",
"Whangarei District","CENTRAL AVENUE","20","N"," ","WATER ST","201437775","07/06/2014","Sat","1230","LB","CS1C","303B 377B 927 ","","R","D","B ","F ","D"," ","C","050","0","0","0","","","1719052","6045491",
"Whangarei District","CENTRAL AVENUE",""," ","I","WATER ST","201434348","10/04/2014","Thu","2110","BC","CS2C","124A ","","R","D","DO","F ","X","T","C","050","0","0","0","","","1719068","6045479",
"Whangarei District","CHURCH ST","250","N"," ","RAURIMU AVENUE","201435763","06/05/2014","Tue","1350","CB","CS1","130A 358A ","F","R","D","B ","F "," "," ","R","050","0","0","0","","","1723587","6041583",
"Whangarei District","CHURCHILL ST","80","E"," ","MAINS AVENUE","201434340","06/04/2014","Sun","1130","MA","CN1C","373B ","","R","D","B ","F "," "," ","N","050","0","0","0","","","1719664","6048154",
"Whangarei District","CORKS ROAD","5","S"," ","REED ST","201437777","30/05/2014","Fri","1515","GD","CN1C","331A 351A 904 ","","R","W","B ","M ","T","S","C","050","0","0","0","","","1720053","6050412",
"Whangarei District","COVE ROAD",""," ","I","BRAEMAR LANE","201431385","07/01/2014","Tue","1710","CB","4N2","130A ","P","R","D","BF","F ","T","N","C","050","0","0","0","","","1730714","6016700",
"Whangarei District","COVE ROAD",""," ","I","CULLEN ROAD","201410205","07/01/2014","Tue","1845","GE","4N1C4","101A 157A 160A ","","R","D","B ","F ","T","N","C","100","0","0","1","","","1734615","6012706",
"Whangarei District","COVE ROAD","190","S"," ","NORTH COVE LANE","201436722","05/05/2014","Mon","1800","EA","4N1O","370A 386A ","M","R","W","DN","M "," ","N","C","100","0","0","0","","","1733262","6014388",
"Whangarei District","DENT ST","100","E"," ","WALTON ST","201430804","04/01/2014","Sat","1800","AA","CE1C","372A ","","R","D","BF","F "," ","N","P","050","0","0","0","","","1719860","6045737",
"Whangarei District","FAIRWAY DRIVE","30","S"," ","PARKLAND CRESCENT N","201412306","29/03/2014","Sat","2330","CB","CN1","112A 129A 130A 517A ","IT","R","D","DO","F "," "," ","R","050","0","0","1","","","1717997","6049146",
"Whangarei District","FAIRWAY DRIVE","120","S"," ","TE PUIA ST","201432564","09/01/2014","Thu","2059","CC","VW1C","129A 500A ","M","R","D","TO","F "," ","N","C","050","0","0","0","","","1717158","6049579",
"Whangarei District","FORD AVENUE",""," ","I","THREE MILE BUSH ROAD","201411266","12/03/2014","Wed","1450","LB","SE2C","204A ","","R","D","B ","F ","T","G","C","050","0","0","1","","8","1717323","6050345",
"Whangarei District","GEORGE ST",""," ","I","KING ST","201411762","15/02/2014","Sat","1130","DA","MS2","101A 111A 131A 517A ","","M","D","B ","F ","T","G","C","050","0","1","0","","","1716659","6059606",
"Whangarei District","GEORGE ST",""," ","I","KING ST","201431696","20/02/2014","Thu","1845","DA","CS2C","111A 131A 801 ","M","S","W","O ","L ","T","G","R","050","0","0","0","","","1716659","6059606",
"Whangarei District","GLENMOHR ROAD","2000","W"," ","MASSEY ROAD","201410030","17/02/2014","Mon","1730","BF","CW1V","111A 131A 402A ","","S","D","B ","F "," "," ","N","100","0","0","1","","","1730264","6010818",
"Whangarei District","HANDFORTH ST","100","E"," ","COCKBURN ST","201413768","16/05/2014","Fri","2020","JA","MW1C","302B 375B 927 ","","R","D","DO","F ","D","G","C","050","0","0","1","","","1723275","6041065",
"Whangarei District","HATEA DRIVE","80","N"," ","DENT ST","201431638","26/01/2014","Sun","1130","AC","CN1V","159A ","","E","D","O ","F "," "," ","N","050","0","0","0","","","1719678","6046054",
"Whangarei District","HEWLETT ST","15","N"," ","PORT ROAD","201430089","01/02/2014","Sat","1100","GB","CN1V","387A 140B 929 ","","R","D","OF","F ","D","N","N","050","0","0","0","","","1721198","6043886",
"Whangarei District","JAMES ST",""," ","I","ROBERT ST","201438095","30/05/2014","Fri","1330","MA","CE1C","371B ","","R","D","O ","F ","R","G","R","050","0","0","0","","","1719568","6045795",
"Whangarei District","JORDAN VALLEY ROAD",""," ","I","HUKERENUI ROAD","201412321","14/04/2014","Mon","0915","DB","VS1","111A 131A 402A 801 ","V","M","W","O ","L ","R","G","R","100","0","1","0","","","1711514","6060141",
"Whangarei District","KAMO ROAD","40","N"," ","BANK ST","201437010","22/05/2014","Thu","0910","FD","4S1CV4","181A 331A 181B 181C ","","R","D","O ","F "," "," ","C","050","0","0","0","","","1719653","6046883",
"Whangarei District","KAMO ROAD",""," ","I","BURLING AVENUE","201432683","19/02/2014","Wed","1138","JA","CS1T","301B 353B ","","R","W","O ","F ","M","S","C","050","0","0","0","","","1718756","6048744",
"Whangarei District","KAMO ROAD","10","S"," ","CLARK ROAD","201410709","12/03/2014","Wed","1556","FD","CN1VC","181A 330A ","","R","D","B ","F ","T","N","C","050","0","0","1","","","1717928","6049914",
"Whangarei District","KAMO ROAD","20","S"," ","GRANT ST","201411674","12/03/2014","Wed","1625","BA","VN1C","112A 129A ","Q","R","D","DO","F "," ","N","R","050","0","0","1","","","1717729","6050372",
"Whangarei District","KAMO ROAD",""," ","I","KENSINGTON AVENUE","201435361","22/04/2014","Tue","2148","LB","CS1C","303B ","","R","D","DO","F ","X","T","C","050","0","0","0","","","1719557","6047580",
"Whangarei District","KAMO ROAD","20","W"," ","KEYTE ST","201436381","07/02/2014","Fri","1030","EA","CE1C","129A ","M","R","W","OF","F "," ","N","C","050","0","0","0","","","1719251","6048020",
"Whangarei District","KAMO ROAD",""," ","I","KING ST","201438036","01/06/2014","Sun","1000","GB","CN1C","158A 930 ","","R","D","B ","F ","D","N","R","050","0","0","0","","","1719346","6047912",
"Whangarei District","KAMO ROAD",""," ","I","MOODY AVENUE","201431563","20/01/2014","Mon","1620","KB","4N1V","302B 375B 801 ","","E","W","OF","L ","T","G","C","050","0","0","0","","","1719074","6048181",
"Whangarei District","KAMO ROAD","50","S"," ","NIXON ST","201412899","16/05/2014","Fri","1745","NG","4S1E","371A 730B ","","R","D","DO","F "," "," ","C","050","0","1","0","64","","1719559","6047562",
"Whangarei District","KAMO ROAD",""," ","I","NIXON ST","201437759","01/05/2014","Thu","1345","LB","4S1CC","181A 331A 443C ","","E","D","B ","F ","T","T","C","050","0","0","0","","","1719552","6047611",
"Whangarei District","KAMO ROAD",""," ","I","NIXON ST","201435445","04/04/2014","Fri","1730","QG","TS1C","682A ","","E","D","B ","F ","M","N","P","050","0","0","0","","","1719552","6047611",
"Whangarei District","KAMO ROAD",""," ","I","NIXON ST","201434407","10/04/2014","Thu","1250","LB","CS1C","303B 334B ","","R","D","B ","F ","T","T","L","050","0","0","0","","","1719552","6047611",
"Whangarei District","KAMO ROAD",""," ","I","NIXON ST","201432950","04/03/2014","Tue","1145","LB","VS1C","303B 402B ","","R","D","B ","F ","T","T","P","050","0","0","0","","","1719552","6047611",
"Whangarei District","KAMO ROAD","10","N"," ","STATION ROAD","201437006","27/05/2014","Tue","0920","AO","CS1C","386A ","","R","D","B ","F ","X","T","C","050","0","0","0","","","1717664","6050527",
"Whangarei District","KAMO ROAD",""," ","I","WHAU VALLEY ROAD","201411001","20/01/2014","Mon","0935","JA","4N1C","323A 334A 350A 801 ","","R","W","O ","L ","T","T","C","050","0","0","2","","","1718768","6048699",
"Whangarei District","KAMO ROAD",""," ","I","WHAU VALLEY ROAD","201410329","22/01/2014","Wed","1909","DB","CE2","103A 111A 131A ","C","M","D","BF","F ","T","G","R","050","0","0","1","","","1718768","6048699",
"Whangarei District","KAMO ROAD",""," ","I","WILKINSON AVENUE","201430427","21/01/2014","Tue","0805","KA","CS1C","301B 375B ","","R","D","O ","F ","T","S","C","050","0","0","0","","","1717782","6050249",
"Whangarei District","KARA ROAD","2400","N"," ","SH 14","201434669","14/04/2014","Mon","1240","DA","CN1","111A 131A ","V","M","W","ON","L "," ","N","C","100","0","0","0","","","1709436","6045721",
"Whangarei District","KENSINGTON AVENUE","100","W"," ","DAVIES ST","201432188","12/02/2014","Wed","1545","MA","CW1C","373B ","","R","D","B ","F "," ","N","P","050","0","0","0","","","1719391","6047540",
"Whangarei District","KENSINGTON AVENUE",""," ","I","ISLINGTON ST","201411205","04/03/2014","Tue","1804","DA","CS2C","122A 131A 363A ","M","R","D","B ","F ","T","G","C","050","0","0","1","","","1719357","6047532",
"Whangarei District","KENSINGTON AVENUE",""," ","I","ISLINGTON ST","201435525","17/04/2014","Thu","1535","HA","CW1C","302B 377B ","","R","D","O ","F ","X","G","P","050","0","0","0","","","1719357","6047532",
"Whangarei District","KERR ROAD","120","N"," ","RANGIURU DRIVE","201431290","01/01/2014","Wed","0230","CB","CN1","130A ","B","R","D","DN","F "," ","N","N","100","0","0","0","","","1736725","6039878",
"Whangarei District","KING ST","80","N"," ","VIEW ROAD","201412926","23/05/2014","Fri","1640","EA","CN1C","103A 410A ","M","R","D","B ","F "," "," ","C","050","0","0","1","","","1716449","6060230",
"Whangarei District","KIOREROA ROAD","840","S"," ","UNION EAST ST","201432112","17/03/2014","Mon","1625","EA","CN1C","386A ","M","R","D","B ","F "," ","N","C","060","0","0","0","","","1719952","6043604",
"Whangarei District","KIRIPAKA ROAD","15","E"," ","HERETAUNGA ST","201412791","27/03/2014","Thu","0830","NB","CW1E","712B 713B ","","R","D","OF","F "," ","N","C","050","0","0","1","","","1720232","6050191",
"Whangarei District","KIRIPAKA ROAD","150","N"," ","PARANUI VALLEY ROAD","201431482","04/03/2014","Tue","1020","EA","CN1C","353A ","M","E","D","BF","F "," ","N","C","050","0","0","0","","","1719990","6048761",
"Whangarei District","KIRIPAKA ROAD","50","S"," ","SPEDDING ROAD","201434344","14/04/2014","Mon","1938","CB","CS1","195A 801 ","P","R","W","O ","L "," "," ","C","050","0","0","0","","","1720063","6049986",
"Whangarei District","KIRIPAKA ROAD","60","S"," ","SPEDDING ROAD","201412263","13/05/2014","Tue","1737","FA","CN1C","331A 402A ","","R","D","TF","F "," ","N","C","050","0","0","1","","","1720063","6049976",
"Whangarei District","KITEONE ROAD","15","W"," ","WHANGAREI HEADS ROAD","201437779","11/05/2014","Sun","1730","CB","CE1","138A 402A 433A 632A ","ES","R","D","TN","F ","T","G","N","100","0","0","0","","","","",
"Whangarei District","KOKOPU ROAD","1020","N"," ","KARA ROAD","201413660","06/06/2014","Fri","0653","DA","CS1","111A 131A 191A 904 ","P","M","W","DN","M "," "," ","C","100","0","0","1","","","1707188","6049080",
"Whangarei District","KOKOPU ROAD","350","E"," ","KNIGHT ROAD","201437005","05/05/2014","Mon","0815","CB","CE1","191A ","F","R","D","B ","F "," "," ","C","100","0","0","0","","","1703934","6048033",
"Whangarei District","KOKOPU ROAD",""," ","I","MCKINLEY ROAD","201410800","20/02/2014","Thu","1830","DB","CN1","111A 131A 402A 904 ","","M","W","O ","M ","T","N","C","100","0","0","1","","","1707052","6047653",
"Whangarei District","LOOP ROAD","150","S"," ","VALLEY VIEW ROAD","201432508","02/02/2014","Sun","1030","BA","CN1C","137A 310A 330A 402A ","BG","R","D","B ","F "," ","N","C","100","0","0","0","","","1717649","6038754",
"Whangarei District","MANGAKAHIA ROAD",""," ","I","COXHEAD ROAD","201413198","17/05/2014","Sat","0130","DB","CS1","101A 131A 357A ","FST","R","D","DN","F ","T","N","C","100","0","1","0","","","1690147","6047641",
"Whangarei District","MANGAKAHIA ROAD","150","S"," ","DRAFFIN ROAD","201430170","17/01/2014","Fri","0500","EC","CS1","912 ","W","M","D","DN","F "," ","N","C","100","0","0","0","","","1701830","6044774",
"Whangarei District","MANGAKAHIA ROAD",""," ","I","JACK ROAD","201410656","24/02/2014","Mon","1132","DA","ME1","129A 135A 804 818 ","V","M","D","B ","F ","T","G","C","100","0","0","1","","","1690442","6047823",
"Whangarei District","MANGAKAHIA ROAD","60","W"," ","KARAKA ROAD","201437987","10/04/2014","Thu","0100","EC","CW1","912 ","W","E","D","DN","F "," ","N","C","100","0","0","0","","","1685708","6047304",
"Whangarei District","MANGAKAHIA ROAD","400","E"," ","MCBETH ROAD","201432110","13/03/2014","Thu","1300","CB","CE1","129A ","C","R","D","B ","F "," ","N","C","080","0","0","0","","","1704352","6043752",
"Whangarei District","MANGAKAHIA ROAD","400","E"," ","MCCARDLE ROAD","201435444","27/03/2014","Thu","1255","DA","CE1","111A 404A ","","E","D","O ","F "," ","N","C","100","0","0","0","","","1697055","6045202",
"Whangarei District","MANGAKAHIA ROAD","400","E"," ","TOKIRI ROAD","201411203","05/03/2014","Wed","0822","BE","CE1C","130A 412A 197B ","","R","D","O ","F "," "," ","C","100","0","0","1","","","1695947","6045168",
"Whangarei District","MANGAPAI ROAD","350","E"," ","HAYWARD ROAD","201434406","15/04/2014","Tue","1200","BF","CS1C","131A 801 ","","M","W","O ","L "," "," ","C","100","0","0","0","","","1713090","6031148",
"Whangarei District","MANGAPAI ROAD","400","E"," ","ORMANDY ROAD","201412448","11/03/2014","Tue","0900","GD","VW1V","191A 333A 632A 929 ","","E","D","O ","F ","D"," ","L","100","0","0","1","","","1716784","6032560",
"Whangarei District","MANGAPAI ROAD","1200","E"," ","ORMANDY ROAD","201430062","01/01/2014","Wed","0733","DA","CE1","103A 131A ","F","E","D","BN","F "," ","N","C","100","0","0","0","","","1717414","6032952",
"Whangarei District","MANGAPAI ROAD","200","W"," ","THOMPSON ROAD","201431694","20/02/2014","Thu","1415","DB","TW1","131A ","V","M","W","O ","L "," "," ","C","100","0","0","0","","","1714154","6031923",
"Whangarei District","MARSDEN BAY DRIVE","50","N"," ","ALBANY ROAD","201436726","25/05/2014","Sun","1155","GE","4N1V","160A 333A 929 ","","R","D","O ","F ","D","N","C","050","0","0","0","","","1732973","6033213",
"Whangarei District","MAUNGAKARAMEA ROAD","150","N"," ","GLENN ROAD","201433813","07/04/2014","Mon","1530","CC","CS1","130A ","K","R","D","B ","F "," "," ","C","100","0","0","0","","","1713702","6036627",
"Whangarei District","MAUNGAKARAMEA ROAD",""," ","I","GLENN ROAD","201436723","18/05/2014","Sun","1320","DA","VS1","129A 139A ","F","E","D","O ","F ","T","N","C","050","0","0","0","","","1713571","6036553",
"Whangarei District","MAUNGAKARAMEA ROAD","740","E"," ","JOBE ROAD","201431653","09/01/2014","Thu","2100","DA","CW1","111A 131A ","","M","D","DN","F "," "," ","C","100","0","0","0","","","1715277","6037365",
"Whangarei District","MAUNGAKARAMEA ROAD","850","N"," ","JOBE ROAD","201437457","17/04/2014","Thu","1800","DA","CN1","111A 131A ","F","M","D","TN","F "," "," ","C","100","0","0","0","","","1715381","6037400",
"Whangarei District","MAUNGAKARAMEA ROAD","1000","W"," ","SH 1N","201431680","20/02/2014","Thu","0815","DA","CE1","111A 131A ","V","M","W","O ","L "," "," ","C","100","0","0","0","","","1715864","6037708",
"Whangarei District","MAUNU ROAD","5","W"," ","KAUIKA ROAD","201431687","23/02/2014","Sun","1215","GE","CW1C","160A 929 ","","R","D","O ","F ","D","N","P","050","0","0","0","","","1718653","6045118",
"Whangarei District","MAUNU ROAD",""," ","I","POROWINI AVENUE","201431686","18/02/2014","Tue","0855","AO","4S1C","129A 386A ","","R","D","O ","F ","T","G","C","050","0","0","0","","","1718966","6045348",
"Whangarei District","MAUNU ROAD",""," ","I","POROWINI AVENUE","201431012","06/02/2014","Thu","1710","JA","CS1C","301B ","","R","W","O ","F ","T","S","C","050","0","0","0","","","1718966","6045348",
"Whangarei District","MAUNU ROAD","15","E"," ","SH 1N","201437758","09/06/2014","Mon","1750","MC","CE1C","370B 372B 801 ","","R","W","DO","L "," "," ","R","050","0","0","0","","","1718445","6044986",
"Whangarei District","MILL ROAD","15","N"," ","BRIGHTON ROAD","201430978","12/02/2014","Wed","1020","MC","4N1C","372B ","","R","D","OF","F ","T","S","C","050","0","0","0","","","1719905","6047665",
"Whangarei District","MILL ROAD","50","N"," ","NIXON ST","201430980","13/02/2014","Thu","1000","AC","4N1C","372A ","","R","D","OF","F "," ","N","C","050","0","0","0","","","1719877","6047568",
"Whangarei District","MILL ROAD",""," ","I","PARAHAKI ST","201412470","23/04/2014","Wed","0925","GD","TN1CC","331A 358A ","","R","D","O ","F ","T","G","C","050","0","0","2","","","1719791","6047193",
"Whangarei District","MOUNT PLEASANT ROAD","30","E"," ","SH 1N","201431695","20/02/2014","Thu","1629","KB","CS1C","308B 377B 929 ","","R","W","O ","L ","D","N","C","050","0","0","0","","","1718186","6043660",
"Whangarei District","NGUNGURU ROAD","700","E"," ","KAIATEA ROAD","201412887","12/03/2014","Wed","1610","GA","CE1C","331A 929 ","","R","D","O ","F ","D"," ","C","100","0","0","1","","","1731932","6055890",
"Whangarei District","NGUNGURU ROAD","15","N"," ","KOPIPI CRESCENT N","201411026","03/01/2014","Fri","0500","CC","CS1","112A 130A 517A ","F","R","D","DN","F "," "," ","C","050","0","0","2","","","1736196","6056037",
"Whangarei District","NGUNGURU ROAD",""," ","I","MARUATA ROAD","201433522","22/03/2014","Sat","1310","DB","CW1","131A 332A ","FT","M","D","BF","F ","T","N","L","080","0","0","0","","","1722616","6052012",
"Whangarei District","NGUNGURU ROAD","850","N"," ","NGUNGURU FORD ROAD","201431957","19/02/2014","Wed","1030","BF","CN1C","111A 131A ","","S","W","ON","L "," ","N","C","100","0","0","0","","","1726382","6053585",
"Whangarei District","NGUNGURU ROAD","1000","N"," ","NGUNGURU FORD ROAD","201410802","19/02/2014","Wed","1830","BF","CN1C","129A 131A 404A 801 ","","M","W","O ","L "," "," ","C","100","0","1","2","","","1726233","6053566",
"Whangarei District","NGUNGURU ROAD","700","E"," ","ROCKINGHAM ROAD","201431981","06/02/2014","Thu","1640","DA","CE1","111A 131A 402A ","","M","W","ON","H "," ","N","C","100","0","0","0","","","1725705","6053478",
"Whangarei District","NIXON ST",""," ","I","ELIZABETH ST","201435191","25/03/2014","Tue","1700","LB","CE1C","303B 375B ","","R","D","B ","F ","T","S","C","050","0","0","0","","","1719749","6047554",
"Whangarei District","OKARA DRIVE","100","W"," ","PORT ROAD","201431025","07/02/2014","Fri","0900","MO","CW1C","308B 375B 925 ","","R","W","O ","F ","D","N","C","050","0","0","0","","","1720440","6044426",
"Whangarei District","OLD SCHOOL ROAD","600","S"," ","SNOOKS ROAD","201434339","13/04/2014","Sun","0830","DA","CN1","131A 402A 813 ","","M","D","B ","F "," "," ","N","100","0","0","0","","","1709071","6034276",
"Whangarei District","ONE TREE POINT ROAD","300","N"," ","MCEWAN ROAD","201434649","17/04/2014","Thu","1235","DA","CN1","129A 134A ","V","E","D","BN","F "," ","N","C","100","0","0","0","","","1730275","6032194",
"Whangarei District","ONE TREE POINT ROAD",""," ","I","MCEWAN ROAD","201430554","18/01/2014","Sat","1625","HA","CW2V","302A 423A ","","R","D","B ","F ","X","G","C","100","0","0","0","","","1730149","6031921",
"Whangarei District","ONERAHI ROAD","200","S"," ","SORRENTO ST","201435327","16/04/2014","Wed","1930","GB","CN14","181A 331A 929 ","","R","W","DO","LS","D","N","P","050","0","0","0","","","1723631","6043158",
"Whangarei District","OTAIKA ROAD",""," ","I","TAREWA ROAD N","201431384","08/01/2014","Wed","1220","LB","CN1C","303B 375B ","","R","D","BF","F ","T","G","C","050","0","0","0","","","1718621","6044565",
"Whangarei District","OTAIKA ROAD N",""," ","I","TAREWA ROAD","201432189","18/02/2014","Tue","1040","JA","CS1C","302B 375B ","","R","D","B ","F ","T","G","C","050","0","0","0","","","1718621","6044565",
"Whangarei District","OTAIKA VALLEY ROAD",""," ","I","LOOP ROAD","201432705","04/02/2014","Tue","0815","BB","TS1C","124A ","","R","D","B ","F ","T","G","C","100","0","0","0","","","1717726","6039341",
"Whangarei District","PIPIWAI ROAD","120","E"," ","NORTHCROFT DRIVE","201410804","07/02/2014","Fri","1115","DA","CW1","111A 131A 801 ","V","M","W","O ","L "," "," ","L","080","0","0","1","","","1716612","6051342",
"Whangarei District","PIPIWAI ROAD","170","W"," ","PARAKIORE ROAD","201410556","21/02/2014","Fri","0314","DB","VW1","131A 410A ","C","M","W","DN","L "," ","N","C","100","0","0","1","","","1716175","6051336",
"Whangarei District","POROWINI AVENUE",""," ","I","MAUNU ROAD","201431685","20/02/2014","Thu","1555","FB","TW1C","181A ","","E","W","O ","M ","T","S","C","050","0","0","0","","","1718966","6045348",
"Whangarei District","PORT ROAD","400","S"," ","FRASER ST","201432638","12/03/2014","Wed","2039","CB","CN1","102A 198A ","","R","D","DN","F "," ","N","C","050","0","0","0","","","1721744","6043334",
"Whangarei District","PORT ROAD",""," ","I","HEREKINO ST","201432636","16/02/2014","Sun","1645","KA","CN1C","302A 375A 404A ","","E","D","B ","F ","R","G","C","050","0","0","0","","","1719940","6045395",
"Whangarei District","PORT ROAD",""," ","I","HEREKINO ST","201432514","04/02/2014","Tue","1353","HA","CN1C","302A 375A ","","R","D","O ","F ","R","G","R","050","0","0","0","","","1719946","6045393",
"Whangarei District","PORT ROAD",""," ","I","KIOREROA ROAD","201431652","24/01/2014","Fri","1709","JA","CN1C","302B ","","E","D","B ","F ","X","G","R","050","0","0","0","","","1720709","6044202",
"Whangarei District","PORT ROAD","100","E"," ","OKARA DRIVE","201410530","20/01/2014","Mon","1617","MC","VE1C","372B ","","R","W","OF","L "," ","N","C","050","0","1","2","","","1720595","6044299",
"Whangarei District","RATHBONE ST","20","N"," ","CAMERON ST","201430458","29/01/2014","Wed","1120","FC","CS1C","181A ","","R","D","B ","F "," ","N","X","050","0","0","0","","","1719415","6045745",
"Whangarei District","RAUMANGA VALLEY ROAD","50","N"," ","OTAIKA ROAD","201432949","26/02/2014","Wed","2042","DA","CS1","103A 111A 131A 930 ","X","E","D","DO","F ","D"," ","P","050","0","0","0","","","1718378","6044194",
"Whangarei District","REOTAHI ROAD","50","S"," ","THE HEIGHTS","201411553","07/03/2014","Fri","1200","QO","ON1","652A ","","R","D","BN","F "," ","N","N","050","0","0","1","","","1735222","6034511",
"Whangarei District","RIDGEWAY DRIVE",""," ","I","HOWARDS WAY","201411745","21/03/2014","Fri","1700","DB","CS1S","191A 130B 610B 650B ","","E","D","O ","F ","T","N","N","050","0","0","1","","16","1718462","6050386",
"Whangarei District","RIVERSIDE DRIVE","150","E"," ","BROOK ROAD","201411977","24/02/2014","Mon","1100","MC","TE1S","372B ","","R","D","BN","F "," ","N","C","080","0","1","0","","53","1722524","6044344",
"Whangarei District","RIVERSIDE DRIVE",""," ","I","DENT ST","201431026","11/02/2014","Tue","0745","FE","4W1C","181A 334A ","","E","D","B ","F ","R","T","C","050","0","0","0","","","1719675","6045975",
"Whangarei District","RIVERSIDE DRIVE","20","S"," ","DUNDAS ROAD","201430421","25/01/2014","Sat","0848","DB","CS1","103A 111A ","X","E","D","O ","F "," ","N","C","050","0","0","0","","","1720082","6045814",
"Whangarei District","RIVERSIDE DRIVE","30","S"," ","DUNDAS ROAD","201434419","26/04/2014","Sat","2227","DA","CN1","101A 111A 131A ","IP","E","D","DO","F "," "," ","R","050","0","0","0","","","1720087","6045805",
"Whangarei District","RIVERSIDE DRIVE","60","S"," ","PUNGA GROVE AVENUE","201432523","18/02/2014","Tue","1550","JA","CN1C","308B 386B 929 ","","R","D","O ","F ","D","N","C","050","0","0","0","","","1720374","6045729",
"Whangarei District","RIVERSIDE DRIVE",""," ","I","PUNGA GROVE AVENUE","201433131","08/03/2014","Sat","0920","MC","CE1V","372B ","","E","D","B ","F ","X","G","R","050","0","0","0","","","1720324","6045763",
"Whangarei District","RIVERSIDE DRIVE","20","S"," ","VALE ROAD","201435357","14/04/2014","Mon","2100","DB","CW1","131A 197A 901 903 ","","M","W","DO","HS"," "," ","R","050","0","0","0","","","1719973","6045965",
"Whangarei District","RURUMOKI ST","120","E"," ","HATEA DRIVE","201400109","18/05/2014","Sun","1528","NG","CW1EC","402A 427A ","","R","D","B ","F "," "," ","R","050","1","0","1","53","","1720073","6047132",
"Whangarei District","RUSSELL ROAD","1060","N"," ","OAKURA ROAD","201413630","03/05/2014","Sat","0151","DA","CE1","104A 111A 131A ","P","M","D","DN","F "," "," ","C","100","0","1","0","","","1720567","6081988",
"Whangarei District","RUSSELL ROAD","1280","S"," ","PEACH ORCHARD ROAD","201412560","23/04/2014","Wed","1750","DA","CN1","111A 129A 134A ","C","M","D","O ","F "," "," ","C","100","0","0","1","","","1717547","6072120",
"Whangarei District","RUSSELL ROAD","2070","N"," ","WEBB ROAD","201434404","10/04/2014","Thu","2130","EC","CN1","912 ","W","M","D","DN","F "," "," ","C","100","0","0","0","","","1721856","6079079",
"Whangarei District","SH 1N","2500","N"," ","SH 12 S","201438035","06/02/2014","Thu","1748","DB","CS1","131A 801 ","C","S","W","O ","L "," "," ","C","080","0","0","0","","","","",
"Whangarei District","SHOEMAKER ROAD","1400","W"," ","SH 1N","201412913","26/05/2014","Mon","0925","DA","CE1","131A 631A ","C","M","W","O ","L "," "," ","C","100","0","0","1","","","1728501","6018522",