"TLA NAME","CRASH ROAD","CRASH DIST","CRASH DIRN","INTSN","SIDE ROAD","CRASH ID","CRASH DATE","CRASH DOW","CRASH TIME","MVMT","VEHICLES","CAUSES","OBJECTS STRUCK","ROAD CURVE","ROAD WET","LIGHT","WTHRa","JUNC TYPE","TRAF CTRL","ROAD MARK","SPD LIM","CRASH FATAL CNT","CRASH SEV CNT","CRASH MIN CNT","PERS AGE1","PERS AGE2","EASTING","NORTHING"
"Whangarei District","SMEATON DRIVE",""," ","I","RANGER PLACE","201413310","31/05/2014","Sat","0949","QD","CE2C","428A 527A ","FHX","E","D","B ","F ","T","G","C","050","0","0","1","","","1718369","6042522",
"Whangarei District","SMEATON DRIVE",""," ","I","RANGER PLACE","201431392","26/02/2014","Wed","1412","CC","CS1","130A ","T","R","D","BF","F ","T","N","C","050","0","0","0","","","1718369","6042522",
"Whangarei District","SOUTHEND AVENUE","130","E"," ","ARCUS ST","201434143","15/04/2014","Tue","1125","MO","VW14","371A 801 927 ","","R","W","OF","L ","D"," "," ","050","0","0","0","","","1718406","6043124",
"Whangarei District","SPRINGFIELD ROAD","370","E"," ","MANGAPAI CAVES ROAD","201432708","23/01/2014","Thu","1600","DB","CW1","138A 402A 800 ","E","M","W","B ","F "," "," ","N","100","0","0","0","","","1720284","6025327",
"Whangarei District","SUBSTATION LANE","50","S"," ","KING ST","201437925","11/06/2014","Wed","1645","MO","BS1C","371A 929 ","M","R","D","O ","F ","D","N","N","050","0","0","0","","","1716277","6060368",
"Whangarei District","TAIPUHA ROAD",""," ","I","BERRIDGE ROAD","201430457","26/01/2014","Sun","2030","EC","CW1","912 ","W","E","D","TN","F ","T","N","C","100","0","0","0","","","1708470","6022507",
"Whangarei District","TAREWA ROAD","40","S"," ","MORNINGSIDE ROAD","201430719","09/01/2014","Thu","0930","AC","CS1C","381A ","","S","D","OF","F "," ","N","C","050","0","0","0","","","1719056","6045135",
"Whangarei District","TAREWA ROAD",""," ","I","MORNINGSIDE ROAD","201430979","03/03/2014","Mon","0745","KB","CE1C","301B 375B ","","R","W","BF","F ","T","S","C","050","0","0","0","","","1719091","6045154",
"Whangarei District","TAREWA ROAD","50","N"," ","POROWINI AVENUE","201430092","04/02/2014","Tue","1445","AA","CN1C","381A ","","R","D","OF","F "," ","N","C","050","0","0","0","","","1719168","6045224",
"Whangarei District","TAREWA ROAD",""," ","I","POROWINI AVENUE","201434973","14/04/2014","Mon","1845","LB","4S1C","303B ","","R","W","DO","L ","X","T","C","050","0","0","0","","","1719136","6045185",
"Whangarei District","TAREWA ROAD",""," ","I","WALTON ST","201411059","08/03/2014","Sat","0819","HA","CN1S","302A 363A 375A ","","M","D","B ","F ","R","G","R","050","0","0","1","","57","1719295","6045457",
"Whangarei District","THREE MILE BUSH ROAD","500","W"," ","AMALIN DRIVE","201413641","18/03/2014","Tue","0813","CB","CN1C","331A 363A 902 ","Q","R","D","B ","F "," "," ","C","100","0","0","1","","","1713957","6049593",
"Whangarei District","THREE MILE BUSH ROAD",""," ","I","CLARK ROAD","201412304","10/04/2014","Thu","2205","JA","CW1C","103B 321B 375B ","","R","D","DO","F ","T","S","C","050","0","0","4","","","1717518","6050442",
"Whangarei District","THREE MILE BUSH ROAD",""," ","I","CRAWFORD CRESCENT","201411744","20/03/2014","Thu","1715","HA","CN1C","302A 387A ","","E","D","B ","F ","R","G","R","050","0","0","1","","","1717116","6050239",
"Whangarei District","THREE MILE BUSH ROAD","500","S"," ","PIPIWAI ROAD","201434646","18/04/2014","Fri","0030","DA","CN1","103A 131A ","F","E","D","DN","F "," ","N","C","100","0","0","0","","","1709893","6051550",
"Whangarei District","TUI CRESCENT","30","S"," ","SH 14","201435526","22/04/2014","Tue","1415","MO","CS1","420A ","HK","R","D","B ","F "," "," ","N","050","0","0","0","","","1715983","6044162",
"Whangarei District","VALE ROAD","50","E"," ","RIVERSIDE DRIVE","201437226","14/05/2014","Wed","1000","MA","CE1C","373B ","","R","D","BF","F "," ","N","C","050","0","0","0","","","1719999","6045997",
"Whangarei District","VINE ST","50","E"," ","BANK ST","201436725","14/05/2014","Wed","1204","MA","CW1C","373B 377B 830 ","","R","D","B ","F "," ","N","C","050","0","0","0","","","1719358","6045640",
"Whangarei District","VINEGAR HILL ROAD","50","N"," ","LAURIES DRIVE","201437459","03/06/2014","Tue","0923","BF","CN1C","131A 407A 197B 801 ","","M","W","O ","L "," "," ","C","100","0","0","0","","","1718915","6053120",
"Whangarei District","VINEGAR HILL ROAD","280","N"," ","LAURIES DRIVE","201434530","14/03/2014","Fri","1815","DA","CS1","135A 630A 801 ","FX","M","W","ON","L "," ","N","C","100","0","0","0","","","1718831","6053317",
"Whangarei District","VINEGAR HILL ROAD","450","N"," ","LAURIES DRIVE","201435323","04/05/2014","Sun","0740","DA","CS1","111A 131A ","CV","M","W","B ","F "," "," ","C","100","0","0","0","","","1718702","6053411",
"Whangarei District","VINEGAR HILL ROAD","120","S"," ","LOGAN CAMERON ROAD","201412860","07/05/2014","Wed","1415","DA","MS1","129A 131A 197A ","CV","M","D","B ","F "," "," ","C","100","0","1","0","","","1718275","6053794",
"Whangarei District","VINEGAR HILL ROAD","20","N"," ","MAIN ROAD","201436989","06/05/2014","Tue","0730","DA","CS1","111A 131A 801 ","CV","E","W","O ","L "," "," ","C","100","0","0","0","","","1718049","6054369",
"Whangarei District","VINEGAR HILL ROAD","120","N"," ","MAIN ROAD","201431679","20/02/2014","Thu","1729","DA","CS1","131A 801 ","V","M","W","O ","L "," "," ","C","100","0","0","0","","","1718029","6054467",
"Whangarei District","WAIATAWA ROAD","100","S"," ","BREWERY BRIDGE","201411766","01/04/2014","Tue","1608","CB","VS1C","410A ","M","R","D","B ","F "," "," ","C","050","0","1","0","","","1719823","6048448",
"Whangarei District","WAIOTIRA ROAD","200","E"," ","TAURAROA ROAD","201410259","13/01/2014","Mon","1830","DA","TS1","131A 330A ","F","M","D","O ","F "," ","N","C","100","0","0","1","","","1711107","6029619",
"Whangarei District","WAIOTOI ROAD","850","N"," ","SHOEBRIDGE CRESCENT","201436875","26/03/2014","Wed","2200","DA","CN1","101A 111A 131A ","P","E","D","DN","F "," "," ","C","100","0","0","0","","","1736132","6057166",
"Whangarei District","WALTON ST",""," ","I","CLYDE ST","201436684","16/05/2014","Fri","1307","FA","CE14","181A 350A ","","R","D","B ","F ","T","G","C","050","0","0","0","","","1719494","6045534",
"Whangarei District","WALTON ST","50","S"," ","DENT ST","201435350","01/05/2014","Thu","1200","MG","CS1C","371B 925 ","","R","D","B ","F ","D","N","C","050","0","0","0","","","1719771","6045780",
"Whangarei District","WALTON ST","15","N"," ","ROBERT ST","201430783","06/01/2014","Mon","1700","MC","CN1C","372B ","","R","D","BF","F "," ","N","R","050","0","0","0","","","1719693","6045699",
"Whangarei District","WHANANAKI NORTH ROAD","50","W"," ","HALVORSON ROAD","201435360","26/04/2014","Sat","0910","CB","CE1","129A 130A ","B","R","W","O ","L "," "," ","C","100","0","0","0","","","1729717","6070102",
"Whangarei District","WHANANAKI NORTH ROAD","50","S"," ","PIGS HEAD ROAD","201436990","26/05/2014","Mon","1225","BC","TN1T","129A 818 ","","M","W","B ","F "," "," ","C","100","0","0","0","","","1721629","6069017",
"Whangarei District","WHANGAREI HEADS ROAD","660","S"," ","CRISP ROAD","201435511","10/01/2014","Fri","1430","MC","VN1C","372B 378B 831 ","","E","D","B ","F "," "," ","P","080","0","0","0","","","1730899","6039846",
"Whangarei District","WHANGAREI HEADS ROAD","50","N"," ","EDWARD ROAD","201432494","19/02/2014","Wed","1250","DA","CN1","131A 197A ","FST","E","W","ON","L "," ","N","C","100","0","0","0","","","1725213","6041844",
"Whangarei District","WHANGAREI HEADS ROAD","300","S"," ","EDWARD ROAD","201436988","22/05/2014","Thu","0820","DA","CS1","131A 800 ","TX","M","W","O ","F "," "," ","C","100","0","0","0","","","1725409","6041589",
"Whangarei District","WHANGAREI HEADS ROAD","320","S"," ","EDWARD ROAD","201411200","20/02/2014","Thu","1010","DA","CN1","131A 801 ","CGS","E","W","O ","L "," "," ","C","100","0","0","1","","","1725423","6041575",
"Whangarei District","WHANGAREI HEADS ROAD",""," ","I","PATAUA SOUTH ROAD","201410801","22/02/2014","Sat","1740","DA","CN1","111A 131A 504A 801 ","F","S","W","O ","L ","T","G","C","100","0","0","1","","","1734471","6040771",
"Whangarei District","WHANGAREI HEADS ROAD","50","E"," ","PEPI ROAD","201432506","07/02/2014","Fri","1750","DA","CE1","111A 386A 402A ","","M","W","O ","L "," ","N","C","100","0","0","0","","","1729909","6039769",
"Whangarei District","WHANGAREI HEADS ROAD","60","E"," ","PEPI ROAD","201413100","08/05/2014","Thu","2230","DA","CE1","111A 131A 402A ","EK","M","W","DN","F "," "," ","C","100","0","1","0","","","1729918","6039770",
"Whangarei District","WHANGAREI HEADS ROAD","100","E"," ","SCOTT ROAD","201411201","07/02/2014","Fri","1705","DA","CE1","131A 801 815 ","V","S","W","O ","H "," "," ","C","100","0","0","1","","","1728497","6039710",
"Whangarei District","WHANGAREI HEADS ROAD","60","S"," ","TARAUNUI ROAD","201410435","09/02/2014","Sun","2125","BA","CW1C","205A 404A ","","R","D","DN","F "," "," ","C","080","0","2","2","","","1733201","6041201",
"Whangarei District","WHAREORA ROAD","500","W"," ","CLAPHAM ROAD","201410023","19/02/2014","Wed","1928","DA","CE1","111A 131A 402A 801 ","C","M","W","O ","L "," "," ","C","100","0","0","1","","","1721083","6048915",
"Whangarei District","WHAU VALLEY ROAD",""," ","I","KAMO ROAD","201430446","28/01/2014","Tue","2130","GF","CE1V","381B ","","R","D","DO","F ","T","N","L","050","0","0","0","","","1718768","6048699",
"Whangarei District","WILLIAM JONES DRIVE","230","W"," ","TARAIRE CRESCENT E","201430424","26/01/2014","Sun","1728","CC","CE1C","112A 351A 357A 402A ","HM","R","W","O ","F "," ","N","C","050","0","0","0","","","1719143","6049465",
"Whangarei District","WOODS ROAD",""," ","I","ALBERT ST","201435326","29/04/2014","Tue","1345","BF","CN1V","124A 131A 402A ","","R","D","O ","F ","T","G","C","050","0","0","0","","","1719561","6045370",
"Whangarei District","Z CPK OKARA PARK SHOPS","80","S"," ","PORT ROAD","201412320","10/04/2014","Thu","1626","PE","CN1ECC","427A 507A 721B ","M","R","D","B ","F "," "," ","N","030","0","1","0","","","1720125","6045123",
"Whangarei District","14/0/0.005","5","W"," ","SH 1N","201436568","05/03/2014","Wed","1510","AO","TE1C","129A 381A ","","R","D","B ","F ","X","T","C","050","0","0","0","","","1718429","6044974",
"Whangarei District","14/0/0.364","90","W"," ","TE MAI ROAD","201413197","14/05/2014","Wed","0825","NA","CW1E","306A 376A 402A 717B ","","R","D","B ","F "," "," ","X","050","0","1","0","16","","1718131","6044778",
"Whangarei District","14/0/0.478","20","E"," ","WEST END AVENUE","201431011","11/02/2014","Tue","1400","MO","4E1C","371A 386A ","M","R","D","B ","F "," ","N","P","050","0","0","0","","","1718024","6044739",
"Whangarei District","14/0/2.825",""," ","I","TUI CRESCENT","201435513","22/04/2014","Tue","1328","JA","CS1C","301B 375B ","","R","D","B ","F ","T","S","L","060","0","0","0","","","1715966","6044186",
"Whangarei District","14/0/4.658","370","E"," ","CEMETERY ROAD","201438037","06/06/2014","Fri","1500","QG","VE1","682A ","FP","E","D","O ","F "," "," ","L","070","0","0","0","","","1714391","6043981",
"Whangarei District","14/0/7.786","300","E"," ","NEWTON ROAD E","201438351","10/06/2014","Tue","1850","CC","4E1","110A 130A 804 901 ","V","R","W","DN","H "," "," ","C","100","0","0","0","","","1711390","6043823",
"Whangarei District","14/0/10.719","15","N"," ","OTAIKA VALLEY ROAD","201435510","18/04/2014","Fri","1657","LB","CS1C","303B 375B 922 ","","R","D","O ","F ","D"," ","C","050","0","0","0","","","1709200","6042566",
"Whangarei District","14/0/10.75","15","N"," ","MANGAKAHIA ROAD","201437026","08/05/2014","Thu","","MC","CN1C","372B ","","R","D","O ","F ","X","G","C","070","0","0","0","","","1709187","6042537",
"Whangarei District","14/0/13.528","1500","E"," ","TATTON ROAD","201431958","14/02/2014","Fri","0351","DB","CW1","103A 111A 131A ","F","M","W","DN","L "," ","N","C","100","0","0","0","","","1707397","6040776",
"Whangarei District","14/0/14.028","1000","E"," ","TATTON ROAD","201436575","11/05/2014","Sun","0145","EC","XE1","341A 820 ","D","R","D","DN","F "," "," ","C","100","0","0","0","","","1706904","6040695",
"Whangarei District","14/15/7.996","300","W"," ","OTUHI ROAD","201432495","16/02/2014","Sun","0400","CB","CW1","103A 130A 402A 412A ","C","R","D","DN","F "," ","N","C","100","0","0","0","","","1699804","6036557",
"Whangarei District","15A/0/2.685",""," ","I","MCCATHIE ROAD","201411267","23/01/2014","Thu","0244","DC","CS1","111A 131A 402A 634A ","P","E","D","DO","F ","T","S","C","100","0","1","1","","","1730004","6029558",
"Whangarei District","ONE TREE POINT ROAD",""," ","I","15A/0/2.73","201436724","10/05/2014","Sat","1900","DC","4S1","103A 111A 321A ","F","R","W","DO","L ","T","S","R","100","0","0","0","","","1730041","6029584",
"Whangarei District","15A/0/6.13",""," ","I","BENS VIEW ROAD","201430257","02/01/2014","Thu","1100","GO","4E14","922 ","","R","D","O ","F ","D","N","C","100","0","0","0","","","1732638","6031350",
"Whangarei District","1N/233/4.382","1000","S"," ","HUKERENUI ROAD","201438039","22/05/2014","Thu","1130","QG","TN1C4","668A 669A 817 ","","R","D","B ","F "," ","S","C","100","0","0","0","","","1710779","6067685",
"Whangarei District","1N/233/6.498","1000","S"," ","WAIOTU BLOCK ROAD","201432488","31/01/2014","Fri","1720","FA","CS1C","181A 350A 387A ","","R","D","BN","F "," ","N","C","100","0","0","0","","","1712400","6066454",
"Whangarei District","1N/233/9.322","100","N"," ","PUHIPUHI ROAD","201438034","05/05/2014","Mon","1645","QG","TS1C","682A ","","M","D","O ","F "," "," ","C","100","0","0","0","","","1715042","6066499",
"Whangarei District","1N/233/10.516",""," ","I","RUSSELL ROAD N","201413766","01/05/2014","Thu","2210","DA","VS1","103A 129A ","EV","E","D","DF","F ","T","S","C","100","0","0","2","","","1715915","6065839",
"Whangarei District","1N/233/10.815","100","N"," ","OLD NORTH ROAD S","201412571","25/02/2014","Tue","1808","LB","CN1C","303B 375B 503B 922 ","","E","D","B ","F ","D"," ","C","100","0","0","2","","","1715832","6065552",
"Whangarei District","1N/245/0.447","400","S"," ","CORBETT ROAD","201412715","15/04/2014","Tue","1016","CC","VS1","131A 191A ","EF","R","W","ON","L "," ","N","C","100","0","0","1","","","1716264","6063672",
"Whangarei District","1N/245/3.761","600","S"," ","KING ST","201410451","01/02/2014","Sat","1911","CC","VN1","104A 501A ","T","R","D","B ","F "," "," ","C","100","0","1","0","","","1716085","6060514",
"Whangarei District","1N/245/7.425","100","N"," ","PIANO HILL ROAD","201411764","07/03/2014","Fri","0037","DB","CS1","103A 116A 804 817 ","G","E","D","DN","F "," "," ","N","100","0","1","0","","","1716963","6057006",
"Whangarei District","1N/245/8.295","15","N"," ","RICHARDS ROAD","201431387","05/03/2014","Wed","1620","FD","CN1C","181A 817 ","","R","D","BN","F "," ","N","C","100","0","0","0","","","1717355","6056270",
"Whangarei District","1N/245/8.915","400","N"," ","SALEYARDS ROAD N","201412924","23/05/2014","Fri","0549","GD","CN1C","103A 331A 927 ","","R","D","DO","F ","D","N","P","100","0","0","1","","","1717378","6055651",
"Whangarei District","1N/245/10.637","200","S"," ","SALEYARDS ROAD S","201410803","07/02/2014","Fri","1239","BF","CN1C","111A 131A 197B 801 ","F","E","W","O ","L "," "," ","L","100","0","0","3","","","1717278","6053941",
"Whangarei District","1N/245/11.137","700","S"," ","SALEYARDS ROAD S","201410481","11/02/2014","Tue","0900","NC","CS1E","711B ","","E","D","B ","F "," "," ","N","100","0","1","0","72","","1717294","6053459",
"Whangarei District","1N/245/11.237","800","S"," ","SALEYARDS ROAD S","201430060","02/01/2014","Thu","0908","DB","CS1","131A ","P","E","D","BN","F "," ","N","C","100","0","0","0","","","1717223","6053390",
"Whangarei District","1N/258/3.071",""," ","I","PUNA RERE DRIVE","201436364","25/01/2014","Sat","1522","FE","4N1C","181A ","","R","D","BF","F ","T","T","C","100","0","0","0","","","1718775","6049239",
"Whangarei District","KAMO ROAD",""," ","I","1N/258/3.794","201410529","22/01/2014","Wed","2158","LB","CE1M","322A ","","R","D","DO","F ","X","T","C","050","0","0","2","","","1718849","6048558",
"Whangarei District","1N/258/3.794",""," ","I","KAMO ROAD","201432706","20/01/2014","Mon","1415","FE","TS1T","181A 331A 801 ","","R","W","O ","L ","X","T","C","050","0","0","0","","","1718849","6048558",
"Whangarei District","1N/258/3.794",""," ","I","KAMO ROAD","201413769","21/05/2014","Wed","0915","HA","CE2T","322A ","","R","D","OF","F ","X","T","R","050","0","0","1","","","1718849","6048558",
"Whangarei District","1N/258/3.794",""," ","I","KAMO ROAD","201430810","04/03/2014","Tue","1400","FE","VW2C","181A ","","R","D","BF","F ","X","T","C","050","0","0","0","","","1718849","6048558",
"Whangarei District","1N/258/4.082",""," ","I","PERCY ST","201435109","17/03/2014","Mon","0940","KA","CS1C","301B 386B ","","R","D","B ","F ","T","S","C","050","0","0","0","","","1718777","6048279",
"Whangarei District","1N/258/4.294","500","S"," ","KAMO ROAD","201431561","07/01/2014","Tue","1430","QO","CN1C","668A ","D","R","D","B ","F "," "," ","C","080","0","0","0","","","1718726","6048073",
"Whangarei District","1N/258/4.918","100","N"," ","KENSINGTON AVENUE","201431562","14/01/2014","Tue","1145","FA","CN1C","181A 434A ","","R","D","B ","F "," "," ","C","050","0","0","0","","","1718769","6047491",
"Whangarei District","KENSINGTON AVENUE",""," ","I","1N/258/5.018","201432108","18/02/2014","Tue","1430","FB","CW1C","181A ","","R","D","O ","F ","T","N","C","050","0","0","0","","","1718794","6047394",
"Whangarei District","1N/258/5.829","390","S"," ","MANSE ST","201438100","12/05/2014","Mon","1246","CC","CN1","133A ","P","R","D","BF","F "," ","N","R","070","0","0","0","","","1719044","6046719",
"Whangarei District","1N/258/6.5",""," ","I","SELWYN AVENUE","201430423","29/01/2014","Wed","1500","LB","VN1C","303B 375B ","","R","D","B ","F ","X","T","C","050","0","0","0","","","1718899","6046070",
"Whangarei District","1N/258/6.87",""," ","I","CENTRAL AVENUE","201413146","06/05/2014","Tue","1550","LB","CS1C","334A 303B 334B ","","R","D","B ","F ","X","T","C","050","0","0","1","","","1718684","6045773",
"Whangarei District","1N/258/6.87",""," ","I","CENTRAL AVENUE","201431956","07/02/2014","Fri","1237","HA","CN1C","322B 501B ","","R","W","OF","L ","X","T","C","050","0","0","0","","","1718684","6045773",
"Whangarei District","1N/258/7.094","100","S"," ","WILSON AVENUE","201412303","06/04/2014","Sun","1615","NB","CN1E","713B 726B ","","R","D","O ","F "," "," ","P","050","0","0","1","4","","1718534","6045609",
"Whangarei District","1N/258/7.249","20","N"," ","FOURTH AVENUE","201437028","10/04/2014","Thu","0955","AA","CS1V","158A ","","E","D","B ","F "," "," ","R","050","0","0","0","","","1718418","6045507",
"Whangarei District","1N/258/7.369","100","S"," ","FOURTH AVENUE","201432518","10/02/2014","Mon","0840","FD","CS1CC","331A 350A ","","E","D","B ","F "," ","N","R","050","0","0","0","","","1718390","6045394",
"Whangarei District","1N/258/7.618","170","N"," ","SH 14","201437924","31/03/2014","Mon","1115","AC","CW1C","372A 386A ","","R","D","B ","F "," ","N","C","050","0","0","0","","","1718415","6045146",
"Whangarei District","1N/258/7.768","20","N"," ","MAUNU ROAD","201435194","27/03/2014","Thu","1945","AA","CS1C","372A ","","R","D","DO","F ","X","T","R","050","0","0","0","","","1718431","6044997",
"Whangarei District","1N/266/0.01","10","S"," ","MAUNU ROAD","201435195","20/03/2014","Thu","1330","FA","TS1C","112A 181A ","","R","D","B ","F ","X","G","C","050","0","0","0","","","1718434","6044967",
"Whangarei District","1N/266/0.569","20","S"," ","TAREWA ROAD","201436358","11/03/2014","Tue","1200","FD","CS1C","181A ","","E","D","BF","F "," ","N","C","050","0","0","0","","","1718583","6044441",
"Whangarei District","1N/266/0.882",""," ","I","RAUMANGA VALLEY ROAD","201430737","13/02/2014","Thu","0615","CA","TN1C","136A 630A ","D","R","D","DO","F ","T","G","C","050","0","0","0","","","1718426","6044179",
"Whangarei District","1N/266/0.932","50","S"," ","RAUMANGA VALLEY ROAD","201432284","29/01/2014","Wed","1500","JA","CN1C","308B 927 ","","R","D","B ","F ","D"," ","C","050","0","0","0","","","1718413","6044131",
"Whangarei District","1N/266/1.431","30","N"," ","MOUNT PLEASANT ROAD","201412927","22/05/2014","Thu","1930","NA","CN1E","711B 727B ","","R","D","DN","F "," "," ","P","050","0","0","1","8","","1718176","6043696",
"Whangarei District","1N/266/2.307",""," ","I","TAUROA ST","201411675","24/03/2014","Mon","0835","LB","CN1B","303B 375B ","","R","D","BF","F ","T","S","R","080","0","0","1","","","1718344","6042888",
"Whangarei District","TAUROA ST",""," ","I","1N/266/2.307","201433130","25/03/2014","Tue","1113","FB","4E1C","357A ","","R","D","O ","F ","T","S","C","080","0","0","0","","","1718344","6042888",
"Whangarei District","TAUROA ST",""," ","I","1N/266/2.307","201410985","07/03/2014","Fri","1218","FB","CE1C","181A 387A ","","R","D","BN","F ","T","S","C","050","0","0","1","","","1718344","6042888",
"Whangarei District","1N/266/2.636","150","S"," ","REWA REWA ROAD","201431386","22/02/2014","Sat","2150","CB","CN1","130A ","S","R","W","DN","L "," ","N","C","080","0","0","0","","","1718457","6042580",
"Whangarei District","1N/273/2.693","2200","N"," ","MANGAPAI ROAD","201436682","05/02/2014","Wed","0600","GD","TN1C","181A 331A 926 ","","R","D","DN","F ","D","N","P","100","0","0","0","","","1717414","6035419",
"Whangarei District","1N/273/7.653","300","N"," ","TOTARA ROAD E","201435358","04/04/2014","Fri","2005","CC","CS1","130A 358A ","","R","D","DN","F "," "," ","L","100","0","0","0","","","1721275","6032662",
"Whangarei District","1N/273/8.003","50","E"," ","TOTARA ROAD E","201410328","11/01/2014","Sat","1200","CC","CE1","410A ","T","R","D","OF","F "," ","N","C","100","0","0","2","","","1721599","6032528",
"Whangarei District","1N/273/8.353","400","S"," ","TOTARA ROAD S","201412550","11/02/2014","Tue","1630","BD","CS1CC","156A 377A 156B 377B 130C 197C 831 ","C","E","D","B ","F "," "," ","L","100","0","0","3","","","1721824","6032274",
"Whangarei District","1N/273/12.697","1000","S"," ","COTTON ROAD","201400073","05/04/2014","Sat","0725","BF","TN1T","131A 412A 904 ","","E","D","BN","M "," "," ","C","100","1","0","1","","","1725554","6030700",
"Whangarei District","1N/273/13.398","700","N"," ","YOVICH ROAD","201433598","13/04/2014","Sun","2040","BA","CS14","125A ","","R","D","DN","F "," ","N","C","100","0","0","0","","","1725982","6030145",
"Whangarei District","1N/273/15.58","1400","S"," ","FLYGER ROAD","201432567","10/02/2014","Mon","1514","BE","CN1V","125A 410A ","","R","D","B ","F "," ","N","N","080","0","0","0","","","1727552","6028631",
"Whangarei District","1N/273/16.255","1100","N"," ","PRESCOTT ROAD","201430803","24/02/2014","Mon","0830","FD","TS1V","358A 363A 817 902 ","","E","D","BN","F "," ","N","N","100","0","0","0","","","1728112","6028265",
"Whangarei District","1N/273/16.975","380","N"," ","PRESCOTT ROAD","201433524","24/03/2014","Mon","0944","FD","TS1T","181A 817 ","F","R","D","BN","F "," ","N","C","100","0","0","0","","","1728646","6027787",
"Whangarei District","1N/273/17.105","250","N"," ","PRESCOTT ROAD","201432505","26/01/2014","Sun","0300","CB","CS1","116A 817 ","F","R","D","DN","F "," ","N","N","100","0","0","0","","","1728739","6027696",
"Whangarei District","1N/292/0.3","300","S"," ","SH 15A","201410478","27/02/2014","Thu","0001","CB","VS1","130A 412A ","","R","D","DO","F "," "," ","C","100","0","0","1","","","1729664","6026799",
"Whangarei District","1N/292/2.511","560","S"," ","MARSDEN POINT ROAD","201411206","06/03/2014","Thu","1520","CC","TS1","130A 412A 501A ","C","R","D","B ","F "," "," ","C","100","0","0","1","","","1730823","6024954",
"Whangarei District","1N/292/3.893","960","S"," ","DOCTORS HILL ROAD","201435742","04/05/2014","Sun","0700","CB","CN1","102A 130A 412A ","T","R","D","DN","F "," "," ","C","100","0","0","0","","","1731124","6023612",
"Whangarei District","1N/292/6.103","960","S"," ","MOUNTFIELD ROAD","201412468","18/04/2014","Fri","1200","CC","CN1","129A 134A 407A ","F","R","D","O ","F "," "," ","C","100","0","0","1","","","1731305","6021417",
"Whangarei District","1N/303/1.705","700","S"," ","THE BRAIGH","201412925","26/05/2014","Mon","0340","EC","CN1","912 ","W","E","D","DN","F "," "," ","C","100","0","0","1","","","1728411","6016187",
"Whangarei District","1N/303/6.553","300","N"," ","WAIPU GORGE ROAD","201431440","22/02/2014","Sat","","DA","CS1","137A ","F","E","D","BN","F "," ","N","C","100","0","0","0","","","1727535","6011737",
"Whangarei District","1N/303/7.053","200","S"," ","WAIPU GORGE ROAD","201431537","18/01/2014","Sat","0315","EC","TN1","912 ","W","M","D","DN","F "," "," ","C","100","0","0","0","","","1727515","6011253",
"Whangarei District","1N/303/10.412","1200","N"," ","ARTILLERY ROAD","201410176","26/01/2014","Sun","1700","DB","CN1","131A 801 ","C","M","W","O ","L "," "," ","L","080","0","0","1","","","1728534","6008529",
"Whangarei District","1N/303/11.822","210","S"," ","ARTILLERY ROAD","201432507","05/01/2014","Sun","1815","BC","CN1C","121A ","","M","W","O ","F "," ","N","C","080","0","0","0","","","1727926","6007314",
"Whangarei District","1N/303/12.012","400","S"," ","ARTILLERY ROAD","201410547","06/02/2014","Thu","1350","DA","CN1","131A ","C","S","W","ON","L "," ","N","L","080","0","0","1","","","1727772","6007204",
"Whangarei District","1N/303/12.012","400","S"," ","ARTILLERY ROAD","201430806","07/02/2014","Fri","1520","BF","CS1V","135A 801 ","","S","W","ON","H "," ","N","L","080","0","0","0","","","1727772","6007204",
"Whangarei District","1N/303/12.062","450","S"," ","ARTILLERY ROAD","201412889","26/01/2014","Sun","2215","DB","CS1","111A 131A 402A 524A ","C","M","W","DN","F "," "," ","L","080","0","1","0","","","1727744","6007163",
"Whangarei District","1N/303/12.362","750","S"," ","ARTILLERY ROAD","201432707","20/01/2014","Mon","1215","DA","CS1","131A 687A 901 ","C","S","W","O ","H "," "," ","C","080","0","0","0","","","1727923","6007055",
"Whangarei District","1N/303/13.082","1470","S"," ","ARTILLERY ROAD","201400034","20/02/2014","Thu","0739","BC","MN1C","129A ","","M","W","ON","L "," ","N","L","080","1","0","1","","","1728085","6006616",
"Whangarei District","1N/303/13.212","1600","S"," ","ARTILLERY ROAD","201412305","05/01/2014","Sun","1605","BF","VN1C","131A 800 901 903 ","","M","W","O ","HS"," "," ","L","080","0","0","2","","","1728198","6006562",
"Whangarei District","1N/303/13.568","2300","N"," ","SH 12","201432493","06/02/2014","Thu","1830","DA","CN1","800 ","C","M","W","ON","LS"," "," ","C","080","0","0","0","","","1728384","6006343",
"Whangarei District","1N/303/13.868","2000","N"," ","SH 12","201410195","20/01/2014","Mon","1820","BF","CN14","131A 801 806 ","","S","W","O ","H "," "," ","C","080","0","1","0","","","1728617","6006189",